{
    "boundary": [
        [
            40.751857163400246, 
            40.751857163400246, 
            40.70679063659975, 
            40.70679063659975, 
            40.751857163400246
        ], 
        [
            -74.0218475848341, 
            -73.9625760151659, 
            -73.9625760151659, 
            -74.0218475848341, 
            -74.0218475848341
        ]
    ], 
    "center_point": [
        40.7293239, 
        -73.9922118
    ], 
    "distances_to_center": [
        1686.7448626166763, 
        1017.6494894678583, 
        2767.154793654339, 
        2749.687890349691, 
        1337.7547121278915, 
        2062.5361073248296, 
        1544.9330207166697, 
        2525.8896378002532, 
        2326.091527547423, 
        898.7427271370756, 
        1812.4864422904006, 
        1632.159238790064, 
        2414.0022423206246, 
        453.32162387663607, 
        2572.2921280072405, 
        2615.8836607666867, 
        1177.5166078849609, 
        2633.2422118481813, 
        1877.1792194540774, 
        921.5852249145121, 
        3428.0512718482464, 
        1815.1979582797112, 
        2034.864839072375, 
        550.5196288578866, 
        1919.383797838674, 
        2266.000902453967, 
        2802.5490393254863, 
        2917.3949666687568, 
        2405.2157852884043, 
        1128.5982935405448, 
        3310.0042091861505, 
        1420.1312543717136, 
        696.1097529051706, 
        1096.6963738142238, 
        2798.4899180267525, 
        2003.5754877370455, 
        453.35241611620177, 
        2867.4089323471394, 
        2769.867257396871, 
        1773.650068759614, 
        2360.8926973269495, 
        476.6913077017647, 
        2376.1821092980867, 
        1501.2960852675924, 
        2614.2892265658656, 
        2116.534523608796, 
        2000.1496284823786, 
        1822.3739698225925, 
        1767.6087588533298, 
        2300.3188653881384, 
        648.3125089993891, 
        2525.292149984885, 
        410.38312025765424, 
        2422.731446367996, 
        1906.1624399126088, 
        1492.1431653899144, 
        564.6034322979265, 
        2854.2931494613536, 
        3003.8660266383313, 
        2503.9436137391476, 
        2601.835766360134, 
        1505.6263868036062, 
        469.11168362462996, 
        2956.676326607872, 
        2494.6786499044224, 
        2441.229336545928, 
        2828.7702921059104, 
        2753.7635917930324, 
        2480.0177843995166, 
        675.8577028916959, 
        1399.5457709323414, 
        2975.2176585645434, 
        2176.657783907996, 
        1548.5974501635594, 
        2433.770175674759, 
        2560.513871478413, 
        2280.154809797794, 
        1669.4047804841682, 
        1094.9995150469163, 
        1941.1380795507373, 
        2414.157172495681, 
        2780.4887222617754, 
        1450.2955953160774, 
        1790.391658135654, 
        1866.6902129810992, 
        2343.9645966599123, 
        2858.0791933184746, 
        1069.3816418471238, 
        1060.1361244237896, 
        2722.267219297711, 
        1866.1755854058638, 
        2655.064054060693, 
        1698.8931202288504, 
        2188.7016708229935, 
        1216.3589672309618, 
        2891.8667742426105, 
        2171.3816693594063, 
        2455.949155761642, 
        1729.5046621368826, 
        3380.6082353434495, 
        1204.1677890041692, 
        2103.778234420116, 
        2127.1223024131327, 
        1268.7320387542516, 
        3270.3944322795255, 
        1024.5469093400711, 
        2864.5267313389045, 
        2370.3772507510525, 
        1926.4426862786877, 
        2966.701140067181, 
        1515.2942082678835, 
        3367.079030641286, 
        2404.991496281057, 
        1234.7224521802484, 
        2695.6841505180723, 
        1100.5748377656403, 
        2862.4082797899637, 
        2063.09480185898, 
        998.1721324099921, 
        2383.3107466942106, 
        245.2754880177177, 
        2543.4405469441595, 
        1072.1271748627714, 
        2315.4544796565397, 
        1450.8235551334358, 
        2431.1527841536413, 
        843.6113952963577, 
        2343.617602007319, 
        2388.064807938049, 
        2571.971821641068, 
        2587.4198428338955, 
        2559.2871234022136, 
        3099.7825920463083, 
        1483.3607229430706, 
        291.3410122020809, 
        1644.4395098958541, 
        2493.953660611257, 
        2461.646402977483, 
        572.018068876243, 
        2636.7943284933795, 
        2655.2821856806495, 
        2212.384533640846, 
        919.3006080682146, 
        1736.3431212700511, 
        2117.747488211381, 
        2701.7815614125734, 
        3217.980367500153, 
        2449.803431712365, 
        979.5460766575848, 
        3307.415959872514, 
        2678.686288895938, 
        957.3187601711468, 
        634.3798361397078, 
        2153.334358868507, 
        1217.9899659139865, 
        1094.479398349919, 
        1948.619092793517, 
        2614.2976862594855, 
        2690.8724848996194, 
        2508.374886079896, 
        2232.698261107783, 
        1666.5151245970776, 
        2381.5080225570114, 
        2798.9969468659137, 
        1505.1494048582974, 
        3227.297710556049
    ],