{"center_point": [39.1015974, -84.5076797], "sample_points": [[39.12267847084979, 39.11569102092897, 39.083599381578395, 39.090813020752336, 39.08531157591413, 39.10828496125162, 39.12131129159022, 39.12041873076007, 39.089535888830035, 39.09278743157885, 39.12268580231853, 39.10570298019703, 39.080531416345025, 39.08735250922147, 39.110157604782636, 39.11476558684912, 39.11650892388035, 39.12339702758448, 39.08457164212686, 39.11444252141484, 39.1002507932887, 39.08883490071451, 39.09764591934423, 39.08837495688918, 39.08831314610769, 39.08357990284385, 39.11634827944742, 39.11244849108886, 39.10127700475545, 39.122728636952836, 39.0955632894693, 39.08800387011646, 39.10296651444221, 39.081648684185005, 39.08936945857584, 39.08078898705765, 39.11299299265689, 39.097900691947416, 39.09619574088832, 39.11429869352667, 39.081359431045755, 39.117738722384935, 39.11972957515656, 39.111440294246954, 39.11216870971206, 39.11409176682832, 39.122272508821936, 39.09883477591363, 39.10061049126434, 39.11465616076349, 39.104884595567015, 39.09749002676292, 39.08668426534232, 39.120308595821804, 39.082649145849416, 39.11567521245283, 39.10344419603094, 39.10721120667506, 39.08724951962037, 39.09753767741491, 39.11965234258315, 39.12246607832344, 39.10878266007688, 39.11180380335136, 39.07932895316071, 39.11183966017575, 39.09563016158035, 39.11797536570532, 39.112430766152535, 39.113419038131234, 39.108620159060074, 39.090416966098545, 39.103571428208085, 39.09796173102619, 39.11914412433132, 39.109118062778485, 39.08933287882064, 39.11058014149247, 39.0795449428912, 39.11470279666946, 39.08217118878194, 39.09255115770372, 39.09213530325176, 39.08676311198842, 39.08932510070857, 39.119834693028274, 39.080524810859295, 39.10948466009503, 39.093110967855054, 39.101121099305665, 39.095190462755625, 39.08114008401184, 39.09422494300234, 39.12309021401543, 39.10841736051852, 39.12384449645965, 39.09668448453917, 39.0907598669728, 39.11116814648025, 39.10776512975182, 39.09244779702647, 39.09983787483029, 39.104787286926054, 39.12115945428356, 39.116016859346715, 39.08292938102481, 39.09217846333645, 39.10256921903421, 39.11942185667207, 39.08498347505914, 39.104157612667876, 39.08757337428704, 39.08911182218298, 39.11987858983453, 39.114980456430544, 39.12140633334137, 39.082457257721124, 39.12065838118162, 39.07975030314367, 39.08262329671202, 39.09105514810251, 39.08867102230894, 39.10583546512391, 39.112456390133815, 39.099685097801625, 39.088149202620556, 39.10759313137859, 39.104657292673046, 39.08196635321745, 39.09728892520053, 39.12175748699095, 39.09046306940406, 39.08486396031469, 39.10281612931534, 39.10343281486615, 39.09500853969406, 39.1167126854946, 39.08059516709185, 39.11444746416146, 39.1161945925809, 39.118886035937464, 39.10605410885765, 39.11472003457329, 39.09885585326704, 39.08736714060695, 39.10771932956653, 39.12112781977629, 39.08900906850704, 39.10967253418963, 39.098063173981885, 39.10855813592469, 39.097624304715254, 39.12353170016011, 39.08571877833373, 39.122746469214476, 39.081265002246994, 39.11866966962667, 39.09541465223061, 39.10768000476119, 39.08364674186674, 39.09707333996748, 39.08405786441227, 39.079858210559564, 39.09502439765245, 39.081798352042625, 39.11086782480755], [-84.52072697000243, -84.52014808045814, -84.48595272677075, -84.50507572486549, -84.52730994197118, -84.49373659584057, -84.49210065549374, -84.5016906032419, -84.4882923656161, -84.51882283476343, -84.48351084494999, -84.47888061924077, -84.52629476595455, -84.48231410604035, -84.51091793073346, -84.51397145447582, -84.52675594247079, -84.48297657150363, -84.49644148167225, -84.50574712678976, -84.5043069654398, -84.48405712164049, -84.50425750318746, -84.51691118386962, -84.53025856009384, -84.51649372056335, -84.53643498134973, -84.5094401022848, -84.52944319605596, -84.50524287546365, -84.52837266575104, -84.48986000383137, -84.53007843305171, -84.52517066272524, -84.50173607520479, -84.5273197266578, -84.51580212960782, -84.50278182996422, -84.5007197391369, -84.52073830707087, -84.53170585491065, -84.48053805043129, -84.52107189786591, -84.52356025032712, -84.49735098472902, -84.53563665130014, -84.52960114900704, -84.49509750911919, -84.48939997857649, -84.4998586689983, -84.49854938567084, -84.48445710585221, -84.50889277974956, -84.50243025100852, -84.5179194602243, -84.51903171417247, -84.4841197204345, -84.48824278335115, -84.49941150632793, -84.4978911460781, -84.51762361949744, -84.53652956835477, -84.4928087627154, -84.53647743765025, -84.52565255291577, -84.5086923467007, -84.53617104204803, -84.53527443148835, -84.48627448472503, -84.49299261229, -84.50679525400767, -84.50963257849827, -84.53087140384329, -84.50138151688874, -84.51338885234458, -84.5063561752911, -84.50895343744297, -84.51415369158045, -84.5022559585631, -84.50286571631855, -84.4856406208479, -84.50423855896236, -84.52955599540527, -84.5120193770087, -84.51537668730441, -84.50978394700381, -84.5106016241344, -84.52483610800245, -84.50523730004655, -84.4920431774073, -84.5139906351476, -84.5222616416328, -84.53347305602229, -84.52623667274504, -84.48978611146022, -84.5344269564492, -84.491133531221, -84.52980252632989, -84.49171802132567, -84.5088352975112, -84.52308788332117, -84.53231261355975, -84.51030907332714, -84.49541393192939, -84.53184010442396, -84.51884732877512, -84.51276057847318, -84.4979070605091, -84.52583441943663, -84.48997864075875, -84.52089653520535, -84.50732390234289, -84.53231416531091, -84.51733281784249, -84.49933023590829, -84.52474408247183, -84.50400790873361, -84.52422428853382, -84.52213788912971, -84.5187527654569, -84.49566494442074, -84.48574559132315, -84.50499713820979, -84.50380662009327, -84.53302066482358, -84.50134508743169, -84.479930646271, -84.51066454177901, -84.48351119389068, -84.52294130473194, -84.50731261012605, -84.53031047710593, -84.51768603922734, -84.48048654102944, -84.50372687305497, -84.50282300402519, -84.49162445171785, -84.52377640140097, -84.50638981747944, -84.51075769612957, -84.51203049129793, -84.49301127091285, -84.49382446884472, -84.50209475578671, -84.51917640794876, -84.50321893728642, -84.52162100878522, -84.49324221912812, -84.53650660989086, -84.50317160878076, -84.52468894819788, -84.53564723520442, -84.48189471691927, -84.48919053815726, -84.53107839458522, -84.53207622881861, -84.48434775298745, -84.51937532214168, -84.50755581993614, -84.47911285375353, -84.50647517862176, -84.51283212780531, -84.4986786596825, -84.51771508900516, -84.49464967329973, -84.5089597152428]], "boundary": [[39.12413066340025, 39.12413066340025, 39.079064136599754, 39.079064136599754, 39.12413066340025], [-84.5366193626783, -84.4787400373217, -84.4787400373217, -84.5366193626783, -84.5366193626783]]}