{
    "boundary": [
        [
            39.12413066340025, 
            39.12413066340025, 
            39.079064136599754, 
            39.079064136599754, 
            39.12413066340025
        ], 
        [
            -84.5366193626783, 
            -84.4787400373217, 
            -84.4787400373217, 
            -84.5366193626783, 
            -84.5366193626783
        ]
    ], 
    "center_point": [
        39.1015974, 
        -84.5076797
    ], 
    "distances_to_center": [
        1671.6089755696842, 
        893.5258684683404, 
        2332.2715298003072, 
        2407.7952073569586, 
        1924.1809743135918, 
        1587.5478011254363, 
        1935.6506619774937, 
        1056.76917315789, 
        1983.3475816625962, 
        2193.1972097744597, 
        2290.9560449331343, 
        640.0198186891337, 
        2339.783387423268, 
        1321.7186526928226, 
        2855.879850224105, 
        2294.8210000831145, 
        3473.3757646622635, 
        1969.431080086054, 
        2033.2507190165038, 
        2399.5527099240094, 
        2039.2110878195897, 
        2385.9010979689683, 
        1059.9207311906948, 
        1962.6424711664115, 
        1899.2786419279537, 
        1851.4071580236932, 
        1463.6645435795679, 
        2593.3830724835743, 
        1575.040875265797, 
        2008.5595270017511, 
        1838.4113954918253, 
        2209.7268812498105, 
        2192.350521336049, 
        2500.116342509752, 
        2607.274812170726, 
        1803.98129836897, 
        1182.418065326754, 
        560.2892185612379, 
        1147.360769653746, 
        2679.1940053195267, 
        314.1306852780287, 
        1442.4730356546545, 
        884.9463020632793, 
        733.6423517853452, 
        1804.2552953741613, 
        1518.9874137492827, 
        1727.1646508981805, 
        2578.3349699364303, 
        2166.1214165968518, 
        1052.5717499579307, 
        2068.51627341516, 
        506.9822369852569, 
        390.97151235848935, 
        584.7661644235806, 
        1441.8446675152404, 
        2633.9244218536614, 
        1014.7194649531115, 
        969.2193324248344, 
        1359.9074627077182, 
        1320.7203665458617, 
        2412.639789344222, 
        960.1292608266925, 
        2210.7327287434673, 
        1690.4266958614912, 
        523.8136096712833, 
        619.666713316558, 
        1900.0469771267126, 
        3118.2999573003785, 
        2125.091197406813, 
        762.8725359017311, 
        2168.5201902804583, 
        323.4286132912617, 
        2899.428782037616, 
        2693.458852178222, 
        2401.265765773563, 
        2620.6138140314033, 
        2202.3855273986137, 
        2799.017379762954, 
        2824.5869757057235, 
        2704.973437377115, 
        1886.9882640647177, 
        2549.9630441454733, 
        1642.5682038616965, 
        812.9140289602022, 
        3226.1892065348325, 
        2148.128591663858, 
        2407.7499952577487, 
        2212.8972674692586, 
        1370.6598839066291, 
        2383.271283167819, 
        1845.4206606783437, 
        2433.324723336582, 
        279.23411556272737, 
        1999.0223618339455, 
        37.88286897751826, 
        2743.4472540466318, 
        1613.8643837036147, 
        2283.086602013367, 
        2016.852236434414, 
        608.4994273400827, 
        1882.8006647851141, 
        2019.1145167637128, 
        3057.3274101899888, 
        2369.8157807196617, 
        1875.3910786061024, 
        2246.974266152754, 
        1166.148698809444, 
        2771.232180917802, 
        653.0237032405149, 
        2180.0302697606944, 
        1867.3852262825997, 
        2406.122665834244, 
        330.62825106978846, 
        2748.614114857609, 
        447.8459213302585, 
        3010.1570878935727, 
        2083.0181968602155, 
        3203.9185414606795, 
        1417.96449493005, 
        2144.2919833376786, 
        466.6654634994076, 
        394.02079693681145, 
        1698.9179972760003, 
        1402.1684230509125, 
        1548.3560911879297, 
        2082.016219189995, 
        2733.757124136059, 
        1966.6976208598705, 
        936.255098952944, 
        3244.2796771561716, 
        1487.882312131358, 
        2168.6580369686585, 
        1901.0900429790265, 
        2202.4582174583647, 
        3345.6359075655914, 
        1648.597955916141, 
        2441.4506491994284, 
        1029.3026225482804, 
        3194.1582392522114, 
        2261.5239395103604, 
        1986.914105722115, 
        1085.946289611117, 
        1782.4474724222646, 
        2794.7815962942395, 
        1799.741853624041, 
        1773.9442042115315, 
        2091.953976770558, 
        658.8520435855532, 
        3270.2296933501493, 
        2770.500836469197, 
        2390.6794155185885, 
        2306.066163579197, 
        1840.3027512062724, 
        709.5875543949547, 
        1490.6258751222488, 
        1536.1182655781818, 
        2704.9182183075627, 
        753.4689248081971, 
        3304.1721413900705, 
        444.6545314917776, 
        1630.5695589881273, 
        2151.1296137330023, 
        2222.441261009386, 
        2037.5227819504742, 
        1549.4398156112597, 
        1596.2184194885263
    ],