{"center_point": [41.9388712, -87.6489258], "sample_points": [[41.942275685600286, 41.918959792428055, 41.942627555587535, 41.95806145194961, 41.92122373458234, 41.95232082727225, 41.92311965237369, 41.944160219108376, 41.923220946991144, 41.91896516459268, 41.95121230227396, 41.925603315573575, 41.91861899100859, 41.93449872831137, 41.92789335020581, 41.94518211901753, 41.95666682206391, 41.94631808694457, 41.94525483056954, 41.95861666108233, 41.925924469597426, 41.92833202744173, 41.92068090730617, 41.94281990166271, 41.92639147450378, 41.920518015670474, 41.933346797657784, 41.93465867686696, 41.92929040036011, 41.92426673927545, 41.928136358577575, 41.9419723492581, 41.93549769804701, 41.94679259729906, 41.94039563132095, 41.91732701609702, 41.92513106075122, 41.93589267389863, 41.95002618514719, 41.95354629995495, 41.95975704555785, 41.958112914779534, 41.95006135565029, 41.958024045148754, 41.92356828645979, 41.95498119124621, 41.942962404109124, 41.92681230395148, 41.9303496727494, 41.922770301271356, 41.92774930742321, 41.95070642040678, 41.92241458461499, 41.93430334876019, 41.936449006096126, 41.94899144888329, 41.950716490923696, 41.93731903826142, 41.952360420330116, 41.94522635389679, 41.92066080618212, 41.94574275597737, 41.95777202049708, 41.93614373275525, 41.95652230543733, 41.951625411836446, 41.95653828952304, 41.93951919292718, 41.93986069135753, 41.93348231135454, 41.919428311209685, 41.95339142463755, 41.94774983436882, 41.95330810500956, 41.9183632414808, 41.94171516901546, 41.95792653635295, 41.94902791815375, 41.93365320325091, 41.91973530145754, 41.93327069206624, 41.95548645953796, 41.91907515415087, 41.92735190366818, 41.93771991883877, 41.93159898321497, 41.94026501760332, 41.93610901420592, 41.92278016372964, 41.92044092258784, 41.91888888174532, 41.920266950569435, 41.92890392428165, 41.92802398452844, 41.93201418048907, 41.943541001940154, 41.942725887703006, 41.924088969762934, 41.94109194396925, 41.933734886003364, 41.939426264014486, 41.94089982341055, 41.92641915446926, 41.95069901848661, 41.92414807105996, 41.953019974765446, 41.920761540595024, 41.942196571161006, 41.943063967729174, 41.956034285648556, 41.91793136975076, 41.949134102830186, 41.93823979185374, 41.95747811146541, 41.95839025251807, 41.9313511939349, 41.952549010902565, 41.95444467754962, 41.926809781435566, 41.91767181685258, 41.954117346644225, 41.94296616295355, 41.93207389119022, 41.94351611129754, 41.934746771040636, 41.94915632605544, 41.939979273127875, 41.93686644665342, 41.942000329931524, 41.92925683331544, 41.9374477958393, 41.95123785415794, 41.93311941794704, 41.93077877226739, 41.92499359644855, 41.92427866517247, 41.94726650924163, 41.92604052772133, 41.92550918569964, 41.92891052142744, 41.930351834000284, 41.94793815426039, 41.95724628415188, 41.92564038434437, 41.94821307391424, 41.9277574227105, 41.96036220617598, 41.94288920971018, 41.9542797178905, 41.92997221899002, 41.92089093580505, 41.91951897616805, 41.953901819263734, 41.92391353643613, 41.927653283618596, 41.94618447830473, 41.94930918486859, 41.928229908477384, 41.9192750612969, 41.9436473579858, 41.92545775132467, 41.953095493467075, 41.918261610952, 41.94657104490915, 41.96108803915072, 41.92575752937015], [-87.6604569501759, -87.66161845059713, -87.66153917484705, -87.63843227860929, -87.6301939109328, -87.6303024748934, -87.64728898185787, -87.63500182870978, -87.64974474275009, -87.64566984706701, -87.63088703414168, -87.66262013831903, -87.66129714857829, -87.66066876002932, -87.6546505581741, -87.62970664660902, -87.66871722200956, -87.6357553895807, -87.61883420992854, -87.66014066233929, -87.67200301461195, -87.63126570664893, -87.66655420390208, -87.67259073165032, -87.6320316458912, -87.67289797603449, -87.67127868276, -87.64352092922243, -87.67358132228782, -87.63681462663091, -87.65477020446004, -87.66071915476157, -87.65527552700053, -87.67869290746438, -87.66123023974842, -87.66604470442445, -87.67153454880486, -87.64729979470614, -87.6643093095695, -87.62155145561258, -87.62096242909652, -87.63923117801407, -87.65258874915868, -87.67832662565318, -87.65351146796795, -87.64171723482289, -87.64067111452401, -87.67154957337513, -87.65177548938239, -87.65576742619643, -87.66149342271446, -87.6781780489443, -87.61890360889662, -87.65793038848732, -87.66858665412668, -87.64782299537019, -87.66903727278412, -87.66063650231663, -87.62222089279588, -87.677520256788, -87.66459789139019, -87.65767082602746, -87.63924530319474, -87.66763449363626, -87.65576776777225, -87.66250658751561, -87.65575883311934, -87.66504028459082, -87.62833646561404, -87.62670607519132, -87.64233705083177, -87.63528913627358, -87.6497546674463, -87.65805446605238, -87.62599706788889, -87.67787374657365, -87.64918992446708, -87.64187788787822, -87.67123475779763, -87.63850762585433, -87.6636005331478, -87.67307394064422, -87.65209638703415, -87.62572769324032, -87.65545818564844, -87.64509543782833, -87.64608545649067, -87.64995821194677, -87.6598687855783, -87.66776416492813, -87.62316514886335, -87.6642840635704, -87.63549816852918, -87.66839926271238, -87.63728961758223, -87.62840236229114, -87.67839640527576, -87.6692706092491, -87.65236672470934, -87.63817361736575, -87.64063340580765, -87.62438890763511, -87.64811857122793, -87.64667340699654, -87.62962754788015, -87.64389405338609, -87.66455408750689, -87.62045510122798, -87.65618171582592, -87.65154168215024, -87.619866695448, -87.66753380471464, -87.65354706429966, -87.6515232234675, -87.64848239064786, -87.64752377374253, -87.66004967746258, -87.62056838329346, -87.65354419976238, -87.66410929708967, -87.67655418653857, -87.65991111426396, -87.64622144349238, -87.62740259660711, -87.6341598742601, -87.6355238130611, -87.64110124300211, -87.62143578650988, -87.66330453549914, -87.6632659372857, -87.62521727974712, -87.66733797733805, -87.6595111040472, -87.67375160507571, -87.63497748308781, -87.67661841877266, -87.64701204218274, -87.6730600521953, -87.67829434897777, -87.62281168754319, -87.63741126476944, -87.6232474881869, -87.66171454660912, -87.65964103927516, -87.63497136964227, -87.65925005433097, -87.62128134956936, -87.6686255091997, -87.65199929780601, -87.63503294773611, -87.64299222551703, -87.67835230541752, -87.64200441310919, -87.659145628387, -87.63871831022696, -87.6453894408374, -87.63887181445963, -87.62115638346975, -87.65102358884496, -87.64553243736876, -87.65809749062835, -87.66664492146501, -87.66020281443065, -87.66123720578528, -87.64080172022857, -87.62771472144152]], "boundary": [[41.96140446340025, 41.96140446340025, 41.91633793659975, 41.91633793659975, 41.96140446340025], [-87.67911705076976, -87.61873454923024, -87.61873454923024, -87.67911705076976, -87.67911705076976]]}