{"center_point": [41.9388712, -87.6489258], "sample_points": [[41.92012069611897, -87.66317636594768], [41.945884517961105, -87.65478410771087], [41.93412866484423, -87.63947218121427], [41.923852316532596, -87.64244277128155], [41.93959386759183, -87.62795642161807], [41.9496936256791, -87.63960590550302], [41.94398420487721, -87.6753400227552], [41.939745540801766, -87.65982145217917], [41.919400879635724, -87.67558524929542], [41.922871842869846, -87.66624876105432], [41.930114942707156, -87.62477996392005], [41.95041291280484, -87.6705852274112], [41.94440739811884, -87.67695457039707], [41.93146721021098, -87.62281655717824], [41.93769096405463, -87.62171949564485], [41.94236761706041, -87.62990224008742], [41.942964606494435, -87.67693791456057], [41.92700745327567, -87.64560833029537], [41.947333179593606, -87.65831895747985], [41.922197649175786, -87.66411499557282], [41.942691952890414, -87.65617041936665], [41.932021472377755, -87.63030188265303], [41.93781386830437, -87.62827998235358], [41.92398516266552, -87.64213429551688], [41.935958968971796, -87.6399814656697], [41.93094563879504, -87.63188759044571], [41.95420589647418, -87.67402682324175], [41.91811789615227, -87.62159543728151], [41.91845445444843, -87.62010529188352], [41.9173171860236, -87.65907917819533], [41.92106696342552, -87.65656532382904], [41.94986012023667, -87.62203081917862], [41.95035210620924, -87.6727182205258], [41.9368200579673, -87.66364839542375], [41.95180547347528, -87.64571016749356], [41.917979868487905, -87.67251066012636], [41.92757437789904, -87.64841347870103], [41.9567510112955, -87.6458810898682], [41.9363977928473, -87.67869502072016], [41.91669605192346, -87.64346092776289], [41.95147559899024, -87.65494979186445], [41.9295377534984, -87.63224983430298], [41.9197822055612, -87.64468021275037], [41.92570416444538, -87.62327711508503], [41.91876702548727, -87.65133004786952], [41.958053991245876, -87.67657734478738], [41.938251991425766, -87.61946522001554], [41.94047809387895, -87.62372212297056], [41.926856750199725, -87.61982099783765], [41.959828217719505, -87.6394399251841], [41.92182843475373, -87.67744565412738], [41.9491165349557, -87.64706627471105], [41.92801511010177, -87.64512537949587], [41.916924937413675, -87.62517359740683], [41.92408471655382, -87.62838824807187], [41.92634938001506, -87.62943782349802], [41.932815877530196, -87.67049189984826], [41.9443973144926, -87.63821925836493], [41.93390254795575, -87.64037729784056], [41.92592774177824, -87.65849005028133], [41.93747879621942, -87.64832604028317], [41.918858570805426, -87.66397694362149], [41.92183846860756, -87.66191133103682], [41.926488228461736, -87.62594634859461], [41.95481026934459, -87.65067093072454], [41.92712750107636, -87.63865665392886], [41.94200565667395, -87.67655217958975], [41.917626277121826, -87.65617362214735], [41.95045615742212, -87.66551753426644], [41.94551569950115, -87.63919655945476], [41.92524677781172, -87.66632295157534], [41.96137568187226, -87.6754864262853], [41.944428282907374, -87.66824887191657], [41.938946953362084, -87.62820103934197], [41.95886400706709, -87.67678889709718], [41.95205825537049, -87.63602065365183], [41.9395193676807, -87.67410650892147], [41.929886955900095, -87.63178649504125], [41.92806284050308, -87.65923924725143], [41.9582423241143, -87.62714005568267], [41.93815404374687, -87.65158852334064], [41.937543163587065, -87.67167594501765], [41.93028869448556, -87.66327119480796], [41.93843268458347, -87.64432412687871], [41.9305496918341, -87.65435793476067], [41.92553280852288, -87.62014828592694], [41.94624560341695, -87.65559215547805], [41.93780258904472, -87.6360220005768], [41.916864618643416, -87.6683182753026], [41.91834821470815, -87.63328836350931], [41.95094213256509, -87.62212633485508], [41.91986592191398, -87.64385270455563], [41.955132787362885, -87.6469258534963], [41.93663775815036, -87.64880199572241], [41.93543151182358, -87.6484936556379], [41.94948279430675, -87.6687910878648], [41.91985502996395, -87.62758965190658], [41.948516131411154, -87.6445496980736], [41.9286908394973, -87.63212546454959], [41.93141065533018, -87.63981938792313], [41.94990867619727, -87.63595014967233], [41.956477066578714, -87.6752201561524], [41.94963345943112, -87.67061782347643], [41.946405770966415, -87.67712714559364], [41.958965387837566, -87.65147139910664], [41.91638345033375, -87.63732367958856], [41.93155267478419, -87.65876702405969], [41.95217933425628, -87.64368483721523], [41.937412383255776, -87.66567848991473], [41.91644657783386, -87.62289249819294], [41.9248987619237, -87.63233722269527], [41.9334060646389, -87.65332236854759], [41.94660613371521, -87.67444416347165], [41.92171887076549, -87.67381390755389], [41.95038061989958, -87.62626092662501], [41.919555594916424, -87.65055489868283], [41.960492935915845, -87.62508429435461], [41.947997423960395, -87.63883885046725], [41.92658130769722, -87.65997731354652], [41.935459153812545, -87.63445683520831], [41.95947902229814, -87.66449633859065], [41.926989036952776, -87.65952318186726], [41.928441811391224, -87.64394060999643], [41.94665543130398, -87.63848384715548], [41.94922126251306, -87.6602483289463], [41.93439580012383, -87.64599674359346], [41.928111848573174, -87.66389726141487], [41.93148499544193, -87.67554830942393], [41.95109930231686, -87.65980541628711], [41.947089689637366, -87.67050087189897], [41.946638668353295, -87.67845241145486], [41.94769599536404, -87.65380543611981], [41.96022101445053, -87.65105762636158], [41.91931073842774, -87.66990549734791], [41.948761694036314, -87.666634333843], [41.92833856245605, -87.67341058241004], [41.93570267805944, -87.63443554184084], [41.94049560235651, -87.6482246476311], [41.95234563157137, -87.66513183396121], [41.95839471376446, -87.62018319533985], [41.92366008946017, -87.66006896654649], [41.935006510032096, -87.63614717882865], [41.92131154067853, -87.62658623890766], [41.92716962202183, -87.65410378211055], [41.917740909477054, -87.67243877125762], [41.917495356207525, -87.67899586477769], [41.94550645685931, -87.65050921598421], [41.92709206815897, -87.64401701902226], [41.93695580922307, -87.63623711735146], [41.9199082523479, -87.65965781586534], [41.92013185893255, -87.66689241761132], [41.95255315732223, -87.66207466306906], [41.95005457717593, -87.62477442525127], [41.91884083591825, -87.67108107608368], [41.953867466819716, -87.6762214370434], [41.91976623743136, -87.61882317500904], [41.92617263728045, -87.63131392219404], [41.931550393317664, -87.62182468359966], [41.950701407659636, -87.66482283959176], [41.959122728250705, -87.65271506784973], [41.92273072777896, -87.63783858849746], [41.928815273016895, -87.63630574913479], [41.931668602710104, -87.669478553877], [41.92293076206474, -87.63458966924208], [41.93653491157591, -87.66483562193427], [41.944106445444795, -87.65436723073753]], "boundary": [[41.96140446340025, 41.96140446340025, 41.91633793659975, 41.91633793659975, 41.96140446340025], [-87.67911705076976, -87.61873454923024, -87.61873454923024, -87.67911705076976, -87.67911705076976]],