{"center_point": [35.1382037, -90.0504738], "sample_points": [[35.13430493911016, 35.156462116488555, 35.12293928099558, 35.11796909346634, 35.129974824713535, 35.14783275715786, 35.15940327031065, 35.15720772761825, 35.13382132215588, 35.16017425920038, 35.15937460908099, 35.13136300742329, 35.1574947005505, 35.15359897480581, 35.12631926401282, 35.12168959773085, 35.148960474595626, 35.15533054174305, 35.147012059050255, 35.13291813214726, 35.14109652779149, 35.119058663805596, 35.124813651413206, 35.128341975544494, 35.14660371741914, 35.14960472263184, 35.128696421761475, 35.13080159774158, 35.1535465667032, 35.14426089570873, 35.1588798845738, 35.15058392490852, 35.157548728792825, 35.158008840487945, 35.129355790010074, 35.142200066401415, 35.15401216834281, 35.15743744646249, 35.11961752694753, 35.15355672597747, 35.13126615510261, 35.15583293332279, 35.142018370021546, 35.15304376410985, 35.13051989472178, 35.128210650962146, 35.126511688635034, 35.13594732115298, 35.126958919269754, 35.14967006082731, 35.14428086165598, 35.14898517415745, 35.13887663327752, 35.12847350375568, 35.12241473683459, 35.15468442866204, 35.11598784391109, 35.117443204130666, 35.15849748035281, 35.154010136739785, 35.123368774183874, 35.13510577837605, 35.11956168303477, 35.13370921701326, 35.1425210696414, 35.12599121193487, 35.14712278148933, 35.12668294013644, 35.12789547461394, 35.13153476340979, 35.14662130123466, 35.143487997797614, 35.156494310721634, 35.1217528309853, 35.13938519265259, 35.11665544309506, 35.13203935853894, 35.13360754414194, 35.13136212988705, 35.160163640385676, 35.13068545271, 35.151196290960726, 35.12938038896808, 35.127390175946324, 35.12056427023509, 35.15584976042274, 35.13362652589506, 35.14727060116974, 35.155936440214994, 35.118067762125385, 35.15781324690718, 35.13804286206203, 35.13921831435152, 35.12440993216996, 35.11615740859723, 35.155369738389936, 35.13119478251352, 35.151510432622594, 35.143984337322976, 35.14481784607504, 35.158524223599855, 35.11773435854777, 35.12799913432835, 35.1516187775363, 35.13228038080642, 35.12025347553864, 35.156055724342, 35.1293475873084, 35.14201033366165, 35.14472182681198, 35.154874384731976, 35.13518205742878, 35.15146565387825, 35.12638240919792, 35.1170347700039, 35.127480410323486, 35.15252869309487, 35.160280518438675, 35.13254530448284, 35.117771031843255, 35.14452080389253, 35.129283157051894, 35.15329180717434, 35.14490019699662, 35.15250688973683, 35.128973590466614, 35.15124896114676, 35.144948717667575, 35.151451730779286, 35.116225845080805, 35.136278768298936, 35.15906359995951, 35.154072985475004, 35.16030096177854, 35.12663466970665, 35.13157617518073, 35.13847135159009, 35.11680938424767, 35.13505257694156, 35.12979463038162, 35.1279845326489, 35.14141719532516, 35.11969911726791, 35.12885566721515, 35.14320874372771, 35.13594080292665, 35.1422094210814, 35.134001481537254, 35.14416730500595, 35.14315535942404, 35.12801026798158, 35.12122052556582, 35.13970299229126, 35.13473968711926, 35.1240910354826, 35.12919363811621, 35.14757594020158, 35.133256748596665, 35.12533408790731, 35.13103905675225, 35.159418935627976, 35.15955090356, 35.14982320158025, 35.154966604020814, 35.134670545898494, 35.137216323260745], [-90.06320592058847, -90.03678597673007, -90.05635583905308, -90.07103245434186, -90.04860395924995, -90.06357750695638, -90.02495616379868, -90.07782277000935, -90.03847881452329, -90.04959768358547, -90.04326499950972, -90.06159318190628, -90.03838398987375, -90.04819487219355, -90.05380932749942, -90.05817764133803, -90.07549444379686, -90.07086842935104, -90.06365812184403, -90.04270112819196, -90.02932529009023, -90.04509319280592, -90.07222635577328, -90.0435320236687, -90.03522027640392, -90.03617000748012, -90.06375666773795, -90.05015046242082, -90.02304531199138, -90.06006142082074, -90.06602972706506, -90.06498032325948, -90.02678571387882, -90.05498387352178, -90.06003801301148, -90.03083284876277, -90.07394869416834, -90.058001315669, -90.05161376120161, -90.04538215893587, -90.05849680459731, -90.06008991529396, -90.04606172994976, -90.03745776079201, -90.02894610481877, -90.05316766241859, -90.06137437775683, -90.03517310886328, -90.04243036126206, -90.05118071657257, -90.05543403392237, -90.05873525873503, -90.07710349701112, -90.04782067992888, -90.07036131878573, -90.02660505632326, -90.04883807416819, -90.04733382464552, -90.04472250116967, -90.06750545609084, -90.03626287638744, -90.07617528602688, -90.05538143873764, -90.05067805618461, -90.02361650312228, -90.07442938316642, -90.04699918977747, -90.03372655905137, -90.03285454942167, -90.07076645860352, -90.06972756904891, -90.03233079333228, -90.0588208866246, -90.03659889132534, -90.06530283707167, -90.02795566223442, -90.04818066496662, -90.07783883715277, -90.04300332197766, -90.04343541359074, -90.05924381458368, -90.07431433319134, -90.03500490974395, -90.03352126109446, -90.05568846244057, -90.04830990402182, -90.05715465838364, -90.05948642326243, -90.0324301986723, -90.04601510247397, -90.03833395166112, -90.039025243012, -90.04108944724348, -90.06902817474774, -90.05235813475917, -90.07184380670692, -90.02482106431428, -90.02587336744647, -90.03176585099416, -90.031861164452, -90.07059437117165, -90.04447644565663, -90.0234256412137, -90.04201704272187, -90.03352847993771, -90.07783463804584, -90.067257414465, -90.05683157236774, -90.0536872804704, -90.06464115494391, -90.06679454990939, -90.04988955258366, -90.06864519012126, -90.04696629732813, -90.07066883650515, -90.03869998723782, -90.07643754870097, -90.04853619544966, -90.06531688914681, -90.0715696430202, -90.05093521608524, -90.04171445867075, -90.03262997900283, -90.02571744192416, -90.03410411756835, -90.07560149292831, -90.03637851889191, -90.05892120869764, -90.04613739065736, -90.07579385788603, -90.0469367179265, -90.0526556074816, -90.02960474800369, -90.0451066569421, -90.06389840446396, -90.04283132221923, -90.07188590149126, -90.0241603809153, -90.02346598751375, -90.054439672013, -90.04726783771208, -90.05242320922146, -90.0755166167937, -90.03187952359617, -90.06294893913595, -90.03744190665982, -90.07436129194022, -90.06446265125435, -90.02968269418665, -90.07396763711675, -90.06760857074092, -90.0361847917623, -90.06604687672377, -90.03012925286485, -90.04732794362604, -90.03020773257388, -90.02931242724561, -90.03240045669767, -90.0321573787713, -90.05910411895793, -90.03336629517234, -90.05692836837584, -90.03540389087377, -90.07272445662292, -90.04276260646074, -90.05105719953889]], "boundary": [[35.16073696340025, 35.16073696340025, 35.11567043659975, 35.11567043659975, 35.16073696340025], [-90.07793643444624, -90.02301116555378, -90.02301116555378, -90.07793643444624, -90.07793643444624]]}