{
    "boundary": [
        [
            39.31233226340025, 
            39.31233226340025, 
            39.267265736599754, 
            39.267265736599754, 
            39.31233226340025
        ], 
        [
            -76.65028918320947, 
            -76.59225461679053, 
            -76.59225461679053, 
            -76.65028918320947, 
            -76.65028918320947
        ]
    ], 
    "center_point": [
        39.289799, 
        -76.6212719
    ], 
    "distances_to_center": [
        343.37136417182353, 
        563.7049258300268, 
        3124.6407511623934, 
        1609.9435771626306, 
        977.5376136070523, 
        2826.8823591974037, 
        2360.1048046367364, 
        2257.4987965386977, 
        2490.1402008551436, 
        2980.2376959484104, 
        2061.9131800248456, 
        2747.7766457153743, 
        1601.1677325763687, 
        1842.9138240347554, 
        2089.217711614057, 
        2426.391022096398, 
        2848.0540168055086, 
        2621.5923589194367, 
        1814.39127850032, 
        1933.7503992186696, 
        1066.4518856113764, 
        2768.5310529025896, 
        533.7824221734606, 
        2459.222119879812, 
        2269.6777075301143, 
        1161.7603095913912, 
        1905.331303591395, 
        713.8637360503182, 
        3152.0511095385054, 
        2186.2234800781534, 
        2067.1526334771856, 
        730.0828661018555, 
        2772.292832505357, 
        2722.0990724450644, 
        2038.3051292171358, 
        1518.7761408823976, 
        1925.6568034137242, 
        2313.498415569392, 
        941.9512757991794, 
        1513.0580779866862, 
        1963.260516766988, 
        1862.6195966566847, 
        1845.9566864603828, 
        1422.4601433052512, 
        819.2827891647817, 
        2352.665475530227, 
        410.23152906746407, 
        1790.2623910227924, 
        2480.7145150494343, 
        999.4988870130393, 
        1816.485684654812, 
        2431.870446491876, 
        2043.9980510208131, 
        2699.2510107775724, 
        2516.373558441527, 
        2373.987790037807, 
        887.1472143925745, 
        1811.6136260741441, 
        2379.675370524756, 
        2200.598002435666, 
        1085.445187575932, 
        2527.8207901289425, 
        2761.203061741624, 
        2434.585830986512, 
        3145.493271018339, 
        1343.3144388618625, 
        2371.4630782073205, 
        2233.369176440273, 
        1540.7390372345983, 
        2325.84942240158, 
        337.95009171909743, 
        1057.099489499185, 
        1921.7553481764403, 
        1898.7643962873537, 
        1654.4690007896959, 
        1574.4989330522694, 
        2352.548230873691, 
        2561.496079574464, 
        1324.2673863120585, 
        1939.3227135441564, 
        1544.9395197787464, 
        1933.7331778640219, 
        2607.046512935923, 
        2339.0221996272508, 
        2832.892997281547, 
        1413.8269985695688, 
        2002.7583861231806, 
        2483.440166458396, 
        2424.3925493501724, 
        1832.9258891006566, 
        2742.696660480592, 
        2130.004685880985, 
        1618.5115320188213, 
        2254.290478707834, 
        1925.5625436675443, 
        1902.1484944407669, 
        2560.4790255607036, 
        2210.5462803910264, 
        2598.9072803848085, 
        1971.3857577946271, 
        2926.541867873947, 
        2468.833636262519, 
        900.9124124809374, 
        1868.5933362641758, 
        917.2995454991884, 
        1058.7789904909746, 
        882.1650556196945, 
        2675.33374670262, 
        1096.907620144924, 
        2779.3069633872115, 
        321.90174101762796, 
        2585.941986541677, 
        2891.837921811032, 
        2172.6723274736673, 
        1686.404729778773, 
        1148.6923319573632, 
        852.585005634694, 
        1360.583350344421, 
        2352.814105490534, 
        1252.3442448439907, 
        884.7858825913481, 
        2229.9693421562342, 
        1459.3043216035705, 
        670.1956689091656, 
        2318.7162743720646, 
        1923.8463650906126, 
        3299.0782315120914, 
        2701.643883951442, 
        2633.001435938458, 
        1484.4939390136196, 
        2757.8348880464796, 
        760.0712134535703, 
        2022.6785582778782, 
        1378.4790881079775, 
        1499.4353140105113, 
        1164.0690669708165, 
        2532.1293744279087, 
        1014.1385612334184, 
        1829.486962453788, 
        1272.5994476883695, 
        1994.7445532433824, 
        3105.1843132493177, 
        2976.8863078514814, 
        2103.6883952906414, 
        1998.0915444271734, 
        1277.688251210586, 
        333.65104928198735, 
        1677.5522856448395, 
        2172.7854852133196, 
        2834.42536195965, 
        2806.3778878168114, 
        2612.5211551152897, 
        2069.772926182687, 
        2587.0834666865926, 
        2282.0275968054407, 
        2005.3779183598738, 
        1149.3198949480122, 
        2785.791932234408, 
        2414.9165243554785, 
        2155.268525810808, 
        1495.8546967356028, 
        2059.0334362543426, 
        3104.9523768004174, 
        2607.9233573764864, 
        2440.1714287426985, 
        1811.1168468893509
    ],