{
    "boundary": [
        [
            41.51413026340025, 
            41.51413026340025, 
            41.46906373659975, 
            41.46906373659975, 
            41.51413026340025
        ], 
        [
            -72.12143787792242, 
            -72.06147412207756, 
            -72.06147412207756, 
            -72.12143787792242, 
            -72.12143787792242
        ]
    ], 
    "center_point": [
        41.491597, 
        -72.091456
    ], 
    "distances_to_center": [
        2863.2842303363304, 
        2299.7523102447603, 
        2811.7053722703363, 
        1522.307599535035, 
        2446.6061325399337, 
        1223.4279443308342, 
        2466.674472170011, 
        1435.577363569171, 
        2429.6946028461307, 
        2355.210050886838, 
        1815.6296440184212, 
        2051.60683623221, 
        1741.889504648715, 
        486.23852137940503, 
        2178.3657813498953, 
        2536.245096633907, 
        2296.910928143696, 
        1948.7887487108394, 
        3152.3018544148576, 
        1931.8957938037963, 
        2467.6312206345497, 
        2473.890378761945, 
        1193.725628615726, 
        1639.0572572829383, 
        1149.857358873618, 
        2427.041062191548, 
        2542.221043340117, 
        1735.68850683952, 
        2643.2394609188264, 
        2613.550921555248, 
        1532.2821899993742, 
        1854.736613072166, 
        2405.336074830857, 
        2240.4235945185437, 
        904.2374264498814, 
        2326.292618836, 
        1913.4043982869962, 
        2410.44097891381, 
        1098.4870160601704, 
        1235.232858186743, 
        1062.152941164824, 
        2491.3008451334294, 
        2310.9746536470057, 
        1679.5285698474888, 
        440.03840182824496, 
        253.0184239987363, 
        642.3917375713991, 
        1720.5425941223807, 
        2285.2232300116134, 
        2456.0001654636912, 
        2049.4789661965906, 
        2128.929121027602, 
        578.5402658002239, 
        2136.8382449649007, 
        2385.6757219515375, 
        2371.150151666843, 
        1611.3374664434598, 
        535.6714921798391, 
        1633.808592688466, 
        1892.938542674976, 
        1976.2128335417628, 
        1033.6899365530946, 
        1654.6394170986878, 
        3024.234173558428, 
        3188.2967024972227, 
        1068.4992224348575, 
        1885.5563520829419, 
        1112.2547983701015, 
        2600.288127805467, 
        2459.2202025640518, 
        756.9029307345166, 
        2289.58156710394, 
        1849.3177632809743, 
        1168.178889557185, 
        610.2906370032518, 
        2604.1008737315256, 
        1564.8432288355903, 
        2566.1459391733656, 
        1658.325899286795, 
        984.1283516177749, 
        3126.2312425159616, 
        2404.812703885038, 
        718.8077229972653, 
        3244.583926550659, 
        2172.3036471251025, 
        2123.0020931321887, 
        2135.687503284167, 
        2044.460919025657, 
        3171.314288063615, 
        1169.5091921905996, 
        2575.722934690402, 
        1471.508311321385, 
        2098.7191372513794, 
        2323.9914519262506, 
        2395.3721063845387, 
        2376.385727753465, 
        2542.3906244171017, 
        1392.88545658916, 
        1152.5524324908754, 
        2773.2840278395724, 
        2427.1122797172497, 
        1510.0387222818872, 
        1613.2505095147405, 
        2292.6849466550584, 
        2330.4849920670476, 
        2088.90960697893, 
        1234.1274521604012, 
        953.9501560386005, 
        2321.568269878043, 
        272.71838792426155, 
        2103.8746516158103, 
        1934.5432792006084, 
        1632.3138142998005, 
        2703.264070486613, 
        2399.3091327105067, 
        2387.416577242998, 
        818.3999726323032, 
        1773.065283566609, 
        1475.4439186979228, 
        1360.8526054659553, 
        2569.2392089604314, 
        1423.3907873240169, 
        2122.364004535056, 
        2734.4561774794015, 
        2332.234803761499, 
        1717.8550102057477, 
        622.9539644253302, 
        2648.9944565358114, 
        2414.9687598120463, 
        551.7024522299863, 
        1342.8837350422841, 
        604.2526572142904, 
        2476.6290602569456, 
        713.4970354234995, 
        2343.8241217910377, 
        1882.8778317069996, 
        2610.7471847796055, 
        2180.9201834197665, 
        3107.797718276852, 
        2921.985898308354, 
        2045.4363185693626, 
        2147.0295462054773, 
        2927.4569382767254, 
        720.8934570602528, 
        2527.993675031451, 
        2686.0926551307944, 
        1010.1773418951352, 
        1071.9983691638395, 
        2439.9686247964123, 
        1120.450639704949, 
        817.7330804661087, 
        2884.9761532074963, 
        2439.7868482818512, 
        1517.1251903858308, 
        2490.963619105527, 
        2173.939823383632, 
        2617.8690192045156, 
        1583.362735631328, 
        2143.695651022074, 
        1944.5697363874428, 
        2091.31710880449, 
        2059.4008941905063, 
        1696.2698595159668, 
        2171.621331486612, 
        480.76992458692746, 
        2691.05467345563
    ],