{"center_point": [47.2389191, -122.4025028], "sample_points": [[47.218118678544805, -122.37369039108601], [47.21933167661833, -122.39732814914437], [47.25410590784825, -122.42939662379105], [47.22522459748329, -122.4335848807892], [47.22839903455717, -122.3794010644246], [47.2529168720569, -122.38054804134887], [47.24293693476953, -122.42134623258846], [47.22332496638978, -122.41379186881517], [47.224550011306974, -122.37080958578676], [47.22728293965465, -122.38089403696355], [47.216978720649614, -122.38076890396405], [47.220934381473015, -122.41870140672293], [47.25096000005546, -122.37480433191395], [47.25776213843167, -122.43478557376312], [47.22951663159178, -122.39288947586154], [47.224255528654524, -122.37131371446131], [47.2539241968308, -122.41304152164464], [47.24234131915901, -122.39448820708327], [47.26003458040255, -122.43089876434853], [47.25221939610612, -122.40166609037847], [47.22401683022811, -122.39452583083516], [47.23471779022281, -122.41290410365013], [47.238730841134064, -122.39617968062518], [47.2608523068424, -122.41334053315227], [47.23098594076708, -122.3992884908952], [47.23957923337816, -122.39500048062983], [47.220149574517144, -122.39190108228081], [47.26080943630381, -122.42439411544964], [47.24970381257554, -122.40503845676723], [47.220565398349834, -122.4059495248875], [47.259033739403385, -122.41026849852553], [47.227747802565666, -122.37994958444983], [47.228322885884246, -122.39209344440394], [47.23524317907818, -122.39287750755632], [47.24665647112044, -122.37641854769312], [47.23138189334522, -122.39204075253933], [47.23864111797836, -122.40712659187294], [47.256673473431086, -122.3859548788013], [47.25083326964013, -122.41258260103771], [47.26057996461629, -122.41437690133938], [47.23854462926384, -122.42135078533519], [47.2292820367596, -122.3823854107863], [47.254712417304304, -122.37208337360232], [47.218954759294, -122.39664936273986], [47.21844581738985, -122.41491560972365], [47.217285222389144, -122.38549158969083], [47.23217523415763, -122.4142828127109], [47.22229268439961, -122.3718570638469], [47.253996765072834, -122.4068633975498], [47.238408140894045, -122.37171269696796], [47.24941430519777, -122.42589904572132], [47.244841989206655, -122.409592903916], [47.21774232825808, -122.42268038562534], [47.24940122634401, -122.39020010572924], [47.22881084287243, -122.3880108373389], [47.218171998085815, -122.402763309753], [47.22439162398023, -122.39229744878335], [47.24844379097215, -122.39177961722096], [47.24147176833955, -122.40837569166159], [47.244288873508644, -122.39672666774297], [47.24781559222619, -122.37312048621025], [47.231520651047276, -122.38465955786877], [47.23293296575956, -122.42848558947543], [47.23279453350778, -122.38392338171494], [47.22329437431901, -122.42986470169829], [47.25535474510561, -122.42074764913127], [47.23199637910387, -122.40147192478248], [47.226324986747606, -122.39284060215255], [47.22859230468758, -122.41818194085154], [47.26102537238396, -122.38923053053551], [47.24767667362058, -122.37932428205319], [47.2381428850519, -122.39772225670993], [47.25225844990055, -122.38116056128395], [47.2609518451385, -122.40906319887341], [47.2485393528239, -122.40729740329945], [47.21983392052946, -122.41059518867114], [47.22328907744285, -122.42588640649276], [47.24137755266132, -122.39139967799383], [47.25066851438436, -122.37732265656314], [47.228287936102475, -122.3721308981417], [47.2377231415634, -122.39328314061629], [47.24051943609962, -122.40139042675973], [47.24904449375917, -122.39380165835689], [47.2463796603877, -122.42776078953729], [47.255574526359624, -122.4217723503562], [47.25754312436116, -122.40946014850765], [47.23915065158289, -122.41097318768337], [47.22097373352897, -122.4214626867256], [47.2455984068687, -122.37728045232167], [47.233358804680286, -122.41919946529684], [47.23356353269008, -122.39339096235335], [47.24242990458866, -122.40256590259916], [47.21912442777037, -122.38894908942736], [47.24680156383997, -122.39203893929695], [47.24476471814208, -122.43106177794267], [47.22902336781031, -122.41589462662495], [47.22641744578832, -122.38214776020662], [47.22818914261008, -122.37237820657653], [47.21994959474612, -122.41508553737535], [47.229185634062304, -122.3792709447876], [47.26142909472405, -122.40217929527186], [47.231992757196885, -122.39266980320946], [47.21893625197643, -122.40784424075979], [47.244477619378884, -122.3848334209387], [47.2471969183204, -122.3720870894323], [47.26021964499055, -122.40440879890664], [47.21656723356184, -122.39834254970835], [47.26110534699754, -122.38464923331789], [47.2461187755362, -122.41948251724249], [47.253448876649585, -122.40910975140876], [47.223655744607036, -122.39919629743912], [47.25871225098892, -122.40836202658608], [47.23547532512626, -122.42051155503688], [47.242388576884274, -122.41109522432556], [47.25586190407295, -122.3883183629666], [47.230898718166856, -122.42369609883262], [47.237441377919616, -122.3853580723049], [47.24518186982046, -122.38058872806566], [47.24633433530235, -122.40794650915703], [47.220594510241405, -122.39897628186641], [47.23798652687956, -122.39496056626732], [47.24797315067433, -122.41198251358797], [47.24174182789876, -122.40693190623837], [47.254105301464556, -122.41659911745359], [47.21935758406672, -122.39619393105106], [47.23138936373022, -122.41215118490042], [47.239303768710975, -122.39292962505577], [47.22539031798011, -122.41963449917569], [47.25714995671923, -122.43556765351317], [47.22533538648564, -122.37872573502956], [47.2435805535123, -122.41826852148364], [47.24845448464205, -122.42196968736434], [47.23815892450566, -122.40529149075223], [47.25670525913919, -122.37462478062305], [47.25105093191447, -122.39624838690666], [47.23482213774798, -122.37673809821634], [47.22831275620832, -122.40708774519976], [47.223220710062925, -122.41157164173595], [47.256701187011586, -122.38296076498733], [47.22224080408536, -122.41305479072686], [47.24586530187047, -122.43247732071534], [47.2547141886197, -122.38040178310276], [47.2302569891129, -122.41647792555794], [47.24321877684983, -122.41337698758339], [47.2353550190318, -122.43441848834901], [47.2603930145253, -122.42515893744672], [47.23664426450039, -122.39816240822226], [47.25859863254722, -122.43058232809744], [47.25210336802999, -122.39016372583096], [47.2402526574927, -122.4277729232637], [47.24873564078264, -122.40593862798971], [47.24875144245135, -122.42876283795606], [47.23250055463566, -122.39687009290873], [47.24751677583451, -122.43077162280615], [47.22215344849351, -122.4207983397124], [47.22453059214434, -122.37465393092712], [47.24870971684134, -122.38427179123221], [47.23312888066618, -122.4318312400107], [47.221977931030835, -122.41749262914706], [47.21688965688291, -122.43163175369783], [47.22212426576861, -122.37466647787991], [47.25947696430561, -122.42054134025702], [47.25675459694562, -122.41350899892417], [47.224462737381245, -122.3705924103024], [47.22774053270064, -122.41257566328605], [47.253443494328934, -122.37145125413464]], "boundary": [[47.261452363400245, 47.261452363400245, 47.21638583659975, 47.21638583659975, 47.261452363400245], [-122.4355807176898, -122.3694248823102, -122.3694248823102, -122.4355807176898, -122.4355807176898]],