{
    "boundary": [
        [
            47.261452363400245, 
            47.261452363400245, 
            47.21638583659975, 
            47.21638583659975, 
            47.261452363400245
        ], 
        [
            -122.4355807176898, 
            -122.3694248823102, 
            -122.3694248823102, 
            -122.4355807176898, 
            -122.4355807176898
        ]
    ], 
    "center_point": [
        47.2389191, 
        -122.4025028
    ], 
    "distances_to_center": [
        718.6362710177443, 
        1124.790906542715, 
        3173.380420624149, 
        1869.3571109843451, 
        1510.5581335773982, 
        2988.7254027122167, 
        2078.5945245680596, 
        2931.418830194432, 
        3103.0467050976968, 
        462.8937726163852, 
        1144.008428651265, 
        2920.897980102694, 
        591.6532655322102, 
        2476.753751678615, 
        2633.265773406308, 
        2259.1467192259233, 
        2151.0931747204477, 
        1061.668042498559, 
        1825.1414331572055, 
        983.2266668567111, 
        2123.5215987645092, 
        2200.251134126695, 
        2266.7846182802405, 
        1655.7961831810821, 
        2146.256979420449, 
        2280.5046399593875, 
        1952.4185168969711, 
        2284.1982296692877, 
        1843.9119848017183, 
        1572.4781520195345, 
        1656.073045617852, 
        1825.3418749994828, 
        1895.072475160931, 
        2502.577933724241, 
        2616.678736852826, 
        2218.5507020192044, 
        2814.2777892542117, 
        438.49040462288605, 
        1949.9061994128158, 
        1926.0709676429333, 
        1361.0284684690398, 
        2051.454853793855, 
        926.5103618186325, 
        3152.297980329498, 
        2563.443978827423, 
        1628.2464613737252, 
        2447.5522112453286, 
        874.3397767671922, 
        1464.206220496777, 
        2238.2253454297124, 
        794.6180744566028, 
        3337.0838756912126, 
        2045.5231094010164, 
        1954.0014938662828, 
        3147.5010697098137, 
        1835.6088768301004, 
        1049.4085426512825, 
        2031.7179059557734, 
        2602.8072474761498, 
        595.3161488217096, 
        1776.4964547291452, 
        863.2272486068982, 
        2890.670869427622, 
        1844.0487208665536, 
        1873.4086727341696, 
        2641.9591949180644, 
        2630.863363030743, 
        1918.659589484969, 
        2373.0581995101734, 
        2940.0156561589392, 
        2914.8416014542017, 
        2947.9981205683384, 
        1511.9033860876286, 
        2405.9733763229888, 
        1834.585888477651, 
        1959.332618090699, 
        2824.2251884188254, 
        2663.942756499807, 
        2771.0328897598965, 
        1922.265098089391, 
        820.5667091603167, 
        839.7559536842361, 
        1202.3855952994065, 
        2066.667074607308, 
        2353.756743808814, 
        2539.0048451381263, 
        1617.9118176274292, 
        2492.0295556249494, 
        1795.497910552955, 
        1518.9413960704112, 
        1943.1744264468612, 
        1173.4397437061707, 
        2462.6618610210576, 
        1896.5713427432236, 
        2419.116203441037, 
        2263.5054364356693, 
        2473.4346924970223, 
        3281.2227336357923, 
        2213.719536371636, 
        1463.8558841886795, 
        1547.9286350414582, 
        1935.837561345022, 
        1847.9718948180887, 
        1261.3468577240594, 
        2581.402190846572, 
        2124.603308698062, 
        1042.7275001680416, 
        2292.5653175516873, 
        393.91722971981005, 
        3047.308391542918, 
        1759.0112224595016, 
        1675.82142259092, 
        1872.6864836670982, 
        684.4582396175181, 
        1789.6686177608005, 
        2499.3028248704363, 
        3208.3481866847874, 
        2105.0766605890794, 
        1666.559966549731, 
        2523.861444281773, 
        1430.8706628086913, 
        2492.2117397572397, 
        2329.3174646827383, 
        2807.5805945918637, 
        2780.786249540413, 
        1704.3849168943718, 
        1310.677948817231, 
        478.4514385716725, 
        328.64961940382204, 
        2839.17621470379, 
        1526.387681898503, 
        1567.7865108724595, 
        3167.512676656825, 
        1596.8309963410288, 
        1840.2699789351868, 
        623.8842594362975, 
        2386.918461585944, 
        2036.7245942559898, 
        696.8018827233753, 
        2077.1878484092103, 
        1777.0034314442355, 
        2558.387268786548, 
        623.8944236600368, 
        2966.5512460502614, 
        2430.410529672854, 
        977.8343261465703, 
        1808.639115595638, 
        140.83347794950592, 
        1474.035030765561, 
        2587.1235584395063, 
        1368.5206747519835, 
        2126.9428400896054, 
        2353.7725436228957, 
        2180.2114655780333, 
        2131.2105042390886, 
        2911.119142361346, 
        2394.2589085033896, 
        1792.9990211754514, 
        3206.9299126781852, 
        1612.8111880860833, 
        2362.0669930229847, 
        2937.149435521291, 
        2063.4451504406557, 
        2627.802319788235, 
        1876.616253756994, 
        1742.3102109544925
    ],