{"center_point": [29.577058, -95.643293], "sample_points": [[29.566885467353654, 29.597808037450253, 29.561211796423578, 29.5995169955031, 29.59402751422385, 29.569565984975476, 29.583928672652014, 29.59077151201823, 29.58493944425786, 29.558076902481993, 29.593406699992496, 29.55934700340202, 29.57356937374226, 29.557844350608114, 29.55467492881208, 29.589122017714743, 29.576661238753818, 29.573392981694244, 29.562294637345932, 29.583423762862743, 29.596681412720763, 29.59114826441456, 29.563460373943627, 29.588872372068447, 29.588154935723086, 29.583606138103587, 29.56457396672976, 29.573342289116425, 29.584523505918472, 29.567346551837968, 29.598754927370614, 29.59915878225307, 29.568966920219474, 29.584045437716092, 29.569411097377525, 29.562558114861567, 29.56162128525269, 29.575266780536552, 29.571286463292207, 29.572108482576027, 29.55760347763948, 29.579723005684368, 29.571089058826832, 29.5649924017474, 29.58497919209103, 29.568453941208208, 29.596745344598318, 29.599516061358454, 29.562147536162072, 29.56673249935124, 29.58528381388496, 29.55533384724551, 29.599054745166022, 29.577624965191504, 29.56498354522515, 29.584971551458626, 29.577142051046557, 29.568758961592284, 29.571836062960806, 29.558729675378828, 29.596179644485918, 29.58612916863654, 29.56893268833752, 29.578984036054045, 29.563672512442835, 29.565695920740232, 29.57603035958675, 29.558065468285353, 29.59386987803655, 29.59037871119792, 29.56630515320808, 29.572365025957325, 29.597855488662102, 29.558060798462765, 29.575585822118914, 29.57337913921904, 29.58031848498529, 29.5744838792633, 29.569983740448443, 29.569147343973054, 29.593959002638037, 29.5931874243864, 29.567634926011074, 29.558236997475408, 29.576115931149566, 29.5876273313221, 29.555235350407752, 29.5678909608294, 29.598261205847507, 29.571712692186377, 29.583945150367317, 29.58888669395256, 29.58858126840157, 29.57181400098316, 29.559812652336394, 29.56252027498815, 29.595964276058545, 29.579014602282594, 29.574819487517882, 29.563191136261455, 29.584221842847874, 29.576116674502096, 29.598850303975006, 29.583688646775496, 29.562325752602383, 29.57492234207795, 29.59890749113848, 29.557430113306303, 29.583929645719635, 29.562566335711498, 29.575076891304654, 29.578673024321233, 29.59560797762032, 29.56259073767772, 29.596489178923203, 29.558646757491317, 29.561490319369312, 29.59157700451881, 29.579565941442148, 29.56811475438639, 29.59691155677561, 29.58469089895894, 29.587020642003658, 29.5673162717719, 29.594978946774567, 29.561064098459983, 29.595725702288004, 29.556772891916165, 29.555500162868572, 29.583680439990964, 29.569947656542443, 29.571131042968616, 29.561929419486443, 29.59384173507643, 29.57423105652554, 29.557653339951592, 29.56539334584069, 29.589093872310624, 29.58933877006614, 29.55584882266617, 29.586163672692077, 29.5708895584431, 29.57223037091907, 29.581979097968006, 29.558116670671794, 29.585004943363234, 29.55491047847375, 29.55655891765854, 29.583398878664163, 29.559834909621845, 29.586087038301113, 29.575839499793933, 29.597473344621044, 29.588595585672252, 29.594443279375103, 29.573230991359058, 29.59896127877045, 29.572109497007425, 29.57588458033944, 29.57643663868133, 29.591556167849685, 29.597150274865683, 29.571261794953386, 29.560874891731714, 29.559562823333142, 29.58155244898855], [-95.63751053201227, -95.63939085666011, -95.66096724815812, -95.6646889483229, -95.64365939062704, -95.63480152602915, -95.65060359436757, -95.66521281029482, -95.65718558292241, -95.66151053540224, -95.63482720455146, -95.64346260800322, -95.6452753380851, -95.65702836149511, -95.62722412781586, -95.65089234034521, -95.66536894560195, -95.66330056359273, -95.63051339746013, -95.6286115354881, -95.64359227989853, -95.61846567594206, -95.64709468228162, -95.61800411401475, -95.64572811247338, -95.64479612105234, -95.63408192778049, -95.62720830540167, -95.63933032205344, -95.61900422155637, -95.66216544173656, -95.62413997854978, -95.65734037495096, -95.66860350343505, -95.64475811988474, -95.65981894753041, -95.63126046312388, -95.66713941909909, -95.64716002084006, -95.66031196794874, -95.6222816528015, -95.66266235338564, -95.65272587617862, -95.6495802636036, -95.65554084522893, -95.64143459455603, -95.63220918332354, -95.63151901790839, -95.62857023036784, -95.66145933895646, -95.66245004308288, -95.65962942039299, -95.62460709960125, -95.64075382664001, -95.66787139830723, -95.66032329933218, -95.62778483735441, -95.63365864795877, -95.64057372840836, -95.61747778150092, -95.62510966497611, -95.63073535563541, -95.6669630910731, -95.63204433864954, -95.62527032060511, -95.62213347607492, -95.62042331112715, -95.65314445185555, -95.66829806603126, -95.64223075318455, -95.62404212693805, -95.65223285114126, -95.65480366460646, -95.62085035006163, -95.64207171353397, -95.63111183620546, -95.65242160702391, -95.62257045566601, -95.65603164498518, -95.64910806508935, -95.64701034444704, -95.6603968048533, -95.6492655906986, -95.64586845633906, -95.66264988360001, -95.65935510636479, -95.65559202185385, -95.61821139742635, -95.63013052032035, -95.6286183392002, -95.62452732205789, -95.6305968889508, -95.64005996359104, -95.66242396353638, -95.63325257163768, -95.66339163940646, -95.64771574658283, -95.63732673740974, -95.64189903043845, -95.66424181435319, -95.66750857878348, -95.61850761234383, -95.65361842093844, -95.64779949119735, -95.63886632978034, -95.64043899406273, -95.64645804808617, -95.62442841545688, -95.6212029693453, -95.61889158739268, -95.65897236104331, -95.65365071221646, -95.66235341137471, -95.6389358456839, -95.62688635619293, -95.66658366129562, -95.63587715832317, -95.63612724246552, -95.65840333620399, -95.6178190503496, -95.63680611386611, -95.65850649409899, -95.63313622061935, -95.64995744624542, -95.65507484379906, -95.63126062478713, -95.6649421401173, -95.62252228773845, -95.66881227713958, -95.6355214752763, -95.65136953548958, -95.6634446912064, -95.64460667890506, -95.64439391310523, -95.61935447373942, -95.64672672543139, -95.63077040795122, -95.6455876174098, -95.62487498518081, -95.66701227525657, -95.6196256585843, -95.63719844518884, -95.629700558448, -95.62118261969859, -95.61828896000604, -95.6386433230847, -95.65415944183539, -95.61870525376007, -95.62212535056311, -95.62398050817784, -95.62347232929734, -95.63136029072494, -95.6627493071509, -95.64264969855128, -95.6452232067029, -95.66521967050629, -95.66632607876359, -95.62018019409561, -95.66718988197276, -95.64010173393713, -95.63371615409024, -95.62153031979571, -95.61963921561828, -95.6272447212814, -95.63793948540781, -95.65252072865974]], "boundary": [[29.59959126340025, 29.59959126340025, 29.55452473659975, 29.55452473659975, 29.59959126340025], [-95.66911593022955, -95.61747006977045, -95.61747006977045, -95.66911593022955, -95.66911593022955]]}