{
    "boundary": [
        [
            29.59959126340025, 
            29.59959126340025, 
            29.55452473659975, 
            29.55452473659975, 
            29.59959126340025
        ], 
        [
            -95.66911593022955, 
            -95.61747006977045, 
            -95.61747006977045, 
            -95.66911593022955, 
            -95.66911593022955
        ]
    ], 
    "center_point": [
        29.577058, 
        -95.643293
    ], 
    "distances_to_center": [
        2401.3728867559116, 
        2214.8796902047334, 
        2124.4500803492806, 
        2474.446234685535, 
        1480.6329271445034, 
        2407.5805790317177, 
        2073.947243853372, 
        2143.6218277765893, 
        1066.7026635056063, 
        1808.7122077365107, 
        2744.4345818554475, 
        2487.615861469156, 
        2078.431877455483, 
        2540.557433734749, 
        2087.166198661088, 
        1510.8658249754292, 
        588.6957762412791, 
        2436.0373537981322, 
        1690.6085812319213, 
        2064.2718937521045, 
        703.9481790555701, 
        2407.500154188436, 
        2113.039145913462, 
        362.8717313554012, 
        630.5895929973968, 
        2591.155768697327, 
        3011.532740484967, 
        2931.474393007145, 
        2816.818177580775, 
        1829.4453937214078, 
        1286.5325361407984, 
        2144.012018653381, 
        1411.7557704685596, 
        2925.4131486483534, 
        414.86885986912927, 
        1448.7567132533675, 
        2256.026671560733, 
        1053.9316615802609, 
        1112.2451019790133, 
        2369.8413498739415, 
        2002.5825500382398, 
        2656.8511748011356, 
        2616.211788017692, 
        3086.1225082662054, 
        2292.3850707875185, 
        2881.6039868846087, 
        1545.0688225666554, 
        2526.9229168207407, 
        2617.748458621272, 
        2325.6203582137955, 
        1119.29281680216, 
        1680.182872958381, 
        2248.125888239328, 
        2023.8279296773721, 
        2097.6908765825347, 
        3103.478120322656, 
        2393.5988652280707, 
        2214.9648764150347, 
        2241.5736149005397, 
        728.6770928648992, 
        2406.7399797759726, 
        1272.9486976456865, 
        2769.631799889683, 
        2259.0472876683116, 
        1762.4826012041142, 
        3015.1509276825213, 
        2453.1570853787616, 
        1115.1147991729442, 
        904.9508630805549, 
        2740.0362363754307, 
        2356.1751498429385, 
        862.3803187234781, 
        1688.3808540058365, 
        1739.2871718477027, 
        2099.5102606329688, 
        2048.403133700905, 
        2004.3132344844628, 
        1929.1030922933944, 
        1378.7561644319837, 
        1370.7234802025448, 
        2396.992736393317, 
        2832.878233684163, 
        1208.8715132971563, 
        2512.990560577202, 
        1402.6318087532707, 
        715.0126226887596, 
        2618.934314789222, 
        3204.9622397531566, 
        2422.828528259012, 
        1277.3964597635354, 
        2858.518518780473, 
        2224.3565763427277, 
        3458.4135620104266, 
        1777.7898194813436, 
        1676.0466233354352, 
        531.4103397936175, 
        2724.6980054932346, 
        1662.5923803624153, 
        1978.2730762595234, 
        1469.0543708174766, 
        1683.5377891579692, 
        2212.468302605744, 
        1163.8070041746837, 
        2412.89289639976, 
        2037.4295737132147, 
        2204.7318346323873, 
        954.074251139988, 
        3016.1615961121097, 
        945.4808032279144, 
        2692.049237827302, 
        2198.272595141891, 
        2404.2860545291373, 
        3040.351994612755, 
        1667.2823454823676, 
        1226.5171592064628, 
        2946.2955620944176, 
        2434.2923780178608, 
        3194.3326038271207, 
        694.2894011389214, 
        218.75131676198518, 
        345.6920109002521, 
        899.8165405848976, 
        1324.92410050303, 
        2186.644131666741, 
        1884.352882789961, 
        1416.9480133715772, 
        2215.5254878852174, 
        1024.2000633182165, 
        445.2284323250341, 
        1262.2802607570034, 
        2433.8029381178417, 
        701.3926196808414, 
        2988.670941285455, 
        2518.826316038446, 
        530.9180491878308, 
        2119.1722459444622, 
        1749.5089306657417, 
        602.9806857393714, 
        2038.4943554923623, 
        1634.6122962299673, 
        721.4639524057079, 
        2721.905833178165, 
        1084.5865820346773, 
        1445.0168633840367, 
        1960.0902506649009, 
        2608.992762698266, 
        1300.2442798361446, 
        982.1388600953583, 
        1009.1438959678217, 
        2335.548265170287, 
        2801.303185381174, 
        1399.9153627780518, 
        2735.077063083233, 
        1320.9412483921878, 
        1454.0008805435175, 
        1980.2279007195614, 
        387.98335348466964, 
        2067.651877738946, 
        3222.6854239246622, 
        3508.5780237147956, 
        3180.452440358156, 
        1814.2869880837618, 
        2900.8089829004725, 
        3068.563153102988, 
        1498.9723826981356, 
        1079.010633253453
    ],