{"center_point": [35.0456, -85.3097], "sample_points": [[35.04715248865981, 35.04991004910411, 35.05295984092781, 35.02729970684457, 35.05729603613928, 35.028900086254836, 35.066133843711064, 35.05012593819088, 35.03529550698577, 35.05061377397717, 35.06781595389275, 35.02440017358912, 35.03961472268705, 35.039272739931846, 35.05348431590093, 35.05046024441443, 35.029787089055496, 35.0318446856765, 35.04032715834205, 35.04777756025634, 35.03276367947779, 35.02585662339727, 35.05252688776763, 35.04339237903549, 35.02642266465402, 35.066887931402334, 35.060320495947536, 35.027118074568406, 35.05289538777326, 35.02804532885509, 35.0385086872449, 35.05266272006833, 35.03907511838379, 35.056080320154344, 35.064805929284105, 35.04735955981361, 35.066866445738206, 35.065614132238935, 35.064025540728046, 35.031550042540324, 35.04160407948891, 35.066124108185555, 35.05112219488008, 35.04098524873303, 35.05280095634119, 35.05094475753833, 35.03495531159256, 35.05319144993811, 35.05553443150931, 35.031711419043475, 35.037022900120284, 35.043260356573604, 35.02753408061994, 35.04490428319439, 35.029534272666204, 35.03165199382617, 35.025007535906646, 35.030449516197976, 35.04543683536547, 35.04507229288054, 35.06506308602776, 35.0272647626179, 35.02590110146683, 35.03263758966969, 35.05278770790562, 35.05518323397425, 35.04079182559917, 35.0427088676362, 35.0595883488126, 35.06474452224116, 35.06736526468454, 35.02833571936166, 35.04991520377367, 35.06045785094645, 35.04549766298211, 35.025050914069396, 35.02359637931328, 35.06646654973374, 35.06456596674079, 35.04135558804824, 35.05110945590672, 35.04126648646492, 35.04476328411573, 35.04236225183356, 35.06585598249763, 35.039659721356706, 35.04844123142548, 35.05246196165584, 35.05525636525939, 35.03920160030106, 35.04452596123462, 35.05231683721077, 35.047171330605316, 35.04899636557216, 35.05177605117614, 35.03162189807257, 35.02489837974813, 35.04022367481866, 35.053643435367086, 35.04733045146307, 35.06697335599814, 35.05223480118813, 35.055594067125526, 35.04091112429393, 35.036177158371835, 35.05361542005407, 35.029738670544056, 35.04698465713605, 35.029618360663235, 35.05890153438616, 35.02331425441456, 35.04452598862324, 35.02503462091262, 35.041317556538885, 35.061502289649795, 35.03642759638863, 35.055019469153834, 35.04136986933218, 35.03686839092331, 35.067023159369995, 35.04280155911444, 35.05361539205786, 35.02490075588197, 35.02726025116126, 35.04492174802833, 35.02909033598173, 35.049161449838884, 35.03117360799401, 35.038442810666176, 35.05858835688894, 35.02878566051474, 35.049183501232754, 35.04283318408025, 35.037817391137935, 35.0263483125073, 35.02822729865472, 35.04906002963857, 35.06311903841433, 35.04569226907038, 35.02932875642955, 35.03990425705447, 35.03934325562182, 35.025147429580514, 35.034896928027244, 35.06154037068061, 35.06399408265201, 35.05257197741413, 35.05172407651105, 35.04607559315581, 35.04783577199195, 35.06778572028385, 35.043324808835216, 35.054954835999965, 35.04325033628982, 35.03232532102865, 35.06202319480943, 35.06301707334511, 35.0509481954944, 35.028268256342734, 35.06689953989088, 35.041270897626575, 35.04226648764883, 35.0656668371699, 35.045267787966246, 35.06570341196462, 35.05452230350749], [-85.31217248401684, -85.31992596043106, -85.29302931921737, -85.28721666065944, -85.29320008944846, -85.29742140074566, -85.32514818608328, -85.32612331199387, -85.31459805505011, -85.29107995613191, -85.30062885818806, -85.32557611190832, -85.30395088167117, -85.28479641737091, -85.33100200618871, -85.28498649311031, -85.30207294183198, -85.31978002216606, -85.28276123920473, -85.29889961278745, -85.32148291519165, -85.32032241407265, -85.32436238190634, -85.33498278754779, -85.3314603788408, -85.28320426735486, -85.31216441201319, -85.28381174397904, -85.30394426913651, -85.30121583406213, -85.31378603555571, -85.33081907341821, -85.30014423849893, -85.28475565530904, -85.33559778232586, -85.31926524696476, -85.32162112727227, -85.32918017554185, -85.28333406811416, -85.31400144927342, -85.29634413288242, -85.32353759056305, -85.31649664031485, -85.28472035768249, -85.30372356969869, -85.33355065255363, -85.30151648465659, -85.30879289901091, -85.2865719594163, -85.29990209845265, -85.31003773524309, -85.30803780269102, -85.29466052572002, -85.2993060545934, -85.28446002696917, -85.30403473942232, -85.29765335801478, -85.29066943524323, -85.32332359303564, -85.30031301602456, -85.29173882469861, -85.29279035266498, -85.30388430028377, -85.29477862789453, -85.2972791245204, -85.33381033075207, -85.29185264885837, -85.32051704446388, -85.2852042325865, -85.33520539570854, -85.29687249196516, -85.32173092614478, -85.3327135991294, -85.28887125752453, -85.29642071726343, -85.33188489676422, -85.30447931017835, -85.29169952459627, -85.30516251761505, -85.318576537496, -85.30956766861242, -85.33690481912096, -85.29474708497888, -85.29164222870678, -85.30688381394341, -85.28303187853398, -85.32519705339284, -85.31910353099592, -85.28934744956673, -85.32489882113121, -85.32519910016016, -85.29465675393838, -85.31178032778095, -85.33645951185495, -85.32552223632152, -85.33562086975117, -85.31486707388349, -85.28964705048499, -85.33195986579094, -85.31510792095375, -85.33286715955094, -85.30185479306307, -85.28990724338426, -85.31337763092596, -85.29275418597256, -85.29013076328008, -85.31905905430467, -85.30485435515371, -85.29360605953653, -85.32046981686702, -85.30619662606316, -85.30479776655655, -85.30660472725864, -85.29196812573029, -85.30148272137794, -85.32888099546632, -85.28412881144024, -85.32193524030777, -85.32093999807222, -85.28528255363364, -85.32820495500873, -85.29494696890565, -85.31467107234795, -85.32878807059828, -85.32335292936146, -85.29643726199507, -85.28446338486505, -85.30866614215151, -85.31787362950365, -85.32929293671893, -85.31525221631335, -85.30728482780377, -85.3332380771331, -85.33420436974889, -85.3293326082089, -85.31239520107282, -85.33632681377956, -85.31943889027164, -85.2858785821491, -85.28820689626997, -85.29421634623799, -85.29443893105423, -85.29231942785025, -85.29249404663777, -85.33629211464684, -85.29188388198862, -85.32685900224948, -85.28722751440901, -85.30850164063101, -85.2851077385017, -85.33339046304604, -85.2904372490331, -85.33197572903843, -85.30415123059416, -85.31342092462509, -85.3248638090724, -85.3039675643149, -85.30457301753647, -85.33036269292936, -85.30022338690546, -85.30796711386502, -85.32981620675386, -85.31190801230267, -85.28594073097717, -85.30674497903729, -85.33585783447167]], "boundary": [[35.06813326340025, 35.06813326340025, 35.02306673659975, 35.02306673659975, 35.06813326340025], [-85.33713146636825, -85.28226853363176, -85.28226853363176, -85.33713146636825, -85.33713146636825]]}