{
    "boundary": [
        [
            35.06813326340025, 
            35.06813326340025, 
            35.02306673659975, 
            35.02306673659975, 
            35.06813326340025
        ], 
        [
            -85.33713146636825, 
            -85.28226853363176, 
            -85.28226853363176, 
            -85.33713146636825, 
            -85.33713146636825
        ]
    ], 
    "center_point": [
        35.0456, 
        -85.3097
    ], 
    "distances_to_center": [
        2107.204198112914, 
        1783.5571543998672, 
        1879.866793259765, 
        2481.4660813186956, 
        777.6657476560872, 
        714.6019226527976, 
        2504.704908508841, 
        1893.380043472286, 
        683.4515913013801, 
        2429.224229503171, 
        2155.567923943475, 
        1762.7732424773353, 
        1420.6776928337076, 
        3218.981846971436, 
        2438.2021960527322, 
        3008.3538358868627, 
        1840.4568665366123, 
        1480.6354078191173, 
        2204.244964791552, 
        1638.0589059900026, 
        2367.4380103080966, 
        2759.7991751192258, 
        3042.669238438952, 
        1714.373268771282, 
        2552.105343429998, 
        1136.1096022652098, 
        1484.0983963965025, 
        1248.5889591836637, 
        1845.310988011178, 
        2308.256371974603, 
        1768.5442837145397, 
        1237.4085989293399, 
        1855.5342377761308, 
        914.7239824355659, 
        1082.128005376272, 
        2674.4020333759017, 
        1942.3583695367538, 
        2948.528631677227, 
        1045.6951310993318, 
        2286.6985016956423, 
        1249.188763740631, 
        1314.1335697537186, 
        619.2410501181425, 
        2677.7469536551957, 
        931.7091078295904, 
        2754.245112766719, 
        1974.5681445225027, 
        2876.578169195523, 
        1728.8458620103472, 
        3171.352909531974, 
        966.3426666694847, 
        2785.568237171875, 
        1682.5167806124991, 
        2100.2692965203623, 
        2824.8712157499263, 
        997.4919076324073, 
        592.7136414056483, 
        2482.2917934587317, 
        2426.870020477684, 
        1681.8941676363313, 
        1502.4786987113187, 
        485.4760529798872, 
        607.3505697412485, 
        1584.4894400787898, 
        3164.7681454985814, 
        2938.1937155685723, 
        1738.984332397295, 
        2846.074084456799, 
        1263.6427893762473, 
        2365.3405045553495, 
        2673.874416875542, 
        343.80370093030444, 
        1140.2370210075105, 
        2822.0916952417488, 
        1517.2351227922416, 
        2235.4988470618036, 
        2366.893695134036, 
        767.1508464312524, 
        2357.834030044214, 
        1007.2092980170742, 
        2542.6064030951707, 
        1873.5284504226704, 
        1198.8653003176369, 
        1993.67131924914, 
        3000.407881304508, 
        1880.9947648077948, 
        1632.029096875854, 
        2379.3364751492168, 
        830.7811925018093, 
        2780.8556647591245, 
        2421.85995887743, 
        3324.151466491564, 
        2508.07608315934, 
        2680.8323440138824, 
        478.0282563387132, 
        666.294563808189, 
        1072.275688449501, 
        2379.853701405462, 
        2584.603892292894, 
        2935.032960731084, 
        872.1678077592381, 
        1486.0396865421644, 
        1855.8808006581746, 
        2600.2818012187086, 
        2583.1985032078687, 
        1321.0248960511778, 
        424.58098343428185, 
        2236.2079672092736, 
        2728.050472584136, 
        2764.977223356954, 
        1523.8904264448495, 
        2528.190230239875, 
        3171.2781115256676, 
        1188.6190017911765, 
        2257.635297009773, 
        2669.3197788468374, 
        1075.1167045916452, 
        1607.3951145684853, 
        2042.0402270173784, 
        1488.6430782608516, 
        1429.0646791533802, 
        2353.901753232661, 
        1203.9538372248398, 
        2114.0868455004374, 
        1879.4164162262518, 
        1286.984324580179, 
        2454.8485886738927, 
        2585.2180431501133, 
        2404.1215202843446, 
        1701.0514304171904, 
        782.8489020084064, 
        1353.8861339936427, 
        2027.0458893945968, 
        2089.7220138219836, 
        82.20668677111571, 
        1845.6454965943028, 
        1767.260132030224, 
        1568.0118944141025, 
        407.0609958385245, 
        2754.20216313639, 
        1477.5345005733725, 
        1182.4036149516219, 
        1529.0182814771526, 
        2661.6099668170305, 
        1750.7666987631544, 
        2961.9730105199133, 
        1346.1237398638173, 
        2135.5932446765028, 
        3115.9337334617967, 
        325.6400682982179, 
        1582.0895953630663, 
        2632.878222519157, 
        2511.134514014843, 
        2084.0633537416174, 
        2524.590504875153, 
        2472.3739862417747, 
        2723.727412529366, 
        3258.1871293687122, 
        844.7552111045256, 
        1958.2681057954453, 
        1546.8787070373114, 
        1882.3554487278252, 
        2802.0470006271635, 
        1270.9787413059219, 
        1068.3814714683615, 
        2410.6753797236797
    ],