{
    "boundary": [
        [
            39.98488586340025, 
            39.98488586340025, 
            39.939819336599754, 
            39.939819336599754, 
            39.98488586340025
        ], 
        [
            -83.03100990450767, 
            -82.97240849549233, 
            -82.97240849549233, 
            -83.03100990450767, 
            -83.03100990450767
        ]
    ], 
    "center_point": [
        39.9623526, 
        -83.0017092
    ], 
    "distances_to_center": [
        3200.05905378448, 
        2700.505716252407, 
        1725.0993865328167, 
        2953.8180516652433, 
        1992.414194057993, 
        2784.71117138973, 
        2757.687004881831, 
        2104.4793417018136, 
        2348.274944188495, 
        2911.8197201165003, 
        2383.0829569752286, 
        2601.2471516762007, 
        766.924311515854, 
        1980.3315104790481, 
        2108.8291976959963, 
        2878.8349815111783, 
        1123.1199861512025, 
        1732.563997298034, 
        863.3511474803084, 
        1854.2593375367467, 
        1612.1316107185119, 
        592.829122032462, 
        1396.8077140622443, 
        2906.0136952892594, 
        2799.967703200394, 
        122.07864866909243, 
        2138.778019136131, 
        2003.4420048987881, 
        1125.4900599567372, 
        2483.272983947237, 
        2348.5970969194823, 
        1703.9290037246358, 
        1637.0236413386247, 
        1150.4762946231901, 
        2591.040710968269, 
        3246.887169678243, 
        1381.5633268427225, 
        3295.1925609434275, 
        501.36065691548106, 
        1347.8168992670198, 
        1605.1001478912367, 
        2953.3790394048674, 
        2550.4775712630044, 
        925.2196318753714, 
        2652.567260680075, 
        1835.0742889133899, 
        549.9621977940193, 
        2677.2005216345924, 
        1735.5808490169206, 
        961.9595642879538, 
        2262.266387580845, 
        2929.556653977055, 
        1236.8001113642454, 
        2245.8242419042963, 
        2735.9091895904794, 
        2368.348423013072, 
        2232.8928142060313, 
        1732.8324768098435, 
        2521.505575049048, 
        2424.994438452297, 
        1120.6504772493042, 
        1731.1984186720683, 
        2208.825661433202, 
        1430.3225442173539, 
        2934.4789940691335, 
        2501.309499876193, 
        1472.5026134841391, 
        1835.7008035851911, 
        1851.507135146771, 
        1558.3366650276478, 
        2967.1764785504597, 
        506.6813214008814, 
        2236.6791505611986, 
        1059.8378516524206, 
        2076.789980487875, 
        1832.7250892757882, 
        1977.4800988785664, 
        2204.4611143406973, 
        1841.8334646990024, 
        2508.4390663226304, 
        2581.0139929989527, 
        2268.2029721404438, 
        1987.0677402449405, 
        1837.7503628061927, 
        1290.3670831214067, 
        1646.0762336049947, 
        2140.2208265179997, 
        1484.0832569434303, 
        2166.9375867407907, 
        2796.634121218321, 
        666.0673933185227, 
        2114.312421489897, 
        2310.227026186524, 
        1750.4239830195831, 
        2291.658484374821, 
        1925.5624842532898, 
        2214.933206161499, 
        1448.432464476222, 
        1951.098417449408, 
        492.9677381591377, 
        2105.0170764849704, 
        733.6822396166548, 
        2732.2200634905557, 
        2435.006173261756, 
        2077.731015806966, 
        391.2702599083149, 
        2416.1659254685974, 
        2004.1691062732273, 
        2386.1680002091352, 
        2036.2927496157429, 
        1532.3929005469158, 
        2046.3611703904583, 
        1845.56503296674, 
        2714.93795431308, 
        2376.2231700037714, 
        3212.8725226864144, 
        2721.6495647388883, 
        2621.0623902514117, 
        1977.266290501792, 
        291.83679697730815, 
        1743.7581268501606, 
        2456.642648235241, 
        2237.1722304398063, 
        2193.6470035349794, 
        2147.6646478587004, 
        2590.385322450034, 
        1323.6257436194062, 
        2511.615468212563, 
        3359.103788965819, 
        1761.0191584036556, 
        1201.189300568656, 
        3234.0534549885274, 
        2217.6839602106475, 
        1350.3510221587258, 
        1866.8552005524275, 
        2132.14159862494, 
        1676.8915764561139, 
        3200.034284648278, 
        281.7435156589655, 
        1972.4332168868161, 
        1224.84408922144, 
        1504.870984784953, 
        1169.3566437993027, 
        1122.423549090243, 
        1010.9346181488919, 
        2885.330853758736, 
        3335.0995823618887, 
        2683.4152828074452, 
        2273.3763533507336, 
        2607.2586282511497, 
        1626.033830690294, 
        1885.1124485876169, 
        1540.3402844933917, 
        2409.823013346651, 
        2170.6126786410564, 
        1781.8969942336241, 
        1625.3022652253865, 
        2384.101396221895, 
        2191.4275429217564, 
        2526.707237363734, 
        2578.2710652581886, 
        743.80437588629, 
        2639.8252764920635, 
        2218.3121322905954, 
        1995.1602743356214, 
        2028.3709265592495
    ],