{"center_point": [37.3199939, -89.5275416], "sample_points": [[37.33667458470545, -89.53023037343226], [37.32666463868593, -89.53771192184671], [37.331902119500455, -89.52998054681336], [37.313420848948525, -89.51071787841484], [37.303788198429885, -89.5398294573555], [37.315874051426015, -89.55197609340098], [37.33125330871674, -89.54819419393199], [37.33216614380735, -89.51858254855897], [37.330561667127114, -89.54378157812717], [37.30584213394054, -89.51001151265268], [37.30682646502087, -89.53090759051831], [37.33697245778151, -89.54644761534615], [37.335364781813674, -89.52182472385394], [37.32575318013887, -89.53400981615303], [37.32513785477251, -89.5182049233051], [37.33466762078699, -89.50925542685877], [37.342021272690715, -89.54281828364526], [37.335535041008306, -89.52760777791583], [37.31118227897154, -89.5318120095281], [37.33278673048774, -89.52254315462815], [37.3178385619025, -89.53443349360916], [37.329852034119945, -89.54401350665151], [37.30072577409067, -89.51655202728028], [37.29787406579459, -89.54865118812221], [37.334355701741345, -89.53504091092833], [37.29912523257834, -89.52249866932026], [37.33690253590611, -89.50050552118434], [37.298500028376715, -89.51832332807126], [37.33142258278906, -89.51229538665544], [37.312375648803446, -89.49994623610202], [37.30094620316707, -89.5118765844116], [37.31135461364362, -89.54804542835419], [37.30196317992533, -89.52417200830524], [37.313465370226936, -89.55345448183688], [37.326153557787535, -89.54849796146877], [37.30755070532485, -89.51993903983487], [37.33705959149598, -89.5248480620434], [37.32893650938954, -89.53960141760562], [37.302292445040976, -89.54015325669157], [37.3296238421276, -89.52189701239509], [37.31888164154772, -89.51241065605632], [37.30713425210072, -89.55265908514613], [37.300972626344326, -89.53383038395454], [37.31510497311019, -89.5518784289627], [37.33590871262129, -89.50635500327435], [37.30095202815827, -89.51737079230523], [37.34143320446287, -89.50404651381996], [37.324665625599735, -89.53157662865912], [37.339147413807595, -89.54119340764998], [37.33000201123906, -89.5382511385169], [37.320901074732234, -89.51177293153245], [37.3155214496101, -89.53852135620286], [37.308319880157214, -89.54690297748031], [37.31085262650443, -89.52841071839572], [37.317162397682964, -89.55496474352435], [37.320727090443015, -89.53034153395838], [37.32039125410661, -89.51485980053072], [37.31827653336001, -89.54381533514618], [37.33902636790988, -89.51978000713342], [37.30112369824973, -89.52788094443335], [37.305437690413925, -89.51827218477852], [37.30770994978065, -89.51609302530886], [37.305880853148906, -89.50470184198178], [37.30431780860896, -89.5226383003887], [37.31616524512577, -89.52465979973871], [37.31202053362894, -89.51332730322635], [37.332484454395434, -89.50185213921567], [37.32491294484442, -89.52214555990791], [37.33656047765925, -89.52883300743821], [37.31720079074336, -89.50669935570673], [37.30890556964845, -89.50463920391495], [37.32833601741856, -89.50949780080525], [37.33276226214693, -89.539611692659], [37.32604532774146, -89.50995395077318], [37.31162445316475, -89.52398147027333], [37.31234223650857, -89.52237003770531], [37.30591320838204, -89.54365621389663], [37.320030931803636, -89.51841411250422], [37.3254485150685, -89.55441130189406], [37.31554854511143, -89.54778680846412], [37.30894473870362, -89.5106627142566], [37.32088473745229, -89.50784974263367], [37.3135756108194, -89.51786650798957], [37.30731960584995, -89.52135564851262], [37.335509675626426, -89.54464211417235], [37.33512637679453, -89.53928201849145], [37.319731082179864, -89.52763157482387], [37.336766812995144, -89.53948417120804], [37.30313993632709, -89.53596839230596], [37.304545187397316, -89.49959150425984], [37.31438754162392, -89.52944377225673], [37.331360708754346, -89.52119367541641], [37.3113918875937, -89.51032561720912], [37.30479171291881, -89.55494618664123], [37.31745521591074, -89.52297481125976], [37.3064410882344, -89.5447534271915], [37.30865622866537, -89.53804498781926], [37.324680802253866, -89.5316965448422], [37.31395169440194, -89.53196799185811], [37.32415759913572, -89.5379921941054], [37.29776924249348, -89.550324126862], [37.32323677533726, -89.51807087017963], [37.33645937202221, -89.54330565966082], [37.304561457698185, -89.54085503009593], [37.304012698995436, -89.5288083986137], [37.29795924327234, -89.52431847006517], [37.32212682719416, -89.50143560972], [37.32624374478975, -89.52420091504035], [37.30415061065215, -89.5084635402481], [37.3326833018392, -89.51561084119217], [37.32708411785956, -89.5057154585121], [37.33080203575004, -89.53681498423605], [37.3164040929364, -89.50520305244666], [37.33124448550227, -89.50302343290086], [37.30110590188102, -89.5311772557833], [37.326715059354356, -89.50621109868682], [37.31537523468846, -89.51815381165783], [37.32780445549241, -89.5095806532503], [37.33494872729323, -89.55057469902827], [37.318946742628135, -89.52858589116705], [37.3369400771155, -89.55433073106495], [37.298176698073895, -89.5284384430756], [37.32934250730138, -89.52391913763591], [37.317233704240465, -89.51050400091611], [37.34231591245918, -89.51463947822856], [37.308940736978535, -89.54248661987546], [37.299024964751716, -89.52621584832967], [37.318145865848955, -89.53899724073626], [37.29791635176583, -89.5217448949366], [37.320891931797156, -89.5107232528401], [37.329620221612224, -89.55464856704337], [37.304080772705646, -89.52404123471703], [37.307644695844814, -89.52674529739465], [37.3018533164563, -89.50738117109336], [37.30042699495027, -89.50843130249056], [37.310377813093815, -89.5494626144755], [37.3207859663051, -89.52215184873504], [37.33450257718588, -89.5077094602572], [37.31739843676221, -89.50110786436927], [37.310890667723186, -89.52816089231015], [37.309365093341256, -89.50793605121365], [37.33733645734633, -89.52173556496471], [37.328087494344594, -89.53133829116904], [37.32044636061257, -89.54156326374721], [37.301349794584084, -89.54056972901678], [37.30763779235908, -89.55252407710498], [37.30977820707699, -89.51574051248221], [37.327767046516676, -89.53006601693689], [37.31132202188766, -89.54745418519013], [37.34193286577434, -89.52530708233232], [37.31316884496779, -89.51605194214247], [37.32358450217729, -89.5229570216365], [37.329838861468126, -89.51078029828086], [37.327604076300524, -89.51102879840509], [37.340804866952226, -89.52963332734238], [37.32641146185156, -89.51703804439538], [37.317507840145595, -89.51568524207273], [37.33500152021196, -89.53939845867635], [37.30263763406235, -89.53402830200457], [37.3331229362543, -89.5160557597501], [37.333654044831796, -89.55361122277293], [37.33031641583075, -89.54252970220526], [37.32888065134609, -89.55453028292906], [37.302006573272436, -89.52056475686881], [37.320250634199034, -89.51636288664366], [37.312070582096624, -89.53578685733551]], "boundary": [[37.34252716340025, 37.34252716340025, 37.29746063659975, 37.29746063659975, 37.34252716340025], [-89.55578136665918, -89.49930183334084, -89.49930183334084, -89.55578136665918, -89.55578136665918]],