{
    "boundary": [
        [
            37.34252716340025, 
            37.34252716340025, 
            37.29746063659975, 
            37.29746063659975, 
            37.34252716340025
        ], 
        [
            -89.55578136665918, 
            -89.49930183334084, 
            -89.49930183334084, 
            -89.55578136665918, 
            -89.55578136665918
        ]
    ], 
    "center_point": [
        37.3199939, 
        -89.5275416
    ], 
    "distances_to_center": [
        2353.6572269953645, 
        2193.8839552117684, 
        2030.5703816490181, 
        1708.9920633205518, 
        1584.7428223029615, 
        2400.631214622516, 
        2978.6718245207994, 
        2004.2676495208327, 
        2837.340714013919, 
        1331.2891805414497, 
        2825.7598935914375, 
        2822.3225439746766, 
        1958.4892242795086, 
        2032.3620629243662, 
        1802.268438362814, 
        1332.0046763059927, 
        1420.217829001767, 
        2026.5889606563294, 
        1356.4683312125342, 
        2098.0176226997633, 
        2275.205672467986, 
        2370.0835398995396, 
        1483.8977184355604, 
        2194.7385294145183, 
        813.5939589064619, 
        1225.4875090763564, 
        2064.933688615569, 
        1018.1415965511535, 
        720.3788272204172, 
        1354.6407523518646, 
        2451.008602902915, 
        1534.732408193111, 
        2962.8776836140632, 
        1639.50679064589, 
        1268.4812138291886, 
        2338.781413538822, 
        924.8442016940193, 
        1402.596711289147, 
        2280.649872511709, 
        2435.9761543724694, 
        2066.930535851602, 
        587.294679855079, 
        1468.9861316889355, 
        2649.8222407319663, 
        2048.342635380488, 
        1862.9925637549861, 
        2369.34406625227, 
        906.0800128148762, 
        1629.8062213552362, 
        2333.7401948789266, 
        2004.614112085027, 
        2237.968018561247, 
        2510.632699705364, 
        1421.71072719709, 
        2077.3266859426044, 
        203.69209140405434, 
        2160.9467824835274, 
        1535.7725259301542, 
        2886.67657633291, 
        1737.7111827922147, 
        2241.088817150554, 
        2118.8607071409433, 
        747.768539252747, 
        1368.5967758336237, 
        2799.674630636874, 
        1421.27685503618, 
        2184.934451998151, 
        2571.66806824181, 
        982.2062588909882, 
        2045.3444791106717, 
        331.06671954924786, 
        136.27700906108504, 
        1604.7840646768757, 
        2406.343331789442, 
        1615.2618723509609, 
        2807.2096864779605, 
        1193.946757828119, 
        1746.8087544976406, 
        2866.393372951908, 
        2757.5044970687036, 
        2211.9737126358787, 
        2487.254615412767, 
        2412.592193500591, 
        2163.591912344109, 
        1180.6856610882871, 
        634.6633924194962, 
        2538.6785355215457, 
        1092.2166001333098, 
        2829.8778731123184, 
        1637.4081706369975, 
        3152.9808232482515, 
        1929.5590376779228, 
        3234.0042306443975, 
        2871.575475627175, 
        2409.8304004091483, 
        1697.0584858738723, 
        1330.260742695799, 
        2657.358217047567, 
        2056.405895148001, 
        1740.6617915623099, 
        1335.4785597943126, 
        521.2011029210038, 
        1287.7813140005167, 
        1557.6044560057019, 
        2487.089007578293, 
        1031.6381670439368, 
        1918.354758615631, 
        1858.033829740634, 
        2524.701138629113, 
        2554.415930174039, 
        1760.7541711396395, 
        1737.8720515534953, 
        2074.6576307387922, 
        2437.7756443077656, 
        1471.898529936698, 
        1530.6048235651274, 
        1335.598199521605, 
        2027.5212533996648, 
        1043.3245588101765, 
        2579.962693102387, 
        2603.343729249116, 
        1997.0208634466353, 
        2539.4037367431683, 
        2442.281798287386, 
        2507.3700051924047, 
        1395.9537816886414, 
        1158.2145828564862, 
        1666.9232268376397, 
        2067.0842391577626, 
        1370.5918665636425, 
        1782.5790782919473, 
        1012.860953896231, 
        2599.8718563728467, 
        1955.5597972879127, 
        1627.9197447340355, 
        2326.739815104267, 
        2378.385200747602, 
        1925.4026064980658, 
        2295.1819572455474, 
        983.1348688650229, 
        1446.0916161524135, 
        1008.8916739451155, 
        1142.49526108496, 
        2017.4816811444507, 
        1822.3233429513855, 
        2685.2039046228338, 
        742.8007713881332, 
        989.8496035571598, 
        1391.0944922816886, 
        2911.2696427698074, 
        2281.4136269802407, 
        2663.385563444995, 
        1766.2173497928952, 
        1950.2590627057302, 
        2580.940743963245, 
        2107.261611435509, 
        3258.9053924233936, 
        1966.5602679545316, 
        2269.4782526037043, 
        1940.769629118511, 
        1764.5819921256548, 
        378.3918000284632, 
        1337.475637509358, 
        2454.377530619278, 
        2769.20179011656, 
        1388.6745687089287
    ],