{"center_point": [37.3199939, -89.5275416], "sample_points": [[37.3267930157772, 37.334013996346975, 37.30672525533576, 37.31450764108557, 37.33589190931774, 37.30558746851365, 37.298162358596066, 37.32809709163619, 37.32324718535752, 37.339119829790825, 37.3118550023226, 37.29895156517009, 37.310186537259355, 37.327480912626875, 37.33017753204883, 37.32083568109078, 37.33190738971073, 37.31564751647865, 37.32675203299813, 37.31675514168074, 37.31628372396929, 37.307223475939246, 37.31577967057648, 37.31885965828821, 37.31712864144674, 37.30567114739837, 37.31393017064124, 37.3087416689834, 37.30733679636117, 37.32513649262352, 37.320934064273764, 37.29883227584521, 37.32206271325936, 37.334249753217264, 37.30069565013488, 37.30199787905561, 37.34029584681342, 37.31188600833585, 37.338091936452216, 37.32371554980106, 37.33779699110303, 37.34085694313669, 37.340925850176234, 37.30956535181816, 37.323445905994966, 37.31452070011337, 37.310739279907736, 37.32315250099009, 37.340576806101055, 37.33590557711675, 37.30066065461306, 37.29965107467688, 37.34059359138023, 37.34088475189426, 37.321760061484646, 37.31794159650879, 37.298936163769554, 37.33825665124492, 37.336328922202135, 37.31982348298251, 37.31131453298171, 37.34025707423667, 37.315625630828045, 37.32044791706307, 37.326080331604736, 37.31244780232862, 37.305245723828094, 37.33943616452919, 37.33098766093695, 37.309806405040874, 37.33273520488867, 37.31805839795467, 37.34091261072239, 37.32579498148062, 37.323462674369644, 37.31482696704444, 37.34041989731559, 37.331260185380565, 37.33029115683611, 37.31901779103683, 37.302520091364286, 37.32518491337129, 37.31368978394977, 37.31813194869868, 37.31921513478751, 37.298479137366435, 37.32645348390513, 37.33859803166396, 37.329904810902384, 37.34170149851663, 37.30166166653122, 37.3409297406275, 37.33257290909482, 37.313435255531815, 37.337372976412965, 37.308905632140316, 37.31896061352247, 37.33701604530816, 37.300201296175544, 37.31935491713653, 37.315372279999714, 37.309078653306464, 37.341465298460186, 37.31354445732848, 37.31659207646051, 37.308334487013596, 37.321783711036986, 37.31426156143101, 37.32728814153736, 37.32769400929035, 37.317867541217076, 37.314183447935655, 37.32125729999961, 37.319066541917685, 37.30906986582199, 37.310593593276856, 37.33378114390763, 37.308537859741364, 37.31658590952415, 37.328840932547315, 37.32163916281238, 37.30375297022645, 37.32837472319437, 37.336931992574826, 37.30339200977346, 37.30772083783685, 37.33640692064556, 37.33883714915918, 37.31539873275909, 37.33335684148778, 37.29897239932943, 37.318627657925184, 37.34237310048689, 37.32555947110957, 37.32710493905668, 37.30429550966785, 37.298564480812544, 37.313032852529794, 37.32992257379825, 37.30153763278396, 37.3125635134825, 37.33938025365155, 37.32278750019606, 37.31691229043325, 37.3348277861049, 37.332073008779865, 37.30889544670607, 37.30212597693269, 37.32960999763287, 37.32116745738639, 37.306093888418914, 37.341990852058146, 37.30079401159964, 37.31365768012744, 37.32065069673767, 37.330181805970085, 37.30904753711569, 37.32976715133946, 37.32128351922073, 37.30041859189067, 37.302308739442616, 37.29961446706713, 37.33076421817644, 37.3237733855195, 37.31345804746677, 37.3405814486258], [-89.50740302730418, -89.54866463522389, -89.51840654974626, -89.51656006771105, -89.52530954591701, -89.5160417239484, -89.51616142677445, -89.5496856730664, -89.5082867532993, -89.51400773665048, -89.51175847133426, -89.55510920760373, -89.52538116025704, -89.52873068288909, -89.5219097029736, -89.50900627895636, -89.51584875221886, -89.51245665276775, -89.5235654220169, -89.51721967115176, -89.555500908351, -89.5450360108336, -89.5023363667356, -89.53576087489465, -89.55420821788739, -89.53172999334016, -89.53117039664363, -89.52983634667115, -89.55091910147937, -89.5025323930172, -89.54819546749879, -89.54795140923532, -89.51413635318127, -89.52546224441963, -89.50902366764412, -89.55080863834543, -89.51532038921407, -89.53076326306046, -89.53257067725968, -89.55466526680347, -89.52083774978702, -89.54061255295633, -89.55290687982321, -89.53075486911358, -89.55315506541989, -89.52922922245665, -89.54148004750452, -89.52550286412098, -89.5062027261318, -89.51939012974616, -89.54931709719486, -89.53629986497903, -89.54636931515684, -89.50642982254453, -89.50609230495266, -89.54500794447702, -89.54395246587919, -89.52761219999975, -89.52081047763895, -89.50446394689138, -89.55486504718637, -89.52391046546165, -89.53066495426485, -89.50285375567745, -89.53097513436421, -89.54278725382211, -89.50317106924535, -89.51335692267614, -89.54757316342267, -89.50276848644421, -89.54582522474111, -89.50377733542375, -89.53471689983363, -89.54351262202609, -89.50659086525637, -89.54389626496815, -89.52138091931683, -89.53354572564426, -89.51345455425617, -89.5390431839214, -89.51737177960314, -89.53670815054635, -89.50113018772305, -89.50742391510977, -89.5213889441112, -89.52371238205376, -89.54441821387596, -89.53161663098699, -89.49947345298601, -89.53129253912267, -89.52037959139953, -89.53876634020517, -89.53833847573266, -89.52010016258315, -89.50069087698327, -89.5463015296182, -89.5256577051905, -89.53043810985957, -89.51034522462406, -89.51509161087708, -89.51357120412021, -89.51303913075722, -89.5183161352874, -89.5075433161158, -89.5322744472105, -89.51276985088131, -89.53444618439782, -89.53407717065998, -89.54175824030963, -89.5064896738703, -89.50723139041783, -89.5185781838673, -89.53529032765107, -89.52715834744342, -89.52210062287081, -89.5065693806374, -89.53854141020062, -89.53100785696131, -89.54415445616733, -89.5537231983366, -89.5473264409847, -89.54446015067185, -89.52189589208939, -89.53651778696036, -89.51868174825053, -89.53219069534116, -89.50885581475706, -89.5184982846535, -89.51463166915586, -89.54681334828848, -89.55328785975259, -89.5495987427106, -89.53620927767618, -89.51563203579818, -89.53325904847104, -89.54386033861059, -89.5072137738576, -89.54608443292399, -89.50485205733322, -89.5058486835247, -89.51234031898794, -89.5450616192368, -89.55511106815224, -89.52702123271081, -89.51196108167449, -89.51024177773238, -89.55568055236205, -89.51807005194573, -89.53371898862201, -89.55015664159212, -89.54269730652793, -89.5065129769148, -89.50289971255069, -89.51436592926325, -89.50579549739875, -89.5224884586835, -89.50437744414447, -89.54082110435193, -89.54359381715102, -89.54466051909246, -89.54147542617484, -89.51156968695011, -89.50009733182608, -89.54168349344815, -89.50898313555979, -89.55418756074369]], "boundary": [[37.34252716340025, 37.34252716340025, 37.29746063659975, 37.29746063659975, 37.34252716340025], [-89.55578136665918, -89.49930183334084, -89.49930183334084, -89.55578136665918, -89.55578136665918]]}