{"center_point": [42.347354, -71.095668], "sample_points": [[42.36721979466147, -71.10261388702737], [42.3350079735104, -71.11686995701645], [42.33308831892757, -71.0866929064413], [42.33605789659966, -71.08790853188931], [42.36663253891407, -71.08702332900876], [42.36548419974507, -71.09667796760874], [42.32616061754623, -71.0836937299131], [42.34045756018298, -71.07814633969123], [42.353972784140275, -71.08212202117923], [42.3504876581249, -71.0911821403485], [42.36835363265242, -71.09561267380616], [42.35642627450226, -71.10890866571557], [42.345179052287804, -71.1147274392611], [42.36616005798281, -71.07692838210173], [42.344085148497165, -71.07846466921424], [42.363007793032054, -71.12498069150216], [42.346390586925004, -71.07466505779863], [42.328514679202854, -71.09850343266653], [42.32494937789579, -71.07294127562822], [42.367857460304585, -71.10721985637242], [42.35097204427772, -71.09917736972073], [42.33251526965024, -71.06615692837697], [42.339380732836126, -71.06833653953079], [42.34717123043323, -71.118392510699], [42.331554307576525, -71.10880808708815], [42.36957641029896, -71.1222816420385], [42.343296953314955, -71.08251718246156], [42.34403923467982, -71.0896615394869], [42.34562272597588, -71.10575667537145], [42.362940509527185, -71.09035627858742], [42.3301280009297, -71.07202261779051], [42.35973645147666, -71.0718998754303], [42.347668134238525, -71.11547079213139], [42.33675455437618, -71.09399727636381], [42.3294329220196, -71.06651981332642], [42.33382780519866, -71.08980621437514], [42.34042594327011, -71.12071149072659], [42.3666120642338, -71.11636836566588], [42.344820434898885, -71.09439594340085], [42.3660019486966, -71.07552429859686], [42.36098061428098, -71.11258581486445], [42.35779896049103, -71.11214011952572], [42.33024470709305, -71.10563846713842], [42.33859716383563, -71.07620385372132], [42.35224839112836, -71.08607581363643], [42.362582152164364, -71.0918793438365], [42.356006899319674, -71.10930790788827], [42.32593309674888, -71.09469463119139], [42.3668935063548, -71.09221434998179], [42.33039383068256, -71.1242597785981], [42.32577075443786, -71.1031123755458], [42.363514068080626, -71.12566800764132], [42.34818335232246, -71.11684586220017], [42.35628769026513, -71.10763994812753], [42.34311581564542, -71.11362648087746], [42.35152642256485, -71.08929084997945], [42.36583614606765, -71.11896741275326], [42.327781554398875, -71.09559450557471], [42.3428888152301, -71.09881854957352], [42.36218543338405, -71.09614632482887], [42.33191626275192, -71.11407455954306], [42.33117763035438, -71.07141300032713], [42.352255248318016, -71.11447137398406], [42.349747212395826, -71.07417736192743], [42.32969679638833, -71.08172101165653], [42.3565290520026, -71.10729464917728], [42.34028724308411, -71.07366110215676], [42.36280058568535, -71.07004320007472], [42.34060887629151, -71.08223742766488], [42.333450836906245, -71.10400362104728], [42.340603069102904, -71.08610733809698], [42.35836211696063, -71.08026095706198], [42.342271509404306, -71.12275876178012], [42.349356163452285, -71.1117798811984], [42.347659459667796, -71.08310863241319], [42.35697315555354, -71.1147822289281], [42.36364254450331, -71.09422894756159], [42.32942388303688, -71.07739432081571], [42.35285486846651, -71.09343049679256], [42.35537706435355, -71.08583696338907], [42.368897098528436, -71.09380926649754], [42.353767203786404, -71.07853106452596], [42.33987481622593, -71.10541018301645], [42.33741540839144, -71.10502273636504], [42.361809099611584, -71.1157162647095], [42.33214505460389, -71.09271390636657], [42.35831031616399, -71.06646136705544], [42.34348047310184, -71.07482379256922], [42.34323585930479, -71.10560838831852], [42.35598839039116, -71.0734507516342], [42.356020613928784, -71.07134653115008], [42.342514969360764, -71.076578544671], [42.326054942976356, -71.08331848904332], [42.33204562344556, -71.09016668284639], [42.32531497971191, -71.08297340148047], [42.33153016144311, -71.11756436744709], [42.348051100984314, -71.07073942881803], [42.36766708742624, -71.11357962343484], [42.356571089791984, -71.10088965591152], [42.336161006009405, -71.0656747422197], [42.35069582045478, -71.10666501647556], [42.34549539660289, -71.07425740856013], [42.32497956395944, -71.11976764320205], [42.3378583830487, -71.07107836851378], [42.34619096231398, -71.12265461990556], [42.36851263415132, -71.1112863250735], [42.34178241559042, -71.12038203765113], [42.337873213163526, -71.09882613062419], [42.34599144126555, -71.12034461156709], [42.35813259769813, -71.09740144654333], [42.3417802430403, -71.10130784795587], [42.331886936096566, -71.08078449900421], [42.352234592916766, -71.07136306959784], [42.34284806976034, -71.12201780708668], [42.35144081346972, -71.11578915629], [42.34099365695361, -71.1125986619968], [42.363511033969836, -71.06680487862913], [42.332526936112, -71.1051495197714], [42.36839159019539, -71.11199322273353], [42.35739691731085, -71.08048446888107], [42.341588623172946, -71.11874791137964], [42.34774408021987, -71.11544638077211], [42.35550881280332, -71.0957379416539], [42.34927758818849, -71.11595205357538], [42.350835178604314, -71.12202431751122], [42.359271810195125, -71.08559133111744], [42.33892005801933, -71.08847352031576], [42.34601884562691, -71.12145416958839], [42.35628735839976, -71.08481679976836], [42.343721087423816, -71.11265115459175], [42.32575561321815, -71.09304111375057], [42.369145781323375, -71.11865319012963], [42.35688576770147, -71.07718778057797], [42.341296454083725, -71.07281669126331], [42.36306903566349, -71.10047162868584], [42.355387731747825, -71.12445886647434], [42.33233463253253, -71.0717932587175], [42.33675195958913, -71.10409912318966], [42.33712759986072, -71.11341178411476], [42.35864086508791, -71.09322393586768], [42.35031018094371, -71.06718751191626], [42.327987001773145, -71.1228869290689], [42.366098276820814, -71.12331476973004], [42.32737360685808, -71.08598584265198], [42.36147568551367, -71.10178565338371], [42.35999894401926, -71.107393304035], [42.328149244324486, -71.07117326634571], [42.348564262990514, -71.10662605542625], [42.32631833377584, -71.1179982857161], [42.34655478617997, -71.11057918736545], [42.33949761770557, -71.07575534908703], [42.36696104869263, -71.08382879813198], [42.32653687567521, -71.07576097316975], [42.35710143366789, -71.12576197118463], [42.3636186700791, -71.06639672956251], [42.36598918621698, -71.11495000497406], [42.34175747956869, -71.08737652838357], [42.324846279824456, -71.07393089223258], [42.33734876422261, -71.07516708761833], [42.36433707639275, -71.10458353032932], [42.352807344287605, -71.08339885713325], [42.337132514730634, -71.08007239709376], [42.33952636699611, -71.0892700100468], [42.357677370819275, -71.11991449572852], [42.33844100889987, -71.09953725246689], [42.34266594562529, -71.07038794049718]], "boundary": [[42.36988726340025, 42.36988726340025, 42.324820736599754, 42.324820736599754, 42.36988726340025], [-71.12605466477434, -71.06528133522566, -71.06528133522566, -71.12605466477434, -71.12605466477434]],