{"center_point": [42.347354, -71.095668], "sample_points": [[42.35206992404484, 42.36480314274951, 42.35852323850327, 42.33250596123273, 42.33509189075758, 42.36291533247648, 42.3698012089299, 42.34609414724935, 42.328853842486176, 42.35344459083899, 42.355643982378844, 42.35524637739931, 42.35920619479089, 42.32814213257601, 42.35790996332989, 42.3591463676972, 42.35899240810965, 42.36750870921316, 42.33061609694343, 42.344335565566126, 42.351507873575585, 42.3612134889705, 42.3431272666654, 42.36203143575478, 42.335702703098036, 42.342717148746964, 42.34953240496488, 42.35567763665923, 42.336334939925585, 42.33047175946617, 42.34220516214691, 42.357426709333694, 42.33374807967993, 42.35654400552293, 42.3300778188756, 42.355406571026975, 42.33560741018626, 42.36024700694955, 42.338056451352074, 42.36912012371803, 42.35711786366781, 42.358385301621226, 42.32526045595633, 42.32636053651408, 42.34366780274216, 42.34240605972959, 42.346673223746436, 42.34712937726294, 42.35643211994065, 42.3524190652782, 42.361172115723896, 42.35470686389122, 42.36751805398589, 42.35145397071699, 42.32964060143518, 42.36631623087623, 42.33349445417915, 42.36258270691022, 42.353387286947296, 42.36205826276706, 42.35042454332864, 42.35101648389187, 42.32522577910584, 42.34475028557492, 42.359053530724196, 42.35560770796063, 42.35081060597099, 42.362678334175726, 42.33356694440683, 42.3636309189581, 42.34499767384424, 42.33562400972903, 42.36809098930698, 42.36480355610786, 42.345864440491084, 42.34163988477601, 42.32835755294506, 42.32763574581561, 42.34981070180829, 42.34048188216189, 42.331352723405445, 42.34162744249044, 42.347392237547496, 42.33841092348919, 42.328823391732556, 42.33719032040442, 42.3457213794833, 42.35932832527278, 42.361363948978386, 42.34968658538916, 42.36179102956005, 42.350832336435715, 42.36777729734746, 42.346505424307274, 42.36216974697093, 42.348219365804624, 42.32809778214756, 42.33097003360554, 42.36066065896327, 42.35519854622975, 42.324989881554146, 42.32943085330866, 42.340627736484166, 42.3270378178564, 42.3453550745346, 42.346245829564246, 42.367025202610364, 42.355269325835316, 42.357501255860434, 42.34878901024744, 42.326884008896315, 42.32555474848924, 42.36857095478126, 42.34096351388008, 42.34718647586313, 42.32921879762867, 42.34973570566796, 42.32834137596129, 42.3630448900127, 42.3503824366056, 42.36381684562562, 42.3591834985598, 42.3360140739138, 42.3614730256445, 42.32707610742674, 42.35782558385285, 42.36558943020206, 42.356083806711375, 42.36307682651441, 42.330066821719214, 42.32667084294539, 42.33535783035136, 42.34441847301011, 42.330398953250004, 42.36790335683746, 42.328921574656384, 42.3644316087798, 42.33454022314993, 42.34713643397172, 42.341154010269435, 42.368857396033846, 42.335642631407595, 42.340256023447395, 42.33254219199152, 42.36927535212888, 42.364250303407246, 42.33335267043097, 42.32580347032771, 42.33834726884915, 42.342701197930374, 42.36885715621281, 42.34383889594635, 42.33894086570153, 42.34241312899035, 42.36843707456828, 42.36861415207757, 42.35971795984765, 42.33389236154707, 42.32820441001633, 42.34153701730734, 42.32824062623233, 42.36825260655797, 42.3361430540636, 42.34041854009176, 42.334018374317935, 42.35355142108051], [-71.09156753748849, -71.11544021059903, -71.0748461631907, -71.1097836743819, -71.10102310797267, -71.07462226630473, -71.08797713312418, -71.09181315076623, -71.08088191651072, -71.09097378856117, -71.10655636759437, -71.09882983678219, -71.08421544361731, -71.11974929283686, -71.09434341931274, -71.12135013369652, -71.11034388026108, -71.07953063477889, -71.106497325508, -71.06886067274964, -71.07052750415646, -71.08925926475314, -71.06904958273502, -71.1144586762368, -71.08788880867162, -71.11103423112992, -71.10480008368805, -71.09344262353801, -71.10006878170213, -71.08575882029774, -71.10112632086762, -71.06808261662847, -71.07957801650592, -71.1181821423723, -71.08293423799672, -71.10425157336714, -71.08391849903502, -71.09486079873413, -71.09394244445633, -71.07453252476039, -71.10285125896249, -71.1198824822027, -71.06778695279003, -71.10912916773349, -71.11031071581114, -71.0864159068898, -71.12239781950598, -71.11452890445395, -71.11416118726432, -71.08380897878489, -71.07045733806618, -71.08549239311225, -71.09875790407409, -71.12470707338194, -71.08577116329405, -71.08697590659197, -71.08397619005855, -71.11321747656136, -71.1012744402402, -71.08275790313951, -71.0956766546327, -71.10026884849785, -71.11809941700967, -71.08355701133544, -71.08494169922695, -71.11242844458332, -71.11780577538505, -71.07467943050293, -71.10016877366408, -71.08175104581817, -71.1159567316021, -71.09352627065729, -71.10864277762748, -71.1170391017692, -71.07879424275079, -71.10765537674045, -71.07090966303817, -71.11854984260198, -71.07586177093077, -71.09033410112379, -71.08282707903714, -71.10406079991083, -71.11000265917417, -71.09754032529503, -71.1137891554953, -71.06563444558124, -71.10756527010322, -71.12072898837987, -71.11125273115435, -71.06709084185331, -71.12180861470372, -71.11349802224792, -71.09177867505507, -71.10089546863, -71.12407632927821, -71.1092409515095, -71.08666749804652, -71.06580623535974, -71.1096781060777, -71.10941596712523, -71.12527144702796, -71.07737520784575, -71.09161940686579, -71.11856433955774, -71.08783828603083, -71.11035373445074, -71.10687829976493, -71.11334832843735, -71.07407593848593, -71.09001856367912, -71.08254571635383, -71.07028599504642, -71.11360156890932, -71.09125553518322, -71.11219623935709, -71.10541097044351, -71.07596481222515, -71.08830869082561, -71.08587221756727, -71.07799090276052, -71.09710961100608, -71.08935693369244, -71.11059609618347, -71.06992410975101, -71.08030139774965, -71.09127981223719, -71.12251670009665, -71.08304562215822, -71.12084193887776, -71.10296631141722, -71.12198386698162, -71.08667648921482, -71.12031510289013, -71.09085783368728, -71.104981613718, -71.07136021845196, -71.09932323908993, -71.09189343915817, -71.11934340669806, -71.10828230547817, -71.11310143697929, -71.10875517757287, -71.07033159762624, -71.11860293297245, -71.0766849240954, -71.09811064300492, -71.07929083505306, -71.11981804852115, -71.10617516168995, -71.09624634377823, -71.10124796445122, -71.12318087443964, -71.11890020149565, -71.11356666734287, -71.11843895476339, -71.08092757288047, -71.09388322108377, -71.11829069688385, -71.07379090262454, -71.1189176322381, -71.10813670406367, -71.0976239102673, -71.08716381188096, -71.12514562285928, -71.0695718255936, -71.1014314730674]], "boundary": [[42.36988726340025, 42.36988726340025, 42.324820736599754, 42.324820736599754, 42.36988726340025], [-71.12605466477434, -71.06528133522566, -71.06528133522566, -71.12605466477434, -71.12605466477434]]}