{
    "boundary": [
        [
            42.36988726340025, 
            42.36988726340025, 
            42.324820736599754, 
            42.324820736599754, 
            42.36988726340025
        ], 
        [
            -71.12605466477434, 
            -71.06528133522566, 
            -71.06528133522566, 
            -71.12605466477434, 
            -71.12605466477434
        ]
    ], 
    "center_point": [
        42.347354, 
        -71.095668
    ], 
    "distances_to_center": [
        1364.4917239006693, 
        2127.967787634653, 
        275.79778885302426, 
        2158.2052426629925, 
        1796.4280212541053, 
        2513.1801344081528, 
        2301.3989880810427, 
        1140.117362965108, 
        1642.063095732208, 
        2510.163293391317, 
        1905.7202029568587, 
        504.50832309512674, 
        1618.1949906814145, 
        1239.4000036279779, 
        1804.1399713683572, 
        1034.065705684215, 
        1697.7345431258418, 
        2006.2534872973958, 
        2145.265097023794, 
        675.5797333061607, 
        2160.4002376068966, 
        1860.4141765273687, 
        2194.5339698167063, 
        1762.2508960860928, 
        2589.7630354075814, 
        2023.711030176854, 
        849.078401956587, 
        2046.2197211735406, 
        2864.7816928770867, 
        2454.752509792143, 
        2322.0292146948404, 
        2134.103376992872, 
        2262.5880611933826, 
        2414.9430175060165, 
        2047.1628936086543, 
        1751.5650505791384, 
        2096.237772787791, 
        1956.4513970455278, 
        289.53826369533397, 
        869.4933314288074, 
        3160.89136031397, 
        436.9469995883315, 
        2737.9115839809456, 
        2526.284845529299, 
        911.8996342665341, 
        2568.6966336161577, 
        2564.782806957562, 
        1312.7317328455504, 
        1950.445912043998, 
        2653.388613371067, 
        1587.4586274711046, 
        1767.1837376826877, 
        3240.68300641971, 
        3015.0289662107566, 
        1764.9948912398513, 
        2218.888953376299, 
        1972.7069395636024, 
        2149.996733767263, 
        1346.1231836413526, 
        2069.6283704135194, 
        2204.139006104956, 
        636.6079020021446, 
        3286.971707440865, 
        1571.6032735558456, 
        3032.7792070930054, 
        2304.3151292090856, 
        2845.9444550646926, 
        3119.98314519649, 
        2641.928163061392, 
        2119.699873167305, 
        2984.3066630170206, 
        1498.449625879854, 
        334.59061131199485, 
        1228.318882681404, 
        1161.9677041831694, 
        1988.5309862022223, 
        2922.1115536283546, 
        1907.8185367308176, 
        2897.740981151046, 
        2039.393198989952, 
        2568.428490648204, 
        1050.0762474791304, 
        2565.6496078098185, 
        1853.4187939864853, 
        1512.3900336224658, 
        2630.1485760288124, 
        2485.7620172657657, 
        1833.7295069271033, 
        2552.1690121537154, 
        1956.2746681148299, 
        1239.4942381846056, 
        3065.329228922286, 
        3137.5704540370775, 
        951.4552258893973, 
        1789.7424140798912, 
        1890.512581520722, 
        3206.368580650648, 
        3249.865122052738, 
        2505.6335613792185, 
        2824.33521853727, 
        710.3449348722165, 
        2396.9037679981225, 
        1680.937125213506, 
        2134.8788608557993, 
        979.6095791510475, 
        2280.4855695874116, 
        2399.9024142083704, 
        1813.4686076245337, 
        2050.758629238458, 
        2662.362942328842, 
        2744.1117189353813, 
        2241.952839319764, 
        2287.2829402985317, 
        2778.505141661433, 
        2532.27730116392, 
        1782.6780676198407, 
        2094.893558986062, 
        3137.0623348172007, 
        2312.3977854038667, 
        1081.655500093503, 
        1370.8301711344036, 
        1397.8844554739708, 
        3182.996143718083, 
        1589.6461516251256, 
        474.60731466452484, 
        2287.207502786734, 
        1955.2582652903377, 
        2026.7330144301136, 
        1322.0938964736483, 
        2403.356464642864, 
        1396.9394782446138, 
        1270.4567869001417, 
        2461.380869498412, 
        1990.402460342765, 
        2379.672257365119, 
        1649.175846149564, 
        685.8217590964204, 
        651.9895127453401, 
        2561.272540243468, 
        1636.7374007107546, 
        2800.6863072974043, 
        2117.094957140898, 
        2500.0302528949874, 
        2459.4320749390204, 
        1233.3936436005706, 
        1822.9397723070342, 
        1401.970511373904, 
        1058.6907758387035, 
        1423.0919906848853, 
        1105.509821616367, 
        2096.55202905707, 
        2372.8213273128513, 
        2489.859047592349, 
        2531.4414456232626, 
        2616.2296276163474, 
        1268.1960430853924, 
        769.8498905893036, 
        2503.899487130238, 
        1351.1575136677548, 
        453.5809025097619, 
        2749.2783263327965, 
        2661.010157487203, 
        2017.950113913682, 
        2675.6658108032398, 
        2556.2800808064776, 
        2316.580321276594
    ],