{"center_point": [32.7905064, -96.8103549], "sample_points": [[32.8085542515912, 32.80492527765524, 32.76968904893735, 32.79878623643579, 32.79628044424838, 32.786538381251695, 32.79901287477997, 32.799265212096344, 32.793585495483526, 32.8062829048997, 32.77580525526407, 32.77254404009758, 32.802673964067324, 32.812794505159765, 32.784251840049954, 32.793594916960885, 32.80282760873455, 32.8047930017137, 32.76922101068966, 32.8129106878634, 32.80651113939741, 32.77129492286678, 32.80198661214755, 32.776403865677956, 32.78607383453353, 32.76852059301806, 32.80269950751297, 32.80795214076876, 32.80324094088549, 32.807626894937606, 32.80712624665847, 32.79757386282118, 32.80111984390606, 32.776874445608335, 32.771749994580354, 32.76953878831135, 32.786218062710944, 32.781510060027266, 32.800725699913514, 32.78416930326332, 32.80524190443716, 32.790406502835246, 32.80629800984129, 32.80309486662542, 32.81014553615615, 32.80832657574235, 32.81262648245691, 32.78087527452887, 32.80988628239075, 32.805505947701754, 32.800679012399904, 32.785566412622636, 32.8108290590403, 32.79873539232136, 32.8086948476374, 32.791436766624535, 32.77392931940735, 32.81024224878244, 32.796510731247906, 32.79369929184337, 32.78718720497481, 32.783868387100135, 32.78956178593422, 32.79733413794964, 32.79771460796244, 32.78530627668545, 32.77628124036016, 32.77269804954304, 32.79030038069607, 32.7789909459075, 32.78114736507338, 32.79784228759288, 32.7984130678614, 32.805181644071624, 32.78983978941686, 32.77110772478691, 32.79758904957914, 32.81205787561296, 32.77959074089579, 32.78689218992594, 32.8000328373708, 32.78531612771069, 32.80611353159481, 32.79747942411817, 32.78903041757484, 32.78987628697327, 32.79855562717772, 32.80447480170082, 32.80749113988028, 32.78244578198779, 32.79984055479946, 32.77388357785564, 32.79600789989127, 32.77983102473605, 32.798827672793486, 32.79448838681688, 32.797069239985014, 32.77909934625539, 32.78094162378073, 32.784074441015186, 32.80196085218679, 32.76829380203163, 32.769455661756076, 32.77344055858724, 32.77391301502512, 32.80881472934206, 32.78728424268126, 32.81203776891157, 32.78956017369843, 32.76899704189898, 32.80158355602938, 32.776876686717635, 32.79182634404184, 32.77272398039717, 32.78464817157133, 32.786507582623656, 32.77692985995801, 32.78756316757408, 32.78301219511183, 32.81160921443305, 32.777327944337166, 32.773653805240166, 32.77307766339569, 32.79213254981602, 32.775937406412304, 32.77415419706694, 32.77223405680283, 32.80421589810724, 32.775324773236434, 32.790754318705446, 32.788710819717366, 32.79573090607846, 32.77783030796528, 32.79509988000751, 32.8066530833311, 32.78018864147224, 32.78983676842558, 32.78806327103365, 32.79359843667474, 32.797342482218994, 32.796524231857035, 32.797393737017, 32.802478970515516, 32.80509911227926, 32.81008567991743, 32.81211641410945, 32.78339255203905, 32.786629912727726, 32.784912427707994, 32.807066251645146, 32.81288816618391, 32.7752716151359, 32.806560909550406, 32.77571545655392, 32.78796359225109, 32.78185316567398, 32.79919251451868, 32.79756547648967, 32.795131611456476, 32.774251621076694, 32.81104024693423, 32.79131784685472, 32.80918894247165, 32.77446720504629, 32.797470592761215, 32.77543899442831], [-96.80889641226366, -96.83615853985593, -96.81054545255225, -96.78780762533161, -96.79546286285917, -96.7972594200722, -96.81366350891977, -96.82717340352202, -96.80372419042321, -96.79073689051833, -96.78888026422398, -96.80954542734236, -96.78895205484093, -96.79417210682635, -96.82588026826483, -96.79084268716392, -96.82759736479171, -96.79522729915402, -96.82829691403028, -96.83203792600945, -96.81900018961994, -96.80961561173494, -96.79952863665171, -96.82128044498408, -96.8282361770343, -96.82271333674453, -96.82691717767936, -96.79589072140517, -96.83636011580107, -96.79371439445883, -96.8185867324427, -96.81888973062118, -96.80429805771156, -96.80624863417052, -96.8319970148748, -96.78406383633894, -96.80605895111403, -96.78866469066584, -96.80795191453474, -96.78883261798201, -96.79924669418673, -96.83142792698258, -96.83160796639659, -96.83117075830543, -96.80803357689959, -96.81690862923348, -96.80739951596749, -96.82524398691278, -96.80386850209224, -96.81634384314013, -96.82825777229623, -96.81197143917427, -96.81923153498255, -96.79231807979667, -96.81454755088002, -96.8210715651696, -96.81175884534336, -96.78761877679517, -96.81524476291625, -96.83655475614366, -96.79800303852764, -96.83158957520358, -96.82383900291471, -96.79622650788392, -96.78639554820472, -96.83300901872101, -96.83066445112227, -96.78843481731111, -96.80015888784482, -96.78905396180167, -96.83074233181515, -96.82762742720476, -96.80427362154254, -96.80948255580596, -96.79661354293358, -96.83552603274987, -96.81432245847733, -96.82401402719678, -96.82517241481912, -96.81870174704886, -96.8045794246956, -96.81792096113028, -96.82213679132309, -96.82165011414499, -96.8260657124775, -96.79325910972945, -96.80345492161048, -96.8247194681262, -96.81903695498347, -96.82673849394403, -96.83508258946335, -96.8131874535085, -96.83225502361964, -96.81605193251617, -96.83398460216219, -96.82726601887836, -96.78901759806595, -96.8036519142805, -96.82420480718987, -96.80072267344858, -96.82643266501707, -96.79085026667939, -96.80013069863878, -96.83594593802452, -96.79746442944636, -96.80805046158224, -96.78599140907048, -96.82995073718318, -96.82118177480389, -96.8161795556449, -96.83263342114014, -96.79407850089784, -96.79684460955997, -96.81094995449453, -96.83423791631397, -96.82576618492534, -96.78571204607923, -96.82091474971824, -96.83291620499809, -96.8218882450032, -96.81876602254896, -96.80679274537592, -96.8081691803529, -96.79478345200505, -96.81824227893418, -96.83400821826692, -96.8133859423079, -96.81201046282592, -96.82928226941746, -96.82555836856696, -96.81241523596957, -96.83696929193766, -96.81680552597058, -96.80585202395555, -96.80485569047445, -96.83295025788034, -96.7989739277606, -96.81161138592154, -96.80905171216165, -96.80632061391468, -96.79693876041964, -96.83437931161146, -96.80731559435418, -96.80740881526796, -96.80481663897396, -96.78886290916185, -96.8199750950831, -96.79239460964561, -96.82829928446516, -96.81482987342302, -96.82486335153729, -96.81293713342164, -96.81048231701399, -96.80634919468976, -96.8134500096815, -96.835026480513, -96.82231836301193, -96.79468916121392, -96.8093476649169, -96.79282281137365, -96.78481665313906, -96.78699665154073, -96.79217699080395, -96.83415689258855, -96.79236537706133, -96.80417143835075]], "boundary": [[32.81303966340025, 32.81303966340025, 32.76797313659975, 32.76797313659975, 32.81303966340025], [-96.83706975486496, -96.78364004513503, -96.78364004513503, -96.83706975486496, -96.83706975486496]]}