{"center_point": [32.7905064, -96.8103549], "sample_points": [[32.77327284492331, -96.79134715833467], [32.79179696251057, -96.7879102411066], [32.78486177009549, -96.80499277724961], [32.77402878364308, -96.82086587235928], [32.80816177903424, -96.79739939423335], [32.771614237408976, -96.82867642725603], [32.780271284197546, -96.81144050067462], [32.78904919470069, -96.8275374141329], [32.77728718424783, -96.78498799360922], [32.79520597991224, -96.81307223340063], [32.77821323783789, -96.81115979895249], [32.800232415495415, -96.83616520849652], [32.81003095159844, -96.79356466286936], [32.79234095826773, -96.80333958572507], [32.81111590136927, -96.80003868976382], [32.8088014902855, -96.79965478160496], [32.80940199805099, -96.8021022504485], [32.781806331092554, -96.79258385275985], [32.787691431200514, -96.80359017134575], [32.79470476210601, -96.81544404325795], [32.78147784876009, -96.8122043396355], [32.77210815051292, -96.82624112853875], [32.78509282791126, -96.8285143426332], [32.79883624240548, -96.78914185337459], [32.796217772652184, -96.8119846071016], [32.8004241946128, -96.82350174658131], [32.794967930207136, -96.81342590258312], [32.772612413440136, -96.81026215264126], [32.80303387100919, -96.82171287714603], [32.776273892661365, -96.80452109219435], [32.8088939578645, -96.8259242460838], [32.81153466911345, -96.78867659657193], [32.803844962495305, -96.82924747633966], [32.77634693384696, -96.82092186043735], [32.79245408405828, -96.81652242625071], [32.79773236863542, -96.82915999756962], [32.77318829523758, -96.80971676781104], [32.807067275411335, -96.80240093424747], [32.784930015328825, -96.7976247224259], [32.78126630498482, -96.82500528365402], [32.80090051208722, -96.82251479504852], [32.79329104333464, -96.819480378306], [32.7995154505342, -96.79206515104426], [32.787830006197105, -96.80060986855786], [32.81096359073731, -96.82142942140803], [32.7855475578932, -96.8322401248257], [32.78621779926101, -96.8368882983277], [32.78429969723952, -96.80584434247871], [32.79182770136684, -96.80082988082201], [32.77901660145038, -96.8297389516971], [32.77113328459819, -96.81952871684817], [32.777937870900104, -96.79905956100137], [32.77265125741191, -96.798863330781], [32.79559340312819, -96.78835802294928], [32.81235747996227, -96.80886743852675], [32.78720535589992, -96.79024532649862], [32.792296497380725, -96.80789874890728], [32.78854955802399, -96.81611988524378], [32.790283229466716, -96.81794785563645], [32.770533040824304, -96.78692879741854], [32.79297657396275, -96.83096638353332], [32.77152485494124, -96.8006670413175], [32.77408643687139, -96.80918402481188], [32.797465327542255, -96.81033761713702], [32.769182246766064, -96.81851819736252], [32.77849057010087, -96.82886615819422], [32.78470051232358, -96.83671296279867], [32.78449520622334, -96.82146074760946], [32.77228430075541, -96.83518098085474], [32.80447311619907, -96.78457289239269], [32.78630283050832, -96.80988355104155], [32.789289701146515, -96.80089400761835], [32.79794080547936, -96.81964728344467], [32.78813774124553, -96.79322179213604], [32.80755797412397, -96.79291810668761], [32.800706010516926, -96.787848351742], [32.778333387030195, -96.79550193332616], [32.7746334672884, -96.83581603098213], [32.77703533636634, -96.81576548476875], [32.800691413265156, -96.79407232605716], [32.80842143480448, -96.78807372376122], [32.80704230394062, -96.82396164713212], [32.795815296849135, -96.82729073215674], [32.80044089833251, -96.78956506685792], [32.78000653670809, -96.8034117025109], [32.786559564214826, -96.78587579328348], [32.787338311773404, -96.82430843945984], [32.78312283319942, -96.83577884688958], [32.81009153062609, -96.79103904107042], [32.76983140257711, -96.79140960648668], [32.794075956177075, -96.82704085525494], [32.78787811617024, -96.81815725568799], [32.786318096249865, -96.81275058925243], [32.77541689473629, -96.82168798701397], [32.77768971072915, -96.83677679931439], [32.79616798413979, -96.82952057618267], [32.79632670374759, -96.81216925520978], [32.808395885925144, -96.8330544279693], [32.79470669449081, -96.8267156017011], [32.78788072989892, -96.80563589695818], [32.81181731674455, -96.82702869158338], [32.79690471496606, -96.79542481695974], [32.783759411064935, -96.80484395836632], [32.794246704994144, -96.7924202386803], [32.812207388580205, -96.78744825888852], [32.78526197777006, -96.8318229553789], [32.76818261042496, -96.83369962248491], [32.77538094691469, -96.82918901231231], [32.77424468962024, -96.80867990838902], [32.773519662930404, -96.83189804127447], [32.78740360247992, -96.7869310471351], [32.787653276736975, -96.78375585186477], [32.78024925092579, -96.80103756574032], [32.77561167335993, -96.79282297631802], [32.80120114303031, -96.81737694854003], [32.78146564267841, -96.82415623750818], [32.78122320394899, -96.80980658960257], [32.77288112323942, -96.82775355040376], [32.77867480101493, -96.82797024644957], [32.799572578699646, -96.79361221216908], [32.771899765939196, -96.81971170576992], [32.79943131587143, -96.81490973779825], [32.774215737534895, -96.82018281772207], [32.789142336947116, -96.8363372728773], [32.76824911913055, -96.8095598968418], [32.79243970071233, -96.83684143046071], [32.774198361285414, -96.81668382034299], [32.803073046331384, -96.82091186279207], [32.799112790741624, -96.80015035868674], [32.77172880581982, -96.79042949222558], [32.805652610511835, -96.83300938669231], [32.77246464444175, -96.80726715058465], [32.8048325496767, -96.82999148564791], [32.779647813001944, -96.79619028604321], [32.79715815818252, -96.8254201438126], [32.77986925573182, -96.817722721084], [32.78077702244301, -96.7899220923579], [32.804279672900186, -96.78448622652371], [32.773257357079565, -96.83096720485118], [32.80610033504724, -96.78787216653254], [32.771127651203244, -96.7934721154815], [32.778275452736914, -96.81415011494863], [32.7772993321888, -96.78705323454012], [32.7835490693042, -96.81011248020872], [32.79095173653232, -96.80962981358729], [32.80563220456065, -96.78928506893102], [32.77469850555859, -96.83070026185888], [32.776213885458276, -96.79409567005048], [32.776856048554116, -96.83313540958083], [32.802688797418874, -96.83029247843014], [32.77648397001062, -96.79349256547145], [32.80768885251662, -96.80455582620627], [32.78366948700281, -96.82406779425399], [32.790730985466496, -96.81337411766296], [32.77421636738698, -96.78860794992416], [32.78279736931411, -96.82218702627387], [32.78165546100189, -96.81580084326774], [32.78694358124417, -96.80813089671913], [32.80470811251178, -96.82038134890875], [32.7759966029565, -96.82980449433151], [32.768451009190265, -96.80515587506682], [32.81133861111338, -96.82753401130039], [32.79378797637967, -96.79584043955256], [32.78404102422833, -96.78494487757337], [32.79896455047455, -96.78996571562621], [32.80793321857479, -96.80963044830561]], "boundary": [[32.81303966340025, 32.81303966340025, 32.76797313659975, 32.76797313659975, 32.81303966340025], [-96.83706975486496, -96.78364004513503, -96.78364004513503, -96.83706975486496, -96.83706975486496]],