{"center_point": [44.375155, -103.730736], "sample_points": [[44.36140119956849, 44.392831074248626, 44.37395721261554, 44.37041324736063, 44.37763598165783, 44.371443306582016, 44.38774851504274, 44.36693476335269, 44.38873343864934, 44.39233771440401, 44.39636722128458, 44.381217553175375, 44.37258819827966, 44.361303593312975, 44.35624626541004, 44.362269185811634, 44.36557673384388, 44.363678861259956, 44.364882603920506, 44.36538578041981, 44.3669095288984, 44.38184789334992, 44.35537587623349, 44.38823003618828, 44.389325880088045, 44.385654936826626, 44.361139108728196, 44.3639306918099, 44.38671499836003, 44.37107290092432, 44.37051663158141, 44.39367191813697, 44.364544311989484, 44.35791726065715, 44.35995903514966, 44.38189006747946, 44.36897807924556, 44.383154889350465, 44.36249787267293, 44.38329351586429, 44.390182077199825, 44.39005274149955, 44.37026303675491, 44.3927161231779, 44.35835341038866, 44.353283925958785, 44.37960635466502, 44.35421666465117, 44.35758251733499, 44.368082769679916, 44.39538495011721, 44.388027277270474, 44.394258702686166, 44.36327494096012, 44.39449768624181, 44.365242184906876, 44.35503245712719, 44.369203821793285, 44.36143957331527, 44.383338441822744, 44.3777884892682, 44.36112277540142, 44.355142601593826, 44.369329495007506, 44.392718161829194, 44.374982069913685, 44.37597223473443, 44.37344963977295, 44.38020057862977, 44.372444122277706, 44.38131700643491, 44.36343621341586, 44.35923919195608, 44.38087866320337, 44.362927982042464, 44.38388109302864, 44.37094130181711, 44.35681308607515, 44.39669257258171, 44.39311669465417, 44.36024770577654, 44.387051479215614, 44.35619834792423, 44.38175392358658, 44.368215330492, 44.385642440644425, 44.374176717865886, 44.39494589052393, 44.356394233554376, 44.38634958025102, 44.36488103150182, 44.35595203925388, 44.37829700574073, 44.38089654238652, 44.37443880640435, 44.36738762747848, 44.38269386570192, 44.385164048262695, 44.36982684566014, 44.37229510092981, 44.36006438661405, 44.39751477695256, 44.35745709918427, 44.389322522508735, 44.360056900869914, 44.39333493200336, 44.35786556052951, 44.38982863666382, 44.39537768456085, 44.37756077881401, 44.36850589168046, 44.37053965421979, 44.36134222469507, 44.38193361505953, 44.362307059386, 44.38204022313636, 44.39287612241669, 44.3803882608407, 44.371190580988944, 44.382416671043565, 44.39274228167998, 44.394815360067554, 44.37931602059133, 44.38908896922419, 44.39723396677438, 44.37397151053514, 44.385576943383306, 44.39261835457103, 44.36246623603128, 44.35693128736943, 44.359485819914234, 44.3573675939551, 44.39293654278905, 44.38660021589029, 44.38970759978945, 44.3781773385212, 44.388062481341365, 44.35289702384936, 44.38148674699279, 44.35420847493455, 44.372121422496726, 44.3536580282945, 44.386672740512296, 44.36640783719021, 44.36273215555449, 44.37289375123914, 44.38523147478383, 44.38525105986423, 44.387680548195576, 44.36213852289751, 44.3541516746698, 44.3645706624188, 44.37323918305517, 44.37254188769096, 44.362834258371784, 44.36309711758194, 44.38945690213916, 44.3766163736824, 44.39533024255794, 44.38430223880781, 44.368635738870026, 44.396404442694084, 44.3776901927575, 44.38920654165816, 44.38921552939772, 44.3960164597912], [-103.69992160592237, -103.70252868123713, -103.71573813767765, -103.75260678951228, -103.70466148604915, -103.75042071366376, -103.74737403477441, -103.72645040251959, -103.73746069572746, -103.73391045340594, -103.72841660325722, -103.75053169234019, -103.70915632882432, -103.73360551383632, -103.74200092379562, -103.75994837714015, -103.72151097118082, -103.71719472245238, -103.75697706799805, -103.70792647068731, -103.70670163052104, -103.74985135010475, -103.70282566778961, -103.7103515150167, -103.73417472897833, -103.70972626175181, -103.6996959985505, -103.74399483702834, -103.72935684655654, -103.71596293420764, -103.7555022092338, -103.70659814451032, -103.75870508147815, -103.75568981725719, -103.70606481721903, -103.72754943245465, -103.70636279982477, -103.72306686499377, -103.75714225710885, -103.72001628428796, -103.7327102327351, -103.69943330429113, -103.7228471639336, -103.75309261018474, -103.72424440704178, -103.73469506542573, -103.75277858875215, -103.70365122649913, -103.7023759257662, -103.74345515281769, -103.74115149844921, -103.72372982520176, -103.70276751347913, -103.75805089251864, -103.761785041973, -103.73214001895509, -103.72850141827738, -103.70217603584925, -103.7467584396798, -103.73238787813449, -103.76212419624781, -103.74360652382543, -103.70384731729003, -103.75305635832473, -103.7464374789842, -103.7094812156505, -103.7496184075098, -103.73305362921803, -103.74344391783549, -103.71599257305384, -103.74112050861912, -103.74480015407609, -103.75222165997717, -103.75532204952377, -103.73980510283829, -103.75305366718956, -103.72342495863693, -103.75596321464702, -103.75518328753708, -103.70028241992866, -103.75560100525936, -103.76147310150284, -103.74956489895328, -103.71642433607168, -103.70322992133772, -103.69953661848204, -103.74351388147322, -103.73392155670474, -103.73899703342137, -103.71168040353714, -103.7242810237573, -103.71784478976262, -103.75241685607901, -103.760814817463, -103.74354867597354, -103.74568035593028, -103.75284863623615, -103.71551624420026, -103.70516084913749, -103.75535394876783, -103.70695679436936, -103.72536815203193, -103.70473738351883, -103.70389228712065, -103.74144905124722, -103.7117158471809, -103.71372549470698, -103.75189016942927, -103.70431596464542, -103.72913924523812, -103.7383054954372, -103.70859853595228, -103.72369906857418, -103.70941968576045, -103.71417071578503, -103.73875069379795, -103.70845783419021, -103.71498852756855, -103.7109644531079, -103.76082296532519, -103.72941868944794, -103.71454303013809, -103.75894819085038, -103.75885921842266, -103.74842262075919, -103.73757843354414, -103.7378655581466, -103.7298714912258, -103.7167724873963, -103.70354089436786, -103.74372969201089, -103.71858884479504, -103.73770470963443, -103.71928451115268, -103.76023158695264, -103.73776875901692, -103.75549373433746, -103.7074924568201, -103.73308061098048, -103.74529060485634, -103.72957908606942, -103.71307858836197, -103.74950476424816, -103.75396521178637, -103.74719268493837, -103.70366169115633, -103.70273418556853, -103.73285575510774, -103.70454603362232, -103.71844682657937, -103.72552002079705, -103.72446898120636, -103.73381585991683, -103.71273854152807, -103.7305016302737, -103.72069642089818, -103.72511636513332, -103.72471511324588, -103.73016989526312, -103.71532148507886, -103.76195027093584, -103.7527748027413, -103.75148739754331, -103.72178053294475, -103.74015839042336, -103.75533600932694]], "boundary": [[44.39768826340025, 44.39768826340025, 44.35262173659975, 44.35262173659975, 44.39768826340025], [-103.7621556506509, -103.6993163493491, -103.6993163493491, -103.7621556506509, -103.7621556506509]]}