{
    "boundary": [
        [
            44.39768826340025, 
            44.39768826340025, 
            44.35262173659975, 
            44.35262173659975, 
            44.39768826340025
        ], 
        [
            -103.7621556506509, 
            -103.6993163493491, 
            -103.6993163493491, 
            -103.7621556506509, 
            -103.7621556506509
        ]
    ], 
    "center_point": [
        44.375155, 
        -103.730736
    ], 
    "distances_to_center": [
        1810.004127160734, 
        1596.2463121688947, 
        1837.27775572146, 
        2365.902702612909, 
        1059.9220312128557, 
        1931.2116835366082, 
        1445.4183010837169, 
        2198.3716198655065, 
        1964.5938711009424, 
        2216.429928092492, 
        2564.8036860493603, 
        2172.2387097210963, 
        783.4428386591837, 
        2248.5910069947017, 
        1362.7041188038638, 
        1342.3973186881542, 
        869.105397001357, 
        1762.3964169031817, 
        2225.211428281445, 
        2110.824680087746, 
        1045.3720721146008, 
        3230.0450809144327, 
        2389.8041948031287, 
        2521.9001344236085, 
        834.518992681274, 
        1728.899836633048, 
        2821.5200792995574, 
        1965.4265063638877, 
        2265.562765086185, 
        1214.79358795701, 
        611.8516424935984, 
        1415.2264141937105, 
        1843.4180720310198, 
        2284.3145724264323, 
        1959.4301817010094, 
        1598.3592563152934, 
        2167.850107221513, 
        1818.4684914055342, 
        900.3586779543863, 
        2278.38682043558, 
        1356.7692479651903, 
        2067.6977080847573, 
        2075.648197187382, 
        397.2802890167051, 
        635.135254381242, 
        2491.4354842217203, 
        781.6186931630061, 
        2606.507093181253, 
        1795.7883726026619, 
        2129.0447518008336, 
        381.3516507797252, 
        2855.049118453546, 
        878.7383392920337, 
        2357.559235792001, 
        1104.1388746765247, 
        1028.019019936964, 
        1928.2587616650853, 
        1172.5988396808498, 
        1064.4843575305008, 
        2041.0795780748892, 
        1574.7038556591808, 
        1950.3991192253138, 
        1716.7892393571553, 
        1879.131210951599, 
        950.0285890953413, 
        1625.2625090670533, 
        2007.0151141526321, 
        1662.7211813706137, 
        821.2208785835932, 
        2183.5090732027957, 
        2052.7800626854887, 
        1286.9662870077948, 
        2164.9264526345114, 
        1043.0524761346571, 
        1550.8043874880211, 
        1668.0403700831475, 
        2281.8953934777005, 
        604.2604884283543, 
        1661.1974823577773, 
        2590.0757061444338, 
        491.92507816031963, 
        2516.0085250653156, 
        2461.3829662803737, 
        1834.1060078428186, 
        759.4477285974638, 
        2156.619519740845, 
        1110.0220217520475, 
        1634.704930121151, 
        1663.6894179010637, 
        2414.1398947731254, 
        2736.568558533581, 
        3205.066319815258, 
        1715.621553782562, 
        1425.6314831635043, 
        2445.9465702878233, 
        2452.4524360189207, 
        2263.490206650113, 
        1921.2859812253323, 
        2024.3558074113243, 
        2427.004215046456, 
        1653.1434050201608, 
        2410.460965711268, 
        1227.8465411301001, 
        2292.7342862811824, 
        2142.396972677687, 
        2194.6103617947456, 
        3252.554439100918, 
        593.3891054181464, 
        1893.0932650636848, 
        1488.0169736993928, 
        1513.0617433057998, 
        2402.6606940644756, 
        1678.9796953815442, 
        1505.3232395573561, 
        2198.8140933591194, 
        1528.1865685782227, 
        2791.653649185377, 
        3042.964801746478, 
        1034.2904760412612, 
        2422.9612091085587, 
        1415.2504155846557, 
        2934.6956802343398, 
        481.2463022057745, 
        2449.523893836103, 
        2319.7333647046753, 
        1482.2908592763279, 
        3378.0458334414566, 
        1848.3334718737499, 
        2130.2310830621223, 
        978.9521622960802, 
        2890.3888572858104, 
        1806.0336161060306, 
        2902.5993610411138, 
        2117.7686983813223, 
        2330.7108784790053, 
        2773.623127137488, 
        2880.6989121758, 
        2244.5832619919106, 
        1246.6240315527996, 
        1904.0855190189761, 
        2744.4310282039405, 
        2433.3866110120716, 
        2514.5598088411707, 
        1764.4735891223488, 
        3190.911673346319, 
        2145.8334341713057, 
        2278.9795092277022, 
        2117.3701290425615, 
        2539.733329384419, 
        1673.641015250462, 
        2178.9243924798197, 
        652.0989614779767, 
        1986.3681126274803, 
        1048.1781781580594, 
        3108.1189654064906, 
        2623.080135048811, 
        2118.7942014662945, 
        2734.2806099871327, 
        2042.3147900697356, 
        2664.7055106089542, 
        2673.4799819058244, 
        1352.1002548245915, 
        3468.225626324387, 
        1958.5101562842394, 
        2887.564975850639, 
        1414.1064376884922
    ],