{
    "boundary": [
        [
            41.13754026340025, 
            41.13754026340025, 
            41.09247373659975, 
            41.09247373659975, 
            41.13754026340025
        ], 
        [
            -85.15339223165753, 
            -85.09377376834246, 
            -85.09377376834246, 
            -85.15339223165753, 
            -85.15339223165753
        ]
    ], 
    "center_point": [
        41.115007, 
        -85.123583
    ], 
    "distances_to_center": [
        1055.8385787049904, 
        1328.7500568801167, 
        1372.7542859626026, 
        1944.978521714643, 
        1397.6888776023318, 
        416.8518258027521, 
        2000.5376030753775, 
        2128.7543921286706, 
        1202.9413587075335, 
        2499.461284877995, 
        1961.116744341928, 
        2319.9007360879727, 
        497.5611160919309, 
        2428.255282134595, 
        1652.7634513143253, 
        1649.9338658232455, 
        1513.720712705537, 
        1269.0353913218464, 
        2530.9623090742275, 
        2068.773025090117, 
        2153.3557616537746, 
        2121.0610588840727, 
        2095.9336928461717, 
        1850.6126526602875, 
        3277.762690939167, 
        2235.8314113241845, 
        1749.6694594181893, 
        2391.0262088801574, 
        2184.913241376031, 
        440.7736135914476, 
        2283.274716976908, 
        2232.8119430367774, 
        2486.5562207053235, 
        2784.148426508503, 
        958.6346938472639, 
        2554.285673091381, 
        1298.7874152200386, 
        1835.6343028473152, 
        2487.7119607012364, 
        1852.2676813828627, 
        2896.6890335739754, 
        1003.0182231575202, 
        2501.3757342278736, 
        1520.3265670109631, 
        2766.343534851419, 
        2410.0690159764317, 
        2214.298379177277, 
        1872.9466197371614, 
        2679.4785891265583, 
        2501.908466095519, 
        2399.694525374567, 
        1073.4127875116721, 
        1841.6122875831625, 
        1326.958090558297, 
        1915.3453828760023, 
        2357.103229314555, 
        1664.0554918506718, 
        1536.1874675891966, 
        2373.9428461517373, 
        2228.2496041188097, 
        2051.254782115452, 
        1015.4901351833563, 
        2497.8343298265377, 
        2226.2242151575188, 
        1471.7842739459584, 
        1373.111071145352, 
        3253.8201116538175, 
        1905.590520688907, 
        1711.2953098695148, 
        1928.9146196418344, 
        1307.4245422034624, 
        1499.1341161128807, 
        1969.067447986673, 
        2823.493624520064, 
        1084.8917578128721, 
        2689.2718615137583, 
        3095.442859211804, 
        3241.1825222678553, 
        3003.6400952850727, 
        1017.059044458491, 
        2092.9835556623493, 
        2343.930672264292, 
        319.8133572013497, 
        1042.6768332527906, 
        2615.4162259659324, 
        1425.5412815885938, 
        1699.6740397378592, 
        3156.178604782471, 
        1275.2747382174975, 
        2392.779800054297, 
        2075.1369038973085, 
        1991.3465119481764, 
        1523.1772406411624, 
        457.85436447392345, 
        1550.787107743164, 
        923.964026472575, 
        1167.8418330619907, 
        2231.9172231726357, 
        1713.0763733036958, 
        2287.9100524432897, 
        1131.8784175102674, 
        1545.9596154782375, 
        584.9771572638223, 
        830.091453875341, 
        2371.502628919374, 
        1047.904975689108, 
        1426.8857056564343, 
        1312.861090450095, 
        2350.2203004684525, 
        1260.0860833438167, 
        2454.7968397383574, 
        2007.7628146426312, 
        2074.4273650329815, 
        1469.4622689501045, 
        3091.3199666151577, 
        1997.3313071135196, 
        2470.51080747974, 
        3200.1548648878734, 
        2262.279520015493, 
        2007.6827055174103, 
        2968.7901340953367, 
        1876.429904118373, 
        1992.1075884084037, 
        1411.956957742788, 
        2008.2325316928773, 
        2639.6548436307053, 
        1463.7446923833434, 
        2450.863152475152, 
        1397.23623630233, 
        882.3139626174368, 
        1225.0869210837411, 
        2846.255624963712, 
        2498.1879002405667, 
        2050.6043880800794, 
        2679.1003044389245, 
        1681.7763872721205, 
        2374.665364487592, 
        2176.397293500945, 
        2359.602208142467, 
        2456.3191505093478, 
        2263.8538532927964, 
        2684.3457003996477, 
        913.1260104456314, 
        487.57642575244853, 
        2223.0504996704285, 
        1675.0648033817624, 
        2797.7903990700884, 
        1506.1029563879304, 
        3403.4647490490743, 
        1173.8840035472792, 
        1095.930796329833, 
        2334.4558483533706, 
        860.1385303171049, 
        2503.1454393228396, 
        2180.2829854453444, 
        2557.88139312192, 
        825.4493623916844, 
        376.04674675811214, 
        577.8154024191324, 
        2128.7557315517142, 
        1103.7195545264058, 
        2177.53637835703, 
        705.0455594996002, 
        2107.414899298068, 
        1237.9352762672122, 
        2315.1124414936717
    ],