{"center_point": [41.115007, -85.123583], "sample_points": [[41.13235141053846, -85.14640305605735], [41.12373425167587, -85.1070589457964], [41.13173589685413, -85.13127678234501], [41.13488417345049, -85.11024828080551], [41.11569338709228, -85.10670361590914], [41.10971706899313, -85.11138771439622], [41.102251235762004, -85.10060715059578], [41.104519084607965, -85.10101350095204], [41.12512128291423, -85.10898552719026], [41.125216064405684, -85.10782505067509], [41.10560884127639, -85.10876762618831], [41.122658766483696, -85.09417273722268], [41.13743997825062, -85.10332323530127], [41.132865832387424, -85.10205404488508], [41.12032974737808, -85.12928389036911], [41.09307329706102, -85.1069757291287], [41.13571934493769, -85.09446986119771], [41.135704481038694, -85.15156690500835], [41.10894304190623, -85.14628991083401], [41.111640083325085, -85.13622406586461], [41.115987632972384, -85.14394089972815], [41.12892002105895, -85.12401087919666], [41.11367799396947, -85.1266758093863], [41.127615574497604, -85.1317111462833], [41.13410780489494, -85.13246358862567], [41.1214030846893, -85.13566467465327], [41.09471294484337, -85.12191291283354], [41.09409175690487, -85.11009585454747], [41.11228656377301, -85.13589893468611], [41.09577788873629, -85.14553073530476], [41.105841889018095, -85.09426913938799], [41.10493925304973, -85.10899355372736], [41.095347203173965, -85.10630214059205], [41.09290722934201, -85.1003796334029], [41.11508918940535, -85.13909755937875], [41.1127653296265, -85.11790735890314], [41.10788279120219, -85.14413760920918], [41.112360697416726, -85.15149557263206], [41.125263657308345, -85.14782593509189], [41.10298774699844, -85.14296548990473], [41.13217901031947, -85.10329021715768], [41.12512975975073, -85.10413206099399], [41.12780914532679, -85.1408521490755], [41.123386094858986, -85.14899031242948], [41.10088906005185, -85.15267057813882], [41.099462256100715, -85.09697799270803], [41.09984887423486, -85.09620337267407], [41.118026921225166, -85.12302015376865], [41.12371199332587, -85.0999524586904], [41.103157194357635, -85.11775217827552], [41.10226953532636, -85.14390246615413], [41.12712088626494, -85.14716693442753], [41.128918131322024, -85.10521719646773], [41.117058842075494, -85.14458133611788], [41.09821665831751, -85.12695679879448], [41.103627339156496, -85.10756954269908], [41.13285515849423, -85.09819707920371], [41.099767524254226, -85.15235070100093], [41.103602274593506, -85.13405788149304], [41.111966049070205, -85.11506931171552], [41.1190772425997, -85.13529838361566], [41.12676443547463, -85.12084850544659], [41.10249983443602, -85.10952602643549], [41.129800120378086, -85.1409865402107], [41.12939267583673, -85.1387611258385], [41.10607343159224, -85.09691452787247], [41.114717290225464, -85.12775066619805], [41.1247576617732, -85.14954774945826], [41.114036168703464, -85.13555847161051], [41.094980316539385, -85.10914971272925], [41.1131193391573, -85.11658897481615], [41.12670681040261, -85.1184833249753], [41.094534864862624, -85.12749415896839], [41.11528441221197, -85.1269575485421], [41.09941422049797, -85.14315188248696], [41.12116399680545, -85.11352614506524], [41.10571833952928, -85.11588378528579], [41.12817205756024, -85.09777578631265], [41.131020672758865, -85.15057367222369], [41.09455323865179, -85.10984809484339], [41.1354659045541, -85.10131764137556], [41.12130534363698, -85.10090144624884], [41.13541281566307, -85.1503166051492], [41.106478212164475, -85.09597015586026], [41.10430032115567, -85.09427506061948], [41.128867857365385, -85.1151956187243], [41.108251903068556, -85.14990515035299], [41.11953262056924, -85.12638842918399], [41.13599012815791, -85.09645298470318], [41.12867445422971, -85.11418583307263], [41.11329646459696, -85.12624747646528], [41.12588502771832, -85.12979454027689], [41.13532618568859, -85.14279839243066], [41.131270290694246, -85.11811619891884], [41.12311128414529, -85.12810771019984], [41.10484762334028, -85.1012969255125], [41.10862520885922, -85.12846747619606], [41.13234823370357, -85.14478967070373], [41.12350894038226, -85.15240137609406], [41.124213758825434, -85.13052233165686], [41.0938894730427, -85.10048476852418], [41.113247326110354, -85.15098483200734], [41.09352142388951, -85.10764798402069], [41.127196919512066, -85.10929576609202], [41.0969226656036, -85.10473832735815], [41.093868343881006, -85.13997190005918], [41.12116636947732, -85.10051954063941], [41.098888434839516, -85.13772401021778], [41.104001798613666, -85.12397078627623], [41.11396537516223, -85.14970761331698], [41.10393706916502, -85.09759920858765], [41.09641342030693, -85.10797432337026], [41.09865721597051, -85.12533810840752], [41.11197698518366, -85.13300943376721], [41.133078734320655, -85.11107840422635], [41.10132095702423, -85.10438926600244], [41.11445139095535, -85.11265258696221], [41.09740787777035, -85.10622563505513], [41.128329324607925, -85.11903613764429], [41.11970740996229, -85.12052981430786], [41.11827046384113, -85.1476986968891], [41.109090110504404, -85.13771552871803], [41.096489197379036, -85.1182526498031], [41.097281946734476, -85.13214502755014], [41.10624194244242, -85.09552855438419], [41.12206945795012, -85.13277528459358], [41.117512739471834, -85.10401546616612], [41.114489161369264, -85.14042333612095], [41.11072362547046, -85.09498057823423], [41.09656622264382, -85.1513502164872], [41.095084560092026, -85.0998400778691], [41.13747778201049, -85.11344774761697], [41.09708282946533, -85.14830635003679], [41.11070925316792, -85.14980358647257], [41.1059735684542, -85.14647057574231], [41.137490290863845, -85.14813549155525], [41.121216851184215, -85.11026747828475], [41.09603504716406, -85.10405507997409], [41.13195964815228, -85.14127235902713], [41.12667654966498, -85.15091882527504], [41.10384246778792, -85.1204065495354], [41.11066668240079, -85.14245755542353], [41.10380676950202, -85.15276643432469], [41.11302069880902, -85.11880872482688], [41.126290446807914, -85.10884390906033], [41.10528334578873, -85.14392984668332], [41.114846063814696, -85.13902525781099], [41.11450785424061, -85.10191366691491], [41.13750562039035, -85.14461512495586], [41.10774338874201, -85.10660752920063], [41.10063876271821, -85.10567004057096], [41.10932760757148, -85.10209148113674], [41.100279068221056, -85.14996841724529], [41.134795420009254, -85.11206171845039], [41.096280364073515, -85.10791447418411], [41.106447655175245, -85.09691717578936], [41.103695981783694, -85.14253966720214], [41.104565637082246, -85.11349751149613], [41.10166573525381, -85.1043259825825], [41.120868411296264, -85.12271169587405], [41.1018531255334, -85.11944137574251], [41.095168309540774, -85.14724253355304], [41.12135120523903, -85.1118855403738], [41.1354215854153, -85.0976619598045], [41.12023079466283, -85.14127478784593], [41.121430499354226, -85.1164278835791]], "boundary": [[41.13754026340025, 41.13754026340025, 41.09247373659975, 41.09247373659975, 41.13754026340025], [-85.15339223165753, -85.09377376834246, -85.09377376834246, -85.15339223165753, -85.15339223165753]],