{"center_point": [34.064454, -118.3749309], "sample_points": [[34.084573752343196, 34.046855090796726, 34.07211599576856, 34.06142989261828, 34.04377567432448, 34.063170600630954, 34.084428884067684, 34.063685956084456, 34.078380564186745, 34.07964310079866, 34.072587917131784, 34.058376298245385, 34.084714108874564, 34.05874185877616, 34.067854782163806, 34.07913678410752, 34.081751420071356, 34.08107781425482, 34.084825357938925, 34.07568531165638, 34.08144750675372, 34.06852682057552, 34.07482258719134, 34.04203715066771, 34.073386155395575, 34.05218922280235, 34.04931058199455, 34.04765238896217, 34.05473932786773, 34.06465583010965, 34.05005034321567, 34.08680527297966, 34.07012823388008, 34.077936197284814, 34.04630271416594, 34.06096010187005, 34.05504519395116, 34.07769097100045, 34.06679934404173, 34.06757612593865, 34.05272138590278, 34.06612113897764, 34.04833175910962, 34.04603539849322, 34.06511730419747, 34.05524627511997, 34.06723181003312, 34.08388083689027, 34.04263156938952, 34.04559961763652, 34.07610675379757, 34.0475816159469, 34.06605009751948, 34.07168222285478, 34.0441021346307, 34.04245267284036, 34.070412917997785, 34.0507348464293, 34.0660576013814, 34.06121220887498, 34.08474822418076, 34.06724102642773, 34.04533766625193, 34.067317190518374, 34.06586836591647, 34.07315818966258, 34.05840749503284, 34.050813397705554, 34.063229604128004, 34.04356064558964, 34.04957665568228, 34.06676580578132, 34.061621709030966, 34.07418218572587, 34.059664060281726, 34.062147480179526, 34.047067795279524, 34.04941234417918, 34.076692083659296, 34.068023381862695, 34.07522551902251, 34.047462882537396, 34.07856556413686, 34.07409759477522, 34.06474870367981, 34.06015059418804, 34.075537297989136, 34.08058178857711, 34.05200011734287, 34.05240399939137, 34.075445147921414, 34.07116911300136, 34.077806872346734, 34.04826368225149, 34.04787421465755, 34.072608124528195, 34.0554708196188, 34.06946498974461, 34.05701543313777, 34.05922321810119, 34.0660042987899, 34.07902400631766, 34.0763108399835, 34.078843824313815, 34.059880669294415, 34.07989326659639, 34.06900746013675, 34.04635245044505, 34.0669123575392, 34.079468441067704, 34.05690167934107, 34.074980458748215, 34.0497665378249, 34.052085192423654, 34.042966705004815, 34.05690786084335, 34.05920574583252, 34.07797730900543, 34.065779733642245, 34.05209823143634, 34.077262188870584, 34.070882008119405, 34.051846243044174, 34.072450275513866, 34.078909208652036, 34.07334770984451, 34.078777135946645, 34.086377637307365, 34.066868658995006, 34.08660551337711, 34.08514993502553, 34.06631526736659, 34.071725926882095, 34.066979408981744, 34.077575958551876, 34.04953977609147, 34.066411068614514, 34.04814633465497, 34.07938900320169, 34.07995519609585, 34.063177792260795, 34.06123122133415, 34.05764652525535, 34.08383397154068, 34.04908024020741, 34.083970331836525, 34.06135750460446, 34.063493421239485, 34.058443720599726, 34.08566166255344, 34.06080799922673, 34.07697746218806, 34.052573242090546, 34.08289323788668, 34.055177458410284, 34.054017425091715, 34.07318714825064, 34.04480888362249, 34.056232726949354, 34.05299172360982, 34.07695238790324, 34.06561843151665, 34.05783027991273, 34.049105273104225, 34.07850656753865, 34.061852789157285], [-118.35943233869916, -118.36692592472212, -118.35273811465896, -118.37020797140666, -118.37546540663487, -118.37704060226011, -118.34966531902226, -118.35715773074499, -118.35900280761047, -118.37427492198185, -118.37557878988392, -118.35180512084412, -118.37369385650452, -118.37117308388244, -118.3800567129039, -118.38421293319008, -118.38399132093227, -118.38524766865804, -118.35946436711572, -118.36260843454676, -118.37716648712592, -118.39210082534082, -118.38583886648105, -118.36729502363117, -118.35441431545352, -118.38753295030452, -118.36940098021168, -118.40185590320644, -118.39445625458437, -118.3672655027168, -118.37366868163603, -118.39489705275983, -118.40063537659026, -118.3992818070352, -118.38037440876599, -118.37874237861219, -118.38454950127853, -118.39101163449007, -118.36906164789019, -118.37834191222592, -118.35116290561292, -118.39989418240805, -118.39291339225603, -118.37905438846059, -118.39935965670172, -118.39020582422644, -118.37285078398658, -118.39473666220707, -118.35593575561691, -118.3621185715463, -118.39424809967487, -118.38413133688802, -118.40103106083875, -118.36106147313004, -118.35437686137563, -118.38727357006829, -118.38656124032379, -118.36662802906459, -118.37866533099108, -118.3535586302456, -118.38211268765411, -118.39061846639797, -118.36396766088745, -118.36586295468419, -118.39841048604686, -118.3851012111443, -118.37640276036981, -118.3861154193173, -118.3632052276257, -118.37552190586014, -118.40132327721801, -118.37185362156526, -118.37715958266553, -118.39331800207866, -118.37859465482373, -118.35829813445675, -118.39463646578093, -118.395609409538, -118.38024490115207, -118.35160433831345, -118.3931046458454, -118.39290587535604, -118.35732099626377, -118.38135726926036, -118.39714019541981, -118.39867552391117, -118.35433885136023, -118.39702571017945, -118.37786090959453, -118.36967904222548, -118.35016460379467, -118.39726462587768, -118.39989345138889, -118.39275103817027, -118.35223487496697, -118.38811204002982, -118.36198616122215, -118.3642793080691, -118.37464665311552, -118.39778485501961, -118.39727005476897, -118.3495081423928, -118.36664263183532, -118.39654673201443, -118.35825338695774, -118.36805496607109, -118.39581048217373, -118.3793969464799, -118.35995724947233, -118.4002595291865, -118.38329997304692, -118.38745144559718, -118.38246705563598, -118.37040598322542, -118.37590318951871, -118.39569949089227, -118.37827639565944, -118.40129052214752, -118.38298951506128, -118.39722702557512, -118.37308361146118, -118.38807082369513, -118.38074335002217, -118.39000017946537, -118.39315342817349, -118.39468615282333, -118.4018237613469, -118.3512746673934, -118.36007582019052, -118.35440224600643, -118.38382374790392, -118.3562982382888, -118.39668305904732, -118.37068361279054, -118.38877626063403, -118.36636764600122, -118.39819171732971, -118.39458593608015, -118.35555943743628, -118.350431448811, -118.40119915325445, -118.35235534462781, -118.3931860341586, -118.39676072955486, -118.39866061414094, -118.3572902949629, -118.39057932695609, -118.37903834423224, -118.35399932678385, -118.37174959047853, -118.35882042731113, -118.37085155659368, -118.3720080180817, -118.36530471086688, -118.36455686301547, -118.36884620808809, -118.37844882471701, -118.39880800898457, -118.36789496315305, -118.37268902373522, -118.39633791961563, -118.36760880949437, -118.35666108034818, -118.38698373531963, -118.35459013170593, -118.38345675170633]], "boundary": [[34.086987263400246, 34.086987263400246, 34.04192073659975, 34.04192073659975, 34.086987263400246], [-118.40204074512539, -118.3478210548746, -118.3478210548746, -118.40204074512539, -118.40204074512539]]}