{
    "boundary": [
        [
            34.086987263400246, 
            34.086987263400246, 
            34.04192073659975, 
            34.04192073659975, 
            34.086987263400246
        ], 
        [
            -118.40204074512539, 
            -118.3478210548746, 
            -118.3478210548746, 
            -118.40204074512539, 
            -118.40204074512539
        ]
    ], 
    "center_point": [
        34.064454, 
        -118.3749309
    ], 
    "distances_to_center": [
        2501.7893270616023, 
        3030.6962489376565, 
        1478.582570935624, 
        2357.6759496934487, 
        2262.4997887301256, 
        1811.3824864452822, 
        2424.033203290336, 
        2577.2208990487798, 
        2277.483757726048, 
        2785.1669690272047, 
        214.52772300561122, 
        2028.3555303081773, 
        2304.5950480047186, 
        2450.0092069778293, 
        1877.921088300189, 
        1616.665548402585, 
        1297.8515648866705, 
        2614.53347145401, 
        1941.1692917520277, 
        2660.392466582562, 
        2514.4277036261847, 
        2539.0169500187444, 
        1388.9250225205737, 
        3035.525942070804, 
        2351.7898249543746, 
        2249.3417188599783, 
        784.2816158923258, 
        2043.5795499167439, 
        638.3609893980047, 
        2396.0121688166582, 
        1746.4956466725096, 
        2701.847997382706, 
        2418.4871565608046, 
        2761.6189392325455, 
        311.4154856845114, 
        1832.7876556713898, 
        2674.6127968256383, 
        1380.1068910739575, 
        1932.7765983126963, 
        372.1858020220092, 
        1534.8956900124786, 
        2625.8049514798727, 
        2451.906460834676, 
        1667.9676718280664, 
        1278.8646896309274, 
        2596.783620796225, 
        2560.2375843874415, 
        829.09177317903, 
        2684.949759780921, 
        1062.1448416044127, 
        2146.929215171588, 
        2569.660770392218, 
        392.7715787031957, 
        2234.5670973636, 
        1458.714509146661, 
        2020.7293843917644, 
        2284.955177544952, 
        3050.3274503847642, 
        1183.4355025123375, 
        2226.0926310487534, 
        2333.2710053183932, 
        388.2038027101445, 
        2439.848112269929, 
        2211.107933907271, 
        892.5407749604625, 
        2781.024803037976, 
        3096.5917520984194, 
        1096.657773019174, 
        1985.2422765701356, 
        2303.209809906402, 
        1143.3142244495089, 
        1446.065496249895, 
        740.6818259657351, 
        2084.700253970032, 
        906.383580625989, 
        2154.924227154558, 
        1398.9307676034089, 
        1785.7406346527068, 
        2095.3725025531776, 
        2157.413761535025, 
        967.4727817443995, 
        876.5427476517195, 
        2229.200945373093, 
        2318.3110027270395, 
        1550.3596243276781, 
        2736.236778261692, 
        2120.5005426297753, 
        1650.3110140340543, 
        1374.202387087008, 
        1598.6373414361549, 
        2320.311205281074, 
        1551.3628655894363, 
        680.0641383165663, 
        2402.418828813715, 
        2180.5924270711616, 
        2618.459385958804, 
        1815.6974703658389, 
        2568.6418489769712, 
        2738.79313611602, 
        2430.6631558784543, 
        1715.9963169196822, 
        2911.3851770107385, 
        2157.445741200113, 
        1527.016273583889, 
        1080.454700523557, 
        1302.7707696487628, 
        1843.0684909207073, 
        3009.8167191971, 
        2100.5079487193457, 
        1778.7165094554123, 
        997.787227780761, 
        2627.0221223847434, 
        2531.1597074008123, 
        3131.600570063166, 
        2183.9077026972527, 
        2556.678668510842, 
        2407.250223989653, 
        2315.7180616653427, 
        890.880810101218, 
        2634.6975408960457, 
        1011.6011171558423, 
        2758.436361754389, 
        3009.025593252049, 
        2563.788907101032, 
        2363.684450247535, 
        865.530942522431, 
        1705.7989083022567, 
        2305.7693793234293, 
        2859.745257722055, 
        1837.6673195237263, 
        987.9819588120878, 
        2294.4400044727195, 
        2600.2630131100955, 
        1602.3060654082892, 
        1363.0364797711945, 
        579.6359294337905, 
        2577.0964248859555, 
        3350.9224446024514, 
        2756.7498393035457, 
        1543.604327964836, 
        933.4239286782225, 
        1711.015699404551, 
        1423.633392851845, 
        1643.462970921868, 
        2254.923308570694, 
        2162.945363551541, 
        1178.5602574132924, 
        1932.0971787820874, 
        679.4175494205302, 
        2328.9125678715027, 
        2261.243034868397, 
        1274.7025490960868, 
        1567.336990294364, 
        1275.4827759110997, 
        2462.414769213688, 
        2828.631837653696, 
        2633.6651444955637, 
        2411.1767891774266, 
        2576.3541210371986, 
        1572.5762749798184, 
        2020.610430153293, 
        2435.5027421086443, 
        3224.7695522070735, 
        2183.5323301895014, 
        1597.027715475314, 
        2406.7277011057927
    ],