{"center_point": [35.993248, -78.9021923], "sample_points": [[35.978940944913205, -78.92993054785993], [35.99924722354976, -78.88456925499179], [35.975559089892066, -78.89042748667288], [36.01533613828671, -78.89121474582923], [35.982641579660225, -78.89924132769808], [36.001313179038945, -78.92030207978601], [35.97533227892807, -78.8935541266656], [35.99734247919422, -78.90759660360413], [35.97466201900735, -78.89251854488917], [35.987254313726034, -78.8920967799179], [36.00589120515118, -78.88327102467034], [36.01459040236779, -78.88469001844182], [35.97625184510414, -78.89224963489437], [35.979453009184645, -78.91526752463714], [35.99624769863383, -78.90899491368667], [35.980020251522895, -78.92056878905883], [35.990197971976926, -78.92828805109228], [35.991715764209395, -78.87660502158629], [35.978268663051736, -78.89325765425146], [36.00902375858362, -78.90453700357206], [35.998942708335356, -78.91022146659746], [36.0114700687436, -78.90386780771536], [35.98092418315926, -78.8843765666111], [35.97898942000038, -78.9182849448367], [35.97392826200763, -78.92025863697266], [35.98295393240245, -78.90854927062121], [35.98108187075861, -78.89278575756373], [36.00130217962556, -78.92361921487269], [35.9996645791315, -78.89922439456903], [35.99560857571806, -78.90125730355427], [36.0030358186531, -78.90594706348763], [35.984953759045794, -78.92862565957634], [35.99534055033089, -78.91722944003885], [36.01088395940441, -78.88247798592052], [35.98268685572462, -78.92190880745173], [35.97714256002566, -78.92955784647667], [35.98137592583342, -78.87532177326668], [36.002491527843915, -78.88121694697138], [35.97781631226555, -78.90376329391495], [35.984625977177195, -78.91953890196513], [35.98504775797745, -78.88758145040697], [36.01529323237937, -78.90977083715737], [36.014860151613284, -78.90382406252648], [35.98768946462418, -78.89174987091957], [35.984301562838226, -78.89008364415729], [36.003732592814764, -78.88720616746298], [35.996056158584395, -78.89140645288668], [36.00994350879568, -78.9223472833251], [36.0020064575828, -78.882772660684], [36.014442560034524, -78.88668309010617], [35.981582937852615, -78.91173843059744], [35.99527296915029, -78.90890533002568], [36.01546873871499, -78.89746092270519], [36.00647757363255, -78.87938361993619], [36.00875413145816, -78.87748384293342], [36.00203987983987, -78.92744488861011], [35.97863239235459, -78.8806139390139], [35.98462779965034, -78.92895782957999], [36.009160768903755, -78.89183012427752], [36.0048138638977, -78.89789666961015], [35.97395356881572, -78.90059403236401], [35.98936787376059, -78.90480141256072], [36.00145991351863, -78.90090677695028], [36.01472774356719, -78.90452696258997], [35.9723761134054, -78.90520028933248], [36.01402958284793, -78.8971394871324], [36.00909828531111, -78.89025342984752], [35.994349203386875, -78.87961246954877], [36.00571818377417, -78.91889501341625], [35.984195923616795, -78.90133396399669], [35.99773259657282, -78.90743743706679], [36.00210621417001, -78.89983027473171], [36.008694558719306, -78.87720795899092], [35.97229051078761, -78.9182617960696], [35.97212805943094, -78.90219763989992], [36.00069046313234, -78.8938595183703], [35.99304586152199, -78.90537975315233], [35.98425164083743, -78.91993911985726], [35.97827010965133, -78.89979479922809], [35.97640330515362, -78.91346660617346], [35.97512612115914, -78.89076724553429], [36.012631018522384, -78.91548543346647], [35.97747912524857, -78.87870709858474], [36.003094959100416, -78.92182962118288], [35.99803345789716, -78.91124170285552], [36.01347504861811, -78.89725411565296], [36.01094940634544, -78.922089810834], [36.011316212918075, -78.90473873135213], [36.013899929396615, -78.91270724561602], [36.009650248044885, -78.87449483438115], [36.014377794957575, -78.87544154223426], [35.99967816170901, -78.92562661613488], [35.99749167624984, -78.92216440010986], [36.00539737748107, -78.91667656422698], [35.98600033082943, -78.90035275225449], [36.00441983080401, -78.88539503904639], [35.983048624042844, -78.92445947342158], [35.98553033874982, -78.90467948660392], [36.00180856583408, -78.92481124519563], [35.9715466759299, -78.90669565781278], [35.974157613921065, -78.90478413117242], [36.00462014568834, -78.92666901846897], [35.97419638689206, -78.88453947353332], [35.992638692530974, -78.89025350323153], [36.01163548038975, -78.91189551873063], [36.006432934499784, -78.91690770145951], [36.013972466135606, -78.90321045041394], [35.97612373633851, -78.89753641244057], [35.97909927685726, -78.89879369336484], [35.991452068531395, -78.92574934474783], [36.014591997185306, -78.89554593157415], [35.98232117680643, -78.89111445796522], [35.9988308092752, -78.90783578122227], [35.97558773119838, -78.91118042636876], [35.97586870684495, -78.91876269465952], [35.97881699282828, -78.8763353134559], [36.0128795307141, -78.92252899427466], [35.98563446124642, -78.87766924395534], [35.98352093862798, -78.92837839163185], [35.97924851156766, -78.89783152744488], [35.97807704175858, -78.90623239236125], [36.00645698569754, -78.8814953179374], [35.99870944254047, -78.87798875146692], [36.00825579485943, -78.92238565981076], [35.995775910453006, -78.90049463335716], [35.99781041133071, -78.90064301861473], [36.01118029240935, -78.88138688983824], [35.98389164849682, -78.90395144526845], [35.976344691870324, -78.91889296130253], [35.98953932067563, -78.90040180631452], [35.9992995889082, -78.89782857533427], [36.01245763079346, -78.92508290682277], [35.97362363216401, -78.88693572087554], [35.97314068376698, -78.912066043031], [35.98516690528025, -78.90927279351855], [35.981189791499034, -78.88407254096721], [35.98039133832126, -78.91239802013109], [35.98688650950924, -78.92963799826535], [36.00901153575931, -78.87524023716045], [35.99625946315338, -78.91671291944995], [36.00762732079976, -78.922512197756], [35.9738880822662, -78.89252858960903], [35.98626142731241, -78.90001903315317], [36.00482645971933, -78.92914476075802], [35.98625926640268, -78.88007678634465], [35.990324879947785, -78.91059509450338], [36.00347675828781, -78.9274454583226], [35.98431606146115, -78.89026096924168], [35.98863762157174, -78.88257741164863], [35.97678647241625, -78.90315425536807], [36.005111546680695, -78.91144501389678], [35.99645510385165, -78.92058188899996], [36.01262704603853, -78.87846762926135], [35.986010889414, -78.91953760820782], [35.98270609744033, -78.92273417405927], [35.99137165081561, -78.89049469711337], [36.007589553261866, -78.88639571027008], [35.987865295889854, -78.87460749145421], [35.97238977784368, -78.9293627309275], [35.975751163081156, -78.92472638966898], [36.01193773087713, -78.8968389770039], [36.005949347608414, -78.90381254062116], [35.9846734476878, -78.91919744356275], [36.01282229499258, -78.90589063306626], [35.9993874765108, -78.91304624466582], [35.9751457258062, -78.92921279062213]], "boundary": [[36.01578126340025, 36.01578126340025, 35.97071473659975, 35.97071473659975, 36.01578126340025], [-78.92994955358611, -78.8744350464139, -78.8744350464139, -78.92994955358611, -78.92994955358611]],