{
    "boundary": [
        [
            36.01578126340025, 
            36.01578126340025, 
            35.97071473659975, 
            35.97071473659975, 
            36.01578126340025
        ], 
        [
            -78.92994955358611, 
            -78.8744350464139, 
            -78.8744350464139, 
            -78.92994955358611, 
            -78.92994955358611
        ]
    ], 
    "center_point": [
        35.993248, 
        -78.9021923
    ], 
    "distances_to_center": [
        2379.6412776768793, 
        2390.962745476965, 
        2641.6223861835724, 
        593.5012125909705, 
        2916.5339322988625, 
        2401.1428777723913, 
        1690.5321827941086, 
        798.5166223927074, 
        2078.1500250782856, 
        1688.5127955629032, 
        2239.5572859503022, 
        1992.8513541558848, 
        1371.9694138196553, 
        1256.1516402140273, 
        3001.7799987458047, 
        1351.4397690974195, 
        650.280753795006, 
        1014.058648187556, 
        2054.463331988581, 
        3049.152478939231, 
        2083.906105953564, 
        3121.9249930792, 
        2645.9238598711095, 
        1766.0698104617732, 
        2789.4998326870723, 
        1667.3131605873853, 
        2316.741116353866, 
        2780.9637402206477, 
        1566.6711857747432, 
        2514.4990876025854, 
        2093.532172272101, 
        2334.5002252977547, 
        1619.0641438303762, 
        1592.720626165682, 
        2626.6968935056184, 
        1710.4570721112927, 
        2227.832687968909, 
        1992.148013640456, 
        1346.9093082038717, 
        2356.1172315130616, 
        1024.7524524612334, 
        1099.0260178684043, 
        1752.0373600073885, 
        1422.8759310168034, 
        2360.8053307400323, 
        1900.0558867482334, 
        2413.14746309325, 
        2400.9848119996623, 
        1607.8378876432735, 
        650.4231264516934, 
        2195.700835809265, 
        2615.508602519158, 
        1447.7132221291547, 
        2271.926174737436, 
        1208.0651107906328, 
        1864.2873769087273, 
        771.8712303772892, 
        2586.0223410638932, 
        2162.641195983428, 
        2734.9005351398, 
        1755.9546491512356, 
        2065.85406006974, 
        1704.7569488276363, 
        2957.3475052112685, 
        1605.5023249235971, 
        2635.855988698732, 
        514.3326280517018, 
        1875.1292673797473, 
        1784.3748693507728, 
        2305.2649340218563, 
        1871.4131548489222, 
        1308.5969357242082, 
        1531.2315542172423, 
        527.5710601115836, 
        2435.6608153709117, 
        1105.3960084677967, 
        1243.8674650360506, 
        2655.4855718268045, 
        2282.666892429309, 
        1422.413469105288, 
        1414.935054068737, 
        2003.011215573915, 
        1256.4491922147968, 
        2199.9807369111672, 
        1874.9883230006892, 
        1938.3159363754316, 
        889.9418942611231, 
        2535.570990117663, 
        2084.3455102507182, 
        657.3784018783833, 
        2984.6038473133503, 
        961.0009418695838, 
        2091.385407461217, 
        1980.4218774223684, 
        2345.1748818623146, 
        1938.6632988907922, 
        668.4700096051749, 
        376.04993371789703, 
        885.2048687456734, 
        2886.6053696713934, 
        1040.9487789685923, 
        2536.632990529731, 
        2412.915119748729, 
        2122.0786969146698, 
        1890.0377475147488, 
        978.0108490124286, 
        2273.5087680682113, 
        1416.8555212127383, 
        2433.7893253558614, 
        865.945342775845, 
        1177.7843041815997, 
        2570.5428583075773, 
        1416.1837823626965, 
        2544.7177937534375, 
        2057.4549910132514, 
        2052.5364121807165, 
        2755.8737910289965, 
        2844.5747332321575, 
        2077.9115476339357, 
        697.6099503220361, 
        765.796542888307, 
        2714.3297510990806, 
        1213.853726808581, 
        1652.4147989350604, 
        2414.3227876122332, 
        2480.4193641646425, 
        2890.0816674274247, 
        787.2852011332313, 
        2226.0184169846902, 
        2108.677660992462, 
        1934.2949426900834, 
        1078.7808376231749, 
        2627.620923157425, 
        1895.6530811585958, 
        2263.7915209662087, 
        2140.626909621681, 
        2065.3537058480088, 
        1600.5837820582617, 
        3267.8442142718163, 
        2445.9428459141745, 
        1185.877283936663, 
        964.0898345661697, 
        2165.2721189454714, 
        2542.9127980013086, 
        972.7042382211354, 
        2776.3619321794877, 
        2133.187837043202, 
        1813.9272952990934, 
        876.89956304101, 
        1594.9419789928768, 
        1799.690568822276, 
        2564.8953384856527, 
        1938.653939817201, 
        2313.4262357677962, 
        1258.9020771613657, 
        2392.478460354823, 
        884.5103901526298, 
        1805.1118675629987, 
        1318.556858230336, 
        1761.2506303334678, 
        1579.6718510099265, 
        2061.319245803552, 
        2450.1300477744558, 
        2582.620292088476, 
        1964.7982583953535, 
        1720.3188464645598
    ],