{"center_point": [38.3681443, -75.0742313], "sample_points": [[38.35711333953213, 38.35343327543057, 38.38813091734178, 38.37177329834802, 38.372522436370225, 38.370716177756194, 38.35673240156891, 38.387511848013524, 38.35791121009437, 38.387110386608384, 38.38274933593336, 38.38529816508124, 38.38262799038885, 38.3640972399144, 38.352736792025496, 38.347066640788626, 38.35146338692037, 38.36552626521951, 38.34784975005735, 38.34771872882657, 38.36758947156682, 38.35667121441329, 38.3764850565432, 38.369742267935635, 38.348330288918014, 38.38385142599794, 38.34934389289001, 38.377083868480334, 38.373214882390364, 38.39031753062468, 38.356716782113985, 38.367637008143994, 38.383871270790614, 38.34914761852623, 38.37360810990464, 38.37188230513797, 38.38523446943463, 38.38878495857746, 38.37842462156739, 38.39037383136326, 38.38447050592461, 38.38452478905461, 38.36168218862322, 38.38890514287607, 38.34724138716896, 38.3778007182074, 38.38029137173669, 38.35365949857173, 38.35833377932865, 38.34660717388203, 38.37970334380937, 38.34790474376001, 38.38608956025894, 38.365644073612195, 38.350822677713495, 38.37159816101252, 38.357725154955205, 38.37366399175413, 38.36843604923342, 38.38060185141259, 38.3631673370859, 38.38593421324319, 38.37232667710983, 38.37534288766601, 38.354367722724824, 38.34861042665946, 38.374720753800425, 38.35731588325859, 38.377075559101385, 38.37566849084071, 38.37939637789028, 38.35178604932077, 38.36090783412399, 38.36360679728439, 38.35759035093833, 38.36855646728539, 38.36166047059417, 38.37451174059074, 38.378681097470846, 38.378799284326725, 38.3548352587747, 38.36800211976803, 38.36219305253217, 38.3884638190738, 38.3902525945192, 38.37269285426969, 38.34613243163849, 38.38253557097897, 38.37577827099787, 38.36390549072411, 38.345741000456805, 38.37093183639001, 38.38314589066871, 38.36181734821492, 38.376078873009035, 38.384520320679165, 38.38474560541847, 38.365982830285034, 38.38382874316961, 38.383491689448164, 38.37012275537757, 38.34752068349119, 38.37388266595688, 38.35675788450488, 38.364758058281566, 38.35366013576173, 38.35772845872954, 38.345841904359155, 38.37634180885643, 38.3489643873352, 38.372779451644845, 38.34709811099588, 38.35909118412612, 38.36045655196658, 38.37187648040519, 38.35226106720649, 38.35218776854976, 38.38725993517858, 38.35903860971429, 38.34679372978349, 38.35406803054472, 38.37161179076322, 38.38680011150211, 38.36678564480726, 38.381138593729794, 38.35616141311131, 38.34642972350747, 38.38558471467554, 38.38957137117365, 38.35390229460997, 38.37210026345749, 38.37147774736082, 38.346513439100214, 38.368749682118356, 38.37780336923332, 38.3606827743969, 38.3758485248817, 38.37618546595567, 38.36597668241593, 38.38839031877691, 38.38172996232556, 38.34614033015667, 38.360427274846565, 38.37166696422443, 38.353382009338354, 38.37836831613524, 38.387214485368936, 38.35589980414549, 38.365078542764635, 38.36514667599567, 38.345989154770145, 38.38841342724115, 38.37634347818786, 38.39052623151518, 38.3660486626245, 38.36899984891449, 38.369493057191384, 38.379377073498, 38.34923597791324, 38.35187325655965, 38.36970620511239, 38.38741003411669, 38.36350799243565, 38.35170058056555, 38.34896387056957, 38.37524850980557], [-75.04830825296382, -75.08849601698144, -75.07456826840831, -75.0499096151336, -75.07449426190858, -75.07251750586933, -75.10180273000465, -75.08208923484247, -75.06950572367042, -75.08156049781458, -75.08434773316579, -75.07070919842434, -75.07405728694471, -75.05865591000025, -75.07767764587481, -75.0567735741694, -75.08607128530397, -75.09131337286183, -75.07131816794137, -75.08253044995874, -75.07021529949803, -75.08291137004093, -75.0883705988983, -75.06094562126958, -75.04921319850834, -75.05133079075675, -75.08207215005416, -75.09511130224121, -75.08156209743558, -75.0588722811244, -75.07629698644627, -75.09764107309412, -75.08449434105096, -75.09363783476827, -75.07967539022039, -75.07299552413454, -75.073473670538, -75.04575541940798, -75.06711394998808, -75.08657698758027, -75.08559554508827, -75.05936537193227, -75.08486145980005, -75.0504474680876, -75.06677938899075, -75.0615365772184, -75.07179309140363, -75.07330803986956, -75.05432475371578, -75.04921864755248, -75.07568296608906, -75.07420949748362, -75.09904431850966, -75.09632550962105, -75.04863926882751, -75.09005037698681, -75.08898265980893, -75.0688777404261, -75.0858234498968, -75.08107902042347, -75.0672148767256, -75.05662809322578, -75.06219704754993, -75.09589091741371, -75.07560352341976, -75.07052216224457, -75.06029322692532, -75.06161536851599, -75.07226307276012, -75.08255051750014, -75.06080506910212, -75.06501594369041, -75.08579911912636, -75.0741259334146, -75.05506836009542, -75.06889153246225, -75.06914341261746, -75.07725910195161, -75.0872175848731, -75.09048387965193, -75.0866427371931, -75.07164978078242, -75.10177148850475, -75.06858461291182, -75.0457409510694, -75.07565805887941, -75.07415115921309, -75.06220248567206, -75.05203297435715, -75.05972794460696, -75.0575174181768, -75.04941803707204, -75.07219437891936, -75.07067503628946, -75.08981277806043, -75.05853122947838, -75.07574648105611, -75.06213366500995, -75.0505063095436, -75.08188527363333, -75.097982795601, -75.05313591886163, -75.07769020402431, -75.09472335315476, -75.06769460903273, -75.08307640912622, -75.07376969398663, -75.05244890778818, -75.07022339752507, -75.0863373543982, -75.08249659086559, -75.10016952172413, -75.0540454923462, -75.05200447997025, -75.06550535770444, -75.08676127734782, -75.07743618559702, -75.07923648243346, -75.06989080106018, -75.08766434126986, -75.07932087558468, -75.0539234460296, -75.076095935739, -75.05040445689451, -75.07832369854016, -75.06175914320877, -75.05219875822102, -75.07883217570722, -75.06143437302826, -75.06184247624108, -75.05109855385582, -75.0496673541392, -75.09888141268706, -75.06190904470196, -75.04726642774287, -75.0476543567949, -75.06608222326369, -75.09912361869692, -75.05066695791996, -75.10009067200615, -75.06175725943822, -75.0634951634378, -75.08386094176748, -75.06153017270292, -75.04912825056381, -75.07635735274258, -75.04724624284833, -75.06751486382832, -75.07334684470553, -75.05729979633776, -75.07926952821757, -75.0816905105963, -75.06057406494826, -75.07468523637064, -75.06290159786566, -75.09440259617851, -75.08091831306197, -75.0500304119732, -75.10277627476964, -75.07623925238707, -75.04578741441443, -75.08061884457027, -75.07061108092785, -75.06106859026609, -75.04870077266416, -75.06234321721408]], "boundary": [[38.390677563400246, 38.390677563400246, 38.34561103659975, 38.34561103659975, 38.390677563400246], [-75.10287531053078, -75.04558728946921, -75.04558728946921, -75.10287531053078, -75.10287531053078]]}