{"center_point": [33.890161, -84.4696816], "sample_points": [[33.90204316104542, -84.48717340062966], [33.91019343395669, -84.47621682057573], [33.90563577791485, -84.4670946310593], [33.90904328080926, -84.47881767039858], [33.911765344408, -84.46396157114432], [33.871808515566876, -84.47745095302125], [33.880378110803385, -84.44518033426553], [33.89468287678094, -84.45258535923125], [33.87590476038889, -84.45306880256847], [33.88470094223361, -84.48101568824015], [33.903051169125405, -84.46740920889125], [33.893756676792705, -84.48722893587623], [33.89880845890568, -84.47136081679344], [33.87503413362002, -84.47366652372855], [33.871280678568944, -84.45758032072065], [33.877288348756316, -84.48024523937684], [33.90249077390823, -84.48390706525971], [33.896311967564756, -84.46800543276652], [33.909584440594806, -84.48310160055193], [33.90041482514798, -84.48804322998694], [33.89150208760399, -84.45183197067674], [33.88042163457266, -84.46869059607162], [33.868219235865105, -84.44932487144638], [33.90376193342191, -84.49335527135064], [33.86804236541954, -84.49458440866559], [33.87559088351813, -84.49573312181143], [33.87297911708143, -84.44663260371308], [33.90322970407196, -84.4523140916625], [33.87285073767557, -84.47945519545627], [33.88653558809289, -84.47745193119756], [33.885865077370305, -84.47037951356863], [33.90244026048384, -84.48613714040697], [33.89993454180878, -84.45167515747022], [33.88815839215741, -84.48521722468955], [33.89746107150189, -84.47482190723368], [33.903464896452995, -84.47819364833934], [33.9062072223698, -84.46295893666012], [33.89167115951288, -84.44852808127354], [33.882987041932495, -84.47175791758787], [33.88714195181907, -84.46462042078164], [33.910392877799985, -84.48735986313652], [33.886294451794804, -84.48963701406907], [33.90443842048763, -84.47595977225966], [33.872700867844685, -84.46600283104979], [33.89982548626154, -84.46400958808202], [33.89759560421676, -84.48747505764162], [33.87141214369276, -84.44991216090796], [33.88091947416954, -84.4435528789453], [33.87684701118695, -84.46902988176329], [33.883065232434426, -84.44558810294171], [33.89444314975123, -84.48140951779209], [33.880849430796104, -84.45849973993928], [33.88133420505948, -84.49012151753897], [33.882180479507674, -84.4831766529108], [33.88870934287657, -84.47550428113787], [33.88631802550908, -84.48654001607416], [33.8728442364728, -84.45812063286819], [33.896520099777355, -84.4493040026546], [33.891128389074154, -84.46825752431448], [33.87914927605797, -84.44364297022662], [33.88734790205419, -84.46403584964204], [33.867994518282416, -84.4862834776059], [33.8709535072847, -84.46466892345899], [33.89382744653026, -84.48813970626475], [33.898638614536274, -84.48448551251218], [33.87286653558577, -84.48208880640317], [33.87051361059276, -84.47331779806456], [33.87224113875884, -84.44761043053218], [33.8732598440382, -84.46926774005016], [33.90367273398231, -84.44576566308383], [33.87768327450066, -84.44570333829337], [33.87978351072619, -84.49009422830105], [33.89605525645883, -84.45681315409962], [33.879397539229245, -84.48443408591866], [33.906785915844026, -84.4561675485418], [33.90821335350013, -84.47006478933153], [33.87608483752821, -84.45449568430976], [33.868553707745164, -84.47291757665026], [33.86882220800856, -84.49109989345449], [33.903477823224726, -84.47549688879556], [33.87305669090915, -84.45633245902427], [33.88654148936627, -84.49069772489473], [33.89144844892771, -84.4553900124471], [33.890623208160825, -84.45696375073597], [33.8856149675028, -84.48877652359609], [33.895627640629506, -84.48145805703932], [33.895071234791075, -84.47338130574109], [33.88248005992357, -84.44633346787346], [33.89913121819133, -84.48093293775135], [33.875073226019715, -84.46179234695049], [33.88874890021609, -84.46077643041049], [33.8825944883359, -84.4739140929905], [33.881194130546234, -84.45224375894405], [33.872577009826315, -84.4862580458997], [33.881994614414516, -84.45749773942988], [33.90431458113434, -84.45006524955237], [33.910494192928574, -84.4559447574645], [33.88143515840419, -84.46602021633456], [33.87791409752203, -84.48141774311388], [33.885679018446126, -84.4679914864338], [33.911334801673725, -84.47156161319454], [33.893621164224825, -84.45506202685122], [33.8857266642661, -84.45086848108917], [33.88876610666858, -84.48373213047464], [33.89766804241661, -84.47801641110102], [33.86931297211627, -84.4708222504107], [33.87163237890179, -84.45794612773959], [33.88620490215506, -84.47004394341444], [33.90619777919819, -84.45379011797867], [33.89220649977442, -84.47746257890077], [33.8847817838994, -84.44993973065174], [33.90464085888724, -84.47086788610895], [33.89955984501058, -84.48710272421437], [33.8950841405047, -84.46613287865785], [33.86920687474286, -84.4610363155148], [33.877952002082736, -84.46215337730585], [33.87162514475064, -84.479945091575], [33.88702405576726, -84.4559281856747], [33.88634278439475, -84.45815151918065], [33.87272321590218, -84.45988258449052], [33.90500343312998, -84.48762766665828], [33.890382782330036, -84.49446228290327], [33.89355144261571, -84.47232134336996], [33.88816150064711, -84.45352737652863], [33.90314982440824, -84.44336551242479], [33.88092193031491, -84.4522160106621], [33.8690504372536, -84.44565097819701], [33.889227038312015, -84.45615638524195], [33.86973801057887, -84.47597830086967], [33.895581953967415, -84.4929927003436], [33.891808747795956, -84.46194830769298], [33.907763913295604, -84.47114298083159], [33.87685888055647, -84.45379286023082], [33.873649822674786, -84.48131086748793], [33.90375718873591, -84.45114792200215], [33.87715057875504, -84.48531956492144], [33.87783209608521, -84.45915829048931], [33.89885846292238, -84.48458831487966], [33.891637241715664, -84.46753547007218], [33.891412921714995, -84.48035897693245], [33.895039362904626, -84.47105228199806], [33.885996712689895, -84.4890906136902], [33.872591593182555, -84.4566256456666], [33.880647556446064, -84.48888851759567], [33.883397366076814, -84.49606056224819], [33.87977096112532, -84.45847240699622], [33.89491307236313, -84.45973596885788], [33.88313371647061, -84.48359253293617], [33.87668748535732, -84.49280549332813], [33.88270625015141, -84.48876617763574], [33.891818178119685, -84.48273301424652], [33.89863832973279, -84.44512946050415], [33.87962154167614, -84.4830463415784], [33.87278330210509, -84.47821013614737], [33.896486695435605, -84.48187806234415], [33.893499725895, -84.4604040705505], [33.8944072892137, -84.4892635143507], [33.88895668493507, -84.480986427882], [33.89647384237397, -84.46754577891106], [33.86855330305801, -84.4861346841425], [33.878477585955515, -84.48677398109504], [33.890108290079446, -84.48354975655343], [33.86971667197897, -84.49221078848463], [33.88937552951234, -84.46561888290472], [33.868361252949775, -84.45333147838666], [33.905515577647385, -84.46697266471533]], "boundary": [[33.91269426340025, 33.91269426340025, 33.86762773659975, 33.86762773659975, 33.91269426340025], [-84.49673592427764, -84.44262727572237, -84.44262727572237, -84.49673592427764, -84.49673592427764]],