{"center_point": [42.464808, -70.951214], "sample_points": [[42.466264605619166, -70.95411317066517], [42.48162956156174, -70.93965938445918], [42.48167999698755, -70.92870880085998], [42.466777969750154, -70.92332376612285], [42.45017767063923, -70.96240511999835], [42.45406636559042, -70.93253768772533], [42.4497627707678, -70.97784490560436], [42.46711137313019, -70.94422395552031], [42.454408983667896, -70.95833172753653], [42.44548635785577, -70.9663597023099], [42.47298874063959, -70.96295399301954], [42.44976646849137, -70.9594146373408], [42.452403206980215, -70.94206289367514], [42.44761599587618, -70.93214911888185], [42.47435721125377, -70.92519303019732], [42.4767236295517, -70.9360761852628], [42.44506050828786, -70.9786421255268], [42.45581694234378, -70.97541894560955], [42.446357651908926, -70.94602451208569], [42.482065168301546, -70.9728106621382], [42.450155196821086, -70.9360946539096], [42.47598498520745, -70.94069942866071], [42.451272408742525, -70.9282370229512], [42.45714050193709, -70.94142051321612], [42.46490970690207, -70.92403701820227], [42.44384000490097, -70.96134076364177], [42.4598873498436, -70.94129914504661], [42.46155240144844, -70.97047490383501], [42.46797970438676, -70.96727182013994], [42.44628638249603, -70.95740473397223], [42.46913755152237, -70.96354756227596], [42.457632328766444, -70.96143351601968], [42.443473086054844, -70.97051555875893], [42.467030597876594, -70.95080260043804], [42.45777583521359, -70.95786156188494], [42.445443715011386, -70.94258183239268], [42.452856206897636, -70.9808861086375], [42.451131030469625, -70.97878048371533], [42.45930578160867, -70.93582904796833], [42.47719206867643, -70.96122373164577], [42.48322987672373, -70.92893183632687], [42.463448926382, -70.94845016625516], [42.44636020879953, -70.96457944036342], [42.48483431494046, -70.94021854044321], [42.482048029733264, -70.95459617837568], [42.468796451585035, -70.96105682560518], [42.4842951257615, -70.97417845506062], [42.47813095864153, -70.95270833764772], [42.48518175061053, -70.93166824299615], [42.46672906105393, -70.93054793695318], [42.44510576256663, -70.9532190138421], [42.458137244320085, -70.94969318165812], [42.45708190002457, -70.97634632851441], [42.452651021683366, -70.94404717938305], [42.45084359564331, -70.9518986198494], [42.46031695540668, -70.96040488144561], [42.46017507172327, -70.95320856354559], [42.47010876032483, -70.9222492383816], [42.46361401302396, -70.97318079983984], [42.47913785390462, -70.92743492566677], [42.47851933204753, -70.95693643513951], [42.4533995976126, -70.95023530177728], [42.459819199686606, -70.96788834532651], [42.454050317437385, -70.96517237913491], [42.48507588149745, -70.97756163523457], [42.48029996410597, -70.92984811042457], [42.45777460468759, -70.92710218687574], [42.44229558232098, -70.92282128430428], [42.47297689262263, -70.96026255242646], [42.44830448649386, -70.95305770084133], [42.461770826343844, -70.97005078832395], [42.447803949559, -70.96422796820254], [42.46211297753677, -70.92455232422267], [42.48232207954449, -70.94115019906764], [42.477369582401494, -70.96982885531818], [42.46592362340077, -70.92717006316062], [42.45090504250373, -70.93034717679137], [42.45900510367352, -70.95623645149787], [42.4772430725622, -70.96116754447853], [42.442571660535236, -70.94825642082793], [42.46556552035907, -70.935008471818], [42.446995252033595, -70.9315269838644], [42.450814899394466, -70.93998204555211], [42.45549415042657, -70.97346880540778], [42.46826716001474, -70.9635008608575], [42.454565884363305, -70.96708945826188], [42.478045920001335, -70.97188817315518], [42.44690554018505, -70.96343989660966], [42.46833282824284, -70.94150125812179], [42.480217924667684, -70.9678575413308], [42.45070842121379, -70.9760669324587], [42.45556132052153, -70.94142611393457], [42.45343818896785, -70.92397401615192], [42.48221504217297, -70.96226256557382], [42.45430110954006, -70.97807535930467], [42.44673062312405, -70.96294761343292], [42.47626276995782, -70.93327145050415], [42.45505019156259, -70.96406262816791], [42.48659723175194, -70.95936248804674], [42.47412639631048, -70.93135086541336], [42.44769140346002, -70.97189772648686], [42.44504274372025, -70.94931287977126], [42.461648428333426, -70.94614442454656], [42.459940907524214, -70.98121648127774], [42.44578037521323, -70.95747009903806], [42.46353279741969, -70.93618237888013], [42.48174608913146, -70.95092573656326], [42.46920189273565, -70.96851968156163], [42.48429340224567, -70.96419392655682], [42.484124772369235, -70.9562616098017], [42.44720531365266, -70.95833775999074], [42.46796548332461, -70.94069029704724], [42.47667449255954, -70.9620154794488], [42.46724383218569, -70.93795258770538], [42.469379679519875, -70.95011434009398], [42.46336863023718, -70.92816056170213], [42.446575361895086, -70.92615548738675], [42.47133207230717, -70.9231620420121], [42.44589917721739, -70.95749581829156], [42.457557976637304, -70.92098923407568], [42.44819186028045, -70.93185252142258], [42.470704062554844, -70.92351940395076], [42.45774943171133, -70.96944385132224], [42.46478557483421, -70.97639251981097], [42.45036466549693, -70.95038791464307], [42.471033926539285, -70.95666973164924], [42.48221153677265, -70.94854880648366], [42.45977142860094, -70.92718318014286], [42.482753444582485, -70.93419309304193], [42.48705476930309, -70.94247411201403], [42.45213740167619, -70.98060796180486], [42.46543065878623, -70.95193646320256], [42.44463066735196, -70.92123317049993], [42.46610061752007, -70.9401340582617], [42.48382987752288, -70.94797861871717], [42.472825572404965, -70.92312785400834], [42.46165679437088, -70.94220166964848], [42.4456736774916, -70.94065378962668], [42.46571283735035, -70.96357852421379], [42.45539314818962, -70.97372508975934], [42.4691291567755, -70.94126109416959], [42.4620234090567, -70.94919703149168], [42.46247631334878, -70.96797855888396], [42.47299384010101, -70.96736388351215], [42.46754913751591, -70.94519574867893], [42.468566565095884, -70.93536529640672], [42.4491237479852, -70.95604817205819], [42.47514787254165, -70.92649615643943], [42.45950334419338, -70.96572711480513], [42.4752185949128, -70.94645183507484], [42.473586944582905, -70.93366100673599], [42.45752127318558, -70.957627891555], [42.48370945462641, -70.9643376151482], [42.45595561354596, -70.92839588635304], [42.474872742013986, -70.95736252158201], [42.47512624731456, -70.94380582777788], [42.44806705054741, -70.95727843583978], [42.477460998754964, -70.97438115075778], [42.46411696873704, -70.96949223705853], [42.44767489405708, -70.95275970468917], [42.46037547546666, -70.92682253002975], [42.44691590353582, -70.96221084237743], [42.47735303462755, -70.95220896513446], [42.46334926571035, -70.97784327699459], [42.46062789596406, -70.9470923412041], [42.44559131209516, -70.9285946789692]], "boundary": [[42.487341263400246, 42.487341263400246, 42.44227473659975, 42.44227473659975, 42.487341263400246], [-70.9816576101081, -70.92077038989187, -70.92077038989187, -70.9816576101081, -70.9816576101081]],