{"center_point": [33.614643, -85.834004], "sample_points": [[33.630060777145765, 33.59823317951429, 33.609620278806695, 33.61216897243919, 33.595699864811266, 33.60883681413317, 33.59593815601044, 33.61507056982336, 33.625103424029824, 33.6170198125998, 33.60023228662387, 33.60386156220531, 33.599163858497775, 33.624543405969696, 33.61564506052123, 33.61584829104505, 33.63497985389514, 33.59735377236669, 33.616681606702244, 33.60570050459977, 33.603602035767935, 33.6159805843684, 33.604695146768435, 33.60382818361183, 33.601427838343824, 33.630894446680834, 33.63449487609844, 33.60363741806498, 33.60662123670037, 33.621896322400836, 33.63311783537648, 33.609579848422555, 33.59697746467909, 33.61963857912327, 33.614103855451596, 33.6231921731603, 33.60716592128249, 33.62111422710917, 33.59308165171229, 33.62609934491234, 33.62807016116874, 33.619965620377364, 33.60005204707605, 33.607195875837675, 33.62622200699047, 33.61197941058512, 33.61259367659122, 33.59819835872409, 33.61604367230595, 33.59929704989327, 33.63345548433252, 33.632645894762874, 33.596222061125594, 33.61587203157427, 33.5981043826001, 33.619846106765124, 33.59224360229648, 33.6126651798222, 33.601199183565384, 33.62882956591453, 33.62013050987843, 33.61928307778714, 33.60040850338402, 33.62391612693715, 33.594083157532275, 33.60473983331847, 33.59691338227865, 33.60517499685551, 33.62344692336841, 33.61445299947304, 33.61345918714539, 33.594136212175165, 33.611274867298704, 33.626702198065566, 33.61718064929819, 33.59549462348175, 33.604584245093726, 33.593043258599884, 33.62063820464559, 33.612420085391555, 33.629336070979384, 33.59348289125225, 33.628534714070675, 33.606782569533294, 33.59291194678145, 33.60558940301731, 33.598757527940954, 33.62039193745487, 33.62655902453289, 33.62361731304456, 33.59781792715573, 33.60816460839038, 33.60390580368991, 33.59731069535397, 33.63668139712263, 33.630291915615594, 33.63504510215069, 33.62950171681646, 33.61517110357658, 33.60317870749195, 33.633238971667645, 33.6011909909557, 33.63709318714614, 33.60525642299172, 33.59884432121025, 33.62408868580588, 33.60585792620621, 33.599979098941624, 33.60606657023049, 33.6001782998909, 33.618289437087235, 33.60689559477143, 33.617275616760075, 33.607203420640744, 33.618598200912295, 33.60339276418843, 33.605006093482885, 33.592153111096685, 33.61426359367137, 33.59812276757814, 33.6245346426526, 33.603504046849686, 33.631821692656985, 33.62453801776525, 33.63020520527231, 33.61866055781633, 33.63182986487657, 33.61091510015004, 33.59564684441733, 33.636442810027084, 33.61526389492929, 33.606965651946844, 33.62493658519293, 33.63175481248, 33.63158355523342, 33.61947813065884, 33.59422783435907, 33.61685592048177, 33.61329412577567, 33.61437231110557, 33.63342153380054, 33.59602120017934, 33.59336772263149, 33.60126600866508, 33.62456941962675, 33.599147240388206, 33.62490647472076, 33.603895414796604, 33.634379349988144, 33.59361808704859, 33.613723969421976, 33.60537810534927, 33.6040511635037, 33.611406119630146, 33.59648548480115, 33.62858869370193, 33.632008821651134, 33.62818786226331, 33.600309240078836, 33.61351411813278, 33.6257719309928, 33.6354160930336, 33.630073031071575, 33.61352237176077, 33.61694642322778, 33.596090820627964], [-85.80997808565392, -85.84259733123899, -85.8442782573543, -85.85750292733994, -85.85050861806502, -85.81248141780776, -85.85338617017352, -85.8604829312133, -85.83284818061964, -85.82163046449239, -85.85437735892224, -85.83140859007145, -85.83746422601455, -85.81408045915212, -85.83875099318583, -85.85409900796667, -85.80986318864313, -85.84674720108751, -85.84025845990703, -85.81973144358555, -85.86001775189231, -85.81525438085781, -85.83584469497909, -85.83360981797148, -85.84852210071709, -85.82705816112357, -85.85521905952908, -85.83270811654609, -85.81015936764727, -85.81461373636024, -85.81515986799387, -85.85334401129676, -85.85284734117702, -85.82741581495219, -85.8286032820519, -85.80805515364585, -85.8542384258075, -85.85613692495392, -85.81756096011192, -85.81653456531592, -85.85252496167799, -85.84063668718225, -85.84094082346414, -85.839054612961, -85.85078385197318, -85.85960049554816, -85.83039936574048, -85.81042274806926, -85.84172890929837, -85.84325592368917, -85.81123805495716, -85.82897843916487, -85.82750247023637, -85.85233985610105, -85.85264280489832, -85.85349429868496, -85.81095843738355, -85.8249217886424, -85.86006430373538, -85.8284953754832, -85.84592634894645, -85.8408865984183, -85.82939045824554, -85.84368654143563, -85.82065684993594, -85.82654137225508, -85.81715192553489, -85.83795271205157, -85.84962361693378, -85.84490799139523, -85.83721829622715, -85.84261347589245, -85.82266056473215, -85.82577814051393, -85.84774174209882, -85.85980980373574, -85.81308737554443, -85.848885323194, -85.83557231856891, -85.81437174394361, -85.84551687630203, -85.81587736338187, -85.83587656200676, -85.82984305511414, -85.85753652688909, -85.82348335600001, -85.85037597147274, -85.85317354303818, -85.85785783632998, -85.82136145462206, -85.82368349928356, -85.86062676240647, -85.8071944042893, -85.81920352751817, -85.82320910943902, -85.82922667311158, -85.80792431638223, -85.83650640361486, -85.85968635534186, -85.86075564537633, -85.80724720128477, -85.8498611498958, -85.8561210061226, -85.83240957583165, -85.85865336415232, -85.81282447563385, -85.82051933180155, -85.83024209245968, -85.82287093072603, -85.85711413919869, -85.85871463059424, -85.84376651779519, -85.82808455626315, -85.81053833935104, -85.80868297482357, -85.8591962467957, -85.82101058583176, -85.84896453699716, -85.85785647933054, -85.85438651916382, -85.81954622736197, -85.83944584375625, -85.85461369485692, -85.84131929522604, -85.85121452201635, -85.81527525869295, -85.8377713023211, -85.8571484430341, -85.83590791425392, -85.81342875278169, -85.84956823274622, -85.82129081871757, -85.81120802363415, -85.81250029774884, -85.8493528481279, -85.81848879793122, -85.85788395108108, -85.86060246287494, -85.83277764280948, -85.84053458511045, -85.82266199415578, -85.81772571255554, -85.83138094428296, -85.84505488764214, -85.84021610563076, -85.8350090010783, -85.85283467526226, -85.83446478011005, -85.84598938704487, -85.85062922601809, -85.85601102438514, -85.8115395178895, -85.83052889410057, -85.82321865386578, -85.85680685203965, -85.84880765242868, -85.82329190532627, -85.84810594036239, -85.8123666406034, -85.82878252035745, -85.83181651331091, -85.82325206261815, -85.8497940621496, -85.83842278024493, -85.85910478184806, -85.81110779348082]], "boundary": [[33.63717626340025, 33.63717626340025, 33.59210973659975, 33.59210973659975, 33.63717626340025], [-85.86097152828798, -85.80703647171202, -85.80703647171202, -85.86097152828798, -85.86097152828798]]}