{"center_point": [33.614643, -85.834004], "sample_points": [[33.61190032620864, -85.85588846818838], [33.625065159538856, -85.82738366285646], [33.620092938196144, -85.85513338243298], [33.62501797350093, -85.82606487355575], [33.601095464526324, -85.82760832847939], [33.620511495967605, -85.81128351591737], [33.602627690512556, -85.84146133626425], [33.62856798350639, -85.84037819964851], [33.603738352855935, -85.84417748714475], [33.63599000767068, -85.82978236948179], [33.59868711026179, -85.81784034812536], [33.614520694328505, -85.81640577334598], [33.61088341391031, -85.84106457555409], [33.6129816367332, -85.82800138706754], [33.62399111389818, -85.83164473454269], [33.595150577566656, -85.81350192454529], [33.621870942647064, -85.83275076490062], [33.62570406442458, -85.85527230166163], [33.630647994711566, -85.82050390728274], [33.60718417904572, -85.8455909052645], [33.62872588342936, -85.85979937989569], [33.606942315669755, -85.85830543176256], [33.61124311622539, -85.83292129450936], [33.622049319250785, -85.83023728524695], [33.630728097019485, -85.83669017949065], [33.633245947490195, -85.8172146690947], [33.62341125227516, -85.81697498135436], [33.6359401672134, -85.80790222129427], [33.60181523742512, -85.86063879149114], [33.62489597366352, -85.85859774731409], [33.61136203065065, -85.8241956499517], [33.63603739587151, -85.85502871686236], [33.59740989814325, -85.84140265586065], [33.59415238930026, -85.8380907400833], [33.62194428644328, -85.82088187654725], [33.611674398152594, -85.81302593259306], [33.59352429338545, -85.82184112847254], [33.62967005662314, -85.84676892032951], [33.635471095373894, -85.83050916281985], [33.598053539470406, -85.8547103117942], [33.59823723546121, -85.80984378027972], [33.61482112316067, -85.81981085333088], [33.60181694026115, -85.8251483440676], [33.61677321714171, -85.84187282586103], [33.633562045475436, -85.8280231829726], [33.62474184662747, -85.8472361515013], [33.616731899748224, -85.826135069979], [33.62134468342941, -85.81024317385702], [33.62392742155574, -85.83927483358377], [33.626792646197195, -85.81029081523195], [33.63014130489959, -85.83193097868607], [33.618493556920136, -85.84010087004864], [33.62604421491965, -85.8163578316581], [33.63004614815115, -85.84845403807195], [33.62635809028259, -85.85016748578857], [33.611963503505514, -85.83378668010985], [33.63635910080122, -85.8527646777063], [33.60673122185425, -85.8177969290006], [33.61098521481728, -85.84291107638063], [33.62290376102687, -85.84046724862307], [33.621408432039956, -85.80837672196745], [33.619065414298674, -85.8135636039384], [33.59958979460954, -85.83798533697357], [33.62395311415055, -85.82532378089918], [33.629977385322526, -85.82167883229998], [33.63403997537635, -85.85032611980574], [33.62870649238739, -85.85050726231871], [33.61074182203224, -85.8349185252424], [33.59874526597501, -85.83332449043539], [33.61483829984032, -85.80900197774086], [33.61913154376055, -85.85320484421386], [33.63716363102319, -85.81938550996603], [33.61490948908364, -85.82688640457756], [33.61434843291808, -85.83071111439443], [33.597270099048245, -85.85855357534913], [33.60699639076048, -85.81962810065303], [33.62957357134895, -85.84755365330585], [33.60560219434922, -85.85099686791912], [33.62691565110516, -85.85360947139245], [33.618500249500485, -85.85865521072209], [33.630512242759856, -85.82750915541446], [33.595194193780394, -85.82429525106478], [33.62517072398964, -85.83564075453786], [33.601104379435014, -85.83154219485559], [33.604416505519644, -85.82765784991561], [33.628071352011574, -85.83006075892702], [33.60984921189081, -85.82784759272836], [33.628003362447444, -85.84367254953169], [33.62142444029292, -85.82076208280624], [33.635967287336776, -85.82118654028272], [33.62175961524365, -85.85067173862102], [33.60109496649164, -85.82393675771807], [33.59234307945504, -85.80958756011567], [33.597498780339095, -85.82174129128137], [33.60590546013619, -85.8474872857189], [33.60453738180733, -85.84131713769953], [33.59853768170135, -85.85327656707996], [33.61698556516182, -85.85150640273345], [33.620869398591445, -85.85772706438802], [33.630082408442405, -85.82742632588963], [33.62692492466142, -85.8317162208498], [33.62711957404941, -85.82967845534931], [33.632338215197386, -85.85175565880733], [33.611193733717684, -85.81174872340891], [33.600655251128366, -85.81396810216475], [33.625758958534, -85.8513149400909], [33.61314275263597, -85.85863002036048], [33.613979163594394, -85.85183861267444], [33.612673319479946, -85.84004565527299], [33.636445245567685, -85.83371153565348], [33.61218402712551, -85.80864835588635], [33.61826930864303, -85.84047883011972], [33.62657982725907, -85.84445101583896], [33.592582919083036, -85.8545336062815], [33.60738879739078, -85.81462553401433], [33.62066638654623, -85.83971274024623], [33.6166880772762, -85.85259769856901], [33.61358117736035, -85.84634779362814], [33.62659751141585, -85.82484616184064], [33.63421775921863, -85.80787659679795], [33.63195572993992, -85.82140518654138], [33.60211474130177, -85.82545464038333], [33.62508165600072, -85.85510543804945], [33.62316866511467, -85.82316418907928], [33.6312193361827, -85.83200652460927], [33.63196984509112, -85.817805419949], [33.63683546766453, -85.84300980406708], [33.60261693648678, -85.83837913184925], [33.63310649979161, -85.81843200609691], [33.61518562473381, -85.84383760944634], [33.59525852241467, -85.82538193865017], [33.600360999342044, -85.83779398400448], [33.63377172056491, -85.81896002295014], [33.62850219012679, -85.84630715043902], [33.62424823197403, -85.85005135063429], [33.61673425210528, -85.8145533740384], [33.63209821336894, -85.81716458673738], [33.60498627015934, -85.81316015646593], [33.59565696022751, -85.84714655284708], [33.611724725384015, -85.84582868671598], [33.6076630847462, -85.84107088634131], [33.61093229349519, -85.84968793427889], [33.59823145824817, -85.82393059029415], [33.616304228689934, -85.84697820083778], [33.62779880735461, -85.8119209638256], [33.60633328395291, -85.81640220261195], [33.63147826007484, -85.85089058629194], [33.60736173948977, -85.85961710603911], [33.62286729599822, -85.82434717210513], [33.61591309864646, -85.83619695759477], [33.62820092893779, -85.85249509265026], [33.62259570522599, -85.81827320649853], [33.632067719579524, -85.82538221833558], [33.6065000898747, -85.81534738733328], [33.59452273028086, -85.80794481010572], [33.617864282208615, -85.84926530247373], [33.62246319454362, -85.85607102010167], [33.59605012859293, -85.85365940782982], [33.61291702916293, -85.83049430758852], [33.61783970397233, -85.81852374109131], [33.60132834688543, -85.84382767001067], [33.6161051789421, -85.82130962656633], [33.609103436628516, -85.82545289083713], [33.61186656709629, -85.83123879336469], [33.630264596208576, -85.8494156212596], [33.624825910784466, -85.8553133873321]], "boundary": [[33.63717626340025, 33.63717626340025, 33.59210973659975, 33.59210973659975, 33.63717626340025], [-85.86097152828798, -85.80703647171202, -85.80703647171202, -85.86097152828798, -85.86097152828798]],