{
    "boundary": [
        [
            33.63717626340025, 
            33.63717626340025, 
            33.59210973659975, 
            33.59210973659975, 
            33.63717626340025
        ], 
        [
            -85.86097152828798, 
            -85.80703647171202, 
            -85.80703647171202, 
            -85.86097152828798, 
            -85.86097152828798
        ]
    ], 
    "center_point": [
        33.614643, 
        -85.834004
    ], 
    "distances_to_center": [
        1090.0362680285473, 
        3269.2354051450566, 
        1666.6782352868095, 
        2488.291901445315, 
        2943.240658369208, 
        1345.8663808224885, 
        537.9823920144141, 
        1882.4487534919342, 
        814.5449151631431, 
        2583.1498230114034, 
        2436.5551328945235, 
        1762.2964844648882, 
        1412.1617479337708, 
        972.795067001909, 
        2933.76454268214, 
        3246.8408959857115, 
        2666.9151466058356, 
        2703.3634869083257, 
        2672.0796068634118, 
        2345.293533691241, 
        1433.264895515516, 
        1390.1006331673937, 
        1438.8726902593207, 
        1224.6603252231773, 
        973.2452563295558, 
        2263.5333338554638, 
        1707.641032467151, 
        2453.802088765207, 
        2423.4700920337955, 
        1679.8073900758452, 
        2595.435334032459, 
        2198.50979012576, 
        2396.5345971597903, 
        2916.0763924626626, 
        2532.9392575088605, 
        3266.9466738156184, 
        2956.196332953359, 
        2348.3559575263457, 
        3132.5827063912648, 
        2868.5752947038072, 
        1129.2225855555537, 
        648.6182172462362, 
        1707.509793021719, 
        587.8358229461238, 
        2152.4989032355343, 
        2734.79725710167, 
        2618.9547718996832, 
        1981.1916032127554, 
        947.6262586958161, 
        2911.773328655569, 
        2213.324735430758, 
        1910.0700440908781, 
        1469.2990708187447, 
        1275.2334906568121, 
        2305.8710058730444, 
        2250.518049014997, 
        1831.729609576249, 
        2105.6186668808127, 
        2720.4427649924087, 
        843.7225149519375, 
        1350.4093042713387, 
        1382.7412635564401, 
        1786.945084627082, 
        968.6695536558547, 
        2202.092692235961, 
        1348.147862218996, 
        2559.022121511859, 
        2253.9522509083886, 
        1503.0752166294105, 
        2451.179337606622, 
        2153.3545589089063, 
        2583.8132319004135, 
        2768.6558342677567, 
        2839.935326731017, 
        1586.5284455834335, 
        1086.0969704128943, 
        269.2152320760556, 
        1704.7515274691325, 
        2446.3470345002634, 
        1122.1403159134545, 
        2937.0728566985636, 
        2148.4649464729277, 
        2224.5065177757233, 
        767.9598174348396, 
        2034.1672227280733, 
        1579.7472022555457, 
        2167.0784443358493, 
        2346.451355558145, 
        1871.4135106436077, 
        2698.880606678079, 
        2314.7692609561514, 
        1637.114848083584, 
        1312.213136661119, 
        2235.3954308482666, 
        1440.5572598659871, 
        2998.853677224224, 
        1441.2263106113505, 
        1213.047246428243, 
        1744.8303215055664, 
        2424.5585514880236, 
        2217.066575180652, 
        2088.554199003078, 
        2225.9270328155185, 
        2421.479878560852, 
        2488.8410739210967, 
        1211.4425325912903, 
        805.1213926208497, 
        1925.842292481569, 
        1994.406945644324, 
        1203.9855526716228, 
        2606.1622128696604, 
        2570.7629247173445, 
        1128.322748592695, 
        2871.8745737358186, 
        1576.7711817641434, 
        2163.7863942613562, 
        1768.7320948062727, 
        2128.911854586557, 
        1432.9833418732073, 
        2935.1895906872824, 
        1559.9977704556397, 
        1046.0506378614964, 
        2274.567136520095, 
        1181.0972517028133, 
        1892.2177346402857, 
        2559.4639254746576, 
        2034.1627203084377, 
        1025.9733831839967, 
        2320.0338384071842, 
        1063.3987838817598, 
        2508.4037238222, 
        150.5145973804134, 
        3089.2021509294186, 
        2568.574898434519, 
        1793.175379552007, 
        2797.1649391917263, 
        2796.7450693622523, 
        1069.945055527199, 
        801.0154338442969, 
        2478.540178797832, 
        1222.1577868683098, 
        952.9290112122343, 
        2471.0763761418384, 
        1871.4227446052137, 
        541.1452438551138, 
        428.50581465415945, 
        1695.3081368306978, 
        1734.7938670858225, 
        2710.0852901556336, 
        1265.8952426648946, 
        1587.2221993690357, 
        1608.4018239051952, 
        2546.7033411411935, 
        2413.4347060711266, 
        2792.6181807411244, 
        2319.1209413109123, 
        2123.9052588814593, 
        431.45591480455914, 
        1692.1544868776662, 
        2176.41343854004, 
        1874.3168766916426, 
        2644.3441015535564, 
        1086.9955887185986, 
        2212.105132419333, 
        1908.8258122629745, 
        1004.8824995337374
    ],