{"center_point": [36.11059070268324, -115.16912269734496], "sample_points": [[36.09709953157706, 36.09062940668234, 36.106877306696745, 36.097717177244846, 36.111547194840114, 36.11098986562312, 36.10262939774493, 36.11443426821805, 36.12122095184575, 36.09733386727515, 36.115105224553886, 36.12194020808158, 36.13235088509757, 36.12748221800192, 36.09091597256409, 36.104088626585224, 36.12738542363324, 36.1042173922367, 36.11953024991237, 36.11138035959142, 36.10649762582184, 36.10712883692537, 36.117777419524764, 36.11044221565414, 36.1269557235734, 36.09803501307491, 36.12181159746108, 36.12211744895768, 36.128565769175665, 36.11933519207426, 36.13045386940142, 36.099440384195205, 36.1051111822506, 36.12143715899092, 36.09041369120284, 36.118073873584486, 36.12728924555362, 36.09926508549815, 36.108691007273116, 36.10626730215534, 36.111998969637206, 36.099762003945386, 36.1286905876017, 36.128836573449384, 36.09024189138435, 36.12595373283748, 36.11215794246955, 36.11830222975563, 36.115769327235235, 36.08877251485836, 36.101362082067475, 36.131032950154186, 36.11920873378029, 36.120302367284374, 36.11059409456641, 36.10463637898378, 36.11473128759845, 36.11484459570105, 36.125681287698896, 36.11555862992228, 36.093074585805994, 36.10705389785507, 36.110701642708364, 36.113511133893475, 36.089840481228144, 36.08929185829311, 36.092227308253094, 36.102931482625785, 36.09297503614867, 36.114876029401216, 36.10150308136, 36.129516000991664, 36.131503751876814, 36.11450732115673, 36.11329630415266, 36.110628330742685, 36.11400690605044, 36.094677877550794, 36.09348872034436, 36.12073913489748, 36.13184754515875, 36.11944841642121, 36.12311261653046, 36.10440948260592, 36.093923453020885, 36.1192225748403, 36.11533648827808, 36.098771910432966, 36.09807038596448, 36.09455770828903, 36.117794058647235, 36.09864417087186, 36.08957653966242, 36.102613492271, 36.099213761475, 36.124664839888595, 36.11307889242756, 36.09767423595494, 36.105742644039005, 36.08902147366452, 36.104876215592576, 36.116127279456315, 36.11262122365549, 36.1210782528285, 36.094435032198156, 36.115213085788035, 36.12089065868402, 36.106915863319436, 36.12405712242842, 36.12661721905733, 36.10598937017194, 36.10264650448223, 36.11519981294813, 36.09876923940152, 36.10234683880322, 36.12202421258703, 36.11775323557777, 36.098065144688334, 36.09698973225623, 36.10692406856922, 36.109784544398565, 36.132031750291105, 36.12664948800377, 36.09351421585666, 36.09929473153952, 36.09839181329379, 36.13212581419221, 36.10995351919519, 36.13225058476131, 36.09213223141651, 36.0969311960077, 36.11786436341838, 36.13149123344888, 36.09798189119644, 36.11591681862285, 36.11610803683386, 36.10137538168, 36.13089451519734, 36.123218008981056, 36.13096390327087, 36.11242484638452, 36.107075555646965, 36.089876743473695, 36.11561091505441, 36.107977378562964, 36.09922254052376, 36.10706020508288, 36.09101071684145, 36.095494905282145, 36.124212347061984, 36.13242146274061, 36.119118975482394, 36.13304063667551, 36.09232604483691, 36.122638466681266, 36.095818074550564, 36.114364399729986, 36.12998265033996, 36.09446612398044, 36.116783007063276, 36.12325423509746, 36.132049491659615, 36.13018163571904, 36.10576569369258, 36.127524325304606, 36.132333507386036], [-115.15310729695359, -115.17036411422391, -115.15449344339186, -115.17231606105166, -115.19147618672736, -115.17443900756389, -115.16416512622796, -115.17510620226341, -115.15009417822189, -115.19060492771042, -115.14181225259135, -115.19679483364705, -115.14236626704944, -115.18563409631193, -115.16593610475442, -115.18107884238283, -115.18233740861761, -115.1609737429366, -115.18283611263614, -115.16583753537752, -115.16221475022542, -115.19667357841989, -115.19311875329792, -115.17301902161276, -115.14538058090332, -115.16432851130021, -115.16265744203432, -115.1818884337355, -115.18797298049476, -115.17931080232398, -115.14446183765554, -115.14539031043681, -115.15193575997822, -115.17424562884993, -115.18109616953882, -115.15133721713782, -115.18087594613858, -115.19313336467134, -115.16280665609295, -115.17266498236665, -115.1895975786165, -115.1864993357409, -115.18176272830353, -115.15684542246197, -115.14472967850645, -115.18483620638952, -115.15713201636791, -115.16209870415338, -115.1842018020924, -115.18941874305932, -115.16234749006036, -115.15125282509106, -115.18283839224453, -115.15225428469999, -115.14492738898757, -115.17815370988785, -115.16152374528477, -115.17285399718608, -115.16264984555343, -115.19036505362027, -115.19089827786775, -115.15575637361292, -115.15365544382458, -115.17331790107711, -115.18011171394966, -115.14312187870674, -115.14821715596501, -115.14178423462658, -115.19421501923993, -115.17659660145584, -115.14692947711175, -115.18649963793963, -115.16254241522766, -115.1605164222312, -115.15056994240314, -115.19483947450907, -115.1846949092243, -115.19378907305945, -115.16877022144857, -115.15355755476381, -115.14765529344066, -115.17666448514782, -115.19653851589786, -115.15152659077417, -115.15060662948916, -115.18512101200264, -115.18799467790218, -115.15607214857847, -115.16565570066597, -115.18554937692859, -115.1646831024813, -115.16599614980693, -115.19333808306705, -115.19296830858086, -115.18725435674635, -115.16182444912255, -115.16362481493447, -115.19518615157199, -115.1746688163648, -115.15300959928945, -115.15607201810995, -115.17422475954076, -115.17461159851862, -115.18602087605889, -115.1879100798286, -115.18074466381317, -115.17425731073511, -115.15473381642029, -115.14463785845153, -115.1482801107317, -115.149488761111, -115.14177870834077, -115.16524417549536, -115.16230534594128, -115.14771430852632, -115.18084213055258, -115.16423411569474, -115.18330715446744, -115.16820038301444, -115.17842088256657, -115.1836705194334, -115.18637476226925, -115.1630682577591, -115.1941633421951, -115.16353574911649, -115.1682129026822, -115.15704677372808, -115.19482290418213, -115.18741778778164, -115.17269866846911, -115.16173741998658, -115.18225025238412, -115.16024473141142, -115.1777708209528, -115.1804815603919, -115.17335735796168, -115.18215481185865, -115.19559776293411, -115.19015867987468, -115.18462853813423, -115.14809330829571, -115.19367663382342, -115.14859404931255, -115.17605088814899, -115.15950324515629, -115.17656981066054, -115.16119035399376, -115.16260909704366, -115.17315809661433, -115.19530848332239, -115.19343745549669, -115.1899862571675, -115.16001376407891, -115.18000714583968, -115.14806821071245, -115.14348871478693, -115.1638125220304, -115.1613788319163, -115.17730735563619, -115.17285315448848, -115.14220300088087, -115.14480326308349, -115.16110008603056, -115.14914951205436, -115.17997488038263, -115.18898825655697]], "boundary": [[36.13312396608349, 36.13312396608349, 36.08805743928299, 36.08805743928299, 36.13312396608349], [-115.19692136256168, -115.14132403212824, -115.14132403212824, -115.19692136256168, -115.19692136256168]]}