{"center_point": [36.11059070268324, -115.16912269734496], "sample_points": [[36.121640856325925, -115.1705266474754], [36.11272866510945, -115.15057183983797], [36.11190066063913, -115.17680631281416], [36.10009043754039, -115.17227791313614], [36.09454627509554, -115.14581182448684], [36.10115686238461, -115.1453514051955], [36.0952614204313, -115.17825872044017], [36.129578721326894, -115.17431422940435], [36.092517033218044, -115.15705688691718], [36.10754436759125, -115.16718914182364], [36.091916856313055, -115.15956771269319], [36.0887461811757, -115.14485492573371], [36.108816192541966, -115.16816014486805], [36.13178989570551, -115.19429680863048], [36.10011228364783, -115.18447818636683], [36.13253431311439, -115.19174145647315], [36.123307417573194, -115.169168033242], [36.12631774669811, -115.16073297120882], [36.118270491430785, -115.14640308695752], [36.097134674734015, -115.19661981377571], [36.11770382551322, -115.18840816247186], [36.088773294950585, -115.19318316760354], [36.12956979346933, -115.15799487057521], [36.09341335864465, -115.172359023634], [36.10019095867848, -115.15934211423864], [36.1177200636388, -115.19025235926136], [36.100307787162244, -115.1917469033981], [36.12148620680536, -115.15145337020915], [36.09628678165594, -115.17083250456399], [36.09125406811595, -115.16315371682325], [36.11037824257673, -115.15688624016573], [36.106959878168446, -115.16096887773736], [36.10643197723034, -115.16545259947361], [36.12297055145606, -115.179401252907], [36.109145262468225, -115.19657994192778], [36.11719623878053, -115.16774384507431], [36.116769737818, -115.15563719435104], [36.10086198093851, -115.15158199712089], [36.116550627735975, -115.16184181818662], [36.11918055890146, -115.14827010774717], [36.11771470030744, -115.18456126375807], [36.08898352331843, -115.17771169464683], [36.09993326634229, -115.15953249296992], [36.115348840208476, -115.14538823454417], [36.092383183133, -115.16102037381097], [36.10885383673418, -115.1794529150248], [36.11483864183273, -115.18127343772586], [36.102911985254856, -115.15728250250379], [36.11404704225974, -115.1465750429694], [36.116046242684696, -115.16968733865907], [36.11955624221278, -115.17109937092413], [36.10280670971445, -115.17288282024894], [36.131559482472724, -115.16215719652766], [36.128051504378455, -115.18353416823678], [36.10647635803384, -115.17747486726935], [36.1126616492198, -115.19576629723035], [36.10151195422048, -115.14297439463074], [36.106669766405346, -115.17491239829774], [36.1302100248902, -115.15606145403507], [36.099030015373216, -115.19253668331024], [36.10003843862215, -115.16329178671792], [36.12376027181229, -115.16735532463858], [36.10338143606017, -115.15378461977755], [36.1280940385294, -115.19661443004732], [36.11550078576721, -115.19153401944197], [36.12453246156254, -115.1460864482797], [36.10983934284852, -115.18440193372587], [36.10455994390787, -115.19587851196162], [36.124367711809185, -115.17714939482364], [36.10115071570094, -115.18257833307628], [36.10820273977789, -115.17596770961144], [36.12423907539556, -115.1898758920209], [36.11261699846924, -115.1672823605873], [36.131420933557386, -115.18087907074879], [36.11741740333197, -115.17749612377403], [36.110032139080495, -115.17312441342861], [36.09179924609306, -115.15867597531818], [36.12975396792698, -115.16596895689725], [36.128523746028975, -115.15390622664536], [36.09858182447661, -115.17689225729598], [36.10754197745977, -115.16956039085149], [36.12907621028022, -115.15602552312563], [36.104161838676745, -115.19486149822127], [36.097124782574895, -115.1822203460167], [36.101492589890725, -115.16675041218527], [36.13061006658618, -115.16820696310762], [36.123777272579574, -115.1414979558523], [36.132683520144866, -115.15645087810361], [36.0932587060714, -115.15558111412612], [36.09770571415608, -115.16580960121046], [36.095163294641374, -115.1418774886025], [36.11893282085985, -115.1898838132751], [36.08929456090609, -115.1831286468756], [36.1224709817909, -115.19417429534742], [36.08815466824724, -115.18103927223095], [36.09099641046209, -115.17635937763593], [36.10328675866012, -115.14636237346014], [36.12743276819523, -115.15890616353562], [36.11914646899101, -115.18574212599765], [36.10357104186485, -115.16541242121508], [36.12157841952914, -115.19348514021458], [36.1225788490172, -115.14350082217605], [36.11041071971568, -115.18496537765141], [36.12365116170741, -115.15571139583646], [36.09349315195118, -115.15788287753544], [36.123133165582836, -115.16589279936524], [36.11207875918595, -115.17404463510053], [36.102539750670616, -115.14791761005336], [36.12272193812317, -115.18605982571353], [36.115560331551116, -115.14439677086841], [36.12651056162759, -115.1452005583147], [36.09712358091252, -115.17688921993374], [36.100826976906234, -115.15951986737726], [36.12993376832924, -115.1444711156747], [36.10078635559118, -115.17561460571542], [36.12550543352018, -115.15911571900416], [36.12628568919838, -115.1884919560207], [36.12695151867381, -115.14350007207017], [36.131630427792174, -115.17453164659872], [36.095889127232056, -115.1521230420978], [36.09464359230247, -115.14541406814607], [36.11203972854882, -115.15905079356477], [36.102986154558046, -115.18752753372682], [36.1267268669981, -115.15124657487664], [36.120904773066016, -115.1498264955151], [36.08868668447099, -115.18876966794022], [36.090866261949174, -115.1759464770719], [36.10837663415158, -115.14348661438262], [36.13085789963818, -115.16760054936672], [36.093929361362065, -115.17049073026676], [36.129768482059205, -115.17492602026455], [36.08810507027143, -115.14722380971502], [36.11007444347968, -115.17028521589029], [36.107870087189596, -115.15439362258005], [36.13152004881671, -115.16464862591754], [36.13138981368749, -115.18823111471367], [36.11919234083706, -115.17101359783143], [36.09210104719041, -115.18097853602612], [36.09277161428541, -115.1643004280221], [36.13090569933103, -115.18656744596488], [36.11531384961464, -115.17202800386669], [36.100925984363066, -115.1920253193281], [36.126368783071776, -115.15595687358386], [36.12912971685367, -115.15836645417228], [36.11916151320681, -115.18890712305873], [36.121069149012264, -115.16207067156958], [36.09742729928574, -115.18183210749108], [36.09514438918262, -115.19650978332707], [36.09870761881123, -115.17400148829704], [36.10483011004974, -115.19527224307592], [36.11759984458659, -115.1433071186525], [36.12327385322965, -115.16215638087257], [36.107841047278754, -115.14861358581103], [36.11935029878957, -115.1700771774777], [36.107944542180824, -115.19204760529595], [36.09053107248076, -115.14921481032616], [36.1126938864732, -115.17456317776872], [36.10434591925969, -115.15588623459242], [36.11364621371747, -115.16806266826731], [36.104051860033785, -115.195645290095], [36.10922319068717, -115.19167492883199], [36.09020433564805, -115.15211033085295], [36.09791837271115, -115.17846398443051], [36.12149058285703, -115.1826834777792], [36.10822135670084, -115.17478394260397], [36.088650806053636, -115.16231410361411]], "boundary": [[36.13312396608349, 36.13312396608349, 36.08805743928299, 36.08805743928299, 36.13312396608349], [-115.19692136256168, -115.14132403212824, -115.14132403212824, -115.19692136256168, -115.19692136256168]],