{
    "boundary": [
        [
            36.13312396608349, 
            36.13312396608349, 
            36.08805743928299, 
            36.08805743928299, 
            36.13312396608349
        ], 
        [
            -115.19692136256168, 
            -115.14132403212824, 
            -115.14132403212824, 
            -115.19692136256168, 
            -115.19692136256168
        ]
    ], 
    "center_point": [
        36.11059070268324, 
        -115.16912269734496
    ], 
    "distances_to_center": [
        1824.6338009740145, 
        1289.3865652871928, 
        2020.2357479421044, 
        1885.9024014894715, 
        1943.0001382318424, 
        1071.8790249224126, 
        2262.7208495897517, 
        1106.4580802364358, 
        2309.6822226380286, 
        2717.966888036035, 
        1156.6607917763758, 
        2769.0515560441627, 
        1595.7726007742501, 
        1558.817790898955, 
        2711.7074504643524, 
        3314.550869459575, 
        2265.08688042435, 
        2774.668227241192, 
        1631.0109804711303, 
        1535.9758741996973, 
        2346.3678200556515, 
        1279.3526647193544, 
        2825.665827582149, 
        2508.2111048376555, 
        1896.6203445955043, 
        1539.4641356446825, 
        2460.607220330675, 
        814.315812768028, 
        1672.7847728454817, 
        2257.7652183229347, 
        2207.359992742356, 
        1068.7970543106721, 
        2848.1915052991585, 
        1061.4757801064466, 
        1926.6232969118994, 
        3359.7532058801335, 
        2505.5310748311135, 
        632.403147192151, 
        998.4149434024349, 
        2230.7834966400455, 
        2309.983252999394, 
        2277.8109953818794, 
        2342.516324204012, 
        592.6056057252632, 
        782.8518691196128, 
        1434.655217562348, 
        1933.078719727427, 
        2347.861433613278, 
        2275.6086485937794, 
        2500.6688607993988, 
        1756.4086134325642, 
        1959.8790252897606, 
        2486.0336476768966, 
        1927.2385239629757, 
        1024.2070259549566, 
        2365.2241729144107, 
        2487.3822975261655, 
        2790.088275071212, 
        2424.5263010085064, 
        2761.7809508773616, 
        2723.9042810995343, 
        2147.95106181401, 
        3396.689253683395, 
        2105.152405939197, 
        2974.6834479449667, 
        1134.5672000643717, 
        2556.310320948148, 
        1559.1700628145404, 
        1957.323752324211, 
        1692.0317446787662, 
        2512.3086744794105, 
        1145.6530640515527, 
        2307.5962241266334, 
        1102.3097250614917, 
        2263.2315434492316, 
        802.8944582701508, 
        2022.3120587668668, 
        1831.2864129436741, 
        743.7817078731705, 
        1061.313646657285, 
        2721.353627816485, 
        1860.9745474064857, 
        2266.0591979771334, 
        3106.945358408989, 
        3395.5282502485666, 
        1493.0251304934598, 
        2035.5911920696537, 
        531.1430574861994, 
        2518.085549137667, 
        2138.4560727399507, 
        1863.8029794229776, 
        996.9112886414324, 
        2608.1186407730065, 
        3008.115667102343, 
        504.81145126501724, 
        2891.9884940110996, 
        963.44602149908, 
        1699.657983360289, 
        843.0165996370752, 
        1499.4108651299066, 
        2211.703590257812, 
        2641.0066244376444, 
        3245.157418070509, 
        1173.7904261140231, 
        1449.113782308413, 
        2377.1282503759144, 
        2331.063066220235, 
        2201.2881285093845, 
        2927.9270436672095, 
        2443.9841105827577, 
        989.5130853187101, 
        2454.0696606102015, 
        1730.8530579446494, 
        1298.075969058409, 
        3004.2631917507492, 
        2476.059833686799, 
        2921.845285698465, 
        2448.6488096814187, 
        1183.1653355252963, 
        2442.6559456269792, 
        1591.5729678711505, 
        1775.9750581018218, 
        1310.4127945345688, 
        1510.147026252077, 
        959.4681464364965, 
        1211.33839580905, 
        2838.2557623373564, 
        2070.2268941437046, 
        2119.681726307818, 
        1305.3623397318183, 
        2721.5067325927916, 
        1844.1483564333485, 
        1913.4013696158822, 
        2343.9652701926684, 
        2438.1234715746027, 
        3491.2398370185883, 
        2275.97591086964, 
        1034.2898847632546, 
        2476.125187456496, 
        2161.732041580464, 
        1822.3894440945298, 
        2512.882454628131, 
        2371.991916910565, 
        675.0150997401254, 
        1109.8247985202827, 
        1350.1707155870308, 
        825.5142379736767, 
        1871.781649722877, 
        1990.1004083337116, 
        2101.6505622051636, 
        1940.1425394072942, 
        1514.0061410881979, 
        765.5569418207511, 
        1817.1519526261663, 
        2352.649006700765, 
        2648.834056745163, 
        1881.5847951393466, 
        1419.0785375522676, 
        724.106723227945, 
        2607.1813825428694, 
        2420.8649209893356, 
        1922.2687935242957, 
        1015.1249191837584, 
        2337.880304315506, 
        2111.1880376288773, 
        2007.303544534953
    ],