{
    "boundary": [
        [
            36.03389929292845, 
            36.03389929292845, 
            35.988832766127956, 
            35.988832766127956, 
            36.03389929292845
        ], 
        [
            -115.20227625262143, 
            -115.14674898862611, 
            -115.14674898862611, 
            -115.20227625262143, 
            -115.20227625262143
        ]
    ], 
    "center_point": [
        36.011366029528205, 
        -115.17451262062377
    ], 
    "distances_to_center": [
        284.51563680431644, 
        2176.074373862125, 
        1543.4057472464604, 
        2383.804801591888, 
        1796.648194927517, 
        1732.7044638511743, 
        709.719820098153, 
        2228.274783061107, 
        1674.0904626480879, 
        757.1583882418322, 
        1470.8715220020601, 
        2452.762904085397, 
        2079.1442710950714, 
        504.82703123663765, 
        3268.4277442459943, 
        2293.282465858693, 
        145.08921800085264, 
        2513.3706881893877, 
        1763.2211356921578, 
        1842.1228304380336, 
        1888.3531876944423, 
        1417.5434009819078, 
        1242.1894993746841, 
        1490.3998922501783, 
        2819.533074529552, 
        532.4646256513573, 
        461.93376080848003, 
        178.67823203842005, 
        1812.1593946351734, 
        1252.1561459669788, 
        1174.03991384882, 
        1405.4983426117653, 
        1896.607983332342, 
        2096.691282278056, 
        3324.0043054104462, 
        1196.7033669220116, 
        1527.2193057578477, 
        1322.558911678286, 
        3228.7523181781594, 
        3289.392461746306, 
        2779.4695421914357, 
        1392.0095402807676, 
        2184.847218782457, 
        1875.088226296465, 
        847.9722717796842, 
        1955.3776811920413, 
        1971.0300612819585, 
        1771.7022766543098, 
        832.6074831929483, 
        853.0407780921621, 
        764.1619404904476, 
        1462.6806799318815, 
        2341.901645974035, 
        1810.7324908387534, 
        2328.4633250146208, 
        2877.210480939955, 
        2393.9526169232745, 
        1831.3138275348915, 
        1288.5817394363687, 
        2746.8492822516073, 
        1559.1182292165772, 
        1906.9835049214494, 
        2271.8440666704078, 
        1700.59134237574, 
        1252.375759578151, 
        1352.036458671211, 
        1951.5946004570878, 
        1775.122315733866, 
        2256.8402474963304, 
        1910.1238821076236, 
        1647.6733135558904, 
        2640.2510426121607, 
        832.8544296060019, 
        3115.0866832155502, 
        2760.0348143776723, 
        2354.445734472585, 
        2944.9070525375378, 
        1456.3456399674958, 
        1339.264826868925, 
        1989.605993525645, 
        2594.7272545824576, 
        2015.0966407520446, 
        2054.631613668775, 
        1028.2313271435974, 
        2302.071962362316, 
        1457.500969855228, 
        669.9673588579003, 
        2483.3703080542405, 
        2061.59020507714, 
        2358.74628012247, 
        1072.8876334764893, 
        2124.5936396217176, 
        2806.2568310054044, 
        1514.1363790510413, 
        2320.190306975415, 
        2479.3907586391224, 
        685.906095698088, 
        2069.441909434243, 
        1357.723917472742, 
        2340.2281125155996, 
        1911.525035451717, 
        2668.6721469936297, 
        1236.1024679846446, 
        1511.863114711036, 
        1766.5143879892044, 
        1252.5239758150092, 
        1592.357397484007, 
        2476.804343330482, 
        815.7739468352172, 
        471.23480693009543, 
        1450.9176444741306, 
        1628.6708994632424, 
        2553.181469710383, 
        1140.5917241113516, 
        1535.6499206477704, 
        2900.8717474926248, 
        2151.2342318676942, 
        942.7275328318685, 
        1656.710081990599, 
        471.2598183018463, 
        2249.4910001741755, 
        1546.921549789166, 
        1962.6878975376671, 
        873.4705383316419, 
        2667.908774838843, 
        2541.4371800434265, 
        2035.9642425990346, 
        709.6217194033835, 
        2730.272975892065, 
        1219.9795715439561, 
        582.1154333325594, 
        1390.8385242469092, 
        2397.2486926786482, 
        1953.8499617771981, 
        2151.083615621054, 
        3079.4610158349046, 
        921.805765939268, 
        2106.4838640408057, 
        2020.185036302125, 
        1611.8417588007605, 
        1753.8608814934637, 
        764.2236413694245, 
        2057.4115538235815, 
        2384.113715311074, 
        2057.750105718491, 
        880.3297038769742, 
        1852.7971634348808, 
        1863.7183273846892, 
        1579.244677226368, 
        2313.7523636025453, 
        1605.5081758982321, 
        2523.058179539678, 
        2149.0780821636076, 
        1995.4410162072975, 
        2446.9555803164294, 
        1604.3745963877366, 
        1648.81059086512, 
        1225.6279247181042, 
        2336.5554608494244, 
        423.87568971656555, 
        1075.8758921686863, 
        1119.9804119520547, 
        1707.8486568601993, 
        483.8034553133962, 
        1245.678324073442, 
        606.851348754436
    ],