{"center_point": [36.011366029528205, -115.17451262062377], "sample_points": [[36.02321534451807, 36.03189764230833, 36.02712994505003, 35.992257017828415, 36.00672543471787, 35.998079982875545, 35.998281175585724, 36.01183565009779, 35.988962472155535, 36.01769980853182, 36.01114122737898, 36.02620661640063, 36.02850628418876, 35.99703323583945, 35.998659174090946, 36.00517932574669, 36.00877397661348, 36.03172853303176, 36.0001226940134, 36.00649418774529, 36.016381193441504, 36.00104714265041, 36.02728148985399, 36.02534151809983, 35.997506835924085, 35.99060084611628, 36.00000470185809, 36.02018297577387, 36.02123600441103, 35.996116227535865, 36.028359900738124, 35.99423567465006, 35.99539311003357, 35.99357727565164, 36.018497075107874, 36.03048243708205, 36.01385813440125, 35.98973994171129, 36.017348813025556, 35.998680855650036, 35.992846413672595, 36.010949930005886, 35.99529361033385, 36.02864211014084, 35.9942540247566, 36.01246664317294, 36.01865346719321, 36.000164823486266, 36.0262903235672, 36.013179449310464, 36.02191640868159, 36.00648291282766, 36.02307774965331, 35.99943157384712, 36.00277805169277, 36.015776752903335, 36.018825129844615, 36.023003772109085, 36.026766736421855, 36.02150365495655, 35.98965879559966, 36.01190249741201, 35.99846913880865, 35.995258337097425, 36.01242829742655, 36.0137832389815, 35.99949771432413, 36.00159856433584, 36.01027770506519, 36.008063047842825, 36.03136016624297, 36.021439556953496, 36.023315131311335, 36.00876323339355, 35.99089443645388, 36.0108945323269, 36.025796747841035, 36.0257704947179, 36.00155170542803, 36.01345680495635, 36.01894968582095, 35.991579875637775, 36.026155691494075, 36.014621264466314, 36.03025268784255, 36.02113245386052, 36.02770954054758, 36.01041533323231, 36.00488440341725, 35.99723571325854, 36.01312814610163, 36.0025526270204, 36.01672610008561, 36.00606787953798, 36.00324282429311, 36.01235471585402, 35.99067089730248, 36.008514162360434, 36.02130987157922, 35.99083202064989, 35.999048254531424, 35.990677832641154, 36.02190062246265, 35.992019546015484, 36.009900709778925, 35.99877799285745, 36.02316579911612, 36.00232752319046, 36.030815252213245, 35.99596422645045, 36.01031175283096, 35.99083799733424, 36.03149039057505, 36.005076463902654, 36.02896129595502, 36.00058976204032, 36.030415839862656, 36.01932515086229, 36.01232576904067, 36.000810011392424, 36.020192631110966, 36.00427176816839, 36.00419509758102, 36.00834524205234, 36.02253483103257, 36.00765384607643, 36.005967827174786, 36.02676860826536, 35.99705929375292, 36.0157340275035, 36.029619616523114, 36.02938856662607, 36.009405193176555, 36.01460691474732, 35.99802278075098, 36.01868007000371, 36.0043434652774, 35.99423764170973, 36.02466182265162, 36.033582752811704, 36.01897318944682, 36.02522295462692, 35.99803619511829, 35.989785922859255, 36.02800258771179, 35.98975156782622, 35.99188600214504, 35.99891041489648, 36.02676555237214, 36.010689612451394, 36.00839059676583, 35.99328217558468, 35.996850898107, 35.989900812713486, 36.02501159853898, 35.989882954831444, 35.99214163263374, 36.01320354179007, 36.00253471854893, 35.99520523129706, 36.008881227874475, 35.99389521433833, 36.00487808704402, 36.0193554139484, 35.9896966784766, 36.006531771807175], [-115.16091840284693, -115.16054039705472, -115.1834445063913, -115.1909767719654, -115.16116334806802, -115.16508492915693, -115.19267297347726, -115.1801647182418, -115.15361083998427, -115.17003712619703, -115.14780098124996, -115.1981171995877, -115.17376909004466, -115.19395295476129, -115.1490044752054, -115.17601998154511, -115.1694407870311, -115.16749428023503, -115.18315641367876, -115.18183028282151, -115.17325761421313, -115.18299266824616, -115.1832481524216, -115.18886620429757, -115.17417092977067, -115.1797135806449, -115.18529777418796, -115.19661849887589, -115.15101620949041, -115.1531687552875, -115.15169394207778, -115.19772253085432, -115.16612212199271, -115.1469026678794, -115.16166555399911, -115.15866947258846, -115.18281761772651, -115.19264264958436, -115.16276076571084, -115.18762088685519, -115.20081943288363, -115.15845534110753, -115.1993843625746, -115.19837476432473, -115.19733014201934, -115.15015844933878, -115.17629712062464, -115.1742011674812, -115.19440514581575, -115.16755218961087, -115.18957988296843, -115.19341495805782, -115.17647071096557, -115.17931801896964, -115.17412855919969, -115.18077835034687, -115.19734454619818, -115.17017241186653, -115.15670761488353, -115.16421008360848, -115.18271031663195, -115.1663027417101, -115.17517074726139, -115.17784367627164, -115.19561993905508, -115.18370682988606, -115.18103664162746, -115.16721433006728, -115.1932711384943, -115.15782276201601, -115.19613514893518, -115.19064082820304, -115.18687480352557, -115.19195584408314, -115.16197670220019, -115.17838763105426, -115.15976291122132, -115.18799224670808, -115.16868223308722, -115.16676668207141, -115.19375294947837, -115.14819655002724, -115.16552908415701, -115.19461238473899, -115.1935349670069, -115.1823269505439, -115.1951220322674, -115.19740395718847, -115.18844837982793, -115.1668372150528, -115.1689814593388, -115.19185876275333, -115.18585530503249, -115.19328447173477, -115.15513337747592, -115.17108158151402, -115.15232393294555, -115.19258848977088, -115.16832127443197, -115.1755426054164, -115.16981812138043, -115.19772163551589, -115.1587631504689, -115.17211975524872, -115.1604902833452, -115.185159684891, -115.16629600597572, -115.18761511858008, -115.2020555925262, -115.18887163074592, -115.19606236795936, -115.19343317237535, -115.19521407694302, -115.15400859504685, -115.1832300347398, -115.19848772712935, -115.15317986828356, -115.15280925682659, -115.14900443218525, -115.17679383631452, -115.14867698329834, -115.18344475938933, -115.16543558714783, -115.15586854383622, -115.16974064968619, -115.20111683048023, -115.15897509050693, -115.20149646188449, -115.17797004557036, -115.14802275060987, -115.18743018494027, -115.18467200746603, -115.163571418226, -115.1662733675039, -115.17681260733016, -115.15731380826522, -115.18072268702643, -115.18002703319145, -115.16830232885945, -115.1987911087553, -115.17310978446282, -115.16297829459847, -115.16279792360584, -115.16362166814669, -115.16197628366976, -115.2011009621494, -115.16427038854556, -115.16755315295816, -115.19054801977954, -115.1700721708311, -115.16623928265136, -115.14873109100208, -115.19323802091668, -115.1690116145538, -115.19843340975584, -115.16028715262853, -115.18703977458486, -115.15952734344326, -115.17717388204127, -115.16126667726533, -115.18676230469609, -115.19972038856007, -115.15447350929675, -115.17821306474619, -115.1749447725202, -115.18395136872559]], "boundary": [[36.03389929292845, 36.03389929292845, 35.988832766127956, 35.988832766127956, 36.03389929292845], [-115.20227625262143, -115.14674898862611, -115.14674898862611, -115.20227625262143, -115.20227625262143]]}