{
    "boundary": [
        [
            40.78179426340025, 
            40.78179426340025, 
            40.736727736599754, 
            40.736727736599754, 
            40.78179426340025
        ], 
        [
            -74.01885012764349, 
            -73.9595518723565, 
            -73.9595518723565, 
            -74.01885012764349, 
            -74.01885012764349
        ]
    ], 
    "center_point": [
        40.759261, 
        -73.989201
    ], 
    "distances_to_center": [
        2428.754980141492, 
        1311.7045932151211, 
        1702.2894515914388, 
        1447.3488911178351, 
        1515.9141914414563, 
        785.2456427477914, 
        2476.9109616028604, 
        2140.2081365304116, 
        1058.9334886909958, 
        2456.561768969257, 
        1061.2081504981986, 
        2945.7603270890622, 
        1218.8667836562959, 
        2566.7709219828107, 
        1566.2263093821814, 
        1562.5858719164094, 
        2441.9160474097553, 
        2657.13189752227, 
        1937.0467039015377, 
        1357.6533572977658, 
        2092.326207253121, 
        1476.2379766579995, 
        2311.3706217210406, 
        451.3026718667336, 
        2722.221193582069, 
        1285.5272293588803, 
        1895.1439944521346, 
        1822.7885017825365, 
        2351.312718651326, 
        2475.5603358134963, 
        2875.008457535485, 
        2225.46565925952, 
        2302.4408851629296, 
        1461.5352892547785, 
        2676.448627366021, 
        2493.424491152523, 
        2781.429160216973, 
        770.833415094316, 
        2402.2012145754684, 
        2098.115241735288, 
        2557.3721428155027, 
        1433.9000574709107, 
        1357.1023291994977, 
        976.2041480953623, 
        3257.5340249158494, 
        2480.071401333588, 
        2356.6855227477736, 
        575.6780385058923, 
        2898.416891706464, 
        2399.6059655143704, 
        1692.6529545296814, 
        1883.8324438225754, 
        2135.68469675534, 
        2614.230812428385, 
        2589.616589404774, 
        1744.0815387889218, 
        1767.8758773116108, 
        2193.1583733030807, 
        2110.032428023618, 
        611.2624516024329, 
        214.00326417917447, 
        762.5705930319223, 
        882.0790768750232, 
        3040.203299855061, 
        3290.738008348272, 
        1195.6502925612372, 
        2496.298336938621, 
        1799.3300725749734, 
        1212.3416041496612, 
        2086.0997921423696, 
        2581.0725438762884, 
        2529.5065832925807, 
        1584.875807291354, 
        2624.950578280195, 
        2429.4789661422533, 
        1643.2740200039711, 
        2643.401797936475, 
        2102.1129021193456, 
        2370.5085545940165, 
        2571.105168492679, 
        2134.542423105955, 
        2127.0045279140263, 
        1294.1359699320176, 
        1966.3889121540522, 
        2498.4498681884083, 
        2032.5696872247065, 
        760.9387796882476, 
        2319.040301197062, 
        1302.8047600534817, 
        2648.6631348583664, 
        2502.8839910491774, 
        1205.5901027317639, 
        1736.0119498146473, 
        1929.6549259398394, 
        796.1950535974889, 
        945.6933284175458, 
        2192.1458247510504, 
        3268.8605137802656, 
        2271.18148827393, 
        2684.5828473642914, 
        2699.250201199887, 
        2703.633653249167, 
        2469.7961584624913, 
        2525.6226051314293, 
        1785.5695666992444, 
        2118.2660417286934, 
        1504.6397053924488, 
        1687.1459302791868, 
        1960.916265381909, 
        2492.6537472390505, 
        1217.364445044672, 
        2643.8116850500223, 
        1960.7563751496066, 
        463.15526597331274, 
        2328.2683671029067, 
        2289.2652256079014, 
        575.5889094313853, 
        2299.2504044637135, 
        1275.345911157468, 
        2091.7723030787392, 
        861.5907227165363, 
        1692.182683924875, 
        1258.9796130167008, 
        1721.3400916776593, 
        2681.251685654507, 
        1242.7412931889812, 
        2948.6290341833424, 
        819.2506202869107, 
        3021.6269402510948, 
        1522.18485851733, 
        919.7367823693722, 
        1443.2965895410023, 
        3304.6056715421655, 
        986.278006060388, 
        1170.0934250472542, 
        3272.305867416751, 
        1969.8881227504462, 
        1617.5371718994882, 
        2153.445282263374, 
        537.5212899616483, 
        1486.8204392660703, 
        788.971992445117, 
        3004.387066293963, 
        1639.1642252422375, 
        3020.3094478529874, 
        1315.7013154342478, 
        2255.5939092053086, 
        1951.7047941264984, 
        1381.5285502035613, 
        1042.003430775535, 
        1966.8612881793422, 
        1616.0019624537783, 
        1745.6036852352804, 
        2222.6359122527715, 
        1439.094388383208, 
        309.1796450235136, 
        2899.2861835796193, 
        2478.8243168988197, 
        976.7006300574665, 
        2682.363885156138, 
        1897.5535820507566, 
        763.0118399479471, 
        3171.8864541156554, 
        2412.4441807430585, 
        2157.3117302029186, 
        928.9034416020561
    ],