{"center_point": [40.759261, -73.989201], "sample_points": [[40.752473651882326, -73.98930754672011], [40.75179682389802, -73.97688496171351], [40.73818999422925, -73.97647733099205], [40.7620917624235, -73.99825194720451], [40.778264131222095, -73.96057724744662], [40.76645020714322, -74.01598449959567], [40.77697502034901, -73.99269673359397], [40.74354959474948, -73.99557777480108], [40.7490407158137, -73.99592682462439], [40.771614631825514, -74.01367583027438], [40.764305995043756, -73.98061683891214], [40.77275552235008, -73.98343651956607], [40.76996346806678, -74.01359269652791], [40.76180349929898, -73.99766654157936], [40.75758687431757, -74.01148646393447], [40.73736886110387, -73.96875393896377], [40.7662157978292, -73.96663289550484], [40.74365875290373, -73.98761919522126], [40.76613827346456, -73.9604952294991], [40.76802632027482, -73.97180479949958], [40.74728023565271, -73.97707553382881], [40.760524649164616, -74.00196214905093], [40.74308414645967, -73.97387725467344], [40.75650343243806, -73.98038988282212], [40.7448391813899, -73.97123269893947], [40.739038829131204, -73.9879820947222], [40.76757500601922, -73.98377704203868], [40.77213168439164, -74.01519248144625], [40.759858397200816, -73.9748918475722], [40.73915291576276, -73.99382858302378], [40.761371207672134, -73.99933211043609], [40.772790756091155, -74.01186153631255], [40.754208573180094, -73.98989826634825], [40.737635573113096, -73.98733916601392], [40.760235149027125, -73.98005615780352], [40.73707377537695, -73.9922331180597], [40.76052659203764, -73.96183311344585], [40.75149805204398, -73.98683257852308], [40.7702830750791, -73.97514732793726], [40.75135533843034, -74.0183082897299], [40.75726020294751, -73.97948612766122], [40.75331122730363, -73.96147632446396], [40.74053981151702, -73.97097166766049], [40.76084104109437, -73.98070316697998], [40.772510807345284, -73.96798050698506], [40.76131813847823, -73.9630062315017], [40.75436832662419, -74.00668176661941], [40.774741750914224, -73.96608061149045], [40.780965014357484, -73.99117850499897], [40.75959743279114, -74.01343147585759], [40.746238055619585, -73.99545217888007], [40.743344054607, -73.99407031260016], [40.75482051801206, -73.99488198640492], [40.751125625369475, -73.98228989919411], [40.7375631370386, -73.99308918789393], [40.76381071435813, -73.99747458638575], [40.76812704440045, -74.01520441167881], [40.75721561813681, -73.97989920259822], [40.756546580403125, -74.01581560377319], [40.7477191392605, -73.99462627585403], [40.76248685239948, -73.97608842663129], [40.74131122074638, -73.9793586181974], [40.776824463216165, -74.00319741948724], [40.75572403731254, -73.96949690878292], [40.770643354212204, -74.00507283772126], [40.76583420199925, -73.97472826252753], [40.76240225753788, -74.00271104065115], [40.76662486214567, -73.97594964404018], [40.76437803849516, -73.9708952723592], [40.75662992144199, -73.96222136023624], [40.739382957055874, -73.97220076599547], [40.7428037159614, -73.96037704243288], [40.7780338918941, -73.97541785306244], [40.76034731185529, -73.97331844823695], [40.74334297616332, -73.98600640852503], [40.74339812455907, -74.00077872666978], [40.780166979524154, -73.97700259095642], [40.77905006165402, -73.97792530638365], [40.772359833893, -73.96721518548064], [40.774255630134434, -73.98736069308863], [40.753917479186946, -73.99512796170187], [40.75613665994388, -73.97836264956526], [40.76934970034121, -73.99972800629921], [40.74102114303102, -74.00973089618033], [40.767214394559005, -73.97842538428777], [40.770849871051354, -73.98360394501817], [40.76136742299439, -73.98791155743564], [40.76935510629297, -73.97104926031638], [40.7474670885172, -74.01014985323499], [40.75105746239932, -74.0104635557625], [40.74272426013719, -73.99610897073133], [40.772963445287125, -73.99996928852275], [40.764170190885004, -73.98136840701771], [40.76860929638844, -73.96126260046623], [40.7677813110412, -73.96692131015838], [40.77028767157735, -74.01517264011814], [40.7791343371237, -73.99781963893301], [40.77180244593647, -73.98442389889003], [40.759935500576205, -73.98349480064968], [40.74940293717167, -74.01829015638582], [40.776558098985895, -73.96871994580272], [40.777943202288206, -73.96575995942547], [40.76603905808714, -74.01028666743481], [40.775188693433016, -74.01121095826171], [40.73988917167513, -73.99736620504768], [40.75155687508092, -74.00199547413176], [40.75713451701894, -73.98381310874171], [40.73711519711003, -73.97992218852637], [40.77955073769342, -73.95960239490228], [40.73893452481713, -74.00575345775685], [40.742152771783736, -73.98325151310821], [40.77700478345299, -73.99148630319847], [40.77306677408061, -74.01225187058544], [40.74023626692457, -73.96443925393834], [40.77965605269061, -73.97557572409066], [40.77253112969826, -74.01742413121455], [40.76685957865264, -73.99041347893714], [40.75570681501951, -73.9641943354029], [40.742172412075625, -74.00781404570242], [40.75734117695878, -74.00780100711445], [40.76240565107796, -73.97452685404878], [40.746779140285355, -73.98455583598326], [40.774067421419716, -73.98409251667829], [40.77741075730674, -73.97751348956493], [40.764941615566485, -73.98246885268385], [40.76032094850503, -73.96375857615213], [40.75674442416814, -73.98239006859892], [40.76017601202258, -74.0080393644516], [40.76755653950841, -73.9802871418291], [40.76731488863378, -73.96495767993646], [40.74152717495511, -73.98493979534567], [40.74792592514668, -73.99057164075334], [40.74139449422694, -73.98187626856723], [40.75529069862548, -73.96354555746443], [40.75820496450922, -73.99179727257068], [40.73685076272185, -73.97515177615868], [40.75730384314288, -74.00577804429044], [40.76129411045084, -74.01605084170768], [40.760718548415156, -73.99394536363415], [40.765067959187284, -73.98531715393275], [40.74453069953079, -73.96233526212765], [40.74449154523088, -74.0067930547693], [40.74463450268369, -74.01219232532772], [40.77609256441007, -73.99934791065226], [40.755399082482036, -74.0178056442273], [40.739734743479836, -74.0020779528695], [40.767728373028376, -74.00390675073443], [40.75268454226483, -73.98487026612464], [40.75607427415172, -74.00778535121688], [40.77306421987178, -74.00285276163757], [40.75269316756022, -74.00055352894536], [40.76630126110061, -73.97312915739256], [40.77653683856364, -74.002085299566], [40.74598616897, -73.99035669379913], [40.75831826063045, -73.96016018780492], [40.761261474202264, -74.00844050344374], [40.75935106547181, -73.9916228560344], [40.77247547775234, -74.01405137891358], [40.74575739470143, -74.0064058792468], [40.77163595034566, -73.98526630273058], [40.75844355676544, -74.01711959721196], [40.78105040106488, -73.96593878530786], [40.77159109203263, -73.97957799493962], [40.76110835012178, -73.99938815874513], [40.75423159835442, -74.01010790090889], [40.749245998939394, -73.98187353817013]], "boundary": [[40.78179426340025, 40.78179426340025, 40.736727736599754, 40.736727736599754, 40.78179426340025], [-74.01885012764349, -73.9595518723565, -73.9595518723565, -74.01885012764349, -74.01885012764349]],