{"center_point": [40.759261, -73.989201], "sample_points": [[40.77444470259972, 40.767643592837565, 40.77028697955165, 40.75933030704464, 40.75269052057295, 40.750990243011785, 40.74993120280998, 40.77990598290811, 40.7660694156783, 40.778225207682695, 40.741840062533804, 40.7453610457093, 40.76863070349106, 40.73804942436601, 40.74359455491389, 40.75778374816102, 40.75098648556651, 40.770799223471606, 40.74415843875307, 40.77532286198145, 40.7413985730244, 40.7750234771349, 40.77061374955288, 40.7400194957391, 40.75629191937814, 40.74928339346326, 40.7442825957178, 40.742144322277476, 40.769477102704734, 40.742341662621826, 40.76603038170873, 40.77197997530619, 40.7605350580551, 40.7645273481317, 40.74583502224704, 40.76432372020542, 40.780814581847146, 40.77188831780152, 40.7433159078153, 40.76006148375123, 40.73842612361271, 40.775396947274245, 40.775982500904426, 40.745374657684096, 40.752080550376256, 40.740401248117266, 40.74224479760711, 40.764197663365394, 40.75022491585181, 40.74740079770388, 40.76604427993418, 40.74825627408004, 40.74396009978594, 40.76909572104562, 40.77420114293675, 40.74584134843485, 40.76711613435653, 40.76429336337694, 40.78139727233895, 40.748275775130864, 40.74048074345222, 40.77623612347796, 40.74653633333347, 40.7372889822837, 40.756714961308546, 40.762068737802736, 40.75946142474844, 40.76204782364712, 40.76719596936908, 40.74367463740098, 40.77656657756636, 40.760202425243925, 40.77712010422507, 40.763357115009455, 40.74759046555899, 40.766244213557854, 40.76274456825967, 40.76610901131944, 40.7795472354434, 40.75746914523298, 40.747524971479535, 40.76950297046099, 40.76301288888187, 40.77250831830382, 40.73765533197011, 40.77567623172874, 40.753823727870476, 40.75221922432024, 40.73959502785425, 40.776959090857886, 40.75773438075177, 40.75783231003208, 40.760486839084244, 40.780867094300156, 40.773466745867466, 40.777033041610906, 40.74529381686406, 40.758556833392035, 40.767012052687726, 40.77504575834951, 40.76281113121514, 40.76592740264012, 40.74553795237832, 40.76638894804426, 40.756956796651934, 40.76880357465021, 40.75051420088017, 40.73787181546592, 40.77237474093915, 40.76457822899855, 40.74272825829499, 40.74049344840496, 40.74419684177805, 40.74927735075327, 40.757998313889686, 40.74578078594811, 40.77673839114401, 40.76305179799508, 40.75720637533686, 40.76126194247548, 40.75761030318041, 40.74873444274319, 40.75706090727351, 40.744859557367505, 40.73918030277276, 40.77303679594542, 40.75772024110573, 40.76631553722323, 40.74974206814906, 40.75036613904756, 40.75451032619391, 40.77507917141001, 40.76780312691552, 40.762585782659976, 40.775755206418566, 40.76143563856604, 40.781232259986204, 40.77852070221235, 40.742039411602214, 40.7603701132805, 40.774988423412374, 40.737097429255336, 40.760597548861355, 40.78149778066676, 40.757565466490405, 40.77134559090262, 40.750590133437605, 40.74236262481125, 40.76300732139322, 40.74709497529492, 40.76921939694114, 40.76671436147569, 40.741024543801124, 40.7671244818803, 40.77187380544496, 40.747397075327335, 40.75877726682714, 40.77428710425983, 40.781581346838514, 40.749725552843245, 40.73727199702141, 40.77997220799601, 40.73843553901148, 40.77068970875673, 40.75199196624603, 40.778813057770165], [-73.96792014113637, -73.99913502329406, -73.96211052116854, -74.00520671195156, -73.9689675913923, -74.0045334274563, -74.0116617690366, -74.00233708593373, -74.00800288864473, -73.99023244217481, -73.98012699182313, -74.01420986101405, -73.98864354278703, -73.97245372812264, -74.0125982590166, -74.00263836550039, -74.01694562871366, -74.01512013831109, -73.97577114773173, -73.98398637952776, -74.0034405224715, -73.96542337936033, -73.9929076795403, -73.96858103354913, -73.98899579854242, -73.98070629470647, -73.99907969252355, -73.98612612207987, -73.97130737791193, -73.98066081336293, -73.98929757441411, -73.97807232385307, -73.97741783597537, -73.97800462228923, -73.99958456345584, -73.97363282159232, -73.97704006689014, -73.97495944236154, -73.99842400377756, -73.96580635537833, -73.9822615458846, -73.97850497554698, -73.99729241998791, -74.01403729308771, -73.9963816082319, -73.97798507443859, -74.00926557900272, -74.01059910327865, -74.01694357267398, -73.97056729437641, -73.99410772111969, -73.98392745720793, -74.00992353666786, -73.96400727571036, -74.00040056249256, -73.98778643276664, -73.97972524771274, -73.97509626322389, -73.97955038790165, -73.99680665613589, -73.98945673663351, -74.00222034750509, -73.992416717765, -73.96214613930245, -73.98255416617458, -74.0154840715315, -73.99302542760444, -74.00301804919773, -73.98840064378403, -73.98939334552213, -73.99301041782357, -73.99630200264679, -74.01367555919424, -74.01284477389251, -74.00268573961053, -74.00565893588532, -73.9972436837012, -74.0089442377909, -73.99651241459603, -74.00571805830745, -73.95955487479031, -73.99494603050829, -73.96386970592431, -74.00610734968191, -74.01409931833557, -73.98964183530461, -74.0134406551844, -74.00419365468734, -74.00629804422998, -74.01740041106954, -74.01107343900036, -74.01725608089995, -73.96406911823038, -73.96785139796805, -73.96055622485015, -73.99922010011197, -73.96597634273242, -73.96100986763344, -73.9628093089406, -73.98444935202293, -73.98768151981379, -74.01798742949438, -73.99125873557773, -74.01061411154015, -73.96144832415655, -74.00137523746066, -73.97425556618201, -73.9951645652714, -73.99425080353866, -73.99328982350657, -73.96851462005709, -73.98541586521668, -73.97843840454675, -73.9868025975543, -73.9980112612936, -73.96964792532053, -73.96350512896866, -74.00076763051152, -73.97608844722434, -74.00731746594143, -73.99282212569611, -73.96115163958801, -73.96296141796074, -73.97754794804099, -73.98808326421334, -73.96436847591835, -73.96161822556243, -73.98398916813366, -73.99963842699152, -73.97671831240241, -74.01185435644685, -73.9625131638914, -73.99717924758413, -74.01702486760999, -73.98317693883104, -74.00537338282544, -74.01626229203809, -73.98098120260508, -73.96470304256533, -74.01474506769361, -73.9931402379818, -74.0080366900494, -73.97545739241208, -73.98811102729755, -73.96800556085893, -73.97911013881678, -73.96820341005147, -74.01237131158761, -73.97217843995398, -73.96191150741362, -73.97170583411688, -74.0044942121351, -73.98752687725306, -74.01745194265435, -73.9953904557741, -73.9916513791125, -73.98015253877054, -73.98655512627916, -73.96231884321836, -73.98506718240397, -73.98614125185395, -73.96464690471139, -73.96417087051361, -73.98305861555501, -73.96939285313684, -74.01281831184086]], "boundary": [[40.78179426340025, 40.78179426340025, 40.736727736599754, 40.736727736599754, 40.78179426340025], [-74.01885012764349, -73.9595518723565, -73.9595518723565, -74.01885012764349, -74.01885012764349]]}