{"center_point": [40.7612489, -73.9850761], "sample_points": [[40.778821174660884, 40.756910818030896, 40.74520143167739, 40.73911531612268, 40.75240666360299, 40.755421392763125, 40.75150320372441, 40.76838476058639, 40.77917369328737, 40.77391935257274, 40.74923131971937, 40.75164856181454, 40.76436592595395, 40.750219187461965, 40.751651010335664, 40.7514244872544, 40.77270989740365, 40.74098875651465, 40.751795403843914, 40.75392643121895, 40.761598641231025, 40.76670991984995, 40.77660809293364, 40.748940167660834, 40.76729663635617, 40.751576374564685, 40.75420970472484, 40.77081732466395, 40.777075582478716, 40.77922049099343, 40.762109273543416, 40.77480575132028, 40.739093578506726, 40.75225336793639, 40.73982614933, 40.770757315298795, 40.741534655484685, 40.755914320943766, 40.75129415297164, 40.74378063478901, 40.768722610843845, 40.78285177877009, 40.73914682052056, 40.75834222781624, 40.762069738924495, 40.77908085440771, 40.74263337908037, 40.777667230981166, 40.77256960719068, 40.7768719531938, 40.74281388819687, 40.751393519963685, 40.74440137647819, 40.746703615379545, 40.739278725958826, 40.76818215908412, 40.77109850112421, 40.77105721305459, 40.75931386945427, 40.74826465095654, 40.75516196307334, 40.7480389735615, 40.77053762781686, 40.75305469960389, 40.758864115808805, 40.775279115488615, 40.74595539965809, 40.75508054412755, 40.7660401838231, 40.776510145061934, 40.77023018421516, 40.77308394787793, 40.74872730772504, 40.771191798873076, 40.74371118260775, 40.75562271964969, 40.78167012840708, 40.74868032906595, 40.782960432642135, 40.7553089107851, 40.754315484619596, 40.77444683620491, 40.74743880169115, 40.74545897997247, 40.753637110208956, 40.75325600291186, 40.756222521424775, 40.75190820384031, 40.751128025423725, 40.76248793834533, 40.770367687759524, 40.75661728525934, 40.74134457718617, 40.773704812099474, 40.78339474222793, 40.78206656839754, 40.74762909919576, 40.76312517921169, 40.77795464147924, 40.77109436703433, 40.772882093033566, 40.77588611100926, 40.74610962023432, 40.770956358636404, 40.75732319073973, 40.75554066695803, 40.754045818011036, 40.77756675588072, 40.76451032725793, 40.76532596158638, 40.74213215370859, 40.76294349491447, 40.76220159361053, 40.76052625655522, 40.76313731242246, 40.76752569839737, 40.74308012067761, 40.7680452800773, 40.755446910733845, 40.772327882421244, 40.777262010046165, 40.77290900423832, 40.75878952206233, 40.76817343963332, 40.7467123165488, 40.77710108462116, 40.75489581403446, 40.76673453574463, 40.772226884253364, 40.760186006805654, 40.7690759159739, 40.77521315686838, 40.77882689657636, 40.76661781281345, 40.758455579110446, 40.775221264238624, 40.768007747641356, 40.74433281570335, 40.7679666897129, 40.748730268431714, 40.77311276460609, 40.746910658651196, 40.77692726863361, 40.744904913677594, 40.783323093044864, 40.75872348089827, 40.758935083221516, 40.74111182695127, 40.76871664087504, 40.75660765272739, 40.747411960199805, 40.750922343641015, 40.75631604733579, 40.74861161799539, 40.779550504281666, 40.75220456573414, 40.74290873405778, 40.75215303510342, 40.74497622982367, 40.77804779522034, 40.76859295499995, 40.75054179083864, 40.772541147486805, 40.762885935768395, 40.74233449782761, 40.781085323048615], [-73.96617444660524, -73.9987333595448, -73.99375781659175, -73.95951109294322, -73.97702659250429, -73.95900559958767, -74.00860953469292, -73.96918860288581, -74.00883789063533, -74.01185358409383, -73.99387163729216, -73.97741121832343, -73.96047882714834, -73.95840751706443, -73.97218804343409, -74.01279863749905, -73.9835616181915, -73.96854983111429, -73.97856936893054, -73.99587971460521, -73.97625658406898, -73.97190246094692, -74.01291353068191, -73.9595155416013, -73.98630628358953, -74.0035221032926, -73.99310804005869, -73.97802190554819, -74.00240655517322, -74.01404429313915, -73.96818117608298, -73.97438291840245, -73.96787374613642, -73.97872440839869, -74.01083157853955, -73.99733575953354, -73.98542846321467, -73.99958402236068, -74.00846074425168, -74.01039538366204, -74.00580140367468, -73.98586239745596, -73.98835339543852, -73.9926165073081, -74.00638863131694, -73.999960876744, -73.96365605573598, -73.9850015099689, -74.00986392145899, -73.97734828995752, -74.00326919494678, -74.00647378600115, -73.98831495726773, -73.9649900280043, -74.00588482140964, -73.96154199857824, -74.00136564982675, -73.95559882414487, -73.96056779996876, -73.97573744117462, -73.96759145605313, -74.01038143279483, -74.01061447229252, -73.96730445667826, -73.9798740269855, -73.98313736343324, -73.96798726139019, -73.97904252944392, -73.98009956914373, -74.01111843397462, -73.99642958333838, -74.01412749510546, -73.99019820453051, -73.97642722609463, -73.99068223232565, -73.99675961347276, -73.9933901863128, -73.96387614576575, -73.97934821856309, -74.00166030649332, -73.96863757831598, -73.96917444983035, -73.97233574159719, -73.993755342883, -74.00121850837289, -73.96050753466072, -73.99682452759987, -73.96433847017926, -73.98206323661265, -73.97321928896267, -73.97747695712762, -73.98219960266934, -73.98120468594882, -73.9639766700021, -73.97503210423639, -74.00115592018342, -73.97392703946204, -74.00651503198718, -73.97630470951017, -73.9729347487929, -74.00256803199589, -73.99828098674526, -73.96390104579594, -73.99494301428577, -73.99302757906439, -73.97875065601481, -74.00279873869233, -74.00714088486345, -74.0071653949162, -73.97377190228502, -74.00258131713147, -74.01038063550996, -73.9741007892994, -73.96077421385262, -74.00342606396147, -73.98950375135257, -73.95845320975772, -74.01052103335032, -74.00652838827051, -73.99296741776288, -73.98919310916885, -73.97070887573582, -73.9705263260839, -73.99330967110761, -73.99362199307403, -74.00814435358973, -73.98756566226103, -73.99829598270524, -74.00806159005717, -73.9752904139233, -73.981092856539, -73.99143024869711, -74.0053581831288, -73.96930627849486, -73.95743393740882, -73.99423344780713, -73.96145596383957, -73.98207398449767, -74.00267428827841, -73.98343296171632, -73.96089075118172, -73.98242169103267, -73.98885944200153, -73.96829968204496, -73.96440413444675, -73.99221674175132, -74.003066110256, -73.98739310681061, -74.00730257592215, -73.95704998664698, -73.97886093570767, -73.95672508489342, -73.96563587537057, -73.96263829910338, -74.00223104437173, -73.9942735315265, -73.9910383550458, -73.99061912936527, -73.99942923305929, -73.97802797244246, -73.96194237033717, -73.9796575848864, -73.97040762422486, -73.99647632893704, -74.00997777845987, -73.9583653204919]], "boundary": [[40.78378216340025, 40.78378216340025, 40.73871563659975, 40.73871563659975, 40.78378216340025], [-74.0147261143522, -73.95542608564779, -73.95542608564779, -74.0147261143522, -74.0147261143522]]}