{
    "boundary": [
        [
            40.78378216340025, 
            40.78378216340025, 
            40.73871563659975, 
            40.73871563659975, 
            40.78378216340025
        ], 
        [
            -74.0147261143522, 
            -73.95542608564779, 
            -73.95542608564779, 
            -74.0147261143522, 
            -74.0147261143522
        ]
    ], 
    "center_point": [
        40.7612489, 
        -73.9850761
    ], 
    "distances_to_center": [
        1828.9904406881567, 
        598.5675171817189, 
        817.3897492055314, 
        1013.9583118750996, 
        1169.6297800253872, 
        2124.448826574748, 
        2097.138646460174, 
        2438.2692696481486, 
        2878.660872451016, 
        2148.697968082022, 
        2999.1384601701175, 
        1149.3632194793797, 
        1785.1089542284112, 
        2685.9974061601074, 
        1935.7608439621392, 
        1974.7911452502206, 
        3133.8811999416203, 
        1697.1182814300869, 
        1320.2633455073178, 
        1920.6902069787498, 
        520.9618596693672, 
        644.5952437458683, 
        2243.903764363527, 
        1807.7754962081503, 
        1716.0349103712708, 
        2532.8596097021305, 
        2418.9867925526223, 
        1562.3368484604784, 
        1950.1991227298097, 
        618.8727958577286, 
        2489.777713587, 
        2087.5748513755793, 
        1199.9236711141266, 
        2585.3828219386737, 
        2110.4310938263206, 
        1995.024288739637, 
        1165.0352733549726, 
        1889.6174539883452, 
        2521.671796328867, 
        1930.4846029350608, 
        1036.8698539196716, 
        765.2926870769982, 
        2749.755979347536, 
        1660.7430465594132, 
        598.0536773207707, 
        2856.1520180728176, 
        2465.0915526775543, 
        1066.725219362963, 
        2521.2193980666207, 
        1671.8678792724852, 
        2275.7790975158223, 
        2646.3941951428865, 
        2375.4682796075767, 
        1779.9001993587533, 
        2424.7170424606343, 
        1173.6260335900145, 
        663.5106704414229, 
        2458.4031453025955, 
        2760.686762415358, 
        2953.263865152557, 
        1568.64590556624, 
        2226.2280142839854, 
        526.1397808001642, 
        1469.3443854797406, 
        2493.5360105588975, 
        1176.2996413726894, 
        2152.9718021395315, 
        2235.883391955882, 
        2064.2524148908433, 
        2168.602820294514, 
        2580.671701957831, 
        2654.94726408608, 
        632.4492475195966, 
        2123.385711826645, 
        2689.252676103187, 
        1868.570865414029, 
        2359.6518695502236, 
        1467.7895819353978, 
        2447.271878057071, 
        548.6518811563726, 
        2411.7250024519503, 
        2284.6535830687203, 
        2682.5642827172683, 
        1829.2037198873197, 
        1062.6549288086676, 
        2704.479619531244, 
        1452.3582179440925, 
        2223.165684277347, 
        1542.8300823657937, 
        1379.5252411812298, 
        1754.750704234142, 
        2518.731884549252, 
        1207.7612410333013, 
        2284.3899008642657, 
        1434.0364994130769, 
        787.372165606147, 
        2748.348092662149, 
        1734.6271869810578, 
        2146.0674856319038, 
        762.6968247848558, 
        3354.3068010869056, 
        2861.5549271391765, 
        2222.371223581701, 
        380.1309181053426, 
        1994.067423715448, 
        2478.741638634764, 
        2732.060827642247, 
        2098.769996063366, 
        2994.8714072461667, 
        2700.02230046207, 
        1957.2509027918225, 
        1667.8475443144212, 
        1919.7603361221193, 
        2072.687480176442, 
        1540.7635430415996, 
        1551.6992475432394, 
        1490.7014299119514, 
        8.850411015514785, 
        1311.9951467542921, 
        2621.4280653488327, 
        1284.765885101074, 
        2578.384486741844, 
        1913.5889225270498, 
        1267.6832553753934, 
        2777.4227824336285, 
        434.9089194967647, 
        1268.3217443453334, 
        1504.4263085575556, 
        1573.0121167793523, 
        1945.7519669748265, 
        2079.8553793264055, 
        1491.8264698832152, 
        1960.4138109784883, 
        1713.3546090260804, 
        1690.2376941943069, 
        2761.3406979741353, 
        1194.5767125825741, 
        1140.0931342863553, 
        2482.0474947938324, 
        2667.9737497246215, 
        2261.7943064617584, 
        2995.4703408765363, 
        3282.3246399060595, 
        1572.5747357346806, 
        2646.0006460925792, 
        2271.738978874724, 
        1474.0451689758504, 
        2507.8202922297605, 
        1269.1571665780377, 
        3172.924596993816, 
        3222.532528565597, 
        1852.103705797, 
        2621.518340400283, 
        2219.651496716344, 
        1978.203311400515, 
        1449.6049715336285, 
        1731.3886186697998, 
        2051.3271306528954, 
        2496.242168741138, 
        885.966427612543, 
        1530.3942926877794, 
        455.2113723307674, 
        2525.8106575010356, 
        2177.615024770626, 
        2333.27923617736, 
        658.599249117202
    ],