{"center_point": [32.7850366, -96.8082499], "sample_points": [[32.78116574547829, -96.79939146215108], [32.77922458770579, -96.79581613461804], [32.768763034517704, -96.78222183997096], [32.78323969704241, -96.78239779784462], [32.774363960818675, -96.81083030480012], [32.80436777734619, -96.80065746865849], [32.7828913742747, -96.82788348440606], [32.76824720365115, -96.83303561781237], [32.770972300089255, -96.80863127275813], [32.79380664391153, -96.82926624059063], [32.806075126999616, -96.81612554528495], [32.783768583154576, -96.80700653384301], [32.77986597037048, -96.80431510400497], [32.78872528705972, -96.83001134581603], [32.802046815454304, -96.80855730138853], [32.78642433171404, -96.82795450826701], [32.77715838626793, -96.81386461663405], [32.798608674059345, -96.78762454672284], [32.8008648541146, -96.8242817782043], [32.798682576964175, -96.79725585029811], [32.77739565812533, -96.8078616538044], [32.788862129920105, -96.7925824466506], [32.77736801963558, -96.78691551916069], [32.77996852907319, -96.83150430237991], [32.774528897273086, -96.82828395819652], [32.768400233527494, -96.78515048686403], [32.802542070609334, -96.8272203175395], [32.77428571900995, -96.81102949692796], [32.79899609017341, -96.82020009926845], [32.767136554697075, -96.81439067949682], [32.78328440459929, -96.82808564651101], [32.76286274477919, -96.81239628285034], [32.7710739776894, -96.8059723069734], [32.80394757952876, -96.82731754474594], [32.790426680439865, -96.79738195998063], [32.7917916918648, -96.788248991312], [32.78665244274996, -96.8243685303916], [32.7769821895944, -96.83373915025754], [32.804058397913465, -96.82684098019725], [32.77102079179454, -96.81977814995186], [32.79241097035905, -96.80057347574962], [32.77365602975027, -96.79786805301104], [32.77672367737922, -96.79480564541548], [32.78551668456647, -96.79571310263024], [32.804379437731825, -96.79273424488748], [32.76406140007958, -96.81611859809459], [32.78162512559974, -96.81367885194089], [32.80032285758957, -96.8113479516168], [32.78569084537931, -96.79692475928573], [32.767200150512885, -96.79634144184384], [32.80147605107391, -96.78274236883648], [32.80412964049265, -96.82267682831373], [32.80540704309492, -96.8225969127957], [32.77215804643134, -96.83020509824442], [32.772742274108516, -96.8186265888461], [32.77514464045719, -96.81526504982178], [32.78045720197378, -96.81969546060733], [32.77133484035223, -96.80960295956723], [32.76492613386522, -96.78955154674665], [32.781059640373506, -96.8224961806337], [32.76858147789636, -96.7869221435424], [32.77862028474246, -96.78327962847325], [32.785935950638006, -96.7985811963023], [32.794508343858226, -96.82517131090795], [32.770583873620744, -96.81301071365242], [32.781526039448515, -96.78346408494517], [32.76666236735934, -96.81411242785076], [32.80553850864894, -96.78584327225609], [32.7703336622398, -96.81764361290615], [32.78865870387298, -96.80912701774452], [32.79739491334348, -96.83398624885372], [32.783201196158835, -96.78798595619283], [32.7947703365276, -96.82842313430199], [32.80006462417104, -96.8347035095698], [32.793935117376925, -96.82503728289741], [32.79716829983298, -96.82830171611168], [32.77294491204774, -96.82910151022396], [32.78708761568576, -96.78280707701111], [32.789509610452356, -96.80473258873705], [32.7989050236135, -96.8093996249937], [32.79802642877139, -96.81342844644531], [32.785362311290314, -96.8040060864001], [32.771800645681644, -96.80629634193484], [32.789235970282796, -96.82346688585312], [32.80605153302909, -96.82364634920268], [32.7742224419955, -96.82768349095295], [32.78760719771385, -96.82613873769334], [32.79687085956517, -96.7891285778365], [32.79170773080297, -96.80750005025565], [32.79289748378007, -96.79124968380414], [32.78595875907994, -96.80878987251675], [32.79123440554188, -96.80796917959653], [32.78041313464752, -96.79778513539539], [32.80043543650252, -96.83321758091455], [32.770197623569565, -96.83427667770002], [32.79071789796379, -96.79117318460789], [32.78742635483326, -96.78182883123998], [32.791652412698916, -96.83216866535899], [32.7843422374296, -96.82028604440556], [32.772133408229855, -96.80082250962198], [32.80289099688394, -96.81332044598865], [32.80173534459616, -96.78784715871572], [32.8028270292628, -96.80175952278488], [32.803443273787465, -96.81245937948148], [32.772375534496874, -96.82243186511965], [32.76718535748134, -96.78491256142621], [32.784834458831895, -96.79892756518348], [32.78724151819243, -96.81543933985884], [32.77881389841752, -96.80676253239072], [32.78568294995766, -96.79143173129137], [32.79601450065412, -96.81939854510871], [32.792338740272356, -96.81895206822605], [32.79130441704562, -96.78589682056446], [32.80402735686957, -96.79652305450205], [32.77102604424594, -96.81593063212873], [32.78461607832638, -96.79747005446065], [32.80616930990928, -96.83149943922314], [32.805526117213226, -96.79637191891422], [32.79052508704456, -96.82384437050797], [32.790766982804406, -96.81242502782729], [32.78658907643842, -96.8114299282314], [32.77379053129411, -96.81272293316817], [32.780761260106694, -96.79255954986338], [32.803159160148915, -96.83102557694363], [32.774191364153786, -96.829338888482], [32.76716411602243, -96.82433618280292], [32.76461078622936, -96.79285242156438], [32.7747782490836, -96.79052974527674], [32.801986959094265, -96.82746263394908], [32.80634517076343, -96.82711708565044], [32.79041509563365, -96.82760683474469], [32.77200877331869, -96.82926678688652], [32.76361266497703, -96.8226128265903], [32.77553237319652, -96.81506414506657], [32.806185320755716, -96.80613704426604], [32.77617785178967, -96.82015031808164], [32.766875348906204, -96.82717768592703], [32.80148930460862, -96.82964947816238], [32.770679148780154, -96.82445630540374], [32.78143247157897, -96.81920263698217], [32.7692725849246, -96.81691618845812], [32.79684169980833, -96.7928045700603], [32.79091345833995, -96.8266926372939], [32.806124600660624, -96.78999422346762], [32.77008796481279, -96.79954849768278], [32.804476202005524, -96.79095497953782], [32.79165075450336, -96.80094962102454], [32.77589015692551, -96.78518098160028], [32.76546952404478, -96.82814229678822], [32.769540860476575, -96.78703995187064], [32.80715073926245, -96.79575416392315], [32.76975072865599, -96.78886049380746], [32.77604996128098, -96.79046895632486], [32.79704414394734, -96.78329661129125], [32.7735865735822, -96.80206634911525], [32.782507226352294, -96.79736710985925], [32.773142502599875, -96.78795484983709], [32.76406735451476, -96.80051832382907], [32.76531439927586, -96.82804000182874], [32.79263478367873, -96.8001496112935], [32.79057833211962, -96.81154245546432], [32.767453854517534, -96.81260553116587], [32.78954464416938, -96.81015463931568], [32.78902339293555, -96.78547879439948], [32.80391617519864, -96.80924121363182], [32.800502251692755, -96.82979457381897]], "boundary": [[32.807569863400246, 32.807569863400246, 32.76250333659975, 32.76250333659975, 32.807569863400246], [-96.83496311209035, -96.78153668790968, -96.78153668790968, -96.83496311209035, -96.83496311209035]],