{"center_point": [32.7850366, -96.8082499], "sample_points": [[32.77104275573395, 32.78349463485455, 32.77029567384015, 32.80288584255176, 32.7916946713408, 32.77595296237257, 32.77975810924359, 32.768284178004905, 32.778178473612506, 32.80090933131307, 32.7643425655023, 32.80155235582916, 32.777776781347285, 32.79900442685189, 32.806393480541644, 32.76706529552826, 32.77615990506785, 32.80299937151313, 32.79097367489064, 32.80624396069518, 32.79906461979626, 32.76391106430586, 32.800407736056954, 32.76815769617241, 32.77887005359657, 32.76463512532714, 32.77465903718875, 32.77862832917133, 32.772202294607254, 32.79377744409377, 32.80206086397054, 32.80166880268852, 32.794650805451084, 32.794779429299524, 32.76710847203819, 32.763533381203295, 32.807444962428136, 32.79100220401518, 32.796050416056836, 32.76766185333339, 32.76412585390062, 32.763816335721174, 32.804884811153165, 32.76722133524595, 32.7707510308629, 32.801869436609294, 32.77676677494203, 32.78766563600796, 32.783036640785326, 32.79891744060847, 32.7808711337774, 32.803009924466416, 32.78893975606017, 32.769777145675405, 32.800294705583646, 32.8070210339034, 32.77587573220101, 32.78129044680302, 32.76724455906794, 32.80330181462649, 32.78336078679542, 32.77468357807596, 32.78093327763944, 32.77073429653486, 32.764814867261535, 32.7664473487022, 32.804205011344834, 32.7980673512163, 32.77809548821971, 32.78400140927828, 32.7912805296907, 32.77547208783507, 32.79779838740983, 32.791931194550834, 32.76312448796406, 32.8016606549672, 32.76721541561508, 32.770276884893875, 32.79971288034704, 32.78769823772869, 32.791740335795325, 32.77822041282425, 32.78887102283328, 32.79443293057823, 32.80365738989884, 32.806304252754416, 32.8041475947369, 32.78575346220004, 32.77655371642254, 32.774036219855816, 32.795470215125775, 32.76629780472181, 32.79305082294116, 32.78001346000375, 32.775228624595805, 32.769107276465846, 32.765330931509844, 32.76431016002786, 32.79518937371602, 32.77507848390161, 32.80010887462902, 32.78482470649785, 32.774496255380576, 32.79066596537141, 32.76737634210928, 32.7818452112086, 32.79202131963035, 32.774252184050034, 32.76780725403111, 32.79942993339359, 32.79695476686432, 32.78760595289602, 32.80321651057614, 32.80280761137123, 32.7950323755832, 32.78527981677025, 32.79435786578748, 32.793285443742334, 32.79245060438247, 32.78201259600853, 32.76328004336823, 32.797033832971735, 32.796654039827345, 32.803841831048935, 32.79873318547109, 32.80732414646179, 32.76646561640416, 32.78361930439976, 32.79620677166927, 32.77798935770534, 32.800268605253905, 32.76739277811187, 32.788786082148356, 32.785799531059624, 32.80634985729615, 32.77485082909805, 32.77358524106896, 32.80407645425737, 32.78024703409331, 32.78558315914604, 32.773661950759994, 32.774136099386794, 32.8022057599358, 32.763487054943695, 32.765626306204005, 32.802131029641245, 32.788230877217345, 32.80646477790069, 32.78975539527444, 32.76730046122398, 32.764550563588216, 32.77731994735305, 32.79056467557158, 32.784959154345245, 32.764862897243205, 32.79861157985811, 32.771361218210515, 32.78030775296778, 32.799985639698534, 32.80308165001185, 32.77923037621935, 32.7725860924051, 32.77183234836066, 32.763717031184655, 32.77918607352635, 32.76792754178187], [-96.79020754399713, -96.80471802536577, -96.80741123113381, -96.78386524569146, -96.81454933514124, -96.7999989168276, -96.78472118564807, -96.81375064861386, -96.82847248631282, -96.78609927579393, -96.78674622626917, -96.80505481415518, -96.81140466410312, -96.78380899690148, -96.82342276294015, -96.8284579132987, -96.81063381952444, -96.8007034815894, -96.7880496834932, -96.79229822835647, -96.82722652577922, -96.83051518276751, -96.79025536907254, -96.8183554637189, -96.78924738216087, -96.79105504288798, -96.79518175605081, -96.81164663469372, -96.79392196414886, -96.80920899357527, -96.81735833553402, -96.78973429250851, -96.80536026109166, -96.82473733996851, -96.8157677428166, -96.83124300308154, -96.80909446605355, -96.80975889469902, -96.825626877004, -96.82359859349688, -96.8301830354313, -96.83383554066015, -96.81874140167413, -96.82414825130634, -96.79433885838577, -96.78925191934296, -96.79252063503108, -96.80169116862842, -96.80097824966725, -96.79097376091742, -96.79010625571134, -96.81184208319539, -96.78432512985442, -96.7870866595155, -96.80065596440244, -96.8224161292417, -96.7929800575399, -96.80512718689158, -96.78284626750292, -96.83080309150087, -96.80355415082047, -96.81431698823631, -96.79071831148242, -96.80077321763493, -96.78532644248111, -96.8177361406779, -96.81842844292815, -96.82865772094036, -96.82447062264492, -96.83465461411157, -96.80325107481163, -96.80255292667799, -96.82737635217016, -96.81133945346696, -96.8188287707834, -96.79236304343057, -96.81619976885199, -96.79505937915538, -96.81854994462871, -96.78937491437641, -96.80488620516591, -96.7901959698561, -96.81430938912342, -96.8335609660007, -96.8279863365628, -96.8061098103032, -96.78407601215918, -96.82904701540212, -96.80989738054002, -96.79139935567423, -96.82008717396876, -96.81599593184195, -96.7865372555713, -96.82282379826658, -96.78851454589974, -96.82911252421266, -96.82636397179533, -96.82407347677375, -96.83235881988847, -96.79195307379895, -96.82218536082824, -96.81063945820628, -96.80600924053283, -96.8302909434381, -96.79370946875498, -96.82399475706394, -96.79278898694508, -96.80741925830984, -96.8319335952662, -96.78286663833045, -96.83008873394355, -96.80814866733257, -96.83341129255447, -96.83357916869129, -96.7996436546366, -96.82133878981568, -96.80010835446721, -96.78901603507482, -96.8009282438115, -96.78970424256381, -96.78553628250894, -96.8327055356537, -96.79192473600152, -96.82686082427058, -96.80899309989105, -96.78255512859924, -96.82290107666148, -96.81159520825346, -96.80077421272227, -96.81351983324238, -96.83493144659674, -96.82283229037685, -96.81428449916116, -96.79526143522523, -96.81080070720878, -96.79941006783311, -96.83363910423162, -96.80408599815924, -96.81779477433892, -96.79757589292885, -96.82853329909271, -96.81971606942652, -96.80898447980069, -96.80572199112008, -96.82697232064216, -96.78509136920239, -96.81547513531963, -96.82352083156398, -96.79785140994201, -96.83310408229747, -96.80312615176886, -96.80261034045614, -96.7983330875396, -96.82460618632608, -96.79019124900927, -96.83307766363943, -96.7841537921505, -96.81186005348516, -96.79480779045379, -96.83107929087852, -96.82712264117451, -96.80656557797035, -96.8139779889365, -96.8214647148414, -96.80858643164619, -96.79850153749685]], "boundary": [[32.807569863400246, 32.807569863400246, 32.76250333659975, 32.76250333659975, 32.807569863400246], [-96.83496311209035, -96.78153668790968, -96.78153668790968, -96.83496311209035, -96.83496311209035]]}