{"center_point": [38.96139461926523, -119.93997661376955], "sample_points": [[38.95256988093926, 38.96562008646907, 38.97109728971904, 38.97609819776417, 38.98004276068395, 38.944201579210784, 38.943748326746565, 38.93933743643847, 38.96057192026537, 38.95247252293463, 38.95291416899301, 38.9592142440216, 38.98162032563926, 38.95139867150453, 38.97224859300465, 38.972479916212045, 38.9766738582528, 38.97106364827602, 38.94013495301767, 38.97478228657845, 38.9702549441442, 38.9419909639014, 38.974201270349035, 38.981793258385466, 38.964499032004085, 38.940139006251016, 38.97261022997306, 38.983265385337894, 38.93943541601938, 38.968975234120364, 38.9506591113738, 38.94286346277516, 38.95467978894455, 38.93952511737469, 38.979136022090074, 38.968931051351326, 38.97759471864494, 38.972044453540754, 38.944001147759685, 38.97179777672785, 38.958420946913286, 38.953515916304134, 38.97491256114365, 38.958776247756845, 38.9645971795108, 38.960134780752185, 38.967727636180456, 38.95766072758945, 38.95704490830533, 38.97955091002768, 38.963444962910785, 38.980167774778074, 38.943423459894774, 38.98069290413588, 38.945858179432264, 38.940577948364435, 38.94707501062388, 38.959859133016586, 38.95302340979043, 38.93981758079489, 38.97141802032737, 38.94830598415741, 38.95785456957415, 38.966090591492026, 38.9712252043633, 38.95002049964779, 38.97570380076341, 38.94986562345043, 38.978474787017475, 38.94903070205317, 38.980917615456555, 38.95519948148774, 38.95797116857782, 38.94175615943082, 38.9611743215212, 38.940929879511565, 38.96408441329036, 38.981082580842454, 38.98349538210053, 38.95583424859355, 38.964413449717284, 38.97323320484348, 38.94057701889582, 38.962629187813796, 38.97943118345275, 38.94996181729236, 38.95776779041538, 38.951838482204934, 38.94656802867146, 38.952750258889516, 38.960302558999885, 38.98217517701915, 38.940524271991336, 38.97739398588272, 38.941270551941976, 38.94256622037427, 38.97920485895259, 38.95264477905256, 38.94220731060761, 38.94041285264052, 38.95226720475794, 38.9426767393254, 38.953632409217974, 38.942405615533026, 38.97849288093342, 38.95843421904097, 38.97455199880561, 38.94555134667394, 38.97413114356293, 38.97909766209382, 38.94615262305286, 38.978480272979546, 38.98287004400687, 38.977507302153775, 38.96656978807496, 38.94757284517081, 38.94060619458301, 38.94056113088362, 38.97526290282807, 38.96954581103289, 38.979183862805144, 38.95777667359734, 38.95146347716572, 38.974325889270546, 38.956269244054184, 38.96799205545991, 38.96327198643055, 38.978708587182105, 38.939007109940476, 38.96127001453905, 38.98312831556619, 38.97702115564918, 38.94025508853818, 38.975335114354756, 38.97375004271337, 38.96559249646813, 38.969699413256755, 38.94706348403771, 38.979721576595985, 38.94460476051433, 38.9441405191475, 38.946440930808244, 38.97900133536627, 38.96572085361627, 38.97182242633475, 38.96626184949753, 38.94923894935113, 38.95991409108827, 38.97704688112184, 38.94432138334537, 38.97098452484824, 38.98344011827179, 38.96451137659846, 38.942174412946805, 38.965507437225455, 38.97011582947565, 38.972253910342374, 38.94994442853342, 38.97476009285827, 38.9536680090562, 38.94351565076029, 38.970748399363835, 38.94434915661296, 38.95343324096686, 38.95237465795228, 38.96684795734633], [-119.96693693049303, -119.9495551504773, -119.93627278962342, -119.91495448351884, -119.96542963900393, -119.91261770497387, -119.92548497733128, -119.91362592648292, -119.93016239400465, -119.91522931723948, -119.92560343509052, -119.91397274803928, -119.93184403023523, -119.94926526485479, -119.91111435774287, -119.91332759156909, -119.93024726358777, -119.94621359763687, -119.95398055513976, -119.94795993541467, -119.9257303308666, -119.92573588074494, -119.96312955750113, -119.94918323907171, -119.93693760363527, -119.92838690629408, -119.95340597147604, -119.95999495390281, -119.95893522410572, -119.92402376144597, -119.93882063700192, -119.91775720355702, -119.95149451176673, -119.91307871387987, -119.91490922373893, -119.94047763717305, -119.93665799367739, -119.93109392783975, -119.9311778262436, -119.92087187264508, -119.9546527245026, -119.94520015423298, -119.92266197049035, -119.92719910654937, -119.95212862947493, -119.93348176335402, -119.96673710189049, -119.914423032736, -119.95140191930037, -119.91988378720878, -119.95928672440266, -119.95817413814828, -119.9171415132975, -119.96257942040617, -119.93100163637281, -119.94182546596036, -119.91877782508128, -119.95239420015497, -119.94759478327704, -119.92069766731545, -119.96690727055136, -119.9668896615866, -119.9490318018452, -119.92134096185188, -119.91538579095342, -119.92860169727511, -119.9236584548563, -119.96070589589503, -119.92914945212905, -119.95851877834, -119.94475497938018, -119.93399118721337, -119.93805697781883, -119.94893756025749, -119.9596604878037, -119.96305685248754, -119.94556789890807, -119.95611958199113, -119.94210074087829, -119.95460814881116, -119.93761433103255, -119.96859585154347, -119.96111358173316, -119.96248424415553, -119.9136503117202, -119.91838355670306, -119.96045170260592, -119.95723323530139, -119.94685880725028, -119.9559044055351, -119.9135994984385, -119.92006274711224, -119.96053936321373, -119.91861445720177, -119.96185173901331, -119.93793542860371, -119.95015028373977, -119.95054194398278, -119.96643408697506, -119.92207079292383, -119.93257661014646, -119.96778542483231, -119.96429547008171, -119.93362704045214, -119.92213941432884, -119.91265993305275, -119.95667504810142, -119.93155850148304, -119.95333056594545, -119.96220520951422, -119.94612299517088, -119.92376726900633, -119.92604094684546, -119.95323149793661, -119.96213371530361, -119.91184615842778, -119.96820223023916, -119.95306947536183, -119.92146342121971, -119.91601251158943, -119.92678482427712, -119.94138971601421, -119.92853141801926, -119.95008657237749, -119.96380865458059, -119.95133186664587, -119.93324094764094, -119.95898627331165, -119.93933337050713, -119.9286389261026, -119.91378346826762, -119.92719060700709, -119.94569151090587, -119.92992678954084, -119.92401806149246, -119.92114302673778, -119.94532315592988, -119.94922556326459, -119.9238224515527, -119.9441402572179, -119.92615753301699, -119.95505385133565, -119.96563003683146, -119.94109098253867, -119.93840504175995, -119.92084690211904, -119.9672184017212, -119.95611666027168, -119.961550842002, -119.93066482419165, -119.92567289651437, -119.91194677983815, -119.9220444607323, -119.96690324658162, -119.9373887773187, -119.91498573977333, -119.96858331950135, -119.93261726361814, -119.91191427216059, -119.96015026069679, -119.94187644009341, -119.94964652219, -119.92716478683577, -119.93634351923762, -119.95960202369095, -119.93875049423839]], "boundary": [[38.983927882665476, 38.983927882665476, 38.93886135586498, 38.93886135586498, 38.983927882665476], [-119.96885892367625, -119.91109430386282, -119.91109430386282, -119.96885892367625, -119.96885892367625]]}