{"center_point": [36.095563, -115.175836], "sample_points": [[36.07446705387939, 36.07867791155416, 36.08574972131028, 36.10400556286741, 36.0927380905278, 36.07705166957294, 36.11202739218747, 36.073430769246286, 36.08573997673086, 36.099414359885145, 36.10169628716455, 36.097489866494676, 36.11693947724897, 36.112190839674916, 36.108660720703284, 36.078585634982794, 36.110449006536854, 36.100369718887706, 36.110730278796964, 36.10619463042406, 36.10893907677443, 36.10586057997993, 36.085986410634746, 36.112929671191566, 36.104239709189635, 36.08834724458828, 36.07894815297325, 36.09632339697472, 36.07677759870616, 36.086928028847694, 36.11152274251435, 36.11254768489668, 36.078285690835926, 36.08282855737148, 36.113388738629666, 36.09223701848676, 36.09758996627043, 36.09349514165888, 36.11677633836624, 36.07395095553043, 36.084429518274725, 36.10159390007663, 36.105286749230416, 36.085733267829944, 36.10554320879844, 36.094278794476836, 36.09965730814618, 36.08185911472587, 36.11502217373813, 36.114907276140634, 36.07954360903709, 36.07435478968276, 36.09489256678969, 36.10961149659848, 36.09677466335683, 36.083473460904926, 36.10217931170467, 36.078117435677555, 36.10353949382114, 36.0879218534042, 36.08208425023907, 36.11203028864165, 36.112851784443635, 36.074642948355596, 36.07989611911868, 36.09529651796382, 36.09612891216197, 36.11204208833887, 36.1039071110905, 36.08943898705808, 36.10005794315032, 36.09016335438035, 36.10762932425141, 36.07829299887463, 36.10132791014384, 36.09409787375474, 36.1065946718071, 36.07712158389914, 36.0819224621083, 36.0824101203371, 36.108927709777866, 36.09877735120701, 36.11333013329093, 36.1009919675075, 36.108396136535156, 36.107565335235776, 36.11222756027499, 36.098122057726314, 36.11234314068229, 36.074201261749884, 36.09890268613226, 36.09771235766914, 36.11352410044795, 36.090469454116686, 36.10398086030151, 36.08948368903726, 36.07862317254776, 36.11039160127706, 36.09171203485416, 36.09639763619312, 36.107534903365064, 36.07834618203624, 36.107677072465776, 36.11657162258206, 36.1066799596296, 36.07656319773644, 36.08449369605664, 36.10035978985236, 36.097819578178175, 36.09546289777331, 36.09346878132107, 36.10864585231774, 36.10044057962975, 36.088108078465666, 36.10783384180897, 36.10581670837573, 36.09751079054395, 36.107672100620505, 36.0960332101739, 36.10244125139509, 36.10206949505319, 36.074182358450244, 36.0758906509516, 36.096920978292445, 36.115852474975064, 36.095810537950314, 36.102310549527104, 36.08430813035987, 36.09669018132866, 36.095123974263, 36.10042678592772, 36.076277502916376, 36.11644006870566, 36.10912490540727, 36.07386747630807, 36.0921303503034, 36.08215738806776, 36.10177035799084, 36.10247992623286, 36.09062555801211, 36.07668009799239, 36.075962156310275, 36.091503984993004, 36.10877436359082, 36.086710006232025, 36.11415349386686, 36.096897089631845, 36.10532950972693, 36.08993250980042, 36.07465765051266, 36.104620752129435, 36.09204845016767, 36.111499787601986, 36.08479171408144, 36.108003230292915, 36.10122758772074, 36.091447584522875, 36.0891543909706, 36.08368219274656, 36.11753397526818, 36.083286366817674, 36.08359888477695, 36.11423578686686, 36.084604037500284, 36.115420234860665, 36.09834416668768], [-115.16445540067011, -115.17556690419373, -115.19534403361993, -115.17334281229768, -115.18731135895598, -115.17937236546628, -115.15112915400209, -115.16212673130993, -115.1555746767312, -115.15524845803748, -115.16503988072179, -115.16917121026505, -115.19621596323654, -115.18375913315131, -115.18127141730562, -115.15937037652749, -115.19062346702152, -115.20337892906518, -115.17561759238647, -115.17762498923356, -115.17937158483088, -115.18034216127523, -115.15770597352046, -115.17693627525868, -115.19799428301685, -115.18960996257951, -115.19851599481123, -115.19293467087358, -115.17502764855166, -115.14935558959733, -115.2021825932226, -115.16062721955063, -115.165334157749, -115.18577353162547, -115.16321167846276, -115.18818337778355, -115.16776535592832, -115.1930822412095, -115.2034216976686, -115.16093156030556, -115.1554988257042, -115.19471252515768, -115.15572896507237, -115.19731183071671, -115.19098524531213, -115.15599839723228, -115.18751553515189, -115.20133030717021, -115.15147276022033, -115.16478899155724, -115.19523337340496, -115.14839154863033, -115.19059992723172, -115.17025291666116, -115.16455567686215, -115.19289198736725, -115.20163852884318, -115.20362372614923, -115.18369983495076, -115.18634861184309, -115.1618721126486, -115.17241691188866, -115.17985771804457, -115.15026481740577, -115.16473797450506, -115.16924409501445, -115.15725912884868, -115.17168267519433, -115.18968631079825, -115.18486493050035, -115.19773823136306, -115.15488744072555, -115.19714861669924, -115.19319152927955, -115.19400485234137, -115.18419730711435, -115.19166384122502, -115.17876399996183, -115.1995726810717, -115.15154324151744, -115.15281548409476, -115.16756929347905, -115.15531265943623, -115.16857210503385, -115.17009010423335, -115.17379487642111, -115.16314946436485, -115.19788953912794, -115.20092987808823, -115.15175511630218, -115.1762967047235, -115.14967730477716, -115.16882865456733, -115.1527739000386, -115.16096393731333, -115.18831410710085, -115.17619347368795, -115.1762405527648, -115.18658855292216, -115.19250401686868, -115.15324378397958, -115.17730662070176, -115.19329622073137, -115.18965664097946, -115.15534702150056, -115.16390415117247, -115.1637702937365, -115.15624857465436, -115.15768434561004, -115.19346421129275, -115.16780576601334, -115.19211717915452, -115.15320363232291, -115.18572567513836, -115.19848036102597, -115.15077800844676, -115.163114530849, -115.16519798155092, -115.19448601608757, -115.18068206446965, -115.15013405226968, -115.20196204590376, -115.16848410932182, -115.14818774309155, -115.17408645534299, -115.15988339321706, -115.15744128588886, -115.15873687481547, -115.16628865393113, -115.15786199842671, -115.17233042732622, -115.15092011044231, -115.15980988848035, -115.20196366868642, -115.16179591821079, -115.17238697094068, -115.18433792364769, -115.19223629417189, -115.16421064265883, -115.1962516460382, -115.18864567445391, -115.19086637291424, -115.1855121133548, -115.15414899671921, -115.15233978370046, -115.18113558590755, -115.1956382298262, -115.18833718067687, -115.19677150843007, -115.17119563302714, -115.16937478787908, -115.1910175733785, -115.17958197035173, -115.17464952208516, -115.14835296636818, -115.20087751934557, -115.19565801271962, -115.18390853188083, -115.1748149559642, -115.17253562572874, -115.16410730223559, -115.18053479212163, -115.1560775268434, -115.16408091229236, -115.19274882331877, -115.19419955381088]], "boundary": [[36.11809626340025, 36.11809626340025, 36.07302973659975, 36.07302973659975, 36.11809626340025], [-115.20362934835346, -115.14804265164655, -115.14804265164655, -115.20362934835346, -115.20362934835346]]}