{
    "boundary": [
        [
            36.11809626340025, 
            36.11809626340025, 
            36.07302973659975, 
            36.07302973659975, 
            36.11809626340025
        ], 
        [
            -115.20362934835346, 
            -115.14804265164655, 
            -115.14804265164655, 
            -115.20362934835346, 
            -115.20362934835346
        ]
    ], 
    "center_point": [
        36.095563, 
        -115.175836
    ], 
    "distances_to_center": [
        2228.5564889852208, 
        124.16273420772987, 
        2414.244439056076, 
        3083.0167618120313, 
        2307.157545060486, 
        1779.0195174099413, 
        2342.6670816541646, 
        1508.3952507903416, 
        2664.385533920335, 
        1579.6210002557268, 
        2049.56544525499, 
        2309.9117111578153, 
        775.653126821949, 
        1703.6871478599335, 
        2909.3582917342355, 
        567.3413268369208, 
        2090.8077493289406, 
        857.3342235247109, 
        2427.1930309108825, 
        2278.253613755174, 
        2570.152502554259, 
        1622.896954571907, 
        1669.137120457554, 
        1725.0655166033218, 
        1911.5778557665578, 
        2517.9010380912973, 
        2270.332779140216, 
        1509.0302209722472, 
        2389.0213723441057, 
        2182.104193849869, 
        1752.6827124784195, 
        1448.6603128597776, 
        2441.343601856745, 
        2113.1733997740675, 
        839.5046185555591, 
        2085.198515221855, 
        2612.6278855783585, 
        621.0211608802045, 
        1774.4337372468065, 
        2969.9196588201016, 
        1349.6272754471404, 
        1323.169503745747, 
        1762.0740705099674, 
        3246.4158398406585, 
        1535.6228632122265, 
        1169.4236196571492, 
        2441.835827708797, 
        898.1169245783566, 
        2704.3489479477803, 
        758.4397697904496, 
        1383.60632862523, 
        1530.3876078609883, 
        2015.8785044825297, 
        2302.027165977308, 
        966.6136222837815, 
        773.0982036052425, 
        3102.4270029032728, 
        2476.86140184808, 
        2344.795721554529, 
        843.6479128081853, 
        2685.87526865984, 
        978.8003534097128, 
        2009.0734831095585, 
        1721.691515823437, 
        2322.110206850995, 
        1611.84419784023, 
        2272.6075659942126, 
        1347.6673342944373, 
        1975.9887311119899, 
        1600.3735482353675, 
        101.28819519811185, 
        3055.242217705808, 
        1929.7662421469565, 
        2730.6949774072723, 
        2139.1205217466086, 
        1674.9807003459462, 
        1857.437443099145, 
        1095.6987002472858, 
        1517.0797599995046, 
        1214.4934214402172, 
        2250.5505475098894, 
        2793.022456922666, 
        455.9092920624332, 
        2145.7974281631114, 
        1948.8755146988556, 
        2058.996204872124, 
        1465.730744664078, 
        1328.3095575712778, 
        1919.4052857665365, 
        1253.5741165372556, 
        2751.796088235271, 
        2921.371035022305, 
        1033.4298431099835, 
        1667.6430339970893, 
        2122.105712146779, 
        1799.9721261611567, 
        1909.1346839805542, 
        2630.058202476434, 
        1677.6231235821697, 
        3149.5594972093977, 
        854.9755588926859, 
        277.0093578978679, 
        1814.991453802609, 
        1635.5075572362869, 
        1643.3670725656739, 
        321.4966633887135, 
        2214.207495816413, 
        1775.9649956423355, 
        1489.00488127818, 
        2025.623660635933, 
        1512.517174766902, 
        2158.498031961785, 
        1693.0674561130108, 
        2878.8618675228795, 
        2306.0135555596944, 
        2340.9657639298107, 
        1190.5542667646241, 
        2450.996642469937, 
        1494.499838686844, 
        2394.2219073696137, 
        1105.148404148678, 
        1993.250691380583, 
        2401.0956877850917, 
        1394.6259615074912, 
        713.2892624133324, 
        1597.257077029669, 
        2818.5687593916014, 
        1319.382927768984, 
        1786.9607052777847, 
        2977.8839053752517, 
        1461.4651427767287, 
        604.3038654272161, 
        2672.1542436740788, 
        2465.383180847147, 
        744.9570478612839, 
        1638.5944638387807, 
        1815.652983209846, 
        1948.5048511608074, 
        2491.963348470781, 
        2223.661436269811, 
        2780.247750452233, 
        1334.5782390734016, 
        1145.2478281778008, 
        2265.5983388029126, 
        2429.477288390226, 
        834.0234926354178, 
        1305.8607738630715, 
        1773.1164819540006, 
        2895.371757465823, 
        2347.7042045729627, 
        136.59645143391128, 
        2990.6238346283844, 
        2548.064863127678, 
        2412.6763448973447, 
        3253.9237022370194, 
        2116.5663019814906, 
        1068.3035785830662, 
        2391.3000003417555, 
        1628.3575726386052, 
        792.1719204014605, 
        1088.7664318571199, 
        1303.8861335044487, 
        292.6965583730829, 
        1812.1519519506187, 
        2652.892634299023, 
        2632.551015094447
    ],