{"center_point": [35.239898, -80.8452815], "sample_points": [[35.23779673559567, 35.22460564134157, 35.219149308881896, 35.226631118221476, 35.23023875151049, 35.22751629347172, 35.22920803403718, 35.230282408212545, 35.25004818192878, 35.2287959834472, 35.24346731613059, 35.24729841304852, 35.233505731822106, 35.23215911810702, 35.23849047521097, 35.239644480215496, 35.25205140834247, 35.22554624595183, 35.2537085870236, 35.2258906843241, 35.245597957337495, 35.25373267134115, 35.22767997767813, 35.26083972692006, 35.25889810920709, 35.24377690635029, 35.23094578048067, 35.227340390147475, 35.2450234647266, 35.26212795490841, 35.24765832795431, 35.25234808353944, 35.228692693305966, 35.25733770164265, 35.25215871967242, 35.26038479352325, 35.24773517584863, 35.25252897965575, 35.23213236092206, 35.23661866438992, 35.25724685444391, 35.22330436312309, 35.24394540873624, 35.218756856925424, 35.227498562088485, 35.254798331123546, 35.25292747995587, 35.24124893730725, 35.23361131659526, 35.23735026694576, 35.249494346975005, 35.249584389043456, 35.23080278366139, 35.25559506001708, 35.22067495536644, 35.25868975357274, 35.250969645480936, 35.23140648233175, 35.259641473540505, 35.25990698805656, 35.25079155539968, 35.23789039938795, 35.231492484957144, 35.237480952050824, 35.26137092380782, 35.24600829439121, 35.23220326396521, 35.24787936355838, 35.22757465675048, 35.234413310608346, 35.253079399114355, 35.22884038440464, 35.246111284166744, 35.23768266641729, 35.24184858086092, 35.235566114936645, 35.25026156809489, 35.225474765146814, 35.25847161061912, 35.24284684605992, 35.262428442240655, 35.22486415894229, 35.2331144735198, 35.241909881366716, 35.255722923452645, 35.23686290472393, 35.24696230626575, 35.239993646512126, 35.241157122156075, 35.24870025736912, 35.245444441281826, 35.24097669687074, 35.243108465362376, 35.26108028600873, 35.223270815800646, 35.26178361771489, 35.23363325872922, 35.22641465399592, 35.255234258970624, 35.25976199121629, 35.22459791899903, 35.22014229081913, 35.254795396623564, 35.22438906255581, 35.253134683560006, 35.24444361128221, 35.24057685102442, 35.259678955246486, 35.22266934856539, 35.24257078833097, 35.23232968662735, 35.22081602917658, 35.24657193913901, 35.22315307369548, 35.241390644901514, 35.221621876004384, 35.217775686536115, 35.22971587375161, 35.25388481793075, 35.24591941445876, 35.2371087144729, 35.24868725294665, 35.218854805942605, 35.22000192267182, 35.22644942394699, 35.26018400233926, 35.24992274479799, 35.22137205442249, 35.218127297703745, 35.24099507742487, 35.25722842691241, 35.242551009987416, 35.237110625858186, 35.249290207903904, 35.24513316090082, 35.25828814317089, 35.260955996085805, 35.230823154646785, 35.24254156891683, 35.26091982942974, 35.24110561716609, 35.24711309778216, 35.21945093609645, 35.25424762856163, 35.255831535162066, 35.22507019780437, 35.234738161974455, 35.24398174887037, 35.235441532811585, 35.260959603210104, 35.246153239633216, 35.26110480967922, 35.22026254115172, 35.261194150268764, 35.2427751078174, 35.24509075670657, 35.259885347026234, 35.245597371186896, 35.225773606335736, 35.237186371735326, 35.245605328727805, 35.23867415650568, 35.22032535401036, 35.22885305282634, 35.22860621549713, 35.23436147801166], [-80.84687594957647, -80.82058997374115, -80.84507753705402, -80.83489060737784, -80.86531558775538, -80.85126945302756, -80.83310443050449, -80.86153325815872, -80.83800501241835, -80.85172052569486, -80.8578971630751, -80.84868249848036, -80.8447525982021, -80.86881787050402, -80.82959780973697, -80.83029596844976, -80.84355972946189, -80.85809640107817, -80.85505465598987, -80.82729265553454, -80.8447829204343, -80.85939094812925, -80.8532212318932, -80.8231290792056, -80.85954046042875, -80.8551570674084, -80.84065458667094, -80.84200251444807, -80.82952432463559, -80.82491606858538, -80.85984973666734, -80.85724535663854, -80.86473721452337, -80.84004999090794, -80.82660393566991, -80.85803368149203, -80.83383970423696, -80.84645385891002, -80.86798902275665, -80.87051411694962, -80.84409163065347, -80.85617291656405, -80.86088454870276, -80.84343955645805, -80.86537956910189, -80.83308564882473, -80.83294312168175, -80.84960929595785, -80.86662301688177, -80.86847846812458, -80.84970277797356, -80.8719177189111, -80.82611006185306, -80.85261294218749, -80.86345151672326, -80.8365921766353, -80.83880972399359, -80.83309902121981, -80.82100452623092, -80.86219398666755, -80.8536587079764, -80.82420319743615, -80.82625992615205, -80.84677789362287, -80.85441235443369, -80.81894562085165, -80.81828888334883, -80.83874825520135, -80.81957032973165, -80.8712815658729, -80.8583599280875, -80.85692910727786, -80.81789761385525, -80.85274619724731, -80.82440018935003, -80.87061250738823, -80.85374518218518, -80.83973640857818, -80.87276604213406, -80.84140762909031, -80.86281503632227, -80.83578599605455, -80.86227580272494, -80.86998384032162, -80.83587869251728, -80.83544026887016, -80.86399461409701, -80.84596091342011, -80.83795802003098, -80.85715190658468, -80.83897574343811, -80.859594088525, -80.83402427319389, -80.8623175369776, -80.86116578929403, -80.84606073496596, -80.84893377855322, -80.81959072181408, -80.84671531566079, -80.8708013585793, -80.86057659217174, -80.84309641799396, -80.84429806570668, -80.83065639794873, -80.81821814588815, -80.81786209476148, -80.82348219374389, -80.84620735961727, -80.85823960215343, -80.86039328793723, -80.83785533435372, -80.8278633030352, -80.81928074729555, -80.82199920868739, -80.84275842130603, -80.8223615339006, -80.84553684368413, -80.84879565055363, -80.84733632612534, -80.85381344239133, -80.85252866266082, -80.82583968180971, -80.83886510844646, -80.87037337235306, -80.85850964209092, -80.86329158085583, -80.82486660021517, -80.83754661046008, -80.82495611587453, -80.83695360949197, -80.82272802400409, -80.83111528483191, -80.85536080703545, -80.86614347223257, -80.83607286864554, -80.84964027217674, -80.84901121255025, -80.86507143744123, -80.82751396036119, -80.8537393730792, -80.82633600013844, -80.8273472934408, -80.84354046692474, -80.84151084561658, -80.84322484531091, -80.85833503424895, -80.83422026310393, -80.82845892166466, -80.85043088424015, -80.83972838289327, -80.82134014646412, -80.86838455826098, -80.83351147084649, -80.82087671692285, -80.84763951014871, -80.84642988816636, -80.82343720747271, -80.84396699603023, -80.82945665966737, -80.84534711005952, -80.86800813420253, -80.85572985782689, -80.82280971036646, -80.86296837029634, -80.85147042398731, -80.82975843789231]], "boundary": [[35.262431263400245, 35.262431263400245, 35.21736473659975, 35.21736473659975, 35.262431263400245], [-80.87277852674329, -80.81778447325671, -80.81778447325671, -80.87277852674329, -80.87277852674329]]}