{
    "boundary": [
        [
            35.262431263400245, 
            35.262431263400245, 
            35.21736473659975, 
            35.21736473659975, 
            35.262431263400245
        ], 
        [
            -80.87277852674329, 
            -80.81778447325671, 
            -80.81778447325671, 
            -80.87277852674329, 
            -80.87277852674329
        ]
    ], 
    "center_point": [
        35.239898, 
        -80.8452815
    ], 
    "distances_to_center": [
        2987.962888803322, 
        2054.11788569241, 
        2119.7991015892135, 
        740.3827449757517, 
        2270.783345896013, 
        2335.8277925230996, 
        898.862074155817, 
        1768.5704506063153, 
        1973.779883009931, 
        3156.0083533379807, 
        2257.004964147846, 
        1225.8788690946753, 
        2287.57822461433, 
        1939.5887166232062, 
        1719.7427634348012, 
        1799.4453719356131, 
        2453.0596226904922, 
        813.8975283711183, 
        1549.1864278912599, 
        2047.5601032730854, 
        659.1547103903026, 
        477.698772432809, 
        2371.242724838925, 
        2539.077767162639, 
        1533.0043331579407, 
        2633.2114292685883, 
        1420.4582146753971, 
        1315.1497481364552, 
        1031.2949601638147, 
        2603.4972755887416, 
        2487.5463552942183, 
        1989.2241264309664, 
        3199.7345282289707, 
        1918.385730862854, 
        2612.5802299060333, 
        1337.0545969873815, 
        2691.2025810279542, 
        988.9780359469921, 
        1226.143323257967, 
        778.2154635651218, 
        1523.8472567458007, 
        3171.504962075831, 
        1394.0686896210063, 
        2082.2079993296543, 
        2675.8822213028834, 
        2512.4889100406476, 
        2441.46384499818, 
        1606.9719409615911, 
        780.9602183928187, 
        393.83634191820045, 
        2883.3229621652313, 
        2197.097761386814, 
        1999.7679329814334, 
        1435.0556170534492, 
        2900.486263698051, 
        1540.3471978432265, 
        1696.4241424701404, 
        2002.5185943438855, 
        2783.416902285336, 
        3311.173399574013, 
        990.5101396739501, 
        3006.46284545105, 
        2723.1265035267375, 
        375.0350097116108, 
        2083.7989897949515, 
        2623.6201555083753, 
        3331.507892741317, 
        1304.0505709054723, 
        1063.7134349548717, 
        1520.6731478226434, 
        405.3454254035482, 
        2162.7514619474655, 
        3140.509480893992, 
        2289.6253351582936, 
        2079.8745267644913, 
        1349.7408200939035, 
        2907.4112397067797, 
        2916.2891040573277, 
        1853.1990973965906, 
        3033.39888071437, 
        1100.516281033876, 
        1866.7648253240498, 
        2703.9080277790163, 
        2524.4274012761234, 
        1748.240283543316, 
        1973.5366352402746, 
        533.1932416292179, 
        1822.6053184535995, 
        2127.233182619628, 
        2420.6683551495453, 
        1891.1481775343098, 
        1776.4126969426886, 
        2371.518711976059, 
        2170.7997826158817, 
        1500.4109775452744, 
        786.1013027493227, 
        2505.309900723908, 
        3376.9264168308855, 
        2003.2278513118129, 
        1619.5183858191142, 
        962.3158803538778, 
        1145.9682093086628, 
        3061.0561248855024, 
        2469.7877383314135, 
        2175.394521365346, 
        1063.3919811466496, 
        1869.6831181009495, 
        1620.543643902426, 
        2108.763054800658, 
        1959.2548186365498, 
        1836.5218415233198, 
        1618.1357275516025, 
        1695.3098135762734, 
        1785.1266731696537, 
        549.5043796812574, 
        599.9787114320043, 
        2041.4320487744453, 
        2503.7563562699365, 
        1591.127041469671, 
        561.9493084690098, 
        3202.5775780533418, 
        563.7651161784432, 
        2945.7065360225897, 
        1461.6551038502569, 
        664.2202017028822, 
        2044.4949416790053, 
        2528.4714437412035, 
        1749.5283494188595, 
        1766.613011630448, 
        1137.7109691343062, 
        2110.068134731395, 
        2469.1437626449087, 
        2832.7357470364814, 
        988.3056090222, 
        2465.94682301554, 
        1608.6189904919431, 
        2759.6151975876132, 
        1809.9578451129262, 
        1290.0823691992941, 
        2751.2311027288233, 
        2737.2354989278356, 
        2400.5823931045643, 
        1784.3313177285806, 
        2474.62558015936, 
        2877.0618766326406, 
        1620.1504614010214, 
        2396.2972623699425, 
        2834.1191543979626, 
        1823.185631560877, 
        2618.3978660350967, 
        1628.9604217967462, 
        1239.4030860939874, 
        2787.8984021346732, 
        2769.4646532716656, 
        2233.824225162407, 
        1671.8088259999354, 
        2028.5873050801472, 
        2216.6976132996706, 
        2502.7281535452043, 
        1809.3816175944573, 
        1680.6512213447745, 
        1289.8265577675522, 
        2318.783858795202, 
        2911.4111888986845, 
        764.5728104646282, 
        1116.4127183378675
    ],