{"center_point": [35.239898, -80.8452815], "sample_points": [[35.257158311506096, -80.83964661108051], [35.25689254338172, -80.84454082534386], [35.25011621438937, -80.84351507601389], [35.2540000588624, -80.85979562359357], [35.24897246573744, -80.83411397499097], [35.222864066985, -80.82579500837005], [35.23572762809504, -80.82846628054239], [35.23110795083791, -80.82565411847082], [35.25812538079782, -80.8347116730116], [35.24047203607102, -80.836248688786], [35.21762271217836, -80.83364400846774], [35.261453328752175, -80.86822758828025], [35.26029058394479, -80.84986685625094], [35.22858217547417, -80.8440490164042], [35.24783537066376, -80.85538095320759], [35.21852329254401, -80.87029783664866], [35.22814886745125, -80.82787838357379], [35.262342639476834, -80.86837938768889], [35.24564649029371, -80.85873990956564], [35.259085400131276, -80.82971591093931], [35.22872257859145, -80.82799238805522], [35.26089215158899, -80.8371590772276], [35.242587363162556, -80.86533682229127], [35.219392855044, -80.82814873586591], [35.2594576186181, -80.83852923197175], [35.240879977025955, -80.83011218559511], [35.226947322770705, -80.84762477003511], [35.21902035341415, -80.86577398364541], [35.22336670343917, -80.87011410199712], [35.259844046380344, -80.8234651629986], [35.2523650586453, -80.86869869095021], [35.2481836254198, -80.86685984903812], [35.22395995668322, -80.83556410282539], [35.25168908675407, -80.84914793913714], [35.23897428634652, -80.84731196392035], [35.24034515162805, -80.8720643741046], [35.232524639779186, -80.84385370255634], [35.240332947884575, -80.82137533257328], [35.2453251765638, -80.85198697196863], [35.23938263185524, -80.86617066479435], [35.243293154321265, -80.86352467904005], [35.23429561360187, -80.86398784693759], [35.25166780542078, -80.83700245696578], [35.25319408957498, -80.8521075777738], [35.25097899555757, -80.82687193556178], [35.24389996737368, -80.85674997161948], [35.22782051246325, -80.85308070874663], [35.24285649409232, -80.87187015853392], [35.22866654175588, -80.82250629451454], [35.2624249896297, -80.81925506406498], [35.23063010261822, -80.86718830268974], [35.24850393736343, -80.82705195845098], [35.21799644994006, -80.83624787935008], [35.21903889337403, -80.84998413530768], [35.223216700277334, -80.86698691770408], [35.227191122784944, -80.83470804635938], [35.22009347399094, -80.82920543748769], [35.24368523293336, -80.86434261688967], [35.221823311552946, -80.82756723143551], [35.248138608500895, -80.8413667825618], [35.234156585040346, -80.83516509382102], [35.22063238559514, -80.83986919209714], [35.23393682622644, -80.82747047583231], [35.245650338136784, -80.86423979552997], [35.24338631552672, -80.8473098327217], [35.233258077919736, -80.84711524721897], [35.239101442758525, -80.82453718865668], [35.23112473640191, -80.8727322025778], [35.23451600528989, -80.82099849189282], [35.22431789177579, -80.86019056631953], [35.23469134121866, -80.8537043867255], [35.257573309411256, -80.84383560409218], [35.233765372027264, -80.86416336354031], [35.23128676791031, -80.83059089475245], [35.22167854559362, -80.83168241128308], [35.237099421753456, -80.82745453083832], [35.222624117179436, -80.86860481155708], [35.232892750310185, -80.82455676441168], [35.22541137665297, -80.83833481017834], [35.24481504415807, -80.86262786789221], [35.22390977837041, -80.83297417484248], [35.229268110110226, -80.82893037808446], [35.25251862204603, -80.86990343380297], [35.22206373814968, -80.82851509486099], [35.25195576588703, -80.8562886355814], [35.260597955306686, -80.85259868093338], [35.24363783343773, -80.8560908385866], [35.24518470988918, -80.86088726834925], [35.2188713578931, -80.82777541279074], [35.22958649709815, -80.87274011549911], [35.24312104851728, -80.81952506346934], [35.24037270921608, -80.86139514219305], [35.21803964843398, -80.830521445135], [35.22532360726874, -80.83635995071619], [35.22662820468517, -80.84330483711966], [35.257590521584504, -80.85632536219671], [35.23742639699309, -80.84290041867236], [35.22258574431294, -80.82828523511401], [35.25064749528959, -80.8234427015641], [35.23023514876948, -80.8574600072246], [35.2470437996048, -80.83795966534234], [35.25131861040726, -80.8288312786956], [35.246034731079824, -80.81815774142213], [35.224052450102526, -80.84396698711988], [35.230783645091954, -80.82319593675858], [35.22083280679239, -80.86602996513722], [35.2238019129344, -80.8374519988791], [35.22937400893911, -80.83035789464333], [35.24993770993087, -80.8461965665342], [35.222989770698234, -80.84336184049606], [35.23230458280936, -80.82559625493118], [35.224599042321785, -80.85378471526775], [35.243762573685, -80.83050463185235], [35.24485124487421, -80.83811600133423], [35.261129304015064, -80.85140258938014], [35.2208755657658, -80.8568945540634], [35.24836603241614, -80.86693058528384], [35.25278974415307, -80.82516454631653], [35.22226780057709, -80.8613931033006], [35.226869495608014, -80.86708691909467], [35.25306754237702, -80.87170431939498], [35.23363502194159, -80.82900585345958], [35.235446507687904, -80.8583916606724], [35.25000173925895, -80.84764493565172], [35.23938792875643, -80.82364222051551], [35.23452193493536, -80.85015706576944], [35.254815263112434, -80.8650982444058], [35.261536173291645, -80.86022699614041], [35.23335113050681, -80.86119551815153], [35.25402825526972, -80.82851143121124], [35.2351143875857, -80.81894899120611], [35.223948882444034, -80.85971239572014], [35.22342172157512, -80.84416511229098], [35.2494764257827, -80.83636127887118], [35.22787377645584, -80.84116969180842], [35.238554576532216, -80.83193302012684], [35.25319472758037, -80.84682739994878], [35.220687517570546, -80.84358785509397], [35.24034993044044, -80.82231344884673], [35.25518168145874, -80.8312849911433], [35.23467399416497, -80.82599713041716], [35.25185459403857, -80.85595671716541], [35.24137692057119, -80.83982370921004], [35.232853432795906, -80.85048326968968], [35.21906000157352, -80.84481687368624], [35.24037538713557, -80.85936991643113], [35.242376461910816, -80.82486983473396], [35.220257263005884, -80.85199431540882], [35.25417353711155, -80.82119223208294], [35.25594729483809, -80.85832744497887], [35.22813610691117, -80.82843533804325], [35.222547404042935, -80.84956816030518], [35.23091294784974, -80.85902457454618], [35.245467483368415, -80.82296348590685], [35.2499358055354, -80.82878384926013], [35.228121151097604, -80.85180842875802], [35.24057515393685, -80.85022810347179], [35.24580111558754, -80.87179821094325], [35.229369062070056, -80.84075829662528], [35.23801030778932, -80.8319627669239], [35.21811607646553, -80.8556119787894], [35.2528176693137, -80.84244629859172], [35.23960110943895, -80.84297307874128], [35.238727108302875, -80.8203374765499], [35.242086998612024, -80.83689285495066], [35.236541901875555, -80.8480708603]], "boundary": [[35.262431263400245, 35.262431263400245, 35.21736473659975, 35.21736473659975, 35.262431263400245], [-80.87277852674329, -80.81778447325671, -80.81778447325671, -80.87277852674329, -80.87277852674329]],