{"center_point": [40.8086228, -77.8555358], "sample_points": [[40.8125319942365, 40.81837403472667, 40.82187847086827, 40.807539408686196, 40.78675846196688, 40.80071178089647, 40.79107413857837, 40.788744314610966, 40.79882807552826, 40.807286090594864, 40.793741315891694, 40.81439607492173, 40.82218707530293, 40.80010253097264, 40.81805855731007, 40.80064515751337, 40.81383845262813, 40.81932291353311, 40.82393073776664, 40.80540273068321, 40.817134865464986, 40.81112131869849, 40.82358650869591, 40.824750686539346, 40.7995227325358, 40.79071296813873, 40.79698576655476, 40.82369906941121, 40.83012679533496, 40.8141799548117, 40.791888664986374, 40.81732887073851, 40.787638486094764, 40.793336415575546, 40.806749303461295, 40.815149250172404, 40.78748972143242, 40.821845816767706, 40.81155298536686, 40.80957366275966, 40.80205565484168, 40.82255340787957, 40.81677255648554, 40.81578422084822, 40.81412330226616, 40.789487098980445, 40.82300526518845, 40.78713860945447, 40.810521813377285, 40.79030509296094, 40.80265384002941, 40.814402078830966, 40.80929818338073, 40.796484944632276, 40.82957103682546, 40.7900068682336, 40.82065419108601, 40.82605961722402, 40.816590844082874, 40.82505163210483, 40.80318723913118, 40.8208474904413, 40.78706058178454, 40.795267013870074, 40.82354438527956, 40.81516284066401, 40.827043862028674, 40.78811867105981, 40.82310464565798, 40.79889485524916, 40.81371157219397, 40.80564315651237, 40.800456912746604, 40.790429231327586, 40.822093174928455, 40.8065542530379, 40.80307338338295, 40.8183919862404, 40.80654957572017, 40.80323412704165, 40.80039752587614, 40.826932225295764, 40.80792626084268, 40.80281411335724, 40.81023296887259, 40.81142836659817, 40.80129268609563, 40.79816530963966, 40.797262363988715, 40.790084349628046, 40.811665846588966, 40.81205305715187, 40.79453202854477, 40.817877809840546, 40.80456052040643, 40.817719894857255, 40.819484438818876, 40.807761293765296, 40.79761759829655, 40.79863201459914, 40.80449561675648, 40.826222051916105, 40.79740693219264, 40.79509629562217, 40.823641288145836, 40.81777491593782, 40.81981292914044, 40.826444840438704, 40.798215124510186, 40.818720687278876, 40.79707549517026, 40.79331529228064, 40.81935488261706, 40.7959208231276, 40.8229793981728, 40.82460526506616, 40.798230480658226, 40.80608921102336, 40.83071775073345, 40.79898213662911, 40.80237522399786, 40.82649926159028, 40.79193966455068, 40.808670379069724, 40.828810490588936, 40.82863821346215, 40.827358862844854, 40.79035664403399, 40.79061660048899, 40.79743637975175, 40.804398644791036, 40.80232561356975, 40.788125382932364, 40.82424923112521, 40.79458510740605, 40.81369269600619, 40.81304342342179, 40.80069066679453, 40.81987145704212, 40.79446456200999, 40.82164610251984, 40.80805037246266, 40.806644739590894, 40.831034560100605, 40.823147336554314, 40.819665632491756, 40.810712511796574, 40.78620356175563, 40.80516095946692, 40.80126990752122, 40.817601063127405, 40.805469386394776, 40.79058135219314, 40.812512832836944, 40.8129446955614, 40.824649467710806, 40.793712776644, 40.82169632769138, 40.817878932633874, 40.81925866343181, 40.815490097671095, 40.79916546913615, 40.818362949741804, 40.825622948911764, 40.80838457463038, 40.795513863035005], [-77.8277914349675, -77.86457121914871, -77.8505980376365, -77.82914875147765, -77.87504537355197, -77.86136532497825, -77.82993666468225, -77.83382433157522, -77.82932455440967, -77.867245783723, -77.84459445724917, -77.83880124993473, -77.85515318951747, -77.86895243048512, -77.86607866204726, -77.84797278085564, -77.82834436902594, -77.83008769874984, -77.84189571160476, -77.85103740216547, -77.87313200186072, -77.86614739329994, -77.87629042887458, -77.85319263163292, -77.85081020780996, -77.87221558099792, -77.84199831806522, -77.84092069173846, -77.8433126768948, -77.88010339307873, -77.85173047969379, -77.86707680894082, -77.85079751313133, -77.87263097925556, -77.85307334661428, -77.86344551702061, -77.8598101835833, -77.85079242456939, -77.87973808691748, -77.86827338456061, -77.87432290730162, -77.83536844893949, -77.85864169755182, -77.87338861027821, -77.88013290115154, -77.87557553018006, -77.86694189691269, -77.87032350560571, -77.83004586988018, -77.82881706754554, -77.85526176089454, -77.85120435906002, -77.8497046727426, -77.88035807815591, -77.87942846561758, -77.85158002817545, -77.82962596858168, -77.85003721028988, -77.8480687933356, -77.82690206812352, -77.87879102586699, -77.8584317656159, -77.87700240266008, -77.83854374567119, -77.86612265170518, -77.86777452716446, -77.83486894650203, -77.84520783552655, -77.86759095766372, -77.85496339250439, -77.84446274185409, -77.8835923523877, -77.88227935326728, -77.88190232883407, -77.87803493561309, -77.83460186298852, -77.85861142452463, -77.8348491925052, -77.883653165249, -77.8681007768589, -77.84385089362272, -77.84944119700566, -77.85048044060395, -77.84564714981447, -77.87300472519195, -77.84423500515497, -77.86050560766405, -77.83472512547317, -77.873745161667, -77.84103663751796, -77.87806225370937, -77.85391153419478, -77.8692490997817, -77.85243440153566, -77.8797433472825, -77.88030815874468, -77.84785729741625, -77.86706474787138, -77.87210859289208, -77.83775437880858, -77.85643519632308, -77.82606513648916, -77.85966309683977, -77.84890805355374, -77.83101363315087, -77.84047840755582, -77.87086663847518, -77.82655858757776, -77.82595163482415, -77.85388208316395, -77.84431778608767, -77.83093332026014, -77.88159094110678, -77.87397525449788, -77.8767632987534, -77.84179228071157, -77.85235171051066, -77.87756247652067, -77.84820421428056, -77.88496247983666, -77.86308344560382, -77.86554733249741, -77.84957831039725, -77.849300457291, -77.87636837508099, -77.87467365409464, -77.85062344357613, -77.86052636853512, -77.86605063051954, -77.88426475279664, -77.88478272327278, -77.85401003815605, -77.86367732614038, -77.86607905212516, -77.82620575138192, -77.85261826016135, -77.84007484856001, -77.85601104159583, -77.85817690209103, -77.85603056955956, -77.87127530625119, -77.86411029810552, -77.8527036584871, -77.8819982640796, -77.82887840462021, -77.88372721840437, -77.88289921573828, -77.87017380346914, -77.87496672551765, -77.8405988194683, -77.84746918051985, -77.82665809824522, -77.8687051600752, -77.85636548923823, -77.88005650976409, -77.86808721234719, -77.88008055952238, -77.87680137777319, -77.88172212840168, -77.88164495993409, -77.85928370684748, -77.87404078590485, -77.88399966769956, -77.85160013798036, -77.84088631887545, -77.8297849542093]], "boundary": [[40.83115606340025, 40.83115606340025, 40.786089536599754, 40.786089536599754, 40.83115606340025], [-77.88520697189806, -77.82586462810195, -77.82586462810195, -77.88520697189806, -77.88520697189806]]}