{"center_point": [40.8086228, -77.8555358], "sample_points": [[40.81250851247419, -77.87375085780113], [40.82368521667122, -77.83812659909994], [40.80084313902515, -77.8663467288638], [40.80755773795023, -77.83422943099053], [40.79023465083432, -77.86935005872725], [40.8207107304736, -77.87369588332466], [40.80380834214397, -77.87581137990958], [40.82513813666324, -77.82814478753292], [40.82647252552795, -77.87756816721289], [40.79583022061786, -77.86776307806042], [40.82236593127515, -77.84663851102344], [40.79962773933695, -77.88096716603643], [40.79717224914358, -77.84191759356459], [40.82926477691729, -77.87024452284952], [40.79829253528706, -77.87260099620632], [40.808346698049, -77.83177523366005], [40.83028122048881, -77.86728021348193], [40.8175456251744, -77.86250765888325], [40.8081633772125, -77.84186992665668], [40.819062899789756, -77.83369710115113], [40.78868692545628, -77.88244206285572], [40.78727186107523, -77.84985825889808], [40.79672825452655, -77.84648830559702], [40.81389054395984, -77.85866298429588], [40.8117965976177, -77.84788449519749], [40.792473205233165, -77.82839015459113], [40.797679676211224, -77.83908405634959], [40.80853509174223, -77.87348318564895], [40.79385879306213, -77.86405237820543], [40.82487901926051, -77.85864319595724], [40.819940521151544, -77.84243131991477], [40.81721539575084, -77.8259117510971], [40.79252196557629, -77.85516412676671], [40.8001417858452, -77.85971828874749], [40.81201445793515, -77.87702608345533], [40.81657766986977, -77.86934327345355], [40.829952379284194, -77.88374453367727], [40.801822253023204, -77.85642084557709], [40.81510628086264, -77.88304951567261], [40.7895896763066, -77.85403277778211], [40.79887790935213, -77.87476294400945], [40.83043186877269, -77.8707141460059], [40.807356472099166, -77.8373088686403], [40.81472507109342, -77.88203492360778], [40.80085988437046, -77.8263459440546], [40.78879255213672, -77.85836378053851], [40.79812827760261, -77.88062477624557], [40.79680632406674, -77.84099219176687], [40.79069666962396, -77.8410405036129], [40.829973179045176, -77.82613814563048], [40.79241600359871, -77.85928137188105], [40.82630443636774, -77.84433457420931], [40.80532803382118, -77.87556826570514], [40.79056274294592, -77.8376099245388], [40.80950916779551, -77.87671706468251], [40.81799977816877, -77.87619494452247], [40.79082506437465, -77.87718368823572], [40.79107981475107, -77.87110450418882], [40.79864797520797, -77.86576774828134], [40.82022678806362, -77.82853487995158], [40.82174019781051, -77.87970024274718], [40.787645020116315, -77.84978894447093], [40.78647959052971, -77.8849382361103], [40.80478890496874, -77.85006284163279], [40.81034680782224, -77.8613971014708], [40.80500161398406, -77.83422401170814], [40.81925610073805, -77.85179516879121], [40.828869528348584, -77.8653176495749], [40.828781906282124, -77.88236156571293], [40.82672731862541, -77.84514019280448], [40.81345199048998, -77.85167587037955], [40.799547766620975, -77.82908015557459], [40.79389643504613, -77.83441384203915], [40.80521888960368, -77.8814232308876], [40.79281232767668, -77.84896100684341], [40.78709189034659, -77.87753762639576], [40.806698879578754, -77.85669570363761], [40.804987315932124, -77.86023962799447], [40.794668047475824, -77.84963809067712], [40.825720672093794, -77.87951172158175], [40.787359429732135, -77.87606999064478], [40.79841577251147, -77.85890687662284], [40.83075019753918, -77.83971990644291], [40.804568867104656, -77.8322161269372], [40.81345137697782, -77.85610391366299], [40.79882309628418, -77.83392943430489], [40.82252877851592, -77.86040092913214], [40.82586995692595, -77.84026994016772], [40.81163491232249, -77.8579628356666], [40.820270699243665, -77.86202390833145], [40.79694702761915, -77.87113085378508], [40.829323432256366, -77.88499488650264], [40.789577843087486, -77.84503484415946], [40.821430321139886, -77.8389111770199], [40.79947753508365, -77.85589755913385], [40.822656073567856, -77.8594992283184], [40.80426066456258, -77.86106793289287], [40.78976788589812, -77.8606962459374], [40.79606656486705, -77.87893895127968], [40.829085660953865, -77.84592603634431], [40.805161394351366, -77.86742597096718], [40.79069848397091, -77.86150390399479], [40.794154977467976, -77.85114929971624], [40.7866022035338, -77.85319757646806], [40.81911395629392, -77.8744056845651], [40.82812441531005, -77.83242545860011], [40.804282661195366, -77.83852549351985], [40.792342268289644, -77.82962292310872], [40.811241589757735, -77.83231201665414], [40.78929844494744, -77.85006451197204], [40.83085396030794, -77.87373054254009], [40.811742564196294, -77.84350342831652], [40.79346919107523, -77.88449228875932], [40.803506647578395, -77.86992116065169], [40.79729659031461, -77.86977345039976], [40.81779827077578, -77.83696422376524], [40.7965595536688, -77.83494558459401], [40.825070440545844, -77.85454227356091], [40.81973904620488, -77.83382420474602], [40.81122277544585, -77.82618790461161], [40.79910014568479, -77.82977685472707], [40.796832326461946, -77.85613073699211], [40.8216642695044, -77.88024459973069], [40.809432318195135, -77.8459633589396], [40.829458172252046, -77.82753867485636], [40.80703917752537, -77.87138270855205], [40.81909001777378, -77.83352590485525], [40.82595753805772, -77.86046722027669], [40.79970113573301, -77.84431457101233], [40.78765251139365, -77.87608335355385], [40.79082519814792, -77.87632507211151], [40.82195683631503, -77.88441046702036], [40.81176738358721, -77.88493560580737], [40.82198959789623, -77.8786846764968], [40.81091033002793, -77.85992782001094], [40.79762879577852, -77.86116635669323], [40.830946426425115, -77.87931739177921], [40.81896966620085, -77.86943745506062], [40.831033361107394, -77.84171668455225], [40.82515072440505, -77.84832483917324], [40.819303337302216, -77.87646799480014], [40.81140716443085, -77.87722930943299], [40.81646720003936, -77.84191725616627], [40.78916529869801, -77.83741264670103], [40.81400467184527, -77.8581269234859], [40.79176769292572, -77.88336316786267], [40.80513171215977, -77.87156822222036], [40.806086804818015, -77.87905876526474], [40.813807274946214, -77.88311017117874], [40.812840666826254, -77.82669988074808], [40.800527828304126, -77.86482677741611], [40.81482921567164, -77.84712159864026], [40.79250646385038, -77.86504610220751], [40.823472930003014, -77.83997196362041], [40.828439529044495, -77.84997070638187], [40.821812621584876, -77.88317640829435], [40.830465479689735, -77.83584300352805], [40.79800510443764, -77.85978824329645], [40.7985735746295, -77.83208864444867], [40.82898104066678, -77.84783735822656], [40.82920873344113, -77.87567462234273], [40.80818142458241, -77.83604407108659], [40.80262756310389, -77.86917323105982], [40.79042114418916, -77.87792985803556], [40.80821612154437, -77.85276781898472], [40.80646417104775, -77.83347896508182]], "boundary": [[40.83115606340025, 40.83115606340025, 40.786089536599754, 40.786089536599754, 40.83115606340025], [-77.88520697189806, -77.82586462810195, -77.82586462810195, -77.88520697189806, -77.88520697189806]],