{
    "boundary": [
        [
            40.83115606340025, 
            40.83115606340025, 
            40.786089536599754, 
            40.786089536599754, 
            40.83115606340025
        ], 
        [
            -77.88520697189806, 
            -77.82586462810195, 
            -77.82586462810195, 
            -77.88520697189806, 
            -77.88520697189806
        ]
    ], 
    "center_point": [
        40.8086228, 
        -77.8555358
    ], 
    "distances_to_center": [
        1676.35402687855, 
        2612.552422143049, 
        2479.2156155421562, 
        2532.1142393860105, 
        2310.302320815792, 
        1762.0683050539276, 
        793.9655015897356, 
        1380.9725741579907, 
        672.7811374529405, 
        3080.4754692053034, 
        1960.2582903725493, 
        2452.001342449693, 
        2616.2876230559314, 
        1767.5497089836376, 
        1056.8487395168247, 
        2255.7463223305235, 
        1663.843531012139, 
        2299.1302688741657, 
        597.0536994729567, 
        2469.0336171939803, 
        2458.8544653234394, 
        1320.5032118601844, 
        739.4899232897479, 
        1687.51578681905, 
        1540.797826375986, 
        2309.269910901929, 
        2660.8278556676155, 
        2014.3393815127188, 
        1663.0969352658387, 
        2086.042555035202, 
        1794.8670688963562, 
        1865.9019553690625, 
        2275.2217705271664, 
        2150.8409928568603, 
        1676.4906181120555, 
        1865.0661003331168, 
        1774.192609150074, 
        1154.8148224330566, 
        1057.7345803475198, 
        1900.7384042264584, 
        1520.5096828209905, 
        618.7961614425135, 
        2530.183427237222, 
        2771.7413494249263, 
        311.6705026663186, 
        3098.4146659899775, 
        2260.297506850925, 
        1523.2738586444082, 
        2331.6774131062084, 
        2303.9809324681214, 
        2057.493150172201, 
        1510.93032250187, 
        2200.671611790475, 
        2878.921236714683, 
        2608.6774853921916, 
        1432.081311463565, 
        2840.2863326981865, 
        2267.526736405966, 
        2353.1187873057884, 
        1391.8852735417597, 
        2304.952743350664, 
        1868.0170689684714, 
        2238.9901276175992, 
        2465.773070023105, 
        2363.4029887816037, 
        2877.8927283685503, 
        1576.2131642496165, 
        2179.7081254559184, 
        967.2124517595826, 
        2214.41057590958, 
        2399.7137451263848, 
        1439.842634875149, 
        2362.360914864819, 
        2166.7032340345004, 
        2030.3482890471453, 
        2955.4898360039, 
        2169.7939633924298, 
        1787.6888812232514, 
        2090.059158427759, 
        1935.2045457207366, 
        2063.5568895639394, 
        1410.9195934340307, 
        2327.1474043286808, 
        935.334539353408, 
        2349.2478693433018, 
        1421.6511974300006, 
        2037.1155751707058, 
        1738.1101458326839, 
        2998.418902740633, 
        1832.8451601845477, 
        902.2414815392331, 
        1552.6412439576168, 
        3332.118234573073, 
        621.6043460669276, 
        1512.3152380639576, 
        237.50474181461172, 
        538.2174741902389, 
        2388.232686958593, 
        961.6870242329454, 
        1681.431566665735, 
        2644.1915029075117, 
        3000.3201426453215, 
        2452.751861004865, 
        1251.0853184657371, 
        1617.5661866563987, 
        1582.2334897071798, 
        1228.2376298423026, 
        1775.4450859101667, 
        2457.1480083934152, 
        2609.07612224595, 
        2530.4836280391855, 
        422.3950749706467, 
        1722.8965781412155, 
        2499.7857585027405, 
        1071.126027385754, 
        1223.4482577925776, 
        1364.1377753253137, 
        1757.2658535993435, 
        1803.6047768073454, 
        2297.3293565390127, 
        2136.5905648356975, 
        2100.0831438828714, 
        2079.2761756751584, 
        2659.1386142038427, 
        2160.3432937682437, 
        2033.3805199094606, 
        2281.8583624175376, 
        2275.4811218660984, 
        1129.9350008991441, 
        2424.1682113068573, 
        731.4911225274567, 
        2584.391341784526, 
        1629.7562470713176, 
        2372.172534123733, 
        563.4595836214487, 
        1121.1490949798178, 
        516.1935709658403, 
        1955.2263456585013, 
        1908.5609171073513, 
        2130.420710277008, 
        3463.453565227879, 
        3162.0896185216825, 
        3159.287054831134, 
        671.2302578380674, 
        2172.544226757995, 
        2259.490472366621, 
        2250.414740059061, 
        2055.498928539734, 
        392.5025767007932, 
        2300.98332605603, 
        1777.3558217558875, 
        2498.306610696056, 
        1415.7048610627219, 
        2174.396701992821, 
        2600.605310386555, 
        628.3902945838527, 
        1885.338373562286, 
        833.3454962080599, 
        852.261053717949, 
        2795.8932148836443, 
        2762.2406375248506, 
        1878.9730377846158, 
        2269.144790048536, 
        2563.478942207566, 
        1541.4508245346776, 
        2189.7279692496954
    ],