{
    "boundary": [
        [
            37.80645926340025, 
            37.80645926340025, 
            37.76139273659975, 
            37.76139273659975, 
            37.80645926340025
        ], 
        [
            -122.46148810422811, 
            -122.40465589577188, 
            -122.40465589577188, 
            -122.46148810422811, 
            -122.46148810422811
        ]
    ], 
    "center_point": [
        37.783926, 
        -122.433072
    ], 
    "distances_to_center": [
        1482.6426577830412, 
        1314.4747865100537, 
        1868.0791455970016, 
        364.2257856657507, 
        915.410613039456, 
        2962.846121942998, 
        2063.1186451080844, 
        1276.8225609043548, 
        1901.2669958228064, 
        1127.3856645096203, 
        2764.074359466977, 
        2794.0841738727336, 
        1120.1102488769616, 
        2247.755704722394, 
        2516.1490650747724, 
        2011.8303307696563, 
        2519.928242620232, 
        2707.032957065508, 
        2155.8921256390886, 
        2605.173674449023, 
        2787.286692820583, 
        2614.0643818071608, 
        968.587434731384, 
        1321.9042122400022, 
        1518.5261134218465, 
        1811.1891145051368, 
        2252.2851773712937, 
        2309.2899958953954, 
        2249.9360843713066, 
        2753.9779148605703, 
        1571.3398306062452, 
        2571.125828144122, 
        1024.761654745415, 
        2094.7225944019215, 
        1468.2945552405458, 
        1672.0384332426263, 
        2977.2851643796007, 
        1041.591504386136, 
        1798.6255963081696, 
        2142.338332664099, 
        933.2974204513796, 
        999.9331187174926, 
        855.2110006982695, 
        2359.233784223877, 
        907.4187748118094, 
        531.0811578848796, 
        676.1652866857986, 
        2762.851672911092, 
        2429.4051464295662, 
        2122.803486988666, 
        2870.9165527952255, 
        1356.3898815105902, 
        1001.5519984478632, 
        1349.7368143725603, 
        2304.3537497412763, 
        2168.4074308518693, 
        2992.3493320344805, 
        1865.6252651961772, 
        2091.0376218358883, 
        2757.682892443235, 
        1788.3078299528668, 
        2200.510712530373, 
        2246.216673892697, 
        2636.848133872731, 
        2534.6561207951504, 
        2878.2090743360013, 
        1908.8342052728171, 
        2028.1863149554176, 
        2524.545030045818, 
        2015.3110835746832, 
        2282.0321533374145, 
        1802.4600509504307, 
        589.6067011433332, 
        1911.9840834730942, 
        1765.3181259836747, 
        2874.7138973155984, 
        2185.746938101877, 
        2415.582596874641, 
        2679.887060383101, 
        2591.4450882536394, 
        1212.0823217732232, 
        1447.500352985793, 
        1107.6946916345696, 
        2757.8258313664633, 
        1816.908484757113, 
        2129.6570700139, 
        1639.9652566787795, 
        1766.7338648543293, 
        2142.4465710401164, 
        3119.538549599464, 
        2274.2874551993154, 
        2629.710649807888, 
        897.5373997487633, 
        2038.8007253654275, 
        2590.530471688854, 
        2070.2376952859327, 
        1222.9493804474487, 
        696.0455851529304, 
        1349.1298566840746, 
        1644.9257362431777, 
        2264.4610186150785, 
        1434.5640068977964, 
        2830.345161120389, 
        1713.2795986089548, 
        1925.759144340597, 
        1537.4355338943449, 
        2740.0331493395383, 
        1575.2754709113285, 
        3417.1535059940193, 
        2342.0221131579183, 
        1352.6521562289959, 
        2577.9007383244907, 
        1986.1586838975525, 
        2498.154822404017, 
        2322.783513119149, 
        2350.2770356595965, 
        1736.8975032540877, 
        2019.4161682880592, 
        1497.6920025478598, 
        1533.9972682088626, 
        1143.6654871898781, 
        2499.6780092980116, 
        2391.54589089674, 
        2006.7626379546311, 
        344.2344344164721, 
        2860.4933228952623, 
        3001.1432460892593, 
        1836.033414743453, 
        2046.6915686727436, 
        2281.096364519817, 
        821.0911568351703, 
        1296.6481526041678, 
        2029.8766064319032, 
        1258.612744080547, 
        443.95972968467527, 
        2471.448425217726, 
        1404.1753480699633, 
        999.2332026002049, 
        777.3583741576871, 
        1834.3349225650525, 
        1702.6325313250366, 
        2040.4980855903445, 
        2484.10992499829, 
        2719.7860153307797, 
        1747.6108975927389, 
        862.7397823562831, 
        1684.7425898063468, 
        1322.703718716439, 
        1186.584045148665, 
        2391.77674575102, 
        1664.5703542912497, 
        2957.445764781547, 
        1130.2268960118258, 
        2527.96769580772, 
        860.5252995441848, 
        558.4842555993802, 
        1343.9700953649099, 
        2130.9498364055703, 
        1464.273548268045, 
        874.4078582568466, 
        2342.4928891729965, 
        2028.4867794751333, 
        1391.7349697381592, 
        1355.611344651038, 
        2277.397638703831, 
        862.594512622724
    ],