{"center_point": [39.958947, -75.1502653], "sample_points": [[39.95611356184726, -75.12464571279655], [39.953280885117906, -75.17134199992806], [39.941325909719765, -75.1561027357135], [39.97754367294962, -75.14393498106413], [39.97499958084483, -75.12466508296826], [39.95609544190559, -75.122805675152], [39.97254790609227, -75.14302878830084], [39.954000853705466, -75.13134254421988], [39.95384608600035, -75.16308721703788], [39.94750017176641, -75.143315180562], [39.9700991864038, -75.16563951475466], [39.94484540076289, -75.1416131967433], [39.95359497592377, -75.14023129860524], [39.969462265873354, -75.12855302370353], [39.966256860291104, -75.13223866290971], [39.95117500814779, -75.14949412172656], [39.97321321887508, -75.17669212151873], [39.94449442482391, -75.14692290470398], [39.940356515171196, -75.12173428428257], [39.96731586361841, -75.16005061617659], [39.97669611101138, -75.17081117413134], [39.950285934256385, -75.17565193001461], [39.9517759642172, -75.16541508368441], [39.95137740830097, -75.15028968449651], [39.946622629353186, -75.13214706719417], [39.950807019351856, -75.15679539229505], [39.971892599201794, -75.12156643902871], [39.97726868450519, -75.15462492816064], [39.971596634697, -75.17753089579554], [39.949123434419214, -75.1526724724654], [39.979607821350214, -75.1462252324158], [39.96105181893982, -75.1761070873484], [39.94806381498179, -75.1491244830452], [39.95029121641257, -75.13677317265449], [39.96408334115721, -75.16160638631408], [39.95269886088386, -75.1661201075159], [39.973204938401985, -75.14234286736304], [39.94885771930612, -75.17289774796375], [39.97755751256517, -75.1701422550092], [39.96687679354828, -75.12575920639958], [39.96134821408551, -75.1678330731665], [39.96516734703516, -75.14267296353596], [39.97179338549547, -75.15932663152785], [39.945429378624716, -75.16493204128591], [39.93931518824649, -75.15345772128835], [39.94338933850562, -75.16471751493589], [39.96070121549, -75.13867616107075], [39.95448697928783, -75.17129193020067], [39.97076407620555, -75.16022341806082], [39.96073366678309, -75.15479222163927], [39.95925992661691, -75.15493374878925], [39.97072427959276, -75.16864926231523], [39.95386105898648, -75.1563780007443], [39.97064547915566, -75.13844320674352], [39.97910385761669, -75.16219770417882], [39.96373563131555, -75.16744340065772], [39.976674383841775, -75.16842933925966], [39.97156307925364, -75.17117529283416], [39.97180581579813, -75.14976290958143], [39.95925765398166, -75.16013850719389], [39.96118569670916, -75.16495902275547], [39.95476364923787, -75.14136775749334], [39.97598058367079, -75.13347246614893], [39.95087371678142, -75.12395183886258], [39.942615768263536, -75.14931850371225], [39.971928998282344, -75.17380408019665], [39.97045120811059, -75.17712810109819], [39.94261930453092, -75.13378428070021], [39.96481180636566, -75.12905186352485], [39.96315068695338, -75.14174880699451], [39.94449378522281, -75.13517298697747], [39.98073388007864, -75.14109290694998], [39.974718456652816, -75.1774427341122], [39.970601147256424, -75.1394829857004], [39.94778174558267, -75.1587832475234], [39.93677494239314, -75.13437577386279], [39.97199181310104, -75.12615687998725], [39.978158530606, -75.14048184097615], [39.96148199876355, -75.16958152630316], [39.95547386073569, -75.13889929380183], [39.964163289400304, -75.12695994032909], [39.97221402641627, -75.16399726245005], [39.95959159827151, -75.1283457638002], [39.9456515635233, -75.16171312365299], [39.93756361143313, -75.14947825439435], [39.97180633363675, -75.14457830629568], [39.942095610182086, -75.15172039117756], [39.97831676920387, -75.12592314308272], [39.98033867570215, -75.13800161551997], [39.98091266220045, -75.16984893861765], [39.96327121000123, -75.17482977999197], [39.94079449750868, -75.12246383604474], [39.97354105626599, -75.17012596618686], [39.94890929733437, -75.16713526173822], [39.98113230021627, -75.15916752743541], [39.94328087305656, -75.17087348539638], [39.971774035718575, -75.14129995045383], [39.97177573344509, -75.125721718192], [39.967291454974074, -75.16698054516648], [39.95928581856145, -75.13895510742877], [39.96018584964521, -75.14073107220256], [39.96593364493241, -75.16028119285345], [39.943947547941605, -75.178319190679], [39.9450920581134, -75.12829053315271], [39.96127075199226, -75.14271306621562], [39.96900211752227, -75.17663187829076], [39.95440218164897, -75.13885268289584], [39.96481181986763, -75.13862097923992], [39.9755919039106, -75.16549028162348], [39.94280590484445, -75.15304369969132], [39.945789798603045, -75.14693142835658], [39.96952921501977, -75.16509032312555], [39.959577781614875, -75.15864675681331], [39.96361742787433, -75.15635653899307], [39.97972471620763, -75.1444571328841], [39.96053734330549, -75.13617047408702], [39.97318404757881, -75.17895167822209], [39.96274727507964, -75.15998387878375], [39.94373474825546, -75.1308701594612], [39.951536551497504, -75.15987031238596], [39.96974448456562, -75.12802798829438], [39.95654735193722, -75.17118447342109], [39.96132646329375, -75.15836368909443], [39.96249857189469, -75.1557586430289], [39.94042607026812, -75.13696141469478], [39.94109523054328, -75.13162821001384], [39.93756979498816, -75.15091681282449], [39.98136390665409, -75.1427414436718], [39.94270667742897, -75.15098335219948], [39.95350422874187, -75.17946993018451], [39.95581378854152, -75.1364072428051], [39.966958167438605, -75.1515771959441], [39.9754076627585, -75.12150989556912], [39.97720612581411, -75.15146818677424], [39.951244453863126, -75.13076913087038], [39.96279303727402, -75.16857465190597], [39.94970696977665, -75.16782513439755], [39.96297548565298, -75.14639630869564], [39.96561840732392, -75.15002562052739], [39.94959259905975, -75.12644823559647], [39.967842711971244, -75.13287073207256], [39.97223502768871, -75.16438617957337], [39.97813710366969, -75.15178195657867], [39.9431241534102, -75.12798543358126], [39.95572838977658, -75.13918092718527], [39.94361368612917, -75.1324573318808], [39.97576044169767, -75.16621359819709], [39.96485636567147, -75.16068036828362], [39.94696635200922, -75.17048766630448], [39.94051633105035, -75.15815610182813], [39.955978598366414, -75.16961747231389], [39.972788610032076, -75.1286891928694], [39.964157402861936, -75.14540786731891], [39.96109847755911, -75.15058309169528], [39.96002990525553, -75.12567562664148], [39.93960841297345, -75.17111709944267], [39.93675730762232, -75.13377333386775], [39.97477106053626, -75.16637473193609], [39.956304535638765, -75.15906027925922], [39.976969958685814, -75.16553812800947], [39.97181279801911, -75.16282764269828], [39.980423005763434, -75.1581791561967], [39.94778202384614, -75.14436261693378], [39.96779230526088, -75.13289906143343], [39.95592068144512, -75.16513913445134], [39.96821606767964, -75.14048482877747]], "boundary": [[39.98148026340025, 39.98148026340025, 39.936413736599754, 39.936413736599754, 39.98148026340025], [-75.17956454520302, -75.120966054797, -75.120966054797, -75.17956454520302, -75.17956454520302]],