{"center_point": [40.615424, -75.359412], "sample_points": [[40.59533124326003, -75.33634543943582], [40.60156721607168, -75.36670015064962], [40.62668786122465, -75.34513646868191], [40.61279801028917, -75.3584709005802], [40.623130768130714, -75.3586604783348], [40.6186634810966, -75.36235620859811], [40.61712448608458, -75.36760521087143], [40.59454861379143, -75.37869280379375], [40.59727362804913, -75.34542094359882], [40.60306466385016, -75.38608955845761], [40.615040750843775, -75.38252794081534], [40.632312741551615, -75.38639329576758], [40.625756467344615, -75.36558775079835], [40.594595823380466, -75.37439520677945], [40.60743647003015, -75.32999853193226], [40.60821074823859, -75.3824408738829], [40.60834017334327, -75.37612070451607], [40.637827941085796, -75.334663148966], [40.63304173493907, -75.3351978701321], [40.607693193166945, -75.36268278544212], [40.60804202576298, -75.35124560236058], [40.62134769254667, -75.36517142376243], [40.61352762870889, -75.36926861402613], [40.61665830459585, -75.37623015957743], [40.635384459134535, -75.37664831616645], [40.61652612146505, -75.34305044136367], [40.61816498504855, -75.3837038429952], [40.62067707635507, -75.35834726121567], [40.63328025304984, -75.34086438200526], [40.609203043604786, -75.3650849892125], [40.602435321206634, -75.33276689027069], [40.60925207123456, -75.3462958212452], [40.612721926789845, -75.33056472090412], [40.63312600436818, -75.33963595949051], [40.627361727407745, -75.34692757456217], [40.61436675163999, -75.38863825762964], [40.62150480721928, -75.33549200971792], [40.618439800092965, -75.38476910002555], [40.59958999514489, -75.34112285703407], [40.621066081774316, -75.34831752987493], [40.62571411437339, -75.34010377947743], [40.63117950883235, -75.35833119376639], [40.63041714419879, -75.3699690007964], [40.619561724518505, -75.35032014776787], [40.63199839264767, -75.37204179864213], [40.61230100463074, -75.37877536228785], [40.62063000440053, -75.37308241427553], [40.6074679487384, -75.33723388546841], [40.596330038588015, -75.38747031923081], [40.59368311618859, -75.37088262211549], [40.63500565856419, -75.35963759520605], [40.60295874745648, -75.35296466652441], [40.61338346486638, -75.37886979870564], [40.623927524382296, -75.33373903517783], [40.60888377041791, -75.338704590071], [40.60526720140061, -75.37053862458654], [40.604396350769036, -75.36947590518913], [40.63649338992077, -75.36684549267737], [40.60708888368689, -75.37228763683939], [40.63144485720658, -75.34651958231261], [40.60695520531772, -75.3483748084678], [40.630510008950374, -75.33709607915814], [40.62953607046888, -75.33652996423493], [40.60307093305491, -75.37860194079835], [40.615401222567755, -75.34124358302807], [40.597602600633536, -75.36508473920965], [40.60125977202099, -75.38314037450304], [40.63079841090339, -75.38166239311603], [40.59415423438791, -75.33213180932543], [40.613893537024865, -75.34360563571272], [40.617132329828216, -75.33131558672633], [40.60826733099778, -75.37960945961795], [40.61927916945485, -75.36001211146954], [40.63152827529108, -75.3440599292249], [40.621690872901205, -75.37258622414826], [40.59825359646716, -75.33225319490265], [40.618239870163194, -75.33044943941158], [40.63200672596565, -75.37447835101362], [40.62111004387679, -75.37858868986817], [40.61158786357916, -75.36879006518215], [40.623188463060515, -75.33845561199772], [40.63215512652606, -75.33089211049982], [40.626507595371784, -75.33636387569288], [40.6369457067452, -75.36911016962074], [40.60062724435597, -75.33359380534709], [40.59384903601235, -75.34484697815056], [40.630345457438835, -75.3358901263393], [40.619245260588954, -75.3814655955091], [40.62547853926183, -75.33452746795695], [40.599385352979915, -75.37981655919718], [40.59710855922902, -75.357401797156], [40.606888591812655, -75.38875707592393], [40.62159678873704, -75.3535448652282], [40.60039046520268, -75.3879749802455], [40.59964198290022, -75.34472628069445], [40.61553326914639, -75.38600066757431], [40.60542943073735, -75.38241289603224], [40.62822010218337, -75.35378930223814], [40.63185978449086, -75.37721272254687], [40.597126240047885, -75.33672081809874], [40.625576572017735, -75.33855916809348], [40.62581972033188, -75.3444823426253], [40.600530301575546, -75.35173424406075], [40.59334695709785, -75.37783010345107], [40.62872976836432, -75.38727892500751], [40.59339077926531, -75.36864773240575], [40.616121497228136, -75.36781753057545], [40.59489759646938, -75.3663521988934], [40.600354635015265, -75.36564723381477], [40.60027866971521, -75.34660089397654], [40.61120235222356, -75.35069080599573], [40.605929036345685, -75.33344893605882], [40.62462049079492, -75.38205276654409], [40.61116823695253, -75.36434402245425], [40.63679963270704, -75.36563789393175], [40.59648716250209, -75.34627073858043], [40.63700624074459, -75.3534477948852], [40.62918958917704, -75.33915089576604], [40.630675684061316, -75.38634746609956], [40.62398729759307, -75.35611063395298], [40.61025211885628, -75.35681220680763], [40.594556253001414, -75.38887551385639], [40.62044335058286, -75.34820346718529], [40.607462684409036, -75.3473813116852], [40.59981243192169, -75.36726641662916], [40.60054761655945, -75.33845463431507], [40.597896039288614, -75.36234656390562], [40.612731985979536, -75.36872045562818], [40.614701477134446, -75.38667876369122], [40.6009787241147, -75.36830346759403], [40.61562515170282, -75.33774997024162], [40.613658112384144, -75.34809638848493], [40.63599815874826, -75.35288532149272], [40.627766464613806, -75.36115011256145], [40.612156717847284, -75.37979291200763], [40.62288470514057, -75.3507564419355], [40.61869102539808, -75.33947721239413], [40.62007681562985, -75.38758069872539], [40.630037382530276, -75.38076327901123], [40.59477832528882, -75.3609879674993], [40.63483670903677, -75.34370311363713], [40.615018779896246, -75.33599202655344], [40.61878885813493, -75.36016803900803], [40.60168113255753, -75.3416290050735], [40.63677629116063, -75.37305138737588], [40.63684975726094, -75.36280810931548], [40.60348999996748, -75.36239969720587], [40.604859981802626, -75.33242699072069], [40.6158067479375, -75.36708791187742], [40.61045869892092, -75.37895247259361], [40.59310181716804, -75.35996505223217], [40.63421324762022, -75.38889385114604], [40.61132947072143, -75.37892025206656], [40.60939825261571, -75.33650435793705], [40.59988991520459, -75.3640838231825], [40.607650744558875, -75.3457416372966], [40.596986304914516, -75.3492568136787], [40.599708837913816, -75.34925668072138], [40.603277016457064, -75.35566353925078], [40.61790001581488, -75.38795375415386], [40.63587726804051, -75.37741695083875], [40.63026236242085, -75.37097970071072], [40.60173019170557, -75.38273867053618], [40.59908442392562, -75.37654930636582], [40.62254535007919, -75.36364526262707], [40.609607687821295, -75.36962748084424]], "boundary": [[40.637957263400246, 40.637957263400246, 40.59289073659975, 40.59289073659975, 40.637957263400246], [-75.38899720354625, -75.32982679645376, -75.32982679645376, -75.38899720354625, -75.38899720354625]],