{
    "boundary": [
        [
            40.637957263400246, 
            40.637957263400246, 
            40.59289073659975, 
            40.59289073659975, 
            40.637957263400246
        ], 
        [
            -75.38899720354625, 
            -75.32982679645376, 
            -75.32982679645376, 
            -75.38899720354625, 
            -75.38899720354625
        ]
    ], 
    "center_point": [
        40.615424, 
        -75.359412
    ], 
    "distances_to_center": [
        1813.6384857403932, 
        646.9273815760553, 
        1518.75834333905, 
        1912.407340875535, 
        2534.7481093316264, 
        2583.459827685327, 
        1314.4975110682492, 
        1555.86053769212, 
        2370.882083146035, 
        2561.617810806907, 
        2386.598174526223, 
        2279.1132396601392, 
        577.4181648283563, 
        1672.6836266836028, 
        1102.3724819280771, 
        2424.635053237916, 
        2049.993113621119, 
        1993.8737912951299, 
        2605.940142020384, 
        2556.8915362172806, 
        1025.3601023395008, 
        1604.3426255816967, 
        1880.7422629835544, 
        1979.5935616341362, 
        1825.5662685382338, 
        2372.4356908666377, 
        804.8405397216427, 
        2819.1965566018284, 
        2571.6002864493175, 
        2203.0150544587027, 
        1035.0434623069857, 
        1789.5772791428449, 
        2103.0907071149695, 
        1023.0454474941229, 
        2871.4518740682165, 
        2895.507233078729, 
        2553.4122965903593, 
        2435.553583595535, 
        2483.946322351125, 
        2752.3900866462773, 
        2855.729389259163, 
        1488.5729679263338, 
        2797.919435430007, 
        1946.5337469818364, 
        1738.7576075048244, 
        717.9316934504267, 
        2810.311270859616, 
        710.5666500532674, 
        2116.1846346195593, 
        1873.9353122517043, 
        1704.0246045518372, 
        1608.6039730582734, 
        2342.9666657239927, 
        1855.699172941805, 
        1975.0215830700688, 
        2474.3872211887115, 
        1153.1108877835652, 
        2829.1875557366598, 
        2768.0795078181823, 
        1509.0981054205001, 
        2110.896914411333, 
        2429.896406868597, 
        2360.024290759165, 
        3345.6083649339485, 
        1620.4057924060373, 
        2759.8419917310757, 
        1979.9252064106079, 
        1199.6053097882525, 
        2469.016695109645, 
        1825.494142464268, 
        2292.0246086259776, 
        823.5460150999226, 
        2421.793382850619, 
        2101.053701944846, 
        635.6051707385894, 
        1985.9346733194448, 
        1572.5263621771664, 
        2707.808487277679, 
        790.3902789774904, 
        690.5553430846753, 
        2321.978089284349, 
        2790.562503951215, 
        2069.136069018997, 
        3348.216945812687, 
        725.5154354322298, 
        1792.8695387715495, 
        827.1612424075532, 
        2212.2294541904625, 
        2497.459781237554, 
        2629.4290326566793, 
        953.965108390923, 
        482.9028892042787, 
        1349.9840463260018, 
        300.8565010242009, 
        2239.517154110665, 
        1914.25161892663, 
        1147.5492339466364, 
        1779.266684622471, 
        1333.9145304051506, 
        1896.1166828753958, 
        2510.0451719628945, 
        757.6610534097316, 
        1770.8338821902807, 
        2447.2110666501867, 
        2682.9396741409423, 
        2883.108077219659, 
        1833.9768418856663, 
        791.3185392944398, 
        2494.823037225631, 
        2061.1661102623866, 
        1177.7149547064982, 
        2606.721146329609, 
        2653.051938031437, 
        3166.1012550710107, 
        2429.2473807096953, 
        890.6301655465064, 
        2601.223732834941, 
        2109.627145755118, 
        1029.8758182792008, 
        2803.9215037350964, 
        1623.5566560270195, 
        2850.980551351046, 
        2671.533163795598, 
        2712.2043223396768, 
        1819.017564977737, 
        1258.1801970743827, 
        1665.8950375229208, 
        2857.3390369563785, 
        2643.6459800246485, 
        1359.3981819995745, 
        2129.2228094155603, 
        923.4205388385617, 
        1317.630704104279, 
        1469.8125951289921, 
        2566.3190060900106, 
        2095.901339790731, 
        2402.368268099132, 
        754.1074994389036, 
        2839.30566308182, 
        2721.9828180854706, 
        1605.6440753135232, 
        2793.4239957829955, 
        1566.32010567393, 
        2121.0741661389325, 
        1275.6300684439439, 
        2403.4228507289517, 
        2970.2062693731873, 
        927.5842606133183, 
        1085.22497602729, 
        1109.661573893467, 
        2936.269789446501, 
        2448.61800908061, 
        589.7258243829804, 
        2780.237388780388, 
        2537.357489277441, 
        2389.3009022129577, 
        903.1895998623221, 
        1573.745850825937, 
        2064.569707502864, 
        2564.73380789993, 
        2245.1195851923626, 
        3283.136598062899, 
        2709.404196357899, 
        1689.501112113053, 
        2355.6363125899975, 
        1669.7352908960593
    ],