{"center_point": [40.068169, -85.640698], "sample_points": [[40.07015604067074, -85.64453381923234], [40.06741370234226, -85.61372305627391], [40.052542492186575, -85.63037691892436], [40.047679338015996, -85.63689135529263], [40.06482701684104, -85.66839266384183], [40.051090922729834, -85.66892998789464], [40.053333854418646, -85.61975473410449], [40.06552511440152, -85.65520533502092], [40.076027105749354, -85.61968883987453], [40.05277721307549, -85.64764817436043], [40.07899156866106, -85.63907356915661], [40.07267155448147, -85.62728922183351], [40.069562587254225, -85.65417745988772], [40.04610455528294, -85.64156365768801], [40.06461307237039, -85.66463003747407], [40.07578444172771, -85.620405456732], [40.085331474601894, -85.63369830420241], [40.047197092414585, -85.6221069465952], [40.07561049616873, -85.63275429342389], [40.081143302484, -85.6285569679487], [40.052079593582285, -85.63914168158114], [40.0905374909222, -85.64253406971788], [40.055748197816634, -85.64712789406659], [40.04617285887051, -85.64690480896877], [40.05540610779575, -85.65635344511158], [40.05449062836859, -85.65511756122653], [40.08528004580579, -85.615921131753], [40.05333224533154, -85.66460309522337], [40.07177260293137, -85.64045083670847], [40.06419608567413, -85.669504522896], [40.08084527878143, -85.66578326316906], [40.04860485657992, -85.64960799646029], [40.089504906904786, -85.65436668635702], [40.05017417900201, -85.66787378630713], [40.08316060731914, -85.65153545351893], [40.08837380659198, -85.66108763424837], [40.067141798226835, -85.652122935008], [40.079326735597384, -85.64897422215381], [40.08481215077793, -85.64025319734283], [40.08751130101497, -85.64930095270479], [40.05314696864242, -85.66494708564119], [40.08028281145328, -85.65152931982595], [40.066011194206766, -85.63634733132209], [40.0631287107656, -85.66674024493776], [40.08622577459476, -85.6261389019965], [40.08176963564139, -85.66980601930356], [40.04667193591735, -85.63965559874184], [40.064852377554644, -85.65350433236881], [40.065349389172866, -85.64478221350268], [40.049321536686385, -85.61437874986397], [40.05416973318123, -85.62046739848894], [40.07449998810496, -85.64682923688399], [40.07433182002137, -85.62570400526822], [40.085389443444924, -85.6258622185539], [40.0692594935082, -85.63165262021549], [40.070978080554625, -85.66984820987489], [40.06987650082747, -85.63756555895917], [40.05432743735669, -85.63315704263077], [40.05117518772011, -85.65825286120862], [40.059486985531, -85.62521341679398], [40.06073910249829, -85.62324993512969], [40.08260513644331, -85.6689628645678], [40.07361717949491, -85.63505249763561], [40.0611105687201, -85.66036385002903], [40.051783443603775, -85.6567480444879], [40.08073653174622, -85.64822743582516], [40.05037263565492, -85.65305960628599], [40.0808361523984, -85.66413306610346], [40.08539562689798, -85.64833577684291], [40.06409061215942, -85.66888572300789], [40.06084379649662, -85.65171197331874], [40.04794378490062, -85.61919464208229], [40.05666562495934, -85.64501562997339], [40.08085674568404, -85.63311746814138], [40.07047989131585, -85.61500856807514], [40.054690486933296, -85.64344291056634], [40.079568827776974, -85.66973401120246], [40.085909567472385, -85.61502345075381], [40.06484218464317, -85.64928192845746], [40.05012828896086, -85.64173303506438], [40.05772039639553, -85.6546259486803], [40.07689369735734, -85.63692721876276], [40.08858262845827, -85.62674965939097], [40.08260380902662, -85.62095792696097], [40.08774742937431, -85.66221168073922], [40.08313380391964, -85.62610302902962], [40.07761539847821, -85.66724931018875], [40.060646783906954, -85.64369546276738], [40.04975968778965, -85.66485679777716], [40.07221700376869, -85.64794546675125], [40.0792576572407, -85.65727847453687], [40.0655533961313, -85.6492640871451], [40.06872033330902, -85.62055095779313], [40.07723557252728, -85.66738087366927], [40.07335412778618, -85.6343156745328], [40.04596735061618, -85.64002204645367], [40.04952435818735, -85.6574713275362], [40.086538905597735, -85.64213965364175], [40.087976810628184, -85.63060015542911], [40.08857467660172, -85.61909123721783], [40.04646121842836, -85.64602834780419], [40.04622789735019, -85.63296756993665], [40.076687887416085, -85.63678944681135], [40.07796550912247, -85.62335500752626], [40.06396510123748, -85.6338427278093], [40.077881955970845, -85.65938775630413], [40.064268940629, -85.66992299439634], [40.05386072708718, -85.63698015470604], [40.08947193705098, -85.65819744900654], [40.07343430010389, -85.62606002315279], [40.061678065042116, -85.6448514445867], [40.04708378831109, -85.64521378838259], [40.06582395315264, -85.62967827314817], [40.08404482961868, -85.6180034628961], [40.07605520810833, -85.65219572117337], [40.067246382209206, -85.64758198924515], [40.0559459818002, -85.61602038508595], [40.08727715978657, -85.62598480280346], [40.07416899973371, -85.65490395934859], [40.05789430529791, -85.67002799635874], [40.04702030704169, -85.64612259852943], [40.086009249550095, -85.64765908484524], [40.04781041371877, -85.61149595223552], [40.0748118147958, -85.61438874684968], [40.07288971887873, -85.63996766458193], [40.04881723258855, -85.64135991409995], [40.05366982830576, -85.61836470621301], [40.071716134099304, -85.643911995225], [40.056187362781635, -85.63696175306507], [40.05456425367902, -85.66465775855089], [40.06874281369973, -85.61327448861579], [40.076609856292556, -85.6337527282612], [40.06591037925724, -85.64130956881577], [40.0594886162292, -85.66855984372383], [40.078752755850054, -85.6575549866026], [40.07510011504379, -85.6244292195261], [40.05280629784849, -85.64648808002914], [40.06554696875694, -85.66131673441555], [40.045904952792085, -85.65674267084472], [40.072416096045544, -85.61194978875726], [40.06837441473712, -85.63241585243817], [40.073210627148626, -85.65804745968161], [40.08980734234806, -85.66841351222985], [40.06620114226832, -85.63340484536505], [40.071209809887606, -85.6190130132615], [40.05602814184824, -85.62981371656596], [40.084652775556826, -85.62109047078094], [40.08270618956104, -85.63958605298576], [40.07650990094409, -85.61578205999022], [40.08771364104431, -85.66226660245623], [40.07741561735259, -85.61933967133668], [40.05118138941868, -85.64182848551992], [40.068623872364874, -85.63971504506218], [40.06922096968839, -85.65084287079044], [40.08686280215108, -85.62590753028672], [40.04684140803355, -85.66032628654682], [40.08893877104551, -85.61148902141649], [40.056742952880995, -85.64711630520544], [40.046036020964394, -85.63853081662181], [40.07315620381908, -85.63000259443973], [40.08339242203861, -85.62611213842456], [40.07599025428326, -85.62732477684811], [40.06794499729663, -85.63506637684725], [40.06298851316296, -85.65215641617952], [40.06764297202289, -85.62298865402992], [40.066327583776534, -85.61249064326158]], "boundary": [[40.090702263400246, 40.090702263400246, 40.04563573659975, 40.04563573659975, 40.090702263400246], [-85.67004417124565, -85.61135182875437, -85.61135182875437, -85.67004417124565, -85.67004417124565]],