{"center_point": [40.068169, -85.640698], "sample_points": [[40.083586641192554, 40.05836779955936, 40.05565527491132, 40.06472883378479, 40.05485414587516, 40.07741869968603, 40.07887834406437, 40.080502254520596, 40.08852748359914, 40.04739583186141, 40.08278667122375, 40.05729163439459, 40.05437753635225, 40.0891622311534, 40.05238289234334, 40.075045081971545, 40.047103210376925, 40.060965015502326, 40.054685255523815, 40.053650317204365, 40.06611657810373, 40.06010179267333, 40.07395127942183, 40.05694698539438, 40.06960006606896, 40.07527328428146, 40.082071688501635, 40.05670092066617, 40.06180906399662, 40.06877722822877, 40.07769759932723, 40.062584022063916, 40.0740939201943, 40.0531731100656, 40.05409336830334, 40.086493925265344, 40.05559929025899, 40.06206756237523, 40.070614590706086, 40.08286081286762, 40.056429936864674, 40.048506285031856, 40.09050424361568, 40.07875972139994, 40.086634414598564, 40.07252944046368, 40.04655753063655, 40.0546748110657, 40.05221973093606, 40.05585690785444, 40.05908324106694, 40.07176009857155, 40.05305537552096, 40.05987735190698, 40.08380473907965, 40.07818110449041, 40.08293572139543, 40.087434781169215, 40.05958154800984, 40.08408011329211, 40.08844528942152, 40.08557241643413, 40.07373745990627, 40.0730733645424, 40.0621248498952, 40.08630655567393, 40.067780897240134, 40.05363439913544, 40.08525923004097, 40.086974596101754, 40.058375672583, 40.06435394103384, 40.047823419688, 40.06172111622909, 40.07325707654201, 40.04994372377405, 40.06099296329857, 40.04822365042214, 40.05955998805625, 40.05891063145982, 40.066614908790584, 40.08684254052523, 40.050890685685644, 40.07687371037006, 40.05546459374343, 40.08474981673132, 40.059484834740466, 40.075099075698574, 40.04589343137508, 40.08585427415887, 40.05991511817476, 40.06085108091651, 40.064644581793665, 40.07738001578525, 40.052745380645476, 40.08129818800382, 40.049245267832504, 40.05721166518746, 40.081202692666025, 40.08410571042766, 40.08102088950918, 40.06176662388185, 40.08906750636229, 40.08465630458733, 40.05242004086009, 40.05458560792739, 40.077275299068866, 40.0470451764603, 40.05049096869692, 40.046586372680274, 40.05859200998716, 40.08322872710514, 40.047124534878535, 40.070381253919884, 40.0580237083194, 40.08337917218827, 40.06031951576356, 40.09057079153523, 40.0693950305525, 40.0810666094165, 40.08661099277877, 40.0754651114093, 40.066091169726256, 40.046806611302515, 40.07495717705603, 40.08992916584397, 40.07183166667436, 40.08338333933513, 40.070583297756, 40.071452425545296, 40.048736501968605, 40.06372670932994, 40.06933097298873, 40.0777115843422, 40.07269564017353, 40.0727187272409, 40.06457710546381, 40.07589121616719, 40.069305040993584, 40.07013220406304, 40.08223670671232, 40.06110452742891, 40.08017407900592, 40.052065883001575, 40.08381384896847, 40.0722359190056, 40.05105420499256, 40.05328362569179, 40.088173680818834, 40.04776537505109, 40.079844137845505, 40.061280848398425, 40.070063157332655, 40.07740483545598, 40.04725685482114, 40.0509780924296, 40.051046539650144, 40.07445178508566, 40.07601291143024, 40.05808582061324, 40.05674417733876, 40.087486485077555, 40.05705448036328, 40.062377483500875, 40.06573844449114, 40.06744434745046], [-85.64646052795467, -85.66797648569685, -85.6654185792752, -85.61541280039943, -85.61295461286554, -85.63237721646418, -85.62212602562255, -85.61666558722546, -85.62314560446876, -85.65298510009038, -85.63247846268898, -85.62185900483283, -85.64092401345604, -85.64785599525979, -85.63765488165923, -85.64290008238746, -85.6263639167419, -85.65043195966881, -85.61909863861916, -85.64865930087018, -85.61353532957884, -85.65879543942685, -85.64742803865212, -85.61709159418062, -85.66119128889304, -85.63180084117192, -85.61520391692768, -85.63870556152347, -85.64225847031081, -85.61671111760542, -85.62123212067954, -85.62678064276814, -85.65616988482365, -85.63982660445186, -85.6586679259063, -85.62239489425521, -85.66164750611644, -85.64608718823901, -85.62666987108149, -85.64818983839137, -85.63567105646624, -85.65141653594105, -85.61515915609213, -85.66284234176044, -85.61648453613229, -85.62514240725066, -85.65416133978641, -85.654396444859, -85.64778988478514, -85.64633440583098, -85.64519524020031, -85.62034871501953, -85.64404196747344, -85.62595263918074, -85.63332693066008, -85.64390159194225, -85.65882362824432, -85.61465001798071, -85.62859357630586, -85.64542778667287, -85.66627607951592, -85.63550827992725, -85.64278813603326, -85.66424356714184, -85.6383207921106, -85.62970752747937, -85.65897463677402, -85.65064822759295, -85.66995417385766, -85.61846990182771, -85.64133658546677, -85.61765871472512, -85.62510767155928, -85.61439313089471, -85.65911821943008, -85.620207225142, -85.6192887023236, -85.6498307379337, -85.66941172692412, -85.64348063348532, -85.6399917127431, -85.6145036031876, -85.63647240827444, -85.65215332137625, -85.66311336048284, -85.6600343013094, -85.63017332792097, -85.6259816459079, -85.65925650847186, -85.65494065847662, -85.6460314967759, -85.62226420941607, -85.64152407917383, -85.61296271907015, -85.61206400991416, -85.64919316957084, -85.63196868480226, -85.61466450013715, -85.62103202459805, -85.66703931642485, -85.6284637263114, -85.64978989883312, -85.61629617729052, -85.61314556064261, -85.66594037837862, -85.62582520527388, -85.65391930401678, -85.64156106107232, -85.62356919923599, -85.6307930508028, -85.65154824985059, -85.61172202926862, -85.63414236911731, -85.62433382906626, -85.62486309485088, -85.63856184962462, -85.64662400765627, -85.61242248528748, -85.64873127312032, -85.63159591604763, -85.66031459590953, -85.62298162827652, -85.66327186932375, -85.66507694084676, -85.6333051752469, -85.64852790373156, -85.63719436867741, -85.63585833380264, -85.65107854794186, -85.63790370526475, -85.62543717011785, -85.65545944372484, -85.63278464265616, -85.66061769773819, -85.61964629727743, -85.64295538025506, -85.61331871155065, -85.61855306881975, -85.62294180374062, -85.64287705825811, -85.62189649174597, -85.64566203708135, -85.65810018444402, -85.61577433754572, -85.62992991749238, -85.6306424409808, -85.63161179006987, -85.65517521716777, -85.66724909309703, -85.63587680507499, -85.6533648386375, -85.62835415253619, -85.63733331545966, -85.64480915607717, -85.61667364930287, -85.62345334038214, -85.62889980313555, -85.63183246213691, -85.6603961105757, -85.62128520655342, -85.64519805347919, -85.65373180865168, -85.64309479474666, -85.6114064465402, -85.65444185863187, -85.66130919072492]], "boundary": [[40.090702263400246, 40.090702263400246, 40.04563573659975, 40.04563573659975, 40.090702263400246], [-85.67004417124565, -85.61135182875437, -85.61135182875437, -85.67004417124565, -85.67004417124565]]}