{
    "boundary": [
        [
            30.43893856340025, 
            30.43893856340025, 
            30.39387203659975, 
            30.39387203659975, 
            30.43893856340025
        ], 
        [
            -87.23494943838853, 
            -87.18286496161147, 
            -87.18286496161147, 
            -87.23494943838853, 
            -87.23494943838853
        ]
    ], 
    "center_point": [
        30.4164053, 
        -87.2089072
    ], 
    "distances_to_center": [
        2306.63455312545, 
        2024.8747037391795, 
        2361.232026907935, 
        2058.0776209662417, 
        1228.983013763752, 
        2710.117416476995, 
        2500.9192518563395, 
        1066.6747462598653, 
        1799.2744053792983, 
        1211.7196464917631, 
        1858.4298160755898, 
        917.089504717133, 
        1907.3263139912458, 
        592.0395904392014, 
        3048.785006693077, 
        529.8713859867407, 
        2448.5623486427507, 
        980.4134874063903, 
        1647.3444118483933, 
        2890.469348599601, 
        2565.918407832814, 
        1679.1650653696747, 
        1811.982957297502, 
        2958.2778722403464, 
        1166.5007643760985, 
        2891.024068931593, 
        2501.5663732272487, 
        1419.2674019872054, 
        2498.203100662398, 
        391.7698223832163, 
        2597.2155433264925, 
        2772.373360231495, 
        162.777229746986, 
        1939.7027394338795, 
        843.0369759198335, 
        2155.9443065267374, 
        3328.7201849043354, 
        2553.6080662741256, 
        3039.128408348453, 
        1988.3368917567395, 
        2068.313034821705, 
        2647.6562710203757, 
        286.22959344169277, 
        1943.7392495791269, 
        1276.5652402162457, 
        2946.074235548627, 
        2409.5040308815333, 
        2575.1978484116235, 
        1472.4375371851713, 
        2078.511717329994, 
        1568.1988887195578, 
        1072.3914110448716, 
        835.8700608342966, 
        2274.938127725124, 
        118.06625730981969, 
        2618.9430355189347, 
        2405.385796373603, 
        2745.5025247423305, 
        2305.8807328811467, 
        3199.383075653651, 
        850.7163186687889, 
        3014.617479557629, 
        2253.3313139639413, 
        1706.7708562903235, 
        750.7330359999803, 
        2973.675449056266, 
        2190.479032738308, 
        2821.8849283234977, 
        3247.814244803021, 
        884.4899648284024, 
        1029.3371267930509, 
        2954.0841523603617, 
        1816.1947654239916, 
        1362.240655084986, 
        722.8194299770815, 
        497.15336252428705, 
        590.8137547897394, 
        1367.8970187313364, 
        2653.526141426753, 
        2152.1973858448873, 
        2485.474235068892, 
        1991.3771634244144, 
        2625.841339565182, 
        2277.901726279027, 
        3206.8561771350733, 
        1023.53002717449, 
        2604.074695969995, 
        2059.535856235199, 
        2545.1620056626757, 
        1925.0616850705187, 
        2014.18768963046, 
        2607.205000714303, 
        2178.445709151903, 
        1911.6025809371138, 
        2101.3893880786054, 
        1745.2512091830902, 
        516.7813661097173, 
        2450.0672000208892, 
        2250.8767684796003, 
        2410.649978035993, 
        2295.26794865099, 
        1756.0534590911486, 
        3029.4661893831926, 
        1462.1114377897577, 
        2356.5931120370938, 
        2457.2932486791533, 
        2523.220542774846, 
        2979.556892250409, 
        3353.1883099563465, 
        1793.0778243836487, 
        2993.308045819606, 
        1663.8529393124882, 
        1396.6510461367345, 
        2117.0665050338293, 
        1777.8456298418532, 
        1958.7122741731707, 
        992.0487243287225, 
        1413.4028423862892, 
        2147.582791845456, 
        2820.505891055437, 
        2593.082082943386, 
        943.8054084256557, 
        2401.0395405364993, 
        2713.9264289365947, 
        1815.6746300746665, 
        2437.048385017013, 
        2297.930655784442, 
        1725.5630985063776, 
        720.0520112157856, 
        2138.9086834124078, 
        1988.0819839241603, 
        2551.761330766742, 
        1136.824191245335, 
        828.707875459281, 
        1017.557196318565, 
        2733.0442506416216, 
        1731.1120763899685, 
        919.4463852918512, 
        2163.898911226775, 
        3035.257803230845, 
        2131.8515214834742, 
        2560.4258110713845, 
        1467.2141849867055, 
        2211.105064161382, 
        2713.5389095369296, 
        1793.3702221955755, 
        1189.6125451590729, 
        1803.752300519338, 
        2986.50379935324, 
        2710.126941548814, 
        1601.4508106140697, 
        1943.256880018497, 
        2295.2735257205877, 
        2354.9852651492583, 
        1903.5732126427763, 
        1874.256236963866, 
        2281.496898018258, 
        2245.278323139982, 
        3218.884713233031, 
        2590.4646561349664, 
        3096.0729688040137, 
        2018.8738773494772, 
        1339.855063822493, 
        2888.0241812693, 
        365.56438217308414, 
        1110.6393819515658
    ],