{"center_point": [30.4164053, -87.2089072], "sample_points": [[30.42409451555653, 30.394553223702065, 30.397517852763748, 30.410487095110458, 30.408611366574053, 30.43460001336133, 30.428813846179867, 30.401780151411693, 30.424717292448054, 30.423439876513346, 30.41151886062442, 30.395053952274274, 30.413418561924754, 30.400145881562263, 30.430828824317082, 30.407907314630215, 30.43861885172413, 30.418248546556192, 30.408072185823194, 30.438520365835316, 30.435578161888607, 30.40716684786621, 30.402666881290887, 30.436159429787928, 30.432584401285542, 30.401080694038118, 30.438056801193007, 30.407220076825222, 30.438733373180355, 30.418673491394618, 30.408370907635756, 30.42134431105367, 30.405427129238635, 30.43873273166641, 30.408081393334484, 30.420879376069124, 30.417678115787886, 30.396636992543602, 30.399708247381877, 30.413589538791918, 30.405356355104235, 30.435095120677303, 30.40983172155276, 30.412576487643413, 30.428703211494277, 30.403105683757936, 30.40575164728215, 30.435988521090863, 30.423320526493068, 30.39430948239271, 30.396681158757964, 30.43752166804683, 30.422327528263576, 30.405470619940925, 30.424149644022403, 30.40369372913494, 30.42562874048518, 30.428968032898858, 30.398189525672574, 30.420026619433123, 30.43238023091893, 30.41448294681761, 30.433347116869676, 30.433829894438286, 30.397414166503147, 30.435078271294785, 30.428801155003107, 30.40294900056148, 30.43206363339001, 30.408895616958667, 30.406132041351906, 30.413394809068986, 30.404534801464173, 30.409563319679734, 30.418845308150953, 30.396305516131466, 30.40509672960004, 30.418757010314497, 30.432924682769293, 30.41474172414508, 30.400612641224946, 30.39507411659116, 30.424584303006856, 30.4166874902608, 30.398493911609712, 30.43366773477923, 30.413972401839548, 30.43544038605903, 30.394357566655273, 30.423465300105242, 30.40714663771406, 30.399472803270474, 30.399375449763845, 30.40309327028357, 30.43092885141228, 30.412017816546786, 30.424390801199255, 30.425880868465153, 30.416203438094495, 30.395772271933915, 30.394503011222486, 30.419167789439015, 30.415053312779545, 30.41981835090467, 30.4168169976174, 30.394507337738514, 30.423159317296317, 30.399670680478483, 30.410022239327454, 30.418374413650966, 30.40713424049577, 30.430898431548346, 30.401518573392472, 30.397167075830282, 30.434533459964463, 30.43413858389341, 30.39809430286692, 30.401926229280747, 30.438086221195242, 30.420974236896516, 30.40134524079811, 30.438618151954117, 30.415294540882066, 30.417566313034047, 30.4025735417441, 30.4194713376759, 30.437045654821027, 30.412089470030484, 30.43407677290016, 30.435370433937248, 30.438307327586433, 30.410434606951046, 30.4372000554365, 30.437866612867957, 30.426177232471147, 30.434192470538097, 30.43862076207082, 30.40190929500594, 30.398350102330504, 30.402878950791617, 30.414144480237898, 30.40654986230931, 30.426837873873495, 30.420044197601857, 30.436084745182725, 30.432247010042374, 30.39644484397752, 30.411504813164733, 30.409959668531535, 30.395604660887024, 30.40173813120773, 30.411282549698686, 30.433999885703464, 30.414053868884515, 30.411488644939006, 30.427356385928938, 30.435685596078404, 30.396246967094136, 30.402571105474, 30.410787899622065, 30.40956945128285, 30.41212507083929, 30.395118143619737, 30.39549150929161, 30.40732091201471, 30.4355392320948], [-87.22053379009078, -87.21689488522158, -87.22206922766108, -87.19064025074758, -87.1835438075799, -87.21600039506355, -87.1946400442397, -87.23238930193695, -87.22639096129267, -87.23349931324277, -87.19396682804911, -87.19633190141477, -87.1908267038339, -87.22356797033538, -87.18652672931815, -87.21378717060462, -87.2342873420747, -87.19953457444667, -87.2176828049436, -87.23467270426427, -87.21645880643361, -87.18667795619581, -87.23490158716876, -87.21087657167267, -87.19399936301258, -87.22904587114625, -87.20602192826534, -87.19484120433741, -87.21272750534811, -87.1946891672132, -87.22118634592407, -87.22791355290073, -87.18915129970509, -87.19791547995517, -87.20524006001625, -87.20717937235801, -87.20665106359866, -87.19609257836616, -87.21064523166748, -87.20429247179149, -87.18302619168624, -87.21939066532362, -87.21759508178967, -87.21561572667436, -87.22509892533073, -87.21524969736421, -87.20226666603806, -87.2204120254458, -87.21821509744146, -87.18990568707278, -87.21050575444012, -87.20400593682713, -87.2171317549293, -87.207511438336, -87.23296828229905, -87.20710751262594, -87.2190831285613, -87.22403689907524, -87.21896828973138, -87.19334703732953, -87.18374238637539, -87.22512111061361, -87.19953479629909, -87.21152441585323, -87.22083544205309, -87.19595999426726, -87.19107468169771, -87.21598662556995, -87.20170425688522, -87.20448055925738, -87.20170503082076, -87.19872213639663, -87.1949499907207, -87.1965402294177, -87.18491374205678, -87.23409480017827, -87.23162409028849, -87.21896817465202, -87.19105867495179, -87.21952887562401, -87.22115017708516, -87.19665206874485, -87.2291511674744, -87.21915995774752, -87.19714414852118, -87.23327002390022, -87.19968935016335, -87.23442412734565, -87.2048982876477, -87.22161423959098, -87.2054218952438, -87.21703983555521, -87.18790044864974, -87.21996071696584, -87.22246214065511, -87.21920574887895, -87.194331563962, -87.22069015041295, -87.20724185761324, -87.21105251801174, -87.21767478666331, -87.18578946905366, -87.1837823424533, -87.20618110436362, -87.22875052393137, -87.19768307124686, -87.23228953638538, -87.18381714439188, -87.20152322025454, -87.1935173893374, -87.21036816965518, -87.21528703624138, -87.19468439734617, -87.19343230783916, -87.21352391687932, -87.22970829265053, -87.213750733271, -87.22479941322531, -87.23417433981801, -87.2325759523244, -87.19719339572744, -87.2301939848575, -87.2029354319858, -87.19607744543609, -87.20366345173997, -87.19911818248883, -87.19391426822729, -87.22652006222357, -87.18552173437024, -87.21677531558889, -87.19202325824361, -87.21585835904574, -87.18691173802999, -87.21498896293377, -87.20063290175634, -87.2124290436992, -87.22135939624438, -87.21038941030938, -87.18322612851135, -87.18650645318408, -87.23372878116677, -87.19103250268904, -87.22799891124767, -87.22755439318895, -87.23242953212716, -87.19850961908516, -87.21005185193893, -87.18474166077839, -87.21207926841605, -87.20579285699151, -87.18935453657808, -87.22745670278528, -87.2272737949706, -87.21013544150372, -87.20155436216652, -87.19938413818726, -87.1976293372536, -87.22095082937874, -87.18857939588185, -87.19298014571379, -87.21625475441584, -87.18929301865647, -87.18768349692176, -87.22099605858503, -87.21779418889088, -87.22300118908824]], "boundary": [[30.43893856340025, 30.43893856340025, 30.39387203659975, 30.39387203659975, 30.43893856340025], [-87.23494943838853, -87.18286496161147, -87.18286496161147, -87.23494943838853, -87.23494943838853]]}