{"center_point": [36.1099696, -115.1700646], "sample_points": [[36.092443591724695, -115.1823160468938], [36.09216115376422, -115.17597312734281], [36.095120508117034, -115.1665252637013], [36.12232702373892, -115.17991808823787], [36.130481116285615, -115.18947852655813], [36.08885771849281, -115.1467150699532], [36.121427833878045, -115.19195088435534], [36.091934619732776, -115.14309871586151], [36.12283212707544, -115.16226487774573], [36.11212832668785, -115.17393695980297], [36.09731835395699, -115.17907574787101], [36.09807077710487, -115.179628555852], [36.13111423973873, -115.16752079688814], [36.130731231794186, -115.16314560092972], [36.102714172103376, -115.19048559521741], [36.13178223481206, -115.15078905137975], [36.12934905257923, -115.1606564306801], [36.08759008259646, -115.16168137137274], [36.12599982355743, -115.14712720873837], [36.09075523093691, -115.17386954935093], [36.13193247378062, -115.17074923253215], [36.1233048859582, -115.19453881167924], [36.10921662845469, -115.17169907680912], [36.093784011545125, -115.1926575827081], [36.103011955198085, -115.18886280060975], [36.095672128486676, -115.15946428683465], [36.126461697480025, -115.15678319680234], [36.09018914838711, -115.14532327648695], [36.10153486304747, -115.1932252020978], [36.1036601016443, -115.18338125630423], [36.1156680973146, -115.19534888534602], [36.11290693377167, -115.1599221989801], [36.1232990093269, -115.17162712741798], [36.11242507149936, -115.1649697066046], [36.12033519453275, -115.17690626345168], [36.08748129926689, -115.16371593381648], [36.11010013008234, -115.14909130233961], [36.11573831512894, -115.17089471842411], [36.09213985318772, -115.16036247796302], [36.12921425076145, -115.15498968411404], [36.12055564301142, -115.19489627778111], [36.11253186299032, -115.14966247418404], [36.10242077722295, -115.15756237368859], [36.088324361930226, -115.19395889344152], [36.110363387477626, -115.15940050254228], [36.11318879320887, -115.1932424966851], [36.09827783569398, -115.1619782935405], [36.1104749152875, -115.15536105407492], [36.09110818464782, -115.14336626627572], [36.09658610044439, -115.19403674577347], [36.11080003389215, -115.17367755274809], [36.08830072804003, -115.17542026348768], [36.09113264197279, -115.1793670186196], [36.09094377769798, -115.14639930631435], [36.129341136249266, -115.17096074779218], [36.09884961304797, -115.19575780040576], [36.088477886852964, -115.15615700968196], [36.130053030242934, -115.18995594449306], [36.12854517177879, -115.16186601107675], [36.11266153055305, -115.186777486159], [36.12467368158123, -115.15976042074495], [36.12728319754353, -115.16730147119668], [36.10876237161265, -115.15120840723714], [36.12694082337014, -115.16180131852582], [36.13101525481167, -115.16471583982025], [36.12311296290635, -115.14668149991535], [36.1013810949689, -115.17307757817524], [36.09792753229358, -115.16435416144971], [36.103290070493536, -115.18753142819584], [36.119107590635586, -115.1571834561264], [36.129151249148734, -115.1744544341387], [36.106787097235134, -115.16543761726632], [36.09162247506594, -115.18031249312783], [36.094073690639156, -115.15755144966411], [36.11034011853112, -115.18270538183855], [36.10576717793394, -115.16238360092663], [36.11988640111275, -115.1848438298354], [36.10947428682952, -115.16855457421303], [36.0909121138222, -115.18456484803384], [36.13188815279555, -115.17232015119234], [36.10130885437833, -115.16968961176677], [36.12474549581586, -115.17722112271429], [36.09551883075386, -115.18722014405867], [36.12502048986769, -115.1977885341708], [36.11131879637594, -115.17852798405436], [36.10388246557011, -115.15500849750839], [36.09787104064106, -115.17184548391519], [36.12260496519727, -115.16213359021273], [36.11996485485011, -115.16770964303606], [36.092921790219286, -115.17890442706047], [36.10357376923725, -115.17865989822154], [36.12107314821145, -115.15907507132381], [36.123896666766996, -115.17290156445632], [36.10972303210519, -115.16551345433032], [36.09170822261927, -115.16396593475781], [36.126950354536234, -115.16056747146162], [36.12112978950979, -115.19015507339967], [36.10344459680008, -115.14405367252536], [36.124952615247174, -115.145390340762], [36.110232135144905, -115.16077368593976], [36.09929252620173, -115.17637831190046], [36.09757369464801, -115.14992359008947], [36.1034005444223, -115.18154652307426], [36.10640390207491, -115.1504386854855], [36.13165621808295, -115.1561288312506], [36.096724339040044, -115.1758649937305], [36.12818720436399, -115.14805076350986], [36.09306746049694, -115.18480615756147], [36.12669367015117, -115.19172292980538], [36.10291741608058, -115.15709408764951], [36.1155455847706, -115.1950056783442], [36.11293343268459, -115.14285407292512], [36.0915323256451, -115.18013057169281], [36.105930787063656, -115.17786866300412], [36.09872328501993, -115.14250383109115], [36.104934727380765, -115.1930946394815], [36.10270334128553, -115.17666587710494], [36.122293491637215, -115.1816147600552], [36.1066545182329, -115.16642233717306], [36.12970818794029, -115.17139580091293], [36.105849973130645, -115.19190311273739], [36.090763336244706, -115.19655167938157], [36.100587797185575, -115.18715352848113], [36.11329432266353, -115.19234336915676], [36.10316768574167, -115.18574678300959], [36.112074502724695, -115.17183227911366], [36.12409418212894, -115.19145373116258], [36.09027083694223, -115.18337433432947], [36.102646758549966, -115.18741722902563], [36.11652200269327, -115.15957152529494], [36.10780601965141, -115.1576327398639], [36.089968879096205, -115.1442515064915], [36.09033775106238, -115.17754277767897], [36.096839905629025, -115.18736898396443], [36.124982498577545, -115.19240545164384], [36.091673322623095, -115.15579223913012], [36.11758581298345, -115.15145217837328], [36.12656066025673, -115.19085985853596], [36.0944618547991, -115.18687104637718], [36.10524127669574, -115.15595163211181], [36.10145368169593, -115.14750683152927], [36.11799359655418, -115.18523921213821], [36.12967634240229, -115.15733393211843], [36.09323621722801, -115.16014548619776], [36.13221847406144, -115.19696220691372], [36.0951731228412, -115.14662349926627], [36.12469308753222, -115.16218292903368], [36.08885638509953, -115.14933549706367], [36.130414224604266, -115.19637340124528], [36.09853952684283, -115.1905915485391], [36.097120817393005, -115.19374202182624], [36.09263388694962, -115.1974466984267], [36.11186505222922, -115.17461639762489], [36.11231815091025, -115.1457025360615], [36.121409737732975, -115.15744231528979], [36.10113880078651, -115.16939220785915], [36.11474353596416, -115.17619774102148], [36.12676479566167, -115.17300998071161], [36.10178857307439, -115.16990373671035], [36.10216101925098, -115.19735246862811], [36.113065454923024, -115.15040875908275], [36.109628746562294, -115.1543159534589], [36.09945875823264, -115.17869169936667], [36.10085261516498, -115.16511479568942], [36.092721944531554, -115.18787910620094], [36.10930120597415, -115.18043543072578]], "boundary": [[36.13250286340025, 36.13250286340025, 36.08743633659975, 36.08743633659975, 36.13250286340025], [-115.19786304538984, -115.14226615461017, -115.14226615461017, -115.19786304538984, -115.19786304538984]],