{
    "boundary": [
        [
            36.13250286340025, 
            36.13250286340025, 
            36.08743633659975, 
            36.08743633659975, 
            36.13250286340025
        ], 
        [
            -115.19786304538984, 
            -115.14226615461017, 
            -115.14226615461017, 
            -115.19786304538984, 
            -115.19786304538984
        ]
    ], 
    "center_point": [
        36.1099696, 
        -115.1700646
    ], 
    "distances_to_center": [
        2516.6907623339475, 
        2200.0035560214264, 
        2957.6484063370262, 
        1256.9509881030626, 
        2303.0625645202035, 
        2262.825129764693, 
        3085.6986787688666, 
        3216.010332745096, 
        2327.8318029320335, 
        1354.4531522005964, 
        1850.146621089725, 
        1279.745685875253, 
        1053.5092462034495, 
        1301.6559224855532, 
        1875.2136567636674, 
        1173.7170613846026, 
        3482.191069920467, 
        1155.5980082473893, 
        1299.6679467789022, 
        2354.277676500482, 
        464.95244872204063, 
        1647.626320670786, 
        2168.4996285473685, 
        2406.718599612185, 
        2152.6850777714703, 
        695.3991998158814, 
        2560.1672463185964, 
        2355.7308764556474, 
        870.7551893870805, 
        1442.1514617503308, 
        2463.456592378129, 
        2066.402954306633, 
        2169.6608524028934, 
        2460.608349816176, 
        2485.264363498501, 
        2350.6501306722116, 
        918.9043952251849, 
        2224.3577382586027, 
        1437.8854758005518, 
        1329.5498856574736, 
        1218.9014807242504, 
        997.727968758718, 
        1442.8868482413254, 
        946.2777765542769, 
        1738.457099739272, 
        975.4678761493038, 
        2674.8458983610844, 
        2349.5890542716083, 
        2371.5785601389525, 
        2192.2679861446304, 
        2457.245870905291, 
        427.28925170872446, 
        676.8723449873798, 
        1752.732633079226, 
        1554.3006713117286, 
        2374.3562558281487, 
        3190.105526673206, 
        2115.3244045761808, 
        2400.4972897046796, 
        2303.7594235240017, 
        2974.4284164658384, 
        2228.476198758444, 
        1560.2684528833247, 
        3148.7281832536455, 
        1649.846655300032, 
        2550.1938038513804, 
        3000.4716224224776, 
        1830.0892540226237, 
        1305.7550910303821, 
        1749.239765012027, 
        1219.1259235316309, 
        2171.519100382971, 
        2679.274466196476, 
        2433.496884666974, 
        2439.904993477208, 
        2640.411125969037, 
        957.9387231664215, 
        559.4989917646691, 
        2647.8887106077073, 
        1542.6740880573295, 
        2339.6873248112415, 
        2216.2027024173763, 
        2653.6479238770194, 
        2063.135419636123, 
        2384.9929881453886, 
        2231.450988165475, 
        1030.980690505422, 
        2392.047735948181, 
        2104.9940357173246, 
        2697.594323984431, 
        2216.0808177096237, 
        530.1981819659553, 
        2947.819457272312, 
        2482.1341259541277, 
        1320.9460216800446, 
        2488.128712085791, 
        2464.7368103922686, 
        2243.558398958177, 
        2203.6084161720673, 
        1059.1627101086042, 
        2675.97192181957, 
        2211.11547609084, 
        2025.4143851235615, 
        1081.416335266684, 
        1636.0025087453278, 
        3282.291668403353, 
        2630.8123000603305, 
        2486.6801973089937, 
        2407.783753948633, 
        2280.031609173634, 
        2866.9014613448153, 
        2612.9592300979407, 
        2485.069520254624, 
        1134.2006818034274, 
        1430.5477816141813, 
        1746.969747963854, 
        2806.321177564065, 
        1348.6505672558947, 
        1090.504874443827, 
        2376.732851402941, 
        1366.242369367547, 
        692.2259357284516, 
        1476.715996468729, 
        1342.5274195329923, 
        2576.982011108985, 
        1711.5196087682523, 
        812.7029439989985, 
        1490.2420681956887, 
        2275.1219252203914, 
        539.2113288288538, 
        1999.7998821456538, 
        1610.9676663193256, 
        2792.541952511396, 
        1661.9269589778476, 
        1778.7507408904653, 
        2247.2884364244696, 
        2840.23910646912, 
        2236.8069350931514, 
        2521.7500405037017, 
        2050.1775323386, 
        377.18223102353966, 
        634.8957625243905, 
        2637.6901134001573, 
        2818.2555161068585, 
        1724.6484187098588, 
        1274.4418961824315, 
        713.9161899391257, 
        1251.0612773520345, 
        2160.2208444796456, 
        2716.4234554400177, 
        2508.90994060498, 
        2466.607474905803, 
        2844.0989076603432, 
        2610.6762074511316, 
        2679.6658658084143, 
        2650.0787018979913, 
        3175.0943045337212, 
        1259.954668299755, 
        1280.1497020627673, 
        1983.76569309445, 
        1218.7238109371972, 
        1440.667183891383, 
        1252.1262468063146, 
        1613.599732365717, 
        3259.4242617626637, 
        1988.0653041548592
    ],