{"center_point": [36.1099696, -115.1700646], "sample_points": [[36.10628064102185, 36.132320364098604, 36.10853710196097, 36.09255586432164, 36.120013939457955, 36.11895695079634, 36.108561042988896, 36.11366094464758, 36.12744951350258, 36.09759721726708, 36.12949193105913, 36.13115374709463, 36.09548286589165, 36.12900061260139, 36.10708697002328, 36.12390982358313, 36.09458228913313, 36.13099959961786, 36.10933201879035, 36.122600044350676, 36.120036333902405, 36.108718698372876, 36.08935176940168, 36.10145200796291, 36.092139254968224, 36.117204946375566, 36.11003294445806, 36.115342844485355, 36.093414832487746, 36.090131359476935, 36.116990451597644, 36.10446387517569, 36.09527910215798, 36.09378165749797, 36.103216963632775, 36.12908066753967, 36.11546619681906, 36.10955536437866, 36.11110524881576, 36.09256515454592, 36.10454539131489, 36.1055257484412, 36.09174969395697, 36.1078603351155, 36.0922120968434, 36.119118376414235, 36.12970075383401, 36.126235141071376, 36.1311915823415, 36.122843484547886, 36.12859593784737, 36.11134259623335, 36.11038447994001, 36.11179716804411, 36.08756886546297, 36.12172126895177, 36.13126953581336, 36.090786706025156, 36.099748724044545, 36.09175222100995, 36.118528710336314, 36.099264563888916, 36.104924350453715, 36.10390343454149, 36.11061497168231, 36.09437031438243, 36.11774719540736, 36.0922557768837, 36.108675489051166, 36.13097920425022, 36.08877277348027, 36.12556015645433, 36.08942568968522, 36.12860950143891, 36.09170826073337, 36.09301471015317, 36.104307563559104, 36.1111216115267, 36.13062951145213, 36.128887969686886, 36.13146767937548, 36.11364759406188, 36.11175421465934, 36.121078754338775, 36.10712951837938, 36.1246088999782, 36.110335465080375, 36.10733182943733, 36.125343189819624, 36.090427967129855, 36.10036732924078, 36.094266230033746, 36.09187733609758, 36.13166992707563, 36.10524753631413, 36.09427614372348, 36.09050273022826, 36.13216219681748, 36.12533793419418, 36.09132540282299, 36.10140047240729, 36.1031278382993, 36.12614634447999, 36.09863791347482, 36.10039748809269, 36.0979669153772, 36.124016373461956, 36.111783457226096, 36.118660051964305, 36.108392397395306, 36.12252524253789, 36.1231248410246, 36.09410772053488, 36.12711936711629, 36.13054207633737, 36.11787469305693, 36.12874740249429, 36.12224253806876, 36.11978608627287, 36.09658498640668, 36.124416816090346, 36.09818843818832, 36.10817276721838, 36.125173234290095, 36.12566536622885, 36.11457149708656, 36.089556205592245, 36.116071000291434, 36.10218529591137, 36.13174594526636, 36.11948921767912, 36.11087051076032, 36.11751009140517, 36.110906864641656, 36.10486288464091, 36.09625124169759, 36.10378483372122, 36.127868778709896, 36.10328010512433, 36.123185601751324, 36.09335472347585, 36.088212976107044, 36.114764900507325, 36.114791928385095, 36.095543821058534, 36.12825142374236, 36.10188254750241, 36.11757614399681, 36.1078358440093, 36.10030161672247, 36.11093786657477, 36.13087402604712, 36.103316329376995, 36.09697720816172, 36.10122881370971, 36.11749506037811, 36.10542619086659, 36.09243080824363, 36.12373048728039, 36.117621040777735, 36.12187485279868, 36.12218260433012, 36.101962046976965, 36.127742956146925, 36.12681973294306, 36.11716269253534], [-115.16103840733051, -115.1504017524697, -115.16232277712305, -115.17294028816401, -115.19743798429396, -115.19236415154502, -115.16848326343509, -115.19322599184002, -115.14690172623477, -115.19431139461537, -115.17812037300835, -115.19735919459487, -115.18596704782331, -115.17934864090468, -115.18453954025847, -115.17590086792364, -115.15247022116172, -115.14315003497626, -115.17149749792017, -115.16546992359278, -115.19463119478519, -115.17687802800306, -115.15942454156767, -115.19768140220512, -115.1652974608025, -115.1848157870004, -115.14577761344675, -115.17606666642723, -115.18890476014673, -115.17992128080694, -115.1537239598436, -115.14763310827341, -115.15501553039175, -115.16910709357737, -115.17916027071173, -115.16911249829401, -115.14676685560983, -115.1665675530867, -115.18018912305614, -115.14368154626065, -115.1678768552964, -115.17742644556762, -115.15499183179165, -115.1701865081701, -115.16570596729142, -115.16976725954821, -115.16858188762697, -115.18533351827604, -115.1783649037524, -115.16173960110099, -115.15718892695084, -115.16426216403458, -115.15618334968084, -115.1643044534268, -115.19687289133375, -115.1460703211822, -115.18326038884672, -115.18472322684347, -115.18529971365355, -115.19610941320374, -115.14473645799666, -115.16603374670136, -115.14824222555522, -115.14951930719754, -115.15383653794365, -115.16031118500813, -115.16253537507762, -115.18554488535523, -115.17071735301785, -115.14651347351095, -115.17520664501042, -115.14504527348836, -115.1785917958639, -115.1890790546528, -115.19773147336628, -115.19693171902274, -115.19583124850283, -115.18867363419653, -115.17510243240517, -115.19714017193803, -115.17958548656854, -115.16584870449337, -115.19715515659053, -115.15733324447119, -115.15784639396244, -115.15832760954689, -115.19619011463979, -115.18239472176296, -115.16314793467137, -115.15487074369659, -115.15591802621012, -115.1438262237506, -115.19166051173158, -115.1733487689087, -115.14478306281744, -115.17966186937699, -115.19006376520316, -115.14558680652462, -115.19399999775888, -115.16500914655994, -115.151924617037, -115.14928809863221, -115.14232651848364, -115.17737409611584, -115.17112817414217, -115.16008149537161, -115.19190804659871, -115.19660575933942, -115.16379946258006, -115.14863815232165, -115.16229781003403, -115.18163847217366, -115.15818672574453, -115.16435153284164, -115.17168238676517, -115.15016885185227, -115.19450695611731, -115.18676500157133, -115.1636265543746, -115.1943365203738, -115.1649464335658, -115.1472959180606, -115.18586751751049, -115.15021735771514, -115.15688445120232, -115.14897853025907, -115.18734970810434, -115.17840222999864, -115.18191685785524, -115.1427033600457, -115.16233238311234, -115.18521679340786, -115.19247564025785, -115.14795928596736, -115.17390256788173, -115.18160269103028, -115.17571124722325, -115.14717163488429, -115.18300834862828, -115.14942664037827, -115.16183439496454, -115.16316717128726, -115.17025879137958, -115.1726839719352, -115.1854445614977, -115.1755040481918, -115.14387640824346, -115.17571858703597, -115.14883342344426, -115.16533228889932, -115.14761695187683, -115.17418958460689, -115.19420066388838, -115.18366798376012, -115.15746154491178, -115.1722352086032, -115.18441592731179, -115.18709358766561, -115.18258219896965, -115.19678942287011, -115.1968004722055, -115.1457294312434, -115.18428604673792, -115.18812784664155, -115.14275098671725, -115.18772694801281]], "boundary": [[36.13250286340025, 36.13250286340025, 36.08743633659975, 36.08743633659975, 36.13250286340025], [-115.19786304538984, -115.14226615461017, -115.14226615461017, -115.19786304538984, -115.19786304538984]]}