{"center_point": [39.7411257, -75.5502534], "sample_points": [[39.73267028884792, 39.724775297839074, 39.753637884411376, 39.730663025086265, 39.73299536552568, 39.72684146476504, 39.75721925106649, 39.719333121498906, 39.735849195865256, 39.73698290455026, 39.722777493111415, 39.76105018344289, 39.74127936696551, 39.73892072094495, 39.74498256151235, 39.73628513837035, 39.73069784371107, 39.73246489090792, 39.75526313513088, 39.73231456240942, 39.72285330417396, 39.73118468116701, 39.721293563722206, 39.7294096107703, 39.72275353456841, 39.75572570907287, 39.737603496550534, 39.752390689942295, 39.75567061965929, 39.756147066280846, 39.72984145392835, 39.75745557692581, 39.73345213495494, 39.730194512857, 39.739838880482125, 39.750644571836766, 39.75184930997153, 39.759377017271646, 39.73208821628231, 39.72619693555552, 39.76174965686107, 39.72158124697942, 39.72635949954774, 39.75455133044461, 39.76048790846309, 39.73926722086664, 39.741720561003746, 39.742500628592886, 39.756292632535676, 39.721441131194446, 39.7387684541131, 39.73496836008527, 39.74358534621632, 39.752931358310704, 39.75885221641085, 39.724894987351426, 39.75175848569163, 39.751110025662406, 39.75093486810189, 39.75148461270257, 39.7457421437123, 39.73161055549123, 39.72632530234253, 39.76237726074651, 39.73185755976805, 39.738626910436295, 39.745366856213565, 39.72951442374675, 39.74929259232537, 39.72898394548603, 39.74286653157848, 39.7478090199742, 39.74503406492782, 39.73757895342678, 39.73891372746266, 39.7210919394291, 39.723061074213355, 39.76354773641011, 39.763419547537005, 39.75897088521228, 39.7224109207354, 39.741865977679836, 39.73708761890032, 39.72140030307565, 39.73809095622725, 39.726372782609516, 39.746910659710565, 39.73933344931776, 39.750105586327706, 39.73514158112643, 39.76062468602134, 39.759526792337155, 39.76058340988201, 39.7590182792363, 39.73921172601468, 39.730586766703766, 39.73871548285614, 39.758910060462625, 39.762061842862764, 39.73697114609749, 39.75839398428083, 39.73954315195004, 39.75812836351248, 39.73447595327156, 39.76287481152833, 39.72204002727959, 39.73679173672834, 39.74213636997295, 39.75470546963605, 39.76286215103815, 39.75270573735136, 39.7599831265389, 39.72961300196931, 39.75488397020729, 39.73886778097024, 39.73283216230602, 39.75083313559989, 39.72736006106444, 39.74316726798138, 39.72884196250411, 39.7528838315019, 39.74496827362485, 39.727303731105636, 39.74692355992903, 39.746790323191334, 39.76128953200038, 39.75868108514887, 39.73101754621855, 39.74428749117185, 39.71999983151015, 39.73009615322654, 39.75213812524901, 39.7512840532268, 39.75268026060091, 39.72509080880072, 39.73967550845146, 39.72783173643062, 39.75401618019569, 39.72886621965081, 39.74407887524735, 39.725694257645316, 39.75212884375159, 39.75913936108733, 39.75959897409229, 39.75250713002633, 39.73862144986691, 39.75617712313474, 39.74579246105883, 39.75253883353311, 39.75039728141989, 39.752424826913966, 39.722759567528776, 39.75623723255205, 39.74343308366317, 39.740501679134354, 39.75726776169829, 39.7207116993824, 39.75432652209263, 39.735546318519475, 39.719972862992094, 39.7423995269828, 39.76289572828038, 39.75548068382696, 39.747583980430754, 39.73297825424444, 39.73388468008661], [-75.5671966239634, -75.53461400339081, -75.5249645120091, -75.52766184537138, -75.54672238412122, -75.54658160305442, -75.5684757272024, -75.56243553206608, -75.57622786214326, -75.5224682925327, -75.53665336102932, -75.55000803028902, -75.53279424231891, -75.53746891677535, -75.52147518526277, -75.54213610255164, -75.52783147325627, -75.55702745153216, -75.52239684952025, -75.55479103929201, -75.52254947980663, -75.56882112443992, -75.57117957926123, -75.53355957567716, -75.55935972395562, -75.54398460284759, -75.57513056434924, -75.55011772871063, -75.5277171620415, -75.54866864627014, -75.53044682625632, -75.57306273101288, -75.56276429717697, -75.55234287892358, -75.55022416716021, -75.54461352372047, -75.54458725291721, -75.5633893190552, -75.53857879352678, -75.53553763825595, -75.52193680203402, -75.55885089215492, -75.57022847600669, -75.52729782995229, -75.56557088923707, -75.56287020119053, -75.57286190067212, -75.52635367399976, -75.55058402773273, -75.57905246998254, -75.5692892683401, -75.57114198364734, -75.53163600550674, -75.57459135036773, -75.55012555193805, -75.54187291757826, -75.53061299589852, -75.5595733535373, -75.54590329549347, -75.56515275747766, -75.57425754422643, -75.53461180573437, -75.57667258713718, -75.56388926170332, -75.53297197233054, -75.55430928444363, -75.56120354849403, -75.54644300843268, -75.54613445155633, -75.54430854329838, -75.53905020326036, -75.57002045079828, -75.54738867741148, -75.56692770106845, -75.5756513045141, -75.55363924530928, -75.55676890795776, -75.55029401185513, -75.53113790211388, -75.56196837993926, -75.54702508669992, -75.56600527594182, -75.55085720857198, -75.55366135915266, -75.53071843874496, -75.57225612704813, -75.5793902183713, -75.54174362248159, -75.55247443462538, -75.57830827860286, -75.53544753314449, -75.54525999021989, -75.5717003852039, -75.5295056949598, -75.57595412644368, -75.56106539732801, -75.52920997685402, -75.55183020385087, -75.54622626114075, -75.54258611977477, -75.53135258781508, -75.53972681941667, -75.54083870624586, -75.53174267507872, -75.5334839995233, -75.56519945282615, -75.5654886509744, -75.55936364374891, -75.53435151977453, -75.52155023728112, -75.53467705814141, -75.5269615872774, -75.5494748635311, -75.5230771345305, -75.5363607511506, -75.56826477165039, -75.52264599735047, -75.52687731384952, -75.57256641110065, -75.52619294501947, -75.54745480419335, -75.53443775422366, -75.52347501014462, -75.56641029484705, -75.53656886148694, -75.54830799809523, -75.54378995206426, -75.52233492902208, -75.52863923765821, -75.54314191415853, -75.55569001109495, -75.56498378466047, -75.57368088424293, -75.52999888003576, -75.56076382111546, -75.5408804593374, -75.52375815590891, -75.5539307705897, -75.53584626129962, -75.54918675343929, -75.52743177632384, -75.54755237597891, -75.53672545695736, -75.54253436133078, -75.53095161862797, -75.5585373189026, -75.52414961172867, -75.52547689373029, -75.52780283094086, -75.5389009687134, -75.52645769335705, -75.567535304886, -75.57784942433558, -75.56765686913424, -75.52488319105638, -75.53474003144052, -75.54238200749106, -75.53508275627114, -75.57848493306389, -75.5569204347222, -75.54751298944117, -75.5323199435104, -75.54575474354483, -75.56597909212557, -75.54788571762842, -75.5413333683338]], "boundary": [[39.763658963400246, 39.763658963400246, 39.71859243659975, 39.71859243659975, 39.763658963400246], [-75.57945982336577, -75.52104697663424, -75.52104697663424, -75.57945982336577, -75.57945982336577]]}