{"center_point": [39.7411257, -75.5502534], "sample_points": [[39.762007092926126, -75.55323475628981], [39.75219316817581, -75.56337889440931], [39.74689413539665, -75.52647795428138], [39.7571135901138, -75.5322971047503], [39.738684923371935, -75.57827009241457], [39.761490084958155, -75.55081099433735], [39.7354863457646, -75.55910747624182], [39.7369048491516, -75.53849659795154], [39.744430290300194, -75.53311438856159], [39.73551406539886, -75.57774684463979], [39.72686795090288, -75.54231594837479], [39.76329572788305, -75.56011802843508], [39.72945839280312, -75.57091162400533], [39.74904254274582, -75.57611355363578], [39.72038578632399, -75.53472073112351], [39.72951785233611, -75.5262837337065], [39.72116629030351, -75.54576256636086], [39.733345779328076, -75.56682612551396], [39.740444200810686, -75.5315303331142], [39.75026480766063, -75.52755481187214], [39.73843661212594, -75.5729510341968], [39.75941665604351, -75.57728213055393], [39.74540621301316, -75.53048561907569], [39.754336319058645, -75.55167327647041], [39.721637323496694, -75.54766830900323], [39.73100502178232, -75.57744544610377], [39.754437204991156, -75.52774948973911], [39.756870104737956, -75.55805180261102], [39.73899938966898, -75.5287254390279], [39.75355864393553, -75.56996008929099], [39.74062603595322, -75.54766691071237], [39.741137802054745, -75.52169764786254], [39.73047494756095, -75.53477710371632], [39.736084994836226, -75.55781891547458], [39.735760217395566, -75.5717761558379], [39.7625140450473, -75.53179759117688], [39.72756010855398, -75.55814595548644], [39.73055227397388, -75.56547124607039], [39.762856550818334, -75.5403359100072], [39.759768577242426, -75.54863756723228], [39.72957927845594, -75.54181191635887], [39.7386272350832, -75.55941467921416], [39.76050794204218, -75.55809163304066], [39.7190003334713, -75.57341570135314], [39.73414239666816, -75.57544330926177], [39.74222587492661, -75.57829078225163], [39.75049913572846, -75.56916415492866], [39.720548131004364, -75.54616069023135], [39.72999097095114, -75.57409035911058], [39.7466046658499, -75.5577268700904], [39.7429069644005, -75.52158255051455], [39.74571442544832, -75.57347431133768], [39.73660630050528, -75.53112621605958], [39.7243709130936, -75.52486478064995], [39.737638073836, -75.57159528023038], [39.72765541341523, -75.5686346388875], [39.72777820393613, -75.56267150833062], [39.71931428866059, -75.56922246244048], [39.719374481200596, -75.55376482097357], [39.72815192806578, -75.55858949996343], [39.752179290030774, -75.56055328023004], [39.76172512438604, -75.56528144273152], [39.73452083836102, -75.5459658923715], [39.74499585596924, -75.53857763615302], [39.736980845720616, -75.54822597558228], [39.72205897481275, -75.53445277464489], [39.756969800046086, -75.54684400556263], [39.76168559349131, -75.57679904713918], [39.71913858303189, -75.52719332192788], [39.75692481865682, -75.54628251924896], [39.75024687533298, -75.55914895130432], [39.72964230389745, -75.53862460050141], [39.74783169785392, -75.53529903928607], [39.72144015757999, -75.57134367071663], [39.762754901476704, -75.56960378142512], [39.720440720297326, -75.55492791133966], [39.724951252472856, -75.54389748551029], [39.75995466029933, -75.57346142624007], [39.75830809240719, -75.52312910597206], [39.748716721842406, -75.53932997521092], [39.72047677488076, -75.54943587790652], [39.747298573555966, -75.53352798101903], [39.74426269486927, -75.54355387103753], [39.72579574246071, -75.56445081211315], [39.75730044560427, -75.52853492917939], [39.74256158912543, -75.54330201248553], [39.7603278823419, -75.54814031994977], [39.74819613954683, -75.55096870089542], [39.76116759795992, -75.56910216627453], [39.74020952428824, -75.53551848797757], [39.760338407298974, -75.52198785310928], [39.75270311302973, -75.54784468379718], [39.74802238345636, -75.55395930224333], [39.73274998039156, -75.57014589684535], [39.7247023859633, -75.57836587425737], [39.758186191452864, -75.57510081318266], [39.73990253268791, -75.57310709340555], [39.75788389074103, -75.57885120390988], [39.744948665585135, -75.55394212158147], [39.76281452971412, -75.56567818507335], [39.75325937075116, -75.55649692472635], [39.72050914041281, -75.52132589518882], [39.744987195016996, -75.52110931530913], [39.732190807903294, -75.57665315857861], [39.743307126381076, -75.52404152055335], [39.75760974987655, -75.54999260855163], [39.748890215463945, -75.56189221119998], [39.755346256633324, -75.5269093582212], [39.748480583737745, -75.57071511078804], [39.749624246228116, -75.53350587687686], [39.76164994064044, -75.54519767766938], [39.74400423213623, -75.53259165357615], [39.74739272765558, -75.55129447082393], [39.739956454296575, -75.55938937634869], [39.75256615022608, -75.55655674353652], [39.73049888134984, -75.54679722063767], [39.73537431782794, -75.55950507700688], [39.731497645508576, -75.5250195828617], [39.74185448429239, -75.53364818069987], [39.75458458566275, -75.57917917060918], [39.72544885380247, -75.55301863644769], [39.74147589620026, -75.53938447847935], [39.72494123474984, -75.52553799477444], [39.731468939404, -75.534899888919], [39.75534387819624, -75.52334965483807], [39.746527291544766, -75.55507979382122], [39.75383570134187, -75.56924648072895], [39.7497243374308, -75.56072393957761], [39.7393911294159, -75.55297512744295], [39.76045562700637, -75.56802797204084], [39.74153367695022, -75.55708917821931], [39.72979792201955, -75.53122249665319], [39.72587347108388, -75.5383861033917], [39.748398201379544, -75.52698538844507], [39.75383752137853, -75.5472828214537], [39.74086512348394, -75.53831519651793], [39.73886431814257, -75.53141299875449], [39.71940033753548, -75.57488683767615], [39.761690322710905, -75.52756855404822], [39.73615103128804, -75.54514472704159], [39.741381758302744, -75.52981232839318], [39.754338833499496, -75.56372346844478], [39.75539778371882, -75.56008709845996], [39.72845642248713, -75.55313085422216], [39.755450695197176, -75.54673723501386], [39.73725445821982, -75.54354617584937], [39.72666540375779, -75.53680845587967], [39.74456005412445, -75.55202737937029], [39.74334219928202, -75.54338409537684], [39.73286894479554, -75.52118435150388], [39.72548884466764, -75.52952244202058], [39.73164801480002, -75.52716406712625], [39.73794999362896, -75.54393364143529], [39.754575106225815, -75.52517409629694], [39.741501298665966, -75.53184779822143], [39.73315004008405, -75.57685448428738], [39.72460529431834, -75.52922716621511], [39.75757553191902, -75.55357258150788], [39.72068032209878, -75.52547922539488], [39.73650498253465, -75.55777797879519], [39.751762181794724, -75.57805381036238], [39.74901801639787, -75.57740011055436], [39.73474467803964, -75.52913948233655], [39.725295433020264, -75.53820750820685], [39.732969711483456, -75.52437301004574], [39.72749048869695, -75.57914763614741]], "boundary": [[39.763658963400246, 39.763658963400246, 39.71859243659975, 39.71859243659975, 39.763658963400246], [-75.57945982336577, -75.52104697663424, -75.52104697663424, -75.57945982336577, -75.57945982336577]],