{
    "boundary": [
        [
            39.763658963400246, 
            39.763658963400246, 
            39.71859243659975, 
            39.71859243659975, 
            39.763658963400246
        ], 
        [
            -75.57945982336577, 
            -75.52104697663424, 
            -75.52104697663424, 
            -75.57945982336577, 
            -75.57945982336577
        ]
    ], 
    "center_point": [
        39.7411257, 
        -75.5502534
    ], 
    "distances_to_center": [
        2953.4571947348018, 
        2818.751891084361, 
        1377.2462525491392, 
        1997.6303234293975, 
        2250.7749763877737, 
        894.3725059422002, 
        2596.519843369214, 
        2693.756121130942, 
        3282.875999855644, 
        2179.2621135531904, 
        1579.991076726858, 
        1388.107340722138, 
        1830.062572026765, 
        2303.86484481233, 
        1292.662608801103, 
        2263.6997976111265, 
        1000.6140910463406, 
        1552.2786188227199, 
        2668.39454253064, 
        1681.513363803274, 
        1844.8673851922003, 
        1954.9429470787761, 
        2253.2441535930693, 
        1792.4736502909088, 
        1219.3590178937638, 
        1577.6953601531557, 
        2417.522927551099, 
        2961.0406077342554, 
        1051.5637285718922, 
        1605.0314447633966, 
        1252.302913613465, 
        2034.7069549393902, 
        380.0973672811305, 
        1364.6989509250927, 
        1264.9730292399493, 
        2916.540890581624, 
        654.113956058048, 
        1899.2172354815273, 
        1333.855407696564, 
        122.97897974832038, 
        823.807500375537, 
        2372.0140280615956, 
        1388.119352776769, 
        1634.2399188470777, 
        2608.0225292294353, 
        2899.9435186044534, 
        2688.7889656601915, 
        2279.8655166201784, 
        1169.9871743421836, 
        1800.111877047569, 
        1317.675592870445, 
        2254.698233355889, 
        2080.1909995991073, 
        1375.6195686330354, 
        2261.830654791073, 
        2046.5970474436617, 
        2224.2871309977077, 
        3331.3594381813855, 
        3248.6779236859697, 
        2246.844452889263, 
        1317.1393966963196, 
        1521.7333673953428, 
        1708.5263671396658, 
        1647.3502779080407, 
        1263.2206712256002, 
        883.4660000461391, 
        2423.0332017858377, 
        1135.3953776998546, 
        2216.0835404637146, 
        2299.1148973973504, 
        1695.671414129227, 
        591.3364503957997, 
        2795.7492057886698, 
        1552.911309030631, 
        597.910995970162, 
        2352.3342629472477, 
        2092.5011213536163, 
        1240.6929074170505, 
        1321.8941519073446, 
        2501.3525383057518, 
        1339.0197422416686, 
        2652.6766184965513, 
        1537.441374648115, 
        3144.397621728545, 
        2301.9385976640046, 
        1273.7349104821535, 
        1037.7307902338698, 
        1752.144472519737, 
        1729.6769473876561, 
        2436.185854608496, 
        2363.431106412984, 
        2082.986884932711, 
        2255.5021278861636, 
        2776.742145826933, 
        2834.84523025799, 
        1616.673487695636, 
        1123.8029484007586, 
        1348.3417607951515, 
        2839.2818045633985, 
        2583.588772869199, 
        1970.9472065737282, 
        718.1179749905764, 
        932.9545980677354, 
        2434.7930049514416, 
        491.0263701197773, 
        1612.4835950688685, 
        2269.1403078204203, 
        3047.8870306188437, 
        2357.277461586074, 
        2735.9396580728194, 
        1546.0876196852776, 
        2386.7073532594572, 
        2040.0008339261171, 
        2244.5521779333244, 
        2621.303570456602, 
        773.4130613474194, 
        2309.2441875074483, 
        2692.5889566938, 
        1488.1734306146484, 
        2364.1760399395052, 
        2408.8987257682456, 
        2206.6973923046785, 
        433.8866108791813, 
        1485.6238266776427, 
        1160.6279962933374, 
        2565.1797048168046, 
        1176.704271370923, 
        1968.4210894138287, 
        1416.7161942816397, 
        1946.3840995292983, 
        2648.6316424460506, 
        1587.5244708048194, 
        961.5797394274744, 
        1723.8153577965375, 
        2220.202635481176, 
        1506.3117724408066, 
        1338.693420965068, 
        1789.9689946879055, 
        2368.0886271747586, 
        1134.6251832116006, 
        1773.2470112361173, 
        2031.619854384432, 
        1016.7800912037249, 
        1421.026064849048, 
        1133.2627130813987, 
        2043.6556835386548, 
        2762.239835422885, 
        1814.3050560274453, 
        2455.894654557463, 
        2465.477709119569, 
        1647.458783409531, 
        1162.4919705775199, 
        2648.340934984816, 
        1627.0113946770466, 
        1714.0411054814767, 
        2562.934328706717, 
        1790.4704882726269, 
        1956.1148749963154, 
        2373.916220568982, 
        1226.6865532309741, 
        2747.2140345568255, 
        160.8754222846906, 
        1087.7896591088502, 
        496.2509410608649, 
        724.0372554093567, 
        1721.5158361828296
    ],