{
    "boundary": [
        [
            46.03164476340025, 
            46.03164476340025, 
            45.986578236599755, 
            45.986578236599755, 
            46.03164476340025
        ], 
        [
            -92.930536503782, 
            -92.865866696218, 
            -92.865866696218, 
            -92.930536503782, 
            -92.930536503782
        ]
    ], 
    "center_point": [
        46.0091115, 
        -92.8982016
    ], 
    "distances_to_center": [
        2816.379195586187, 
        1785.5901865298122, 
        1660.0354522986715, 
        2874.478533658021, 
        1487.3405542890614, 
        1771.8129432377764, 
        2345.7401970707783, 
        1871.8638674500855, 
        809.5559365233859, 
        648.9994820003392, 
        2114.479619470939, 
        1326.8020504487022, 
        1570.4179991014082, 
        1698.0870152248183, 
        2523.880969907437, 
        2209.898184890642, 
        1686.219686329331, 
        2972.3604007212252, 
        1292.4372649738584, 
        2037.755384794845, 
        1044.4556519590692, 
        1276.1163126618462, 
        1638.7957615127361, 
        295.82923066596635, 
        1441.744312364742, 
        2435.288645360008, 
        2348.5468676798073, 
        1186.1878192620077, 
        1224.9243473135034, 
        2134.6360571659943, 
        1090.5373925663102, 
        2468.8517282297184, 
        2103.6842596809506, 
        1646.787449495441, 
        2139.475075215635, 
        2056.842164757213, 
        3014.3407694762896, 
        1708.0866853291902, 
        1274.5824974481345, 
        1577.6554402337263, 
        2315.6725528616544, 
        2693.6894636242673, 
        2202.8572147244863, 
        2782.821501786959, 
        1972.3279743822293, 
        3298.86144163727, 
        2833.741051109195, 
        1244.149947784556, 
        2559.5116651226667, 
        2283.667863924004, 
        1700.3826765403785, 
        919.6571172567607, 
        2570.4020765846044, 
        764.9339317481927, 
        2469.6662722126684, 
        2287.190288797594, 
        661.7429732491158, 
        1395.0526283278157, 
        2072.5679296661783, 
        3227.267024345843, 
        2994.116791130336, 
        2653.2408246412215, 
        3271.732331569184, 
        335.671183894497, 
        1504.9052669806756, 
        1743.2457817666182, 
        1171.7724295759638, 
        1470.1964867333309, 
        1834.385561423866, 
        1781.44555672999, 
        2345.829274525226, 
        2284.5100345816572, 
        2645.991240835779, 
        3295.250638458267, 
        1946.2832184494166, 
        2934.3917328054813, 
        2499.376038127438, 
        1942.3137655171718, 
        1258.391052460906, 
        1928.9616901737172, 
        2438.5756480672712, 
        2606.7541264204624, 
        816.8277039172497, 
        1366.44676149796, 
        2160.6808862053977, 
        177.5520573861592, 
        2492.7128244042715, 
        1056.0010268438812, 
        2017.5252938193103, 
        1160.4817682572777, 
        2274.8898220600145, 
        1300.977888665333, 
        2391.595317668106, 
        1912.0257653914607, 
        2838.257458930736, 
        1822.7552343883704, 
        2230.9739208918486, 
        1054.2633317569068, 
        1825.7633838994063, 
        1027.4020498558768, 
        1787.0837398633441, 
        1081.448249206589, 
        2331.4485204538796, 
        187.07263559421875, 
        2383.696883012992, 
        788.3356378140988, 
        1776.1820860077362, 
        1410.9022321853379, 
        713.6794397171695, 
        718.3037941249958, 
        3139.747831511466, 
        2627.6905703603366, 
        2272.4651718402206, 
        481.264634718919, 
        2450.818050328511, 
        2713.3190385402886, 
        3164.407076423467, 
        2491.4932944118846, 
        2418.285271034023, 
        1971.4383334706515, 
        2744.0186898851794, 
        1865.4237878303568, 
        1757.442504373641, 
        1805.3875713927591, 
        2123.1008774018565, 
        3079.1785550984787, 
        699.357878893342, 
        1672.9074289207608, 
        2072.9070667978795, 
        1986.9306831875433, 
        2317.7528414691183, 
        1993.3942436807279, 
        2448.094976324954, 
        1168.103595818517, 
        2092.955866052018, 
        2158.9468339379746, 
        1719.4261602638915, 
        1511.5186928864098, 
        3055.757635368958, 
        1044.3763043687084, 
        1083.1373599410329, 
        2868.8088681672257, 
        1309.1689311848772, 
        2065.6069916497318, 
        2198.776652211866, 
        2740.202702306792, 
        1748.2884710409207, 
        841.1248351163869, 
        2657.1584386876752, 
        2348.392077589407, 
        2113.037825810573, 
        566.4817239037936, 
        1089.6718154495347, 
        1857.9087731955374, 
        2304.1089785965723, 
        2307.985824489089, 
        1574.694035684641, 
        2139.01654432513, 
        2460.0969018893393, 
        1826.5634819846512, 
        2526.6404119218796, 
        2400.52915544964, 
        3034.747387249099, 
        276.67622897010267, 
        1294.1015293062824, 
        2817.2171315621276
    ],