{"center_point": [46.0091115, -92.8982016], "sample_points": [[46.02027410885315, -92.86597349833174], [46.01649630691354, -92.90764871899289], [45.99269382178544, -92.87539927743413], [46.00236451525874, -92.89813374824368], [46.00068841027673, -92.87415743325741], [46.028324705216455, -92.87265505902175], [45.98806480852013, -92.90380685011313], [46.02978094822813, -92.9199603724099], [46.01528344015187, -92.88069145194544], [46.011180393895344, -92.8995427279387], [45.995918881407555, -92.9286434880763], [46.004366054212525, -92.91359797679742], [46.01400055430325, -92.8964273104203], [46.02299438965882, -92.92445774962867], [46.00162480544161, -92.88540906362743], [45.99097836222027, -92.92314091870492], [46.0196796594429, -92.8839457847401], [45.998655901683094, -92.90874792585605], [45.99181349329149, -92.86838839132967], [45.99564627594209, -92.87079305552764], [45.99017359567744, -92.90296014425388], [46.00620206425837, -92.91912960739964], [46.01508891165869, -92.9005293149819], [46.01944505326758, -92.91313887882939], [46.00412040789499, -92.86930202005753], [45.988063361241664, -92.9159679219754], [45.99821443208613, -92.89728192421398], [45.98868112139539, -92.90401396922617], [46.00474281092765, -92.89061065211462], [45.99778228155037, -92.87947333883395], [45.98814414271185, -92.90155138071786], [46.002565551394426, -92.87532507784539], [46.00696464216188, -92.89048850358223], [46.02336361897967, -92.87074170526832], [46.01972971798004, -92.88570823848319], [46.01081049406787, -92.90624007922463], [45.99952250013079, -92.92900437765076], [46.015726678228035, -92.91706617210377], [46.017425781128004, -92.92351666959938], [46.02405143271179, -92.90645961310277], [46.02863315878349, -92.91194175064184], [46.0290698078539, -92.91324863477841], [46.028787747026804, -92.899470379414], [46.02400527518279, -92.91568350868388], [46.0006505062764, -92.87990249737298], [46.027067527716774, -92.91048929884514], [46.01462585450484, -92.87080740731538], [46.018506399781806, -92.88379370634681], [46.02839289360354, -92.88426154209739], [45.997123236296424, -92.9166265800461], [46.00913720149595, -92.87881439754429], [46.00234080137107, -92.91832367434024], [46.012875698617464, -92.92745561900813], [46.02185498513849, -92.92844653034386], [46.01705359531386, -92.88221525656374], [46.00625606687947, -92.87987370886357], [46.00225544186888, -92.86831666065386], [46.014053212449234, -92.90465024404845], [46.000929613498684, -92.8930644077124], [46.015270997352495, -92.90789529830262], [45.99313525781635, -92.89668078493106], [45.99460616065383, -92.90126279255927], [45.98869268998377, -92.88757301607072], [46.02334391800641, -92.87518558439689], [46.018129016669725, -92.9253368503528], [46.027452139951095, -92.91213417853417], [46.01617620981405, -92.93013565427061], [46.027411265900774, -92.86766662379787], [45.990191268327415, -92.89169351786757], [46.02828600274924, -92.90510132011312], [45.9903819573898, -92.92775617031441], [46.03026327006389, -92.8692683556865], [46.01672655705334, -92.87280419111917], [46.02835467394035, -92.88767254822069], [46.01945067871172, -92.88559377085026], [46.013730992376026, -92.91674664014366], [45.99032873158006, -92.91704043413915], [45.99832033684935, -92.89783362211178], [46.029610286095455, -92.89268636894293], [46.027621521228596, -92.92514097341044], [46.02564924072151, -92.89065134511439], [46.010304515983684, -92.91367095742179], [45.99041001738764, -92.88260205792784], [45.99677234005055, -92.88344601436619], [46.02755369137597, -92.92256843462008], [46.01488103250675, -92.89541923464961], [45.99917273723819, -92.88458146382422], [46.0105972847348, -92.86802969787243], [46.005266220234574, -92.90274047196839], [46.02255062724711, -92.90488973464086], [46.00607771913748, -92.89435015561621], [46.00457476462137, -92.91045402053476], [45.99620084624158, -92.91012381831167], [46.02905237442811, -92.92535014461517], [46.028261309846144, -92.92331587605315], [46.00748487172591, -92.88763750823072], [45.990765451600176, -92.90575085497898], [46.009003437629325, -92.90373553301347], [46.02567340542227, -92.8771349441215], [46.02321196774906, -92.87125701857417], [46.021835241286446, -92.90074470212029], [45.99094350504917, -92.92643038780831], [46.01841254212881, -92.89456933522146], [46.01086600734428, -92.91412761901096], [45.99506834708738, -92.91910507016846], [46.000767089931045, -92.89391391875213], [46.021193577829685, -92.8864501848389], [45.99435455123727, -92.87838867333677], [46.02705826189465, -92.87415621206235], [45.997454850903765, -92.87911083631], [46.012933698553795, -92.91936773587881], [46.016253613809084, -92.91021832087446], [46.01015012525179, -92.9148908497863], [45.991483487433065, -92.92607645277467], [46.01232543449882, -92.92131394178566], [46.011942373855554, -92.92877667692672], [46.030097533163676, -92.87605218563762], [46.01222245819153, -92.9216252219382], [46.01605049140405, -92.89656784900943], [46.02510518232173, -92.8996411314952], [46.02502887939852, -92.87441553862486], [46.01030268950468, -92.909607184529], [46.015772327806054, -92.90397816752518], [46.00608327144529, -92.89269074671975], [46.004089972456725, -92.87885312502736], [46.01744338305709, -92.91865606194001], [46.005245735467426, -92.89783163597987], [46.01498095561346, -92.89505489156075], [46.00052410080896, -92.92969954907518], [46.00754933750884, -92.92687214382545], [46.021248345411685, -92.91321885126916], [46.007501561969285, -92.92127384777059], [46.010759527282566, -92.86827980044757], [45.986767840001455, -92.90778596657495], [45.99246716328574, -92.90785795699631], [46.01790584623493, -92.91101856229659], [46.02051215723266, -92.91629275822123], [46.0174409938794, -92.92488928937836], [46.02107433868182, -92.8793707843045], [46.019701809552, -92.9247976527914], [46.02017026768809, -92.87137635435214], [46.01481570519024, -92.92915986090637], [46.00179621435257, -92.87212872670575], [46.0077807314233, -92.89416633434493], [46.026942193198515, -92.88244773300417], [46.00195062543547, -92.88832627208697], [45.994549795391066, -92.9064012152725], [46.026189954615674, -92.88942955054698], [46.00332722540242, -92.89650414249971], [46.03012299370158, -92.87268203805796], [46.0243603702349, -92.87551159348342], [46.02259601582198, -92.92273937611704], [46.00960000739704, -92.89454481590364], [46.01825540243377, -92.90010916327915], [46.02452104394583, -92.90024099216073], [46.00246486303429, -92.88360443644531], [46.02474856570275, -92.89496071095611], [46.002126416144115, -92.92430513096751], [45.99134060319097, -92.91190509982209], [45.98780501638707, -92.89201329285451], [45.996810679527925, -92.91317359529458], [46.03072092193594, -92.86993229421577], [46.0013435422632, -92.88779976327251], [46.01599057226485, -92.90128756484972], [46.023868677166504, -92.92033492225677], [46.021005725024445, -92.9159672445613]], "boundary": [[46.03164476340025, 46.03164476340025, 45.986578236599755, 45.986578236599755, 46.03164476340025], [-92.930536503782, -92.865866696218, -92.865866696218, -92.930536503782, -92.930536503782]],