{"center_point": [40.5859407, -105.0836876], "sample_points": [[40.57064033197998, -105.1017869722919], [40.59976684852625, -105.06480892539527], [40.57347181549376, -105.10811470884515], [40.57761602328798, -105.10856249960152], [40.57177939117483, -105.08334711329613], [40.57973071421203, -105.08925368018654], [40.60727514266486, -105.09551516709777], [40.60576366945737, -105.06300726946095], [40.5960909258377, -105.07876331006055], [40.568113816932964, -105.10282574921382], [40.6008784488721, -105.11123902811872], [40.60202090442409, -105.05767927145558], [40.58949992439563, -105.08750048364584], [40.56850788188716, -105.07495708796041], [40.58901049414657, -105.08098456932181], [40.56868243020451, -105.09573877613967], [40.59859233868426, -105.06766820949476], [40.56465650533901, -105.08499190873596], [40.591289418506065, -105.10990444162091], [40.60410861460943, -105.07854051326973], [40.56626313839157, -105.08522599685341], [40.5983573232564, -105.07833278895667], [40.603566882672766, -105.05677660667642], [40.57590825763845, -105.06279229410616], [40.577650957608725, -105.06712559572087], [40.60817327071525, -105.11057491398148], [40.58712778285889, -105.08378231956712], [40.57912396116024, -105.06982887299078], [40.59842007282273, -105.08729701330756], [40.57436886227092, -105.06837745413172], [40.58960754047375, -105.10118774516012], [40.57058832563263, -105.06909504807787], [40.582829870687014, -105.07872697029522], [40.586089437391124, -105.06563228501552], [40.60793696905496, -105.05512439063101], [40.57688669717993, -105.06439732447886], [40.5946051267423, -105.10966292856297], [40.57604251888203, -105.0896932295924], [40.5903267492325, -105.05832698131718], [40.594418106318855, -105.07210486333877], [40.585408276074766, -105.05732145675225], [40.58879698231778, -105.0758979644579], [40.59217484206823, -105.05515818412792], [40.59015565558305, -105.10334591862454], [40.57877840344805, -105.0545596110874], [40.60237779226563, -105.1127894510032], [40.58248345789327, -105.08964580207555], [40.580052945936615, -105.07831324639119], [40.60336883742391, -105.06768639612018], [40.59218949558696, -105.0601658921203], [40.596300296414476, -105.1062670006037], [40.60776790078231, -105.07809265009472], [40.5781766038551, -105.08239258780331], [40.564173547246, -105.05558497416436], [40.57826174470598, -105.09646483205692], [40.57137581598165, -105.08579727663658], [40.59102855202871, -105.08384428213307], [40.566051115843756, -105.06463954743863], [40.569613811727194, -105.07688514145376], [40.60758651782877, -105.0758583500833], [40.58738861315877, -105.07642185251392], [40.606670563183776, -105.08304483974962], [40.5930809686413, -105.11113023284562], [40.570292508288766, -105.05866496122074], [40.58809914916468, -105.05709869090323], [40.57580796715435, -105.07191114616701], [40.593365367721645, -105.09258084783345], [40.60092879698618, -105.106872259499], [40.588941034155766, -105.07606686895107], [40.58800569637392, -105.08429394601632], [40.59641926453699, -105.0630922813519], [40.57361815242208, -105.09847745118694], [40.56815248654643, -105.11019780492165], [40.58741822209707, -105.05931067459731], [40.60039928144041, -105.0744468706928], [40.59488727943268, -105.11049574989103], [40.585378024296084, -105.10946117976867], [40.564836340318024, -105.10758960588977], [40.57103055214401, -105.0544291221942], [40.59646714144032, -105.07378174129217], [40.59360552439143, -105.11001444074826], [40.60669678403932, -105.10272118141567], [40.58122723544229, -105.06215341051494], [40.58052752074009, -105.09683096446489], [40.579625718809034, -105.10227146492939], [40.570914552137324, -105.09760624596595], [40.59346570955714, -105.0805341707752], [40.576218964961384, -105.05897922938576], [40.599895407688344, -105.06613933635215], [40.58167348763304, -105.07547543726724], [40.59150136149594, -105.09301297178123], [40.59607353750839, -105.0871074820298], [40.578478544367336, -105.06770261946453], [40.574701889833506, -105.0635530441408], [40.587661182289985, -105.0613929116091], [40.56812606123215, -105.06979181936453], [40.56933462401208, -105.07076202325354], [40.582017941487095, -105.087898230659], [40.5704527050514, -105.10252453767347], [40.60679029163307, -105.05637254770262], [40.6063713032237, -105.09557317234638], [40.56882572285622, -105.08523159952321], [40.5826203033192, -105.05420766542451], [40.58814090249695, -105.10463282480445], [40.59817772957336, -105.06464022138196], [40.600315190942936, -105.07986383618378], [40.60128369948633, -105.09284743506], [40.60390411399307, -105.0660564970506], [40.60828315256179, -105.07312177348986], [40.59721701662227, -105.08717294387073], [40.59362869424249, -105.07682732833648], [40.597465843497474, -105.10843180188674], [40.597232376997, -105.06080916560805], [40.58921885180494, -105.09458979212455], [40.56540839916928, -105.10898863046434], [40.575109564907486, -105.05674322125388], [40.60319994830567, -105.09936797646192], [40.58457603895318, -105.08225036991013], [40.59095976436093, -105.05533875286228], [40.58612886794785, -105.10760338348452], [40.56772174479303, -105.09797280482357], [40.569666387780764, -105.0741382025603], [40.580427499433526, -105.09086226297732], [40.593950829553215, -105.07497612729969], [40.59881830212253, -105.09169807137467], [40.579768200420155, -105.08006771772281], [40.59514174036207, -105.0916861728147], [40.582484199809436, -105.09566596832379], [40.603181608283485, -105.06751063383358], [40.59545678434923, -105.07390094058178], [40.57487333972663, -105.09791595656901], [40.59294078955592, -105.08383734355985], [40.60387297875454, -105.10166260349618], [40.5928975730702, -105.07354375255329], [40.57013989870226, -105.09686536552334], [40.60252826284408, -105.099066097154], [40.57441712258907, -105.08011692304342], [40.57405754098625, -105.08408548539524], [40.583757105516604, -105.07513006816633], [40.5699722997516, -105.10995405147911], [40.60840372918083, -105.08948749613737], [40.57549331027264, -105.065429634126], [40.60650196378047, -105.06970204938791], [40.58395016854413, -105.0863597581312], [40.5803156042732, -105.06595643582963], [40.59555718470585, -105.0554075217881], [40.57933340420956, -105.0918911499697], [40.582094331758135, -105.0813313704843], [40.6055389908571, -105.08485678509652], [40.57325933260149, -105.10680662615393], [40.576342827310306, -105.09224753607295], [40.573842693024474, -105.07760775258927], [40.599678572153735, -105.06258415183329], [40.572064040850904, -105.09524104262933], [40.60380255981652, -105.07307312718825], [40.57111473833718, -105.1033931703824], [40.574616771759146, -105.07809839629267], [40.576024572191855, -105.06392694982681], [40.60403714939235, -105.09998729745267], [40.592028137801385, -105.07960045514022], [40.599610980864334, -105.09863601622693], [40.606145292724015, -105.10381925755466], [40.590115311301744, -105.0722163505968], [40.59764672406776, -105.05419370011485], [40.57017676280191, -105.06469579791113], [40.57950590016892, -105.05477296114366]], "boundary": [[40.60847396340025, 40.60847396340025, 40.56340743659975, 40.56340743659975, 40.60847396340025], [-105.11325975758503, -105.054115442415, -105.054115442415, -105.11325975758503, -105.11325975758503]],