{"center_point": [40.5859407, -105.0836876], "sample_points": [[40.59338449244612, 40.57380980685769, 40.597480738045405, 40.58890613249257, 40.57612657797023, 40.60585620401536, 40.593592613331865, 40.582944994893204, 40.58741610133084, 40.56932702082275, 40.58010045058417, 40.57931480180925, 40.56400689824188, 40.59692768485015, 40.57562770139822, 40.59243306973887, 40.597044489887146, 40.58985375079359, 40.59097329442781, 40.58763904545586, 40.606279389358214, 40.60177657348304, 40.599093246508744, 40.59597499136787, 40.5960881656371, 40.564382672846314, 40.59017920535457, 40.60195636694522, 40.57978575455488, 40.58120112978836, 40.58886871990074, 40.5806753414487, 40.58589701802182, 40.57697236259566, 40.56989991930415, 40.604740097941686, 40.5664412733932, 40.60062603899822, 40.576433355231245, 40.57603962518915, 40.56872456925591, 40.58438888789623, 40.60544639323076, 40.56712418510389, 40.56531006429394, 40.59442003645619, 40.56394571441037, 40.59054620955697, 40.584585086948245, 40.580510404517995, 40.60419652935929, 40.56482926477769, 40.57371166628892, 40.57710781328174, 40.57404521288438, 40.59536026117833, 40.57913080362473, 40.585531763740526, 40.57912972934624, 40.59065959934005, 40.591542042703445, 40.575074500971816, 40.57948524731222, 40.580102571655914, 40.60303304243971, 40.60563777636214, 40.58294758175501, 40.56600511617707, 40.59101437046129, 40.59517039179886, 40.56736851381926, 40.59384468148454, 40.59475191617825, 40.57565125761612, 40.590037563324245, 40.58195446208199, 40.57818702695167, 40.56409330809485, 40.607717482085185, 40.57045586382234, 40.584104286958116, 40.595765411467276, 40.594938950197, 40.57771432445967, 40.57808585756141, 40.608189202149276, 40.604317745617514, 40.60108917078224, 40.570014879421905, 40.569291582871536, 40.601021863181934, 40.573540984026984, 40.56693242541715, 40.57631586109873, 40.58378492451736, 40.59270047039093, 40.57162018752745, 40.57253093148593, 40.604389972817486, 40.60723401384778, 40.58391214371243, 40.57119138264926, 40.57449461982385, 40.602782504107, 40.58955403064958, 40.58930257711757, 40.57359097729637, 40.584580658238565, 40.565165525153844, 40.60795256667153, 40.56420622247331, 40.59580582383121, 40.60748123157741, 40.60199945512467, 40.5968529180141, 40.59055482842778, 40.599548643575474, 40.57937060567173, 40.572229449543535, 40.57267475638707, 40.58993590968188, 40.598878498435, 40.60621707335103, 40.59898701927436, 40.59925026616825, 40.60843582407705, 40.58410868922977, 40.573928287422866, 40.59296155738142, 40.605420209414646, 40.5792864949779, 40.572588283614195, 40.570489349439015, 40.58246406763447, 40.56888406862114, 40.56432348384862, 40.57464874378659, 40.575813507248775, 40.56951424753982, 40.58179224387815, 40.59315304339232, 40.594785105072205, 40.5852065645535, 40.59139337988155, 40.60119006358827, 40.578173696435165, 40.58730619528131, 40.56532527816499, 40.591264240199926, 40.592075964615006, 40.565532373237026, 40.574313227098955, 40.59404523376206, 40.5956182669968, 40.58358213190134, 40.59746983715142, 40.57981533493054, 40.59381081267218, 40.575906062084336, 40.578242483942184, 40.580977362944225, 40.57357293059885, 40.588025842743086, 40.57354344974828, 40.60758942519345, 40.582163792038635], [-105.05888213138829, -105.05724841102689, -105.07709723544775, -105.06670727722025, -105.11071172234243, -105.0906710944147, -105.09370655163572, -105.08593671524527, -105.05579818266115, -105.0727773413515, -105.1062152976826, -105.06843795618371, -105.05601599655098, -105.0600816579307, -105.11154894577186, -105.06100774183948, -105.0563078159706, -105.09213422901135, -105.0703899519975, -105.09995993309896, -105.08880134798538, -105.06219702448185, -105.09015463009305, -105.10996375710864, -105.10984577629326, -105.08994644268584, -105.10790489900246, -105.07973792220294, -105.07446785283759, -105.05498676317295, -105.05885213776239, -105.09810897308995, -105.1071953441019, -105.11307107573533, -105.08362274873765, -105.05812972614928, -105.08829903078495, -105.10678177421855, -105.10664332224997, -105.05962213472829, -105.08091159043401, -105.08303035606173, -105.09149530670489, -105.10498106756981, -105.09175121049073, -105.10394969762807, -105.06961088694648, -105.09151861131718, -105.0619188595738, -105.09102239244872, -105.09871272007724, -105.05958871790817, -105.07091056851438, -105.07395617057266, -105.10026038064696, -105.0734415827767, -105.08595810772168, -105.07293354482498, -105.05962099782337, -105.07035268466313, -105.10284793080795, -105.07076448692841, -105.06198102452792, -105.0757516056707, -105.05535369891975, -105.10044995587496, -105.08872798759727, -105.05769827591803, -105.06236694635342, -105.09482837974784, -105.10057977361805, -105.08151294256525, -105.08014530205278, -105.07202041292777, -105.07403335531961, -105.0649916728045, -105.08221783733887, -105.08132942147166, -105.08949002270597, -105.08707166485549, -105.08740067321745, -105.09799225433197, -105.10906210807426, -105.08456870687306, -105.09413843364354, -105.09359988343455, -105.06832718952047, -105.10373095362363, -105.08021885130029, -105.09287535406759, -105.09454061346327, -105.06999436721827, -105.06752414193268, -105.08656807907118, -105.10284809775801, -105.08473409887549, -105.06046800611452, -105.10376920308177, -105.0921245764491, -105.11091853338183, -105.09401550653418, -105.08628013562641, -105.05939470277967, -105.08085361922653, -105.05960737580762, -105.05630632719625, -105.05595814572975, -105.05502220515933, -105.07014922016722, -105.08014429336038, -105.09179852310939, -105.08316419976715, -105.10766169022676, -105.10244363952691, -105.07134524485635, -105.0552186706259, -105.07614892392509, -105.08442440494795, -105.07373362089517, -105.07226992183831, -105.06214790380241, -105.11312825757635, -105.06999223058884, -105.0739715606975, -105.0857749832553, -105.05611149195205, -105.09177473344451, -105.09767144708704, -105.0719388545849, -105.08674503961578, -105.11128090441099, -105.107812999141, -105.08373108332167, -105.07791482623051, -105.11184744551919, -105.10033720954257, -105.094696149604, -105.07080052930775, -105.09125338260075, -105.08743180151912, -105.0726246726851, -105.0668304760431, -105.09990924307638, -105.09427643477541, -105.10116756605653, -105.11045015609649, -105.10144828701164, -105.10441966223765, -105.08831164866535, -105.06611382712288, -105.07898135892505, -105.09686517443355, -105.059637591246, -105.06974882372941, -105.06353877897487, -105.11085833731052, -105.09757810439608, -105.06721574283735, -105.0765728530731, -105.10442425194206, -105.0836970089391, -105.06343471743997, -105.07669004809428, -105.09445112518134, -105.06426027134837, -105.06776253250354]], "boundary": [[40.60847396340025, 40.60847396340025, 40.56340743659975, 40.56340743659975, 40.60847396340025], [-105.11325975758503, -105.054115442415, -105.054115442415, -105.11325975758503, -105.11325975758503]]}