{"center_point": [41.4733383, -71.9584366], "sample_points": [[41.481511022045694, -71.94745409130314], [41.46846442333571, -71.9707746780173], [41.453702255734115, -71.95304900952462], [41.48989820507279, -71.95220432095691], [41.493270183296715, -71.93129624499521], [41.48993350589451, -71.96085732569696], [41.47361931416352, -71.94356706266137], [41.468872428478576, -71.94385104023469], [41.48970095953351, -71.952613735336], [41.454661276702545, -71.93936745795924], [41.492768337649544, -71.98079725831707], [41.48426792840325, -71.9714286127594], [41.472012428924074, -71.9474673009628], [41.48259540646165, -71.93003217487004], [41.45611947160376, -71.97421352499693], [41.473689163899564, -71.97139150105073], [41.46098406147626, -71.94900879523769], [41.46990329364837, -71.94587660032121], [41.48486204245598, -71.946838828694], [41.487464977161004, -71.96846788679568], [41.488438066839436, -71.92982703263827], [41.465424660606466, -71.93566529975533], [41.492669667705115, -71.96844855286453], [41.49239404712863, -71.93668937598554], [41.489020449129214, -71.94739592951515], [41.45415298730598, -71.98273600510423], [41.45469761087847, -71.9467165749248], [41.45747956829458, -71.94990144939366], [41.48782690203048, -71.98737973873922], [41.47566424767154, -71.97129085615757], [41.495733548159485, -71.98473732762992], [41.460419653299134, -71.9782562611108], [41.458815820376216, -71.94118912864838], [41.47812372413748, -71.95253877370746], [41.48295650268732, -71.9554024384699], [41.48200311113553, -71.93177512904823], [41.457918175801574, -71.9811264598054], [41.45834680969315, -71.97023233017103], [41.464495893937226, -71.93394505389627], [41.48116894017941, -71.93142103310491], [41.45644140951568, -71.95558898326424], [41.48223032198382, -71.9449912454812], [41.45347966603824, -71.98682434141665], [41.492497476810726, -71.94227819552535], [41.488072757419495, -71.94937975803717], [41.47184422385298, -71.93231621966139], [41.47420772008338, -71.96303197178509], [41.493968244397045, -71.940486541025], [41.48490692788778, -71.96386967835109], [41.454298107941746, -71.98247747695017], [41.451646563747644, -71.94490679055058], [41.45432958588215, -71.94355325129165], [41.48405591990596, -71.96613537964461], [41.4739105428471, -71.97977933205767], [41.469422204279404, -71.95990281502267], [41.47078439809467, -71.94943653675865], [41.489614374653584, -71.95490474324964], [41.49005498838839, -71.98563204886527], [41.45232079898643, -71.97291436235379], [41.479510674790525, -71.97766350785551], [41.480443066829956, -71.98689006038136], [41.47230102159907, -71.93695775283635], [41.488762007958705, -71.94917299196977], [41.4871129260808, -71.94747890025356], [41.46883356623873, -71.9772994900989], [41.462367699384544, -71.95066484638545], [41.48915855635519, -71.95711267367065], [41.46377734897301, -71.97673859976479], [41.45684410456493, -71.94839945975541], [41.45942959440386, -71.96534359510672], [41.48904304829488, -71.98506561921228], [41.49436839664716, -71.98566665729516], [41.467381523960796, -71.94387722852191], [41.47308158238441, -71.97578832227005], [41.48549630656773, -71.96183841608536], [41.471407135025366, -71.93229270024872], [41.46276335402867, -71.95299844294435], [41.46395211501431, -71.93806605696747], [41.46196464484658, -71.97881283402711], [41.48663557773588, -71.96248961204557], [41.459670100059675, -71.9330042052349], [41.48936144459831, -71.97354962314694], [41.456525602473015, -71.98534002398573], [41.49122509679279, -71.94455723777777], [41.494509601944834, -71.98793535165782], [41.46874236943384, -71.93135955399119], [41.492350418761426, -71.97703705231295], [41.47270574457382, -71.94310722466244], [41.49041417837633, -71.93380574599126], [41.49564686357288, -71.93143817526904], [41.451707012292964, -71.96079626103526], [41.46355842746132, -71.97797115162228], [41.46880226647364, -71.93558423337225], [41.48227403256916, -71.9421214481696], [41.4885808465309, -71.9337193118968], [41.47827535155278, -71.96747620682238], [41.47257184594495, -71.95638170150787], [41.45292984158749, -71.93615162536838], [41.460786462044496, -71.94846188692678], [41.48543724264044, -71.97733151606297], [41.46855040062979, -71.97192190821592], [41.473219375138385, -71.98432843747332], [41.473216807518995, -71.95817771805767], [41.464860164158644, -71.96664799681962], [41.46442677936307, -71.97652364772082], [41.49041594646477, -71.96902875851296], [41.48917155719598, -71.9649748523804], [41.48122861712089, -71.94809884669276], [41.453374380804874, -71.98645965128995], [41.453749296234434, -71.96732493123463], [41.4842563223333, -71.94556754991962], [41.48772881597193, -71.96082767471984], [41.47596082442464, -71.9438823537074], [41.486672243655, -71.92922392284527], [41.4850514822168, -71.96582005888207], [41.46659481581381, -71.97262951732478], [41.49028192651983, -71.9784110835041], [41.45446488515254, -71.94908705810138], [41.459009168872974, -71.94908209171935], [41.457662437350685, -71.96226194172642], [41.45438570782838, -71.96557590570119], [41.48899449294942, -71.9419149492851], [41.454207923923015, -71.94282271790314], [41.463048193269444, -71.95374298134973], [41.46776389610319, -71.93482152475421], [41.490621338923376, -71.95183083095101], [41.45270613472185, -71.94306294162311], [41.45225679766647, -71.98120918204746], [41.49105624605122, -71.96353477087904], [41.464856952592285, -71.98779660586698], [41.46334955155964, -71.94644237689305], [41.477643975635715, -71.95792950054835], [41.492354512217105, -71.97200954256813], [41.48839076132467, -71.95157657879113], [41.46182026538351, -71.9507288789837], [41.458687979877965, -71.97200640817734], [41.471098012601594, -71.95046728758048], [41.49313253222976, -71.97262328493234], [41.471885750119206, -71.97158161822111], [41.47300283234552, -71.93716581228597], [41.48358367606776, -71.98700434476444], [41.487240076505486, -71.98791951079065], [41.49224077879455, -71.95502854303909], [41.46497399344906, -71.94182621343222], [41.49168858833951, -71.94905834797065], [41.455139022331515, -71.97506791879898], [41.46294633044375, -71.98346354829538], [41.49400785478944, -71.94525897066632], [41.47544166292273, -71.93702130945012], [41.494021285422185, -71.93973899408226], [41.470431352300544, -71.97714372032584], [41.48385552006907, -71.944147481957], [41.49057159810214, -71.97218719991086], [41.48510621754768, -71.95326707758475], [41.47765979738457, -71.94776464183558], [41.4693610931823, -71.94376024131375], [41.48956171349439, -71.98698551364059], [41.469045191296075, -71.9590304581753], [41.47354754103833, -71.94519321490885], [41.47619194066386, -71.97124526756173], [41.49520351327084, -71.94518604924521], [41.46257213232566, -71.93831966502424], [41.49008764602208, -71.96691674976003], [41.49175235574111, -71.95710450432396], [41.49402013762033, -71.94138942807078], [41.486053481820484, -71.96269455037539]], "boundary": [[41.49587156340025, 41.49587156340025, 41.45080503659975, 41.45080503659975, 41.49587156340025], [-71.98841003125271, -71.9284631687473, -71.9284631687473, -71.98841003125271, -71.98841003125271]],