{
    "boundary": [
        [
            41.49587156340025, 
            41.49587156340025, 
            41.45080503659975, 
            41.45080503659975, 
            41.49587156340025
        ], 
        [
            -71.98841003125271, 
            -71.9284631687473, 
            -71.9284631687473, 
            -71.98841003125271, 
            -71.98841003125271
        ]
    ], 
    "center_point": [
        41.4733383, 
        -71.9584366
    ], 
    "distances_to_center": [
        2142.6370170046252, 
        2495.4910821648273, 
        1311.3427303559008, 
        1747.4256344695636, 
        2431.565073609033, 
        2481.363446865509, 
        788.1270219502, 
        442.6640183851541, 
        2017.9406347914073, 
        458.2858429251468, 
        2574.3288728569164, 
        2504.4351788908507, 
        2350.82518095988, 
        1956.1360707554222, 
        2117.9537886486023, 
        1851.1630481803147, 
        302.37292822395426, 
        2968.4618356032424, 
        1344.7033759497194, 
        2546.6779635934176, 
        1423.6249856970694, 
        1899.1561868275048, 
        2367.666184552336, 
        1091.309133181137, 
        2967.686717290592, 
        1320.130945994626, 
        1849.2031841326784, 
        735.5101850388309, 
        2536.885333027708, 
        1265.1467558867798, 
        1193.457019120001, 
        982.6722018054219, 
        1826.5115412675898, 
        2137.447903707595, 
        2058.235853224132, 
        1563.964784590552, 
        2830.470913432283, 
        1057.1299500574003, 
        1327.773515728234, 
        2951.648122488845, 
        2741.5551715946935, 
        3339.2096942004755, 
        1716.4640604671079, 
        1755.0224730815999, 
        1799.5876133960821, 
        1024.8261779392415, 
        689.5083556724991, 
        2414.6636392711366, 
        2169.1949171390565, 
        2214.1392933076586, 
        1338.3889227532363, 
        2418.881609370022, 
        2461.366155646137, 
        301.6617374211439, 
        918.9384720095596, 
        744.7661627112593, 
        991.9794492682142, 
        2825.556327953987, 
        1999.7141951627675, 
        1714.2354841143235, 
        2073.5953803508614, 
        1225.8986576622037, 
        2356.5510599709805, 
        2660.1895309361685, 
        1908.6373196903257, 
        2150.862329641092, 
        3051.2906968059838, 
        2524.9569600253176, 
        1778.5901287288318, 
        2337.951270589153, 
        1860.8962520692276, 
        967.2034938679203, 
        1189.4893494822836, 
        2467.549334439901, 
        1662.1017757610118, 
        1957.223665305328, 
        2847.487924545244, 
        3051.982466437287, 
        2669.4096255295576, 
        1764.3061930627157, 
        999.1189557276203, 
        2973.293119076911, 
        1600.7182257027728, 
        149.0897899170537, 
        2425.2480657190063, 
        2438.645662365586, 
        260.71974835528727, 
        1197.5390131087188, 
        1795.3683990384545, 
        2589.3397357758936, 
        827.6195911269965, 
        2498.7176968386602, 
        1856.7850101031393, 
        3469.5482987124656, 
        2584.7980455622037, 
        1892.0052831149162, 
        2103.034890673724, 
        2455.123261107166, 
        829.3819178946045, 
        2235.0961112326772, 
        2753.950304183618, 
        3383.8555143970007, 
        3062.6142611547, 
        1420.1538035689694, 
        1569.018106544675, 
        2523.112594505009, 
        2690.373048312163, 
        1410.0441305316347, 
        2344.5199248849785, 
        2510.300026883651, 
        2227.578860448574, 
        2387.3424276570145, 
        648.5970165265538, 
        1893.0618327012576, 
        2417.9012963027044, 
        2476.0015912430963, 
        2984.347161636777, 
        2184.4962072735584, 
        2176.0746655372013, 
        2715.289828841133, 
        2802.4099342233903, 
        2445.468273157158, 
        1692.0997712912072, 
        693.8527897654229, 
        2235.0934214988793, 
        1756.1955218875532, 
        2494.325480815424, 
        1202.6847577399335, 
        2433.9498664970506, 
        1078.1601154737757, 
        1249.0519979307167, 
        1991.972167248384, 
        2095.459214504522, 
        2209.0632481063612, 
        1719.0950831035796, 
        2199.812756088775, 
        2378.1625533615156, 
        1963.4719160505922, 
        2861.378162262413, 
        1516.1517456337742, 
        1901.4234908698193, 
        3420.8482781368007, 
        757.4427364744084, 
        2390.194140476913, 
        947.2610456935331, 
        2361.924594953165, 
        2676.462358835682, 
        3023.549692748631, 
        977.6051256950449, 
        2883.249740149458, 
        2339.5648664359146, 
        2298.4800627617833, 
        2749.88258959093, 
        1317.9192242817933, 
        1810.6946131772352, 
        1296.6301391604497, 
        1953.0633401569294, 
        2666.7385624789176, 
        2387.558528911527, 
        1665.7118326484085, 
        960.2824433443192, 
        2737.9113156962976, 
        1358.1819646576473, 
        1498.3575762646556, 
        1642.106352209975, 
        2121.52970332512
    ],