{"center_point": [36.848867, -75.9753966], "sample_points": [[36.870855462817396, 36.852229630648104, 36.862025772706204, 36.83140332229603, 36.834124829989506, 36.856004641293616, 36.859769474310546, 36.85800267049249, 36.839452241877545, 36.85550550181021, 36.82831968186561, 36.850521820939704, 36.86771272506859, 36.84601689496283, 36.852170241789146, 36.83326435841802, 36.86829049608633, 36.83895685881049, 36.85114062274587, 36.84955014520709, 36.85953725914954, 36.85868562276942, 36.86593893391555, 36.85751127259479, 36.83537671358245, 36.85916446559372, 36.83541645318097, 36.84383949510866, 36.86675613790408, 36.8407172409791, 36.84057754809929, 36.87076250928605, 36.8281034178508, 36.842628280521254, 36.830567308812874, 36.85817452035281, 36.86216303813762, 36.85174097849205, 36.84447405262851, 36.85383174916427, 36.84009534928245, 36.85706258124567, 36.86790963362951, 36.85721020973246, 36.8678462306735, 36.845849463795034, 36.836577798418475, 36.86182615270357, 36.85942487676249, 36.83293400906183, 36.83057966046538, 36.8306260518939, 36.85672126926965, 36.829823061349174, 36.8519790657951, 36.83564324174478, 36.86342416810256, 36.84530688552021, 36.85802652280552, 36.84184353634668, 36.83386456397888, 36.85460537924451, 36.850386471412264, 36.85956216289187, 36.8390336377636, 36.857581408376674, 36.83088422644142, 36.87050031947282, 36.8305725677726, 36.83384466971278, 36.86383231161623, 36.85491661652985, 36.847761094599186, 36.86060224112695, 36.854724002624195, 36.8536706390636, 36.832829891285535, 36.84082600923067, 36.86965945701093, 36.83537658414859, 36.84207101804267, 36.83267138781143, 36.84783307117503, 36.85502061191821, 36.86480535503377, 36.85253722622066, 36.854322683455926, 36.85610281011389, 36.86155750532158, 36.84658318197049, 36.86105209336593, 36.8466036708039, 36.83780224578663, 36.826493597534466, 36.846503738838, 36.852545399961706, 36.84408887320493, 36.828027182471736, 36.84619286977323, 36.857708581523525, 36.85790375041057, 36.830534212929486, 36.830261158723594, 36.869933582522, 36.8676922852153, 36.83540088878413, 36.86910016048032, 36.86467985464487, 36.843839073315316, 36.857188648940166, 36.8341202220618, 36.83617930801024, 36.82823182711579, 36.835784575972546, 36.865428636549915, 36.82849740826457, 36.846324246550424, 36.84641728065905, 36.862139369377594, 36.853289865132716, 36.840866301877305, 36.86888091078683, 36.86761863897724, 36.84114958477033, 36.86772627619895, 36.85355565204318, 36.84563194317266, 36.84774455709448, 36.868347942673076, 36.854349209067195, 36.83536824488524, 36.85781429743078, 36.83989043254944, 36.86237885033767, 36.85119690249929, 36.857832498089444, 36.85370178455602, 36.83840650212502, 36.85208998503142, 36.862539554538635, 36.86770838328776, 36.84922033113944, 36.86900790378455, 36.83138716655207, 36.84247998615136, 36.83784072222163, 36.84453325299036, 36.85651417079401, 36.86569950358548, 36.844711702249285, 36.87104238737375, 36.841221391536095, 36.84232806041569, 36.84340918990436, 36.84540392905962, 36.85614481079673, 36.84586514942569, 36.8400123171402, 36.836261690282925, 36.856049118796825, 36.84492103105639, 36.8384231836743, 36.85463952417951, 36.86198064859285, 36.86191914232717, 36.83352811592856], [-75.96084395486314, -75.98518564031234, -75.98855990877745, -75.9649766335265, -75.98759737195941, -75.9898486056217, -75.99646074432908, -75.9997141445714, -75.96758236380523, -75.96291458387704, -75.97676117690119, -75.95501200132504, -75.96267707879008, -75.98891070724302, -75.97663075909465, -75.95886095663025, -76.00135968970946, -75.96369796822631, -75.96647683578267, -75.9577800671409, -75.99280535821721, -75.95190749719922, -75.98455325290044, -75.98771000616219, -75.95743561622908, -75.98337362530108, -75.95513396010412, -75.98652500760792, -75.97463220374573, -75.98195237344046, -75.99425128145887, -75.98113028816758, -76.00089342942192, -75.96058043582771, -75.98757942255972, -75.95382832881238, -76.00004467709891, -75.97869993825074, -76.00173443791081, -75.96678892150211, -75.9888326145794, -75.96143302513676, -75.95966287278493, -75.95648799159704, -75.96147706969028, -75.96004340614748, -75.96255369810501, -75.99175308947888, -75.98119722013, -76.00316835848668, -75.98274818316344, -75.9879575756388, -75.99483342034104, -75.95265445875624, -75.94948746581015, -75.95636925073116, -75.97992237249137, -75.97311556811309, -75.99871589317806, -75.95959683899902, -75.97530294639482, -75.97348399665991, -75.95676923876644, -75.99381181597452, -75.95864605099798, -75.98148507646002, -75.97885827131564, -76.00109823609117, -75.97981153461642, -75.96902670080026, -75.99488840665963, -75.96250941526459, -75.98689011137473, -75.980825284717, -75.9749433869385, -75.95092968512846, -75.95781262391182, -75.97047228054066, -75.974231555857, -75.97911718194293, -76.00319041814433, -75.99376379778614, -75.95041375516462, -75.98768009502416, -76.00071819930011, -75.98832579957617, -75.97215734756278, -75.96057154417923, -75.98679339611594, -75.96784035076915, -75.99718659822861, -76.00081051817781, -75.96396440605493, -75.97383713547177, -75.98110325723083, -75.96521269850324, -75.99425884892787, -75.94994546724222, -75.97353772286088, -75.97075159497072, -75.9813158360105, -75.99396881215849, -75.96756126281643, -75.95284398967718, -75.94828987983153, -75.95355771585858, -75.98593242170186, -75.96939226682397, -75.97385014213246, -75.98985612596894, -75.97131731476607, -75.96472334092589, -75.9963305672388, -75.95574041179597, -75.99802891929775, -76.00319143819775, -75.96309091892337, -75.96180980097917, -75.99798830518948, -75.98486201360666, -75.98927008515618, -75.96524137837005, -75.99433526829503, -75.95927191711398, -75.94856246147287, -75.96597866235265, -75.9705797804431, -75.97783135354314, -75.96907116852884, -75.98954119504583, -75.95082192623708, -75.9507387413359, -75.94733568159062, -75.95597372642351, -75.99968060155302, -75.95066321462319, -75.94764823284957, -75.99166724451308, -76.00185838983361, -75.99326105176391, -75.97170655777384, -75.9804644081735, -75.94793869483026, -75.9558222346106, -75.99195215849441, -75.97250079912962, -75.95724200164571, -75.99341721630697, -75.9523355296011, -76.00333498941015, -75.95115285988909, -75.9666844004166, -75.98035519444294, -75.96333657426622, -75.98968194276009, -75.98278231232464, -75.96807053483444, -75.95822186941491, -75.9911638503211, -75.98580005930506, -76.00110280337213, -75.96243573862762, -75.95061680736138, -75.97680943502863, -75.99787436307373, -75.97109309033702]], "boundary": [[36.87140026340025, 36.87140026340025, 36.82633373659975, 36.82633373659975, 36.87140026340025], [-76.00346139139927, -75.94733180860074, -75.94733180860074, -76.00346139139927, -76.00346139139927]]}