{
    "boundary": [
        [
            36.87140026340025, 
            36.87140026340025, 
            36.82633373659975, 
            36.82633373659975, 
            36.87140026340025
        ], 
        [
            -76.00346139139927, 
            -75.94733180860074, 
            -75.94733180860074, 
            -76.00346139139927, 
            -76.00346139139927
        ]
    ], 
    "center_point": [
        36.848867, 
        -75.9753966
    ], 
    "distances_to_center": [
        1245.2516930645156, 
        2432.525073556704, 
        2419.3364850075386, 
        3011.72054745654, 
        914.2824664920458, 
        1049.5135583827832, 
        2256.6968780594234, 
        2739.205833460463, 
        2461.560622559831, 
        1003.7638828824007, 
        2446.047595436459, 
        1711.0839432452449, 
        1669.3359011008533, 
        2995.951011332599, 
        2154.9904015693523, 
        3031.8912117567015, 
        2322.2424068444466, 
        2438.4381825588875, 
        1051.1424395864167, 
        1525.8434091703598, 
        1106.1917603238824, 
        1327.5130661830142, 
        2054.9866426089884, 
        1346.6859703896362, 
        809.8031445809473, 
        1050.730683147606, 
        2731.893596605872, 
        1867.3889557962395, 
        1614.2651133428096, 
        1687.091065647097, 
        1899.1357480533916, 
        1001.0206001791606, 
        1737.2258808152117, 
        1927.4835193147048, 
        2001.012935885234, 
        488.83986599663353, 
        3415.3732542662683, 
        2394.858437894568, 
        250.65317278408756, 
        1887.8579184197013, 
        1831.9118894017877, 
        2469.710744360228, 
        3084.3672117447713, 
        1230.7288276439233, 
        1340.8070842266634, 
        1906.3725987190603, 
        2458.1783191659815, 
        1788.1015076480435, 
        1250.9814853023945, 
        1719.2271630463813, 
        2286.4353569961486, 
        1853.1224570152374, 
        3050.0122225565988, 
        2675.188813115248, 
        1930.883932164716, 
        2918.7296905118333, 
        2119.756949472525, 
        1911.6601021693507, 
        1080.8854896389432, 
        1249.5130920881059, 
        1741.4396483360267, 
        1271.407691325133, 
        684.3657456952446, 
        1752.9378874860224, 
        2139.8752772997686, 
        1771.7754318932775, 
        2665.6010568875345, 
        2129.7465599405855, 
        2710.6403048288234, 
        2501.321222935379, 
        1836.6074473901417, 
        1111.1801165211295, 
        622.7954409685451, 
        1141.4281799851656, 
        1869.351215421716, 
        2586.7647878307966, 
        2903.7377316443253, 
        1439.9232831188137, 
        1004.4411699063702, 
        1247.3292115940972, 
        1146.227224949029, 
        2472.34229035537, 
        2978.807019235909, 
        2279.902586293064, 
        2696.446772047374, 
        162.88121576348357, 
        1091.691476063543, 
        2573.470997126375, 
        1635.0191280703036, 
        2705.679454195788, 
        1825.89171149509, 
        2570.6517022067205, 
        2286.856848927201, 
        2232.492696940179, 
        1662.108576673781, 
        2092.2287205257885, 
        1031.6206420203698, 
        1704.8333532595434, 
        2618.648060413059, 
        2053.3172431769885, 
        1641.59839190399, 
        1812.8291038967102, 
        2160.428596259245, 
        2193.5041095896872, 
        2455.5701684246524, 
        2221.8420366186915, 
        2288.4276690063425, 
        1928.4213105825263, 
        2502.9884548782115, 
        2493.1432421018744, 
        1113.6613234806584, 
        1976.3147978114073, 
        1708.5407923098358, 
        2280.8669027496194, 
        3226.4764594956905, 
        2762.0055868656077, 
        1419.9227506237416, 
        2903.982377062448, 
        1581.4643587374871, 
        1519.1478421130312, 
        2321.321488085756, 
        1821.8309609001674, 
        2280.2261338897247, 
        1001.2094446997972, 
        954.5209258233914, 
        3094.0097483272957, 
        2034.0832426974523, 
        1471.328869244607, 
        521.6786512640446, 
        2609.8971268332334, 
        2418.5429041256352, 
        1799.8186144209544, 
        2466.6937720759483, 
        3441.1023162808087, 
        1823.8706970776825, 
        1694.7137524546226, 
        2418.2693685615895, 
        2016.023537043405, 
        2401.466535263239, 
        2338.189005569043, 
        1391.4272020258659, 
        1535.0703220458095, 
        2120.798208396212, 
        2603.5496974124294, 
        2483.051177149158, 
        2083.026590649832, 
        2312.60210838373, 
        2241.317608719804, 
        1501.326497562109, 
        1677.762542266087, 
        2302.910159316384, 
        2332.6082948685103, 
        2805.4136583922023, 
        2743.0709719829138, 
        1731.559651345495, 
        1231.0860001568833, 
        1577.8997946407785, 
        585.840480445202, 
        2248.584663827287, 
        2782.4109821361285, 
        1792.9067741252488, 
        2479.6785276069186, 
        2184.8024375261484, 
        1605.8290054275828, 
        3381.2962027039475, 
        2280.133009865951
    ],