{"center_point": [36.848867, -75.9753966], "sample_points": [[36.85441623688096, -75.96421220794092], [36.85947250480899, -75.96822347420645], [36.86902086075066, -75.95249958350446], [36.83616350671069, -75.98093550212153], [36.85054838424195, -75.98714577623002], [36.84339826076498, -75.95833412137432], [36.866376570201275, -75.96393715473369], [36.841849042484455, -75.96215705977863], [36.828069955716565, -75.98890093253186], [36.83179699518054, -75.94796568747857], [36.85709074147136, -75.99436864077765], [36.83039183959157, -75.97395424033543], [36.84553008547386, -75.97190295401452], [36.83586418943075, -75.99835327314356], [36.83010182645252, -75.97739314406007], [36.865672880798435, -75.99733274504739], [36.834007810451176, -75.95744940865501], [36.86128405664322, -75.98554011608739], [36.863139859520835, -75.97769004828662], [36.82835647893816, -75.96953867803256], [36.87135190370177, -75.96550209187711], [36.83755213118419, -75.94740513574811], [36.86385952570756, -75.96733228370275], [36.87111933275082, -75.97829058664145], [36.86071588278925, -75.99681007764255], [36.858556516903604, -75.96993740270858], [36.83170346160268, -75.96123519139664], [36.8580409678491, -75.99504861940682], [36.830498323952646, -75.98619603326475], [36.8577290621109, -75.99108225654686], [36.861478203277315, -75.98819165705815], [36.86251264408209, -75.99820508164487], [36.83587889592014, -75.99079818340537], [36.84939896852601, -75.94976132512768], [36.84524985183571, -75.99480921703763], [36.85402471009676, -75.9597535826854], [36.83832639913014, -75.97533103373725], [36.84751839046069, -75.94998562353382], [36.85759638306935, -75.97435124377128], [36.869190014842836, -75.96651982360453], [36.839394291968794, -75.95301996805684], [36.855601245098924, -75.95118446887865], [36.84597822011614, -75.96071904959776], [36.833463341624956, -75.95473166199102], [36.84860035836453, -75.9834723314534], [36.869266627846656, -75.98859711213235], [36.83452414759341, -75.955562150292], [36.85244906953379, -75.97142027868968], [36.86337005437563, -75.99534920918228], [36.83431324119385, -75.96394249442474], [36.84195889166099, -75.98919975627186], [36.83499815954883, -75.99668494200176], [36.85131926602412, -75.97266121139721], [36.8490969074363, -75.99349524834925], [36.840750755820665, -75.97074649368362], [36.82657784106335, -75.94829300999075], [36.832836672155516, -75.98071116894357], [36.84731509183921, -75.9726590439935], [36.86034446185647, -75.97722751023637], [36.86897633768594, -75.98534209891693], [36.856653213135104, -75.98141618926121], [36.840428729945664, -75.9685977596687], [36.82728893223655, -76.00084721749043], [36.83661413567828, -75.98091942014457], [36.851439407172414, -75.98710487249646], [36.862911929400504, -75.9708090323823], [36.8453631168796, -75.9696995515313], [36.82720376516954, -75.9573517275971], [36.86208932377942, -75.98003406328124], [36.85662994443452, -75.99014163637375], [36.8694502344467, -75.98713565310163], [36.82922266679479, -75.94786123947058], [36.83105383262165, -75.96605254519582], [36.842802041141304, -75.98494884802695], [36.86516591411883, -75.99836592493564], [36.82814173375964, -75.96639584033643], [36.854793956263855, -75.9726843551438], [36.828497644398766, -75.98366277240555], [36.86562613117445, -75.99430587000742], [36.86705406791036, -75.96934555141517], [36.850275321910075, -75.96128691097249], [36.86409391799329, -75.99756274551407], [36.8648366998049, -75.99915364652506], [36.86168223783904, -75.9836299620342], [36.85488972305867, -75.98004871066028], [36.866733820812016, -75.99124378729222], [36.83207825202379, -75.99272846625071], [36.866606089491775, -75.97836830340252], [36.86046793326487, -75.97912977036988], [36.85748025434438, -75.95191953951476], [36.85408842517428, -75.94861196275313], [36.8511748177167, -75.95088356235934], [36.83425581509403, -75.99312945817972], [36.8381076360843, -75.98337116129208], [36.833142855390484, -75.95293754959133], [36.8326483205483, -75.96342157700003], [36.856771665525116, -75.97671695209462], [36.863923006559276, -75.9924617517753], [36.83626668843334, -75.9659389337224], [36.86062689370213, -75.99761821155168], [36.8407117817434, -75.9843066133294], [36.85170346536434, -75.9806895120364], [36.82951187846211, -76.00029642211405], [36.867338854705906, -75.94900300435415], [36.829610942143745, -75.9973651284029], [36.8345884544844, -75.96357472676084], [36.855921553162815, -75.96642427109485], [36.84522054348073, -75.98059835576073], [36.84820929033953, -75.9950725554016], [36.85809747033243, -75.96374455648566], [36.84432433604071, -75.94813501014478], [36.83531007461865, -75.95792520804987], [36.83943532079134, -75.99323968685519], [36.82876594425666, -75.99789480948183], [36.844919575893066, -75.96937507664933], [36.86342090793388, -75.9483776112369], [36.83159914014679, -75.96006713552386], [36.84450282962783, -75.99463235391248], [36.834969336322914, -75.99627521473766], [36.84268205095661, -75.95696957805208], [36.85655494280912, -75.98088180784353], [36.846493873011134, -75.99176759160726], [36.84299680152914, -75.96364354643735], [36.86568785387192, -75.99260464911977], [36.83301342994354, -75.97748098053282], [36.85816893704413, -75.96990303260095], [36.85246334308523, -75.97600491530879], [36.8623222261885, -75.95586063679336], [36.86961180654991, -75.9866188313793], [36.85950125436368, -75.98618583402893], [36.85097702667339, -75.97864114567076], [36.851705198256866, -75.96020213122847], [36.86843668073853, -75.95643502746904], [36.83629717890191, -75.95566917808932], [36.835070027905196, -76.00278468525002], [36.855580604121975, -75.99161406379189], [36.839233049770286, -75.96816257741129], [36.8647711179388, -76.00153404760526], [36.86152953414086, -75.98158074191741], [36.83677197529394, -75.95537788190286], [36.85636532007844, -75.95677923732998], [36.832398558281874, -75.99234767874464], [36.87109825048557, -75.9764231610693], [36.866153583380175, -75.99276410143356], [36.84545183986255, -75.95374727806674], [36.84969931856433, -75.99381052574793], [36.83019589976015, -75.9662338515217], [36.864503700767, -75.99147820987143], [36.83956064658535, -75.96401320579099], [36.830105498017524, -75.94780030498276], [36.86606945838798, -75.96406170439593], [36.85415714742556, -75.94935165047988], [36.85214427483041, -75.96596833925024], [36.852838219970025, -75.99234798780245], [36.86772500659633, -75.9951989461348], [36.86260409240484, -75.96455998111361], [36.85243213007754, -75.95000263046671], [36.87125248973842, -75.98756800787571], [36.831282888199006, -75.97032794319504], [36.856387874057646, -75.97130312973661], [36.858237998152255, -75.96712356924142], [36.86620720861522, -75.96502547423262], [36.86831578145003, -75.99756771151421], [36.83588718782009, -75.98754104357805], [36.864434902895376, -75.9494634308473], [36.85585620205642, -75.96953492538056]], "boundary": [[36.87140026340025, 36.87140026340025, 36.82633373659975, 36.82633373659975, 36.87140026340025], [-76.00346139139927, -75.94733180860074, -75.94733180860074, -76.00346139139927, -76.00346139139927]],