{"center_point": [40.337866, -75.9258469], "sample_points": [[40.35597569878736, -75.90362236198372], [40.358298194984826, -75.94422107537602], [40.31985798199937, -75.95459913219399], [40.334867087059884, -75.91186399990924], [40.32909595677676, -75.95089879690939], [40.31845436690837, -75.92300070515273], [40.34518774857544, -75.8965786364362], [40.33152188224965, -75.91836910755173], [40.35961651874275, -75.89930272771122], [40.34314059447333, -75.9332086281845], [40.359488490458496, -75.93301324407535], [40.33682104201289, -75.910607440409], [40.344101509666515, -75.94022116960754], [40.350206281730706, -75.92557672356479], [40.31641553522931, -75.94847127775463], [40.35595625046121, -75.91641997299467], [40.345322474422545, -75.92114423639516], [40.3188563012565, -75.93970503862619], [40.32001979129367, -75.94389302673247], [40.32029042160681, -75.92981680102486], [40.35227727655899, -75.91287673195586], [40.35318803429986, -75.89835571071521], [40.350405442788144, -75.94638529101698], [40.338486447893914, -75.90087017419714], [40.33666424630529, -75.9335907815151], [40.35990801265107, -75.95025687792011], [40.358792109253386, -75.9246210555944], [40.323619360882525, -75.94763678550832], [40.323064652581564, -75.95207785894893], [40.33244359601527, -75.92328669640284], [40.326695593199034, -75.91045855570614], [40.332831079769136, -75.91139431516031], [40.338031878826044, -75.92282119433261], [40.359626900771154, -75.94757818249313], [40.34947298271255, -75.94719521079605], [40.3428004655215, -75.91533108190237], [40.32011401326277, -75.93797766309775], [40.332575434417286, -75.9431316712402], [40.34322390648842, -75.91684084766935], [40.331648946087526, -75.95432064007369], [40.322460482930424, -75.94249641776386], [40.353804109535375, -75.93602486545528], [40.33111873455374, -75.93494389349867], [40.355159284704484, -75.95121935923817], [40.3283728681073, -75.93131783246376], [40.34499299167268, -75.94030560191995], [40.315609345513714, -75.95317908375162], [40.32580257376199, -75.95526546918317], [40.32563440135673, -75.92690993760037], [40.35979440287142, -75.94681764208285], [40.35243583303286, -75.92320372662218], [40.34910799329481, -75.90724972506654], [40.353791777673976, -75.90251262241088], [40.32247028658052, -75.95417215060363], [40.32191675141792, -75.95309215041561], [40.32808583373743, -75.91272725076652], [40.32539736160688, -75.94210021142668], [40.33421766230556, -75.93818180260884], [40.337975101312566, -75.9259632736331], [40.33572103135438, -75.93930594127085], [40.34257125342978, -75.95133473388162], [40.3260377720685, -75.94961811609552], [40.33618965032688, -75.93054367564926], [40.330863997068114, -75.93164838227284], [40.32102549455898, -75.94643709694779], [40.32622897720601, -75.9429943629136], [40.32086799180145, -75.89965682100363], [40.32961389282407, -75.9318960001536], [40.3171574273354, -75.9080793360781], [40.32692959116597, -75.91140934300635], [40.34448524943686, -75.91491640229349], [40.348730479411586, -75.9098894958294], [40.319662944101346, -75.89775674242156], [40.321374641547166, -75.92434166371756], [40.338040907847756, -75.89954927273487], [40.32337709332825, -75.9362865194825], [40.3588683736517, -75.94181809494567], [40.32128699595546, -75.9307415358434], [40.34467353057939, -75.8975171428051], [40.351342549970475, -75.9493195625247], [40.33594032784124, -75.94518217904913], [40.35274323924854, -75.90823161792282], [40.33467756171662, -75.91597418879488], [40.34228937737345, -75.9340454903395], [40.34359651909237, -75.91111145180764], [40.351865965912616, -75.91081334397258], [40.31885085434442, -75.93169151603547], [40.33508106334458, -75.95520033624251], [40.35543531726533, -75.9281718152037], [40.332233277962125, -75.91458739513972], [40.322547905517105, -75.95044627497346], [40.33508671934217, -75.91276124868756], [40.34613408214086, -75.94728397779986], [40.35057145768205, -75.92211301677936], [40.35694661904631, -75.91346401017337], [40.33963323968146, -75.93594486428945], [40.349157665769496, -75.91013515803215], [40.32053498932223, -75.9025333597787], [40.3542409558389, -75.93779377901376], [40.32123977114156, -75.93111616642773], [40.33171419954881, -75.91648675521049], [40.320029459948614, -75.92599520648596], [40.35151483175077, -75.94348234567558], [40.344356172899644, -75.90900570194205], [40.33810067193844, -75.9470581967884], [40.32288139066513, -75.90958171131541], [40.326552612663654, -75.94680042662067], [40.35825903595031, -75.94879108313306], [40.35447221330118, -75.91988967209491], [40.33306144553616, -75.9188958397255], [40.31931040027498, -75.89971995535136], [40.336444542733695, -75.93694766174706], [40.33391294265489, -75.91619049873127], [40.32907974892156, -75.92052766460833], [40.35258488162298, -75.90530813434738], [40.3190025544849, -75.92896431871115], [40.33249254516992, -75.92820745939467], [40.32060819479401, -75.90827240715264], [40.33328651515645, -75.91232490403193], [40.34218350243554, -75.93343142500034], [40.33476866316361, -75.90878859838818], [40.32997630768304, -75.92397637165232], [40.3155032882471, -75.91056550551438], [40.35284089975381, -75.93537113109129], [40.331806450991394, -75.95010448262322], [40.338937956406966, -75.93653872409239], [40.333591264751895, -75.91575136576652], [40.35330400357206, -75.91607915312078], [40.333655808476, -75.93487558812039], [40.33957660371946, -75.9171853427998], [40.34498896265639, -75.8991954009557], [40.33516173074406, -75.91476822386869], [40.34028051703192, -75.92131463282769], [40.35578776758102, -75.90553485967423], [40.315703712712875, -75.93570419771112], [40.33339665432587, -75.93894716580736], [40.33772094471056, -75.95323404478468], [40.33050025033329, -75.93156927399592], [40.32763494972912, -75.93600409902413], [40.329893129453154, -75.89893949922127], [40.35896420281645, -75.94056534400183], [40.3344367706982, -75.90396380588656], [40.33464685864392, -75.91655426619495], [40.32274788124587, -75.9101834542744], [40.334474431374026, -75.93899802804667], [40.35600657004036, -75.90480100254632], [40.333040463020225, -75.91583393185543], [40.34582388001471, -75.897077700679], [40.3506780125983, -75.90540144224708], [40.33949025942439, -75.92604649039053], [40.32241237581031, -75.93379475604999], [40.33868350607469, -75.91793029312653], [40.34432825776066, -75.92189317307302], [40.341007931280295, -75.93869536861455], [40.352768224652095, -75.90903088097605], [40.331971136812676, -75.94160826502618], [40.31928040254087, -75.91652280208801], [40.334987252782426, -75.94730788045611], [40.33968703100891, -75.91602871150434], [40.332421046815085, -75.95237811198025], [40.31792512020454, -75.91746194248591], [40.33188924714499, -75.9110109111788], [40.3437590744433, -75.95022370014841], [40.35661325972895, -75.91862549529132], [40.32969466131231, -75.94429135829425], [40.360075466552985, -75.92395589544458]], "boundary": [[40.36039926340025, 40.36039926340025, 40.31533273659975, 40.31533273659975, 40.36039926340025], [-75.95531005006465, -75.89638374993534, -75.89638374993534, -75.95531005006465, -75.95531005006465]],