{
    "boundary": [
        [
            40.36039926340025, 
            40.36039926340025, 
            40.31533273659975, 
            40.31533273659975, 
            40.36039926340025
        ], 
        [
            -75.95531005006465, 
            -75.89638374993534, 
            -75.89638374993534, 
            -75.95531005006465, 
            -75.95531005006465
        ]
    ], 
    "center_point": [
        40.337866, 
        -75.9258469
    ], 
    "distances_to_center": [
        2078.198599349553, 
        1556.5154433571947, 
        1504.8020020427775, 
        1732.0965516664266, 
        2688.5989560155454, 
        1086.9122008847962, 
        2780.3122416314895, 
        2480.7380108833845, 
        1097.3274562809486, 
        2676.3134808484283, 
        1692.2638328079681, 
        3323.4076191833606, 
        2772.0496358185455, 
        2197.1505705957998, 
        1978.1009933933349, 
        344.4632267883665, 
        3006.370273320289, 
        2389.0998145198632, 
        3203.566352761238, 
        2075.335499063556, 
        3081.5078329888074, 
        2217.970237769222, 
        1795.1780002272499, 
        2042.9181949304782, 
        1725.0939927233624, 
        2041.7957728824376, 
        1930.5695305663417, 
        744.7957276397225, 
        2057.3608244397446, 
        1201.98676929591, 
        2643.144175445814, 
        2006.8368121436379, 
        1960.9436835202002, 
        2857.157045632214, 
        2122.020983329981, 
        2286.298274954874, 
        2836.886390155536, 
        2779.7087173518566, 
        1987.162011077086, 
        2201.774205350766, 
        1329.3787288897552, 
        2670.510683918947, 
        2172.6893626767887, 
        1148.5383461268457, 
        2357.8538058327326, 
        2341.688925065635, 
        420.74114470447716, 
        1014.525495595329, 
        2433.9266927029125, 
        2563.1163739635217, 
        987.1543461096705, 
        2039.1422931498284, 
        1345.940227885352, 
        2721.7005025208337, 
        2418.223064416808, 
        1156.2901714716802, 
        2400.70388559591, 
        2103.4553593622695, 
        2071.955014823907, 
        1488.199954202858, 
        1414.5117804464976, 
        1615.1059409658424, 
        2094.9527409324164, 
        1563.6301734614296, 
        2392.237223128121, 
        762.4917799253644, 
        1196.913905314366, 
        1310.058879596022, 
        1996.1721539818427, 
        1687.3723321950488, 
        2636.312788347586, 
        2866.137171452582, 
        2396.1803758223086, 
        1735.4513075291852, 
        102.06390202477797, 
        2371.160476395839, 
        2445.30856214798, 
        2917.933710166938, 
        1358.4624810519051, 
        1796.800194150886, 
        872.4283560704139, 
        2729.674447376863, 
        2158.908694755003, 
        1129.863077668103, 
        2207.8133903878697, 
        2819.4533478788167, 
        594.2548545963795, 
        1823.6757606249093, 
        1656.8721938672234, 
        2376.302005090487, 
        1631.8857971569776, 
        2248.090375678109, 
        802.6240887664673, 
        892.7985092566779, 
        983.724174131889, 
        977.6688664720463, 
        1637.200202612481, 
        1526.8721776556963, 
        1438.271449879316, 
        1326.695484645586, 
        1644.2692178485222, 
        2113.0265841831015, 
        824.7609508162134, 
        1660.696382278658, 
        1892.3359223639893, 
        2589.0180673027107, 
        2409.5169608779265, 
        1558.8465900666047, 
        1556.3181282975431, 
        1844.703858745784, 
        816.2069486065777, 
        2101.3652108111646, 
        3181.1399595750145, 
        1579.8478765999323, 
        2563.5454730389897, 
        3102.92001701775, 
        1327.1773471465515, 
        1339.4722527491372, 
        1228.8511025615715, 
        1905.64779516847, 
        2793.01638469908, 
        1593.8468935128499, 
        1666.740847041563, 
        2799.3050492946386, 
        2282.5770170146766, 
        1395.1035635847472, 
        2727.860551592662, 
        2642.921054629821, 
        2306.577328601746, 
        2251.9889593319735, 
        2369.72479097998, 
        2702.6889327324548, 
        2467.1633300147164, 
        2411.371675007174, 
        2207.52290496143, 
        1905.6299703296907, 
        1019.8940591909409, 
        1898.967609476775, 
        1715.5305179308064, 
        1663.456343121698, 
        2842.8871425148454, 
        2454.6345632345133, 
        1313.9020559028233, 
        2404.196472386951, 
        2306.1523959392866, 
        2204.318219354272, 
        1735.177713127477, 
        1350.2813047691493, 
        1724.5613841469915, 
        1775.9223435920917, 
        1707.1475372756038, 
        2123.1352098132907, 
        1847.56701533794, 
        2211.963830391836, 
        1851.3638507695002, 
        3393.944670517294, 
        2008.0230119766886, 
        2474.098800200299, 
        2555.7625451917197, 
        995.9568184110076, 
        2041.3106141133258, 
        2573.335556777062, 
        2251.0716814591215, 
        2690.61598067124, 
        1710.895508703163, 
        1734.5118142783572
    ],