{"center_point": [40.337866, -75.9258469], "sample_points": [[40.317193933861276, 40.320413576686136, 40.324862534153496, 40.3364418662517, 40.341268769323975, 40.33856463575523, 40.34555906803042, 40.33412263866774, 40.35347978205031, 40.34748328379936, 40.357947830672295, 40.337262536716985, 40.34409624379938, 40.34859280982074, 40.32475448567003, 40.35706366520515, 40.357747686637175, 40.3595696269029, 40.33024065230165, 40.32615087118407, 40.35506135834187, 40.341513619011515, 40.32368994288829, 40.35284880911982, 40.343098023471576, 40.34247610703302, 40.34291360068759, 40.35709660539209, 40.35357102037298, 40.32887812557373, 40.317113428031185, 40.31716101862054, 40.3186984262419, 40.33110088779779, 40.33308602911071, 40.35468029004171, 40.336341607298706, 40.35853848805249, 40.3246057521952, 40.344242993542125, 40.34234626847531, 40.33349614939339, 40.34967180131778, 40.325739606652476, 40.35672364236535, 40.345407154616055, 40.329338570154334, 40.33748447320974, 40.326228618445384, 40.34280536876773, 40.343493403627676, 40.33892474590169, 40.33841063090022, 40.343208937957776, 40.315502681979396, 40.31806894997945, 40.343678430387016, 40.33268598462762, 40.32253733878208, 40.34593882726313, 40.320495788491264, 40.35253104640527, 40.32817594857435, 40.355777334817006, 40.35358859341596, 40.34346555845032, 40.34162513321074, 40.3367755595474, 40.33857277460749, 40.35201074559383, 40.32634943720288, 40.359549870982256, 40.3502944332023, 40.351746982273916, 40.34380193599642, 40.33747884017747, 40.34536863295215, 40.35545023966197, 40.359280212394346, 40.31987612184069, 40.358946539749155, 40.32472238257714, 40.33654049762807, 40.34718837662657, 40.32253429636853, 40.35034946159996, 40.31546339188051, 40.32514380712922, 40.33485800286269, 40.35950792619556, 40.3360234229977, 40.35142441917022, 40.339611543305374, 40.3229342431948, 40.33659177205331, 40.31665672446726, 40.35617850197133, 40.32825453133609, 40.352410378127395, 40.35143590087057, 40.33920259886745, 40.327986607449716, 40.34740386645928, 40.32979381230152, 40.34410876911927, 40.35640653182222, 40.34708825091192, 40.35376566637874, 40.34689787620072, 40.3508750802633, 40.33994497196263, 40.35990749304908, 40.33295916478568, 40.32828910471502, 40.3315487077299, 40.3218862111519, 40.35468458543162, 40.3350516452, 40.352041800795845, 40.350092702080445, 40.33787867500887, 40.329834338072914, 40.34180745278971, 40.332972758775135, 40.351665881466886, 40.346586300414636, 40.35398935624017, 40.34433540439706, 40.3303909141031, 40.328080280068995, 40.33605388143759, 40.32649714617299, 40.358094426386344, 40.34219193841488, 40.35423907683504, 40.35135054750513, 40.34959495280791, 40.34579398837368, 40.340702176880384, 40.337226701801995, 40.35477441474192, 40.32780736977073, 40.32450263874774, 40.335857076367695, 40.34754203662066, 40.35119807344118, 40.34763938074965, 40.34488797978454, 40.35634722946726, 40.348375976995236, 40.357791168141944, 40.32873678598653, 40.31597382549392, 40.33193670027635, 40.3583102359133, 40.33269595761023, 40.35108294057753, 40.33327185945517, 40.32707209829512, 40.35325882462736, 40.330677572941624, 40.35871945697813, 40.344323475181824, 40.32373426677212, 40.35965861623695, 40.35173924099698], [-75.94041122661736, -75.93245318134737, -75.91991314654307, -75.89802078965782, -75.9511156755387, -75.9137584536232, -75.94479735558326, -75.91395977866847, -75.93482361328417, -75.95040901663207, -75.95306371331843, -75.95402112301585, -75.92104519409945, -75.91538739567135, -75.90805471000158, -75.95157233419553, -75.93317235243887, -75.89858654202146, -75.90729695680457, -75.90817407391798, -75.93916362152689, -75.92213932232839, -75.92830149754613, -75.94248923322779, -75.90656718975856, -75.94984005559941, -75.92660688583744, -75.94338446812495, -75.92248514232618, -75.9548828494922, -75.89704391979635, -75.95488005406547, -75.89999785851445, -75.92697809380489, -75.93782589278973, -75.93622154553327, -75.9361968283141, -75.92074866693319, -75.94205328513594, -75.95489977365256, -75.92764627594728, -75.94975428040614, -75.95182518161803, -75.93271905608773, -75.91346116768925, -75.89757084921523, -75.89650130594842, -75.95418050988226, -75.91203935415362, -75.94012357167061, -75.9125459675927, -75.94128362468933, -75.95197244233621, -75.9056487676667, -75.934627504803, -75.943931593406, -75.94952690944496, -75.9158840655422, -75.91455370122105, -75.91388668196983, -75.92878876466524, -75.90125052401122, -75.93479293862718, -75.90527664332896, -75.945953505279, -75.94028931678339, -75.94253961293897, -75.90622380698191, -75.92033586365628, -75.92462328108492, -75.90268391240625, -75.91147364167503, -75.91307167044604, -75.9349509641711, -75.90534820441104, -75.93464070180008, -75.92194860649614, -75.95267732700093, -75.94141282871715, -75.91988492163523, -75.92671664546717, -75.93566517704905, -75.9338233683133, -75.91306070119052, -75.94179335879785, -75.91197139802966, -75.90488974290294, -75.91283832518306, -75.90248051306746, -75.89671584881953, -75.92025213533296, -75.90056753203864, -75.92247320446127, -75.94274936056065, -75.92745642866667, -75.90922343916246, -75.93945441423476, -75.92275462608377, -75.90450688829573, -75.90340987847146, -75.92739127560452, -75.90775699641914, -75.92872998814367, -75.91653827750383, -75.92389951463352, -75.92107641389316, -75.90285933151829, -75.90159311976184, -75.91857576897308, -75.9129116087141, -75.9289552188333, -75.93735857716584, -75.93127539656261, -75.9039864027693, -75.90245154358641, -75.90133836752098, -75.94678436024819, -75.95394594100601, -75.92576688331691, -75.91630189165137, -75.91011760860926, -75.8965115490079, -75.92687919825597, -75.93604482941018, -75.91540140160876, -75.91813863647455, -75.92629328560939, -75.947612765417, -75.92286794811581, -75.92233297312217, -75.94037788364518, -75.9090763035803, -75.90570347148709, -75.91857486269198, -75.9449517321725, -75.90141923858096, -75.91038965839032, -75.90792332034034, -75.90537164296022, -75.94423155346563, -75.92206951379438, -75.94888272951519, -75.91206067507377, -75.92200203614617, -75.92279158591138, -75.95385446468268, -75.91641701923025, -75.90387017195015, -75.90408212615841, -75.91876798266573, -75.93620757826939, -75.89855421606227, -75.93915338809508, -75.94674416594053, -75.92637892546719, -75.91065281929313, -75.94119988725048, -75.93988405759384, -75.90952676325828, -75.95097583120844, -75.92102528680782, -75.93977938597155, -75.94695300336817, -75.95418975622373, -75.94847206021939, -75.92727189955473]], "boundary": [[40.36039926340025, 40.36039926340025, 40.31533273659975, 40.31533273659975, 40.36039926340025], [-75.95531005006465, -75.89638374993534, -75.89638374993534, -75.95531005006465, -75.95531005006465]]}