{
    "boundary": [
        [
            42.37254696340025, 
            42.37254696340025, 
            42.32748043659975, 
            42.32748043659975, 
            42.37254696340025
        ], 
        [
            -71.0965513505094, 
            -71.03577544949059, 
            -71.03577544949059, 
            -71.0965513505094, 
            -71.0965513505094
        ]
    ], 
    "center_point": [
        42.3500137, 
        -71.0661634
    ], 
    "distances_to_center": [
        2917.1527239374186, 
        1391.9700615759857, 
        281.53019025209073, 
        1567.1156716705057, 
        2923.918737882722, 
        2073.2774067332966, 
        1907.828738459611, 
        3156.3029677277304, 
        1945.6332338276102, 
        329.7642564323915, 
        1443.651552265068, 
        2696.1953897138646, 
        2203.085661455698, 
        2444.7274093135557, 
        2068.8764699510243, 
        2839.8782609088485, 
        168.58482219185885, 
        811.2545666465501, 
        1997.245903963848, 
        2930.1326662493634, 
        2225.9701089586806, 
        1074.9780229953844, 
        238.87041758664, 
        1941.9498234409027, 
        1092.1735682775964, 
        1427.457611245785, 
        2251.012764932148, 
        1889.1569846120024, 
        1564.2909981532973, 
        857.6486935907553, 
        2365.870176285823, 
        1661.1634073234773, 
        2285.8738876934017, 
        1782.5929795801062, 
        2347.4613804496867, 
        1547.138362697621, 
        2552.1019468126005, 
        2134.4163926544497, 
        1108.3204332434145, 
        3172.8199476890827, 
        2739.507354647795, 
        2422.9298805579097, 
        1859.0919065646822, 
        1993.9663331446202, 
        2173.7822288629836, 
        1998.799339771221, 
        1769.7388488069512, 
        409.93097634413925, 
        2445.4247923088333, 
        2233.5688921820883, 
        903.2067393262276, 
        393.3005605769571, 
        2982.3793255478136, 
        1601.8942905758959, 
        614.7809049752099, 
        1855.7780670760878, 
        788.3629323904654, 
        2286.5753522495343, 
        1359.9286499770774, 
        1115.8677572082909, 
        1701.7119576398643, 
        1062.8967209680548, 
        3241.5345129371613, 
        1994.1614826816465, 
        2506.848047159715, 
        2268.1616630150297, 
        1775.2000648550577, 
        2269.6600484441406, 
        2710.406958203034, 
        2415.6489673048345, 
        1111.7052626550415, 
        1915.846051013784, 
        2482.740144436992, 
        2355.2021436769737, 
        2271.40285357481, 
        2259.6778110501873, 
        986.620246466756, 
        2917.4621888389406, 
        649.2658753613819, 
        2896.1095978102767, 
        1922.3138086507067, 
        1846.0900269968197, 
        655.0522256287669, 
        337.78573418538235, 
        2878.3933815644236, 
        2002.5937906243714, 
        2042.1814726839739, 
        2248.276167614608, 
        1765.2021957988377, 
        1945.7937585456414, 
        2179.355089659069, 
        1611.567327903135, 
        1640.1020913679636, 
        1203.989467280222, 
        1616.9087931340603, 
        1366.1000610795197, 
        1321.4922854548622, 
        1752.0115717581255, 
        537.2764523679075, 
        3323.27393655302, 
        2505.2972808383174, 
        2395.7543215346395, 
        607.9931348351449, 
        1699.6548541517536, 
        2560.1487613292, 
        1807.5587594552999, 
        1427.8944390672061, 
        1774.1624291476978, 
        2707.641565432272, 
        2201.9852957986172, 
        2507.106673951225, 
        3125.332106190863, 
        2145.466329646352, 
        2658.7395898380328, 
        3023.370038749699, 
        2646.5642650232035, 
        2667.48295742097, 
        784.4204828702476, 
        1001.7663285205267, 
        2522.233110900779, 
        2194.093979799049, 
        2678.6225673070116, 
        3283.4651392603723, 
        2404.004559922272, 
        2299.4685490892425, 
        1966.2495028294704, 
        2455.9474540251526, 
        718.5765391240615, 
        914.5278255671445, 
        2553.6669968798706, 
        1774.6116251040783, 
        2390.0378473488418, 
        303.94091199179223, 
        1108.8616891070913, 
        370.0268000870837, 
        1612.8997950846663, 
        2087.7901593216843, 
        2267.4042157180606, 
        2490.0322899635025, 
        1424.6405957033705, 
        1089.3062821558149, 
        2006.4001372231432, 
        1733.5698580546364, 
        2860.510809913412, 
        574.3764113126333, 
        1721.2685848067813, 
        2437.798384345797, 
        1653.2646073009373, 
        1953.7519987815733, 
        1941.7666205857577, 
        1126.324928995295, 
        2676.4659464371775, 
        2415.106077310914, 
        2035.8833183731183, 
        2249.6117771883605, 
        1471.1575660891763, 
        1143.5442725492692, 
        2174.699023482529, 
        2335.9747269623513, 
        2469.763097043652, 
        1990.419712016866, 
        1962.7231489067706, 
        2564.819233329284, 
        2164.135028676346, 
        646.327912900207, 
        1366.0793563549294
    ],