{"center_point": [42.3500137, -71.0661634], "sample_points": [[42.36565488634542, 42.3296047199243, 42.354678507507906, 42.36957004560708, 42.34849556522821, 42.352303844737264, 42.36674776733391, 42.35358003010831, 42.35197866750804, 42.36723783569403, 42.34772930562928, 42.352050043649015, 42.36454365751129, 42.35350286436936, 42.33592780381267, 42.347003098645594, 42.35161340978933, 42.33824682219546, 42.3555015852002, 42.36287732171556, 42.35985650045897, 42.33246080305575, 42.35466703015643, 42.35115256134431, 42.37108564844435, 42.34918541886214, 42.366879764806484, 42.330158490139915, 42.35747021995634, 42.347304985607025, 42.34800960599482, 42.33915278448542, 42.35383293885932, 42.33332099803158, 42.355946987398596, 42.37115492330667, 42.3696915009702, 42.33502868196449, 42.35045900533849, 42.37123266716784, 42.35804339533332, 42.35961014863379, 42.33055719322314, 42.3521680736218, 42.369731572010494, 42.36214481909333, 42.34776247240396, 42.34888020928723, 42.3464303858378, 42.34056657765728, 42.36218121697499, 42.34043342246083, 42.330349384134706, 42.357664612129696, 42.35959649658313, 42.365198984843886, 42.3453681370912, 42.34216539088605, 42.333998405407755, 42.341985068166075, 42.366737672891475, 42.338871939216794, 42.35851428185912, 42.35030728083964, 42.3439404332859, 42.369180856807034, 42.3390255748774, 42.359911320560975, 42.33407899038698, 42.35999179775952, 42.355352892175894, 42.34703958764798, 42.33389693711327, 42.36033403266477, 42.3636610326983, 42.34032228981153, 42.36596609092425, 42.35556115627835, 42.32959845705282, 42.36876705994534, 42.36739956433949, 42.3462546690411, 42.36701889305775, 42.33752438876847, 42.353156673492855, 42.33948228063341, 42.33575404463247, 42.330796073478936, 42.34126101669735, 42.34398165149883, 42.34039706084605, 42.358979741972284, 42.33838062438221, 42.35703546481333, 42.37226012909755, 42.32854964571588, 42.33056945077234, 42.371196094187695, 42.33018523294474, 42.33984140090408, 42.34868763447715, 42.35773778598837, 42.340421102670916, 42.36821148664839, 42.34290691653393, 42.36449538814609, 42.350643102423575, 42.35507625990422, 42.35601723305059, 42.338000083704884, 42.35564815418584, 42.338418120104876, 42.33752443384373, 42.33522861201349, 42.361035335463875, 42.33886162067617, 42.349217736790486, 42.329529796009226, 42.330547307005425, 42.3642027135759, 42.34272337899975, 42.36334930237759, 42.34169985683953, 42.349664199793956, 42.33107031263714, 42.35531181517292, 42.331360972480574, 42.361000178627314, 42.36124701622598, 42.36265150546651, 42.359100307113046, 42.35249770988316, 42.36871522829188, 42.3343392766867, 42.36733372718847, 42.335136151886935, 42.33077274938224, 42.3341062735832, 42.35169662468352, 42.33318022751536, 42.369647511076764, 42.36918883050637, 42.360123694817815, 42.37130473670525, 42.364919099445345, 42.35112323588371, 42.340222941835634, 42.36722719249511, 42.337120909899426, 42.35457407917644, 42.34449821997896, 42.35033985030616, 42.335089183769774, 42.36350180537108, 42.351171729665815, 42.33974985446232, 42.34598576278652, 42.33172274429932, 42.34047308040539, 42.341324609128286, 42.34501406590474, 42.35278921967329, 42.37053656862803, 42.367633253589, 42.35970716851389, 42.34460270680098], [-71.06021457037835, -71.09414538374787, -71.07546591366395, -71.09322841931592, -71.04538341747678, -71.04035427326593, -71.07564663819248, -71.0932950297455, -71.0931452558401, -71.0874401324737, -71.06168012240003, -71.07826751552396, -71.07634356477878, -71.05300432247323, -71.07845453964575, -71.0797154265367, -71.07392067913119, -71.09092902962739, -71.04979421890415, -71.06973916222219, -71.0901685472442, -71.08004346700902, -71.0423495319427, -71.04161444447202, -71.06395626337152, -71.07601514799372, -71.04111201325588, -71.0668151995732, -71.05020370077636, -71.04366888213939, -71.04788745102131, -71.066424858041, -71.04715544026887, -71.05479788083613, -71.05661346103335, -71.09601740502855, -71.07945021595833, -71.03629058838493, -71.04380963556014, -71.04051399501456, -71.05916849681168, -71.07855500327196, -71.09117590348214, -71.07730697306079, -71.08955478874798, -71.08005344129063, -71.03967131283639, -71.05707932745537, -71.07835933784541, -71.06218690035476, -71.092862931984, -71.03980467059472, -71.05310276960778, -71.08253102652145, -71.0530604717389, -71.05331253143368, -71.06354987036804, -71.07059978099326, -71.07477601942254, -71.07500535856039, -71.08793371966225, -71.03785857028821, -71.07002117699221, -71.0424765069283, -71.08576274796248, -71.04177736655404, -71.06617369031049, -71.08884616754408, -71.06059390149947, -71.09462506902365, -71.08871948199526, -71.07318135956918, -71.0490817845352, -71.09497657832765, -71.05772653291852, -71.07797076776808, -71.0467180909009, -71.04807469732255, -71.05441441952618, -71.09026203314593, -71.09613871565722, -71.09467984841388, -71.07027670679095, -71.08349738993435, -71.06687718899461, -71.04079039049684, -71.09319305673499, -71.05053415668107, -71.0792958273711, -71.03936955075841, -71.05339657597419, -71.06009916433909, -71.08997495808474, -71.05235050429074, -71.0397550033783, -71.05512277850329, -71.09632017620169, -71.04778123234406, -71.07299212234949, -71.06887423518631, -71.07685812666541, -71.07056438206794, -71.04098199324399, -71.03829348309104, -71.04541944382727, -71.08244962333157, -71.0901705414335, -71.03779913231925, -71.08936583892866, -71.06889801852876, -71.09131564687591, -71.0659600336814, -71.0644186159271, -71.03907798930149, -71.03906778748507, -71.07378644818962, -71.07570483656487, -71.05793676735966, -71.04713268574838, -71.08653991622366, -71.07486431335782, -71.08898274650358, -71.07617041296567, -71.04881720031305, -71.04985317937104, -71.05696618761264, -71.05742111059453, -71.07498402911192, -71.0904424789666, -71.03970077991343, -71.04736231745669, -71.08995167986518, -71.06874025563219, -71.06175977579326, -71.08583269330342, -71.08095090885887, -71.04560657246552, -71.06800702395363, -71.05792399471905, -71.09447917790985, -71.04686182518914, -71.09518398667863, -71.06977225245929, -71.08786290634222, -71.04496892027134, -71.06470091034483, -71.05884088805247, -71.0499286676194, -71.09256797691137, -71.09012473383177, -71.072560698572, -71.06396417224343, -71.04487528838432, -71.09544959703435, -71.0572501943732, -71.07805183946368, -71.07676788162476, -71.08360567040879, -71.08355948875159, -71.06958640059052, -71.03969281424504, -71.09167661393704, -71.08572488881391, -71.09493023112316, -71.05876754109467, -71.04520460364886]], "boundary": [[42.37254696340025, 42.37254696340025, 42.32748043659975, 42.32748043659975, 42.37254696340025], [-71.0965513505094, -71.03577544949059, -71.03577544949059, -71.0965513505094, -71.0965513505094]]}