{
    "boundary": [
        [
            39.16456696340025, 
            39.16456696340025, 
            39.11950043659975, 
            39.11950043659975, 
            39.16456696340025
        ], 
        [
            -94.57393167855378, 
            -94.51601912144622, 
            -94.51601912144622, 
            -94.57393167855378, 
            -94.57393167855378
        ]
    ], 
    "center_point": [
        39.1420337, 
        -94.5449754
    ], 
    "distances_to_center": [
        2433.758889306151, 
        3192.3895238204627, 
        2874.580791532449, 
        1097.425242218715, 
        1237.3735293872883, 
        1671.7615014028975, 
        2795.198321049811, 
        1657.8173487877348, 
        2615.4741080826775, 
        1547.4133290397847, 
        1782.132521793191, 
        2521.0756453779977, 
        1657.4461825751246, 
        1311.7886251563411, 
        2362.4057738977485, 
        1542.0566393818578, 
        1122.8164028563783, 
        2022.8376331191153, 
        2985.245925556635, 
        2248.8023132697735, 
        1614.2299833637571, 
        1328.5584689608982, 
        3259.1963216028885, 
        2484.181856356686, 
        397.6761013749885, 
        984.3539383149572, 
        2607.9711233349517, 
        2348.963823261109, 
        2768.310189547197, 
        1997.1254161997551, 
        2401.5570099968445, 
        1180.71741931121, 
        3312.0056245800147, 
        2582.7069148576506, 
        1402.7464714481061, 
        1947.6238331189115, 
        3030.448751103979, 
        2185.442394799955, 
        1665.4472729846577, 
        1535.229616076263, 
        523.9488462196889, 
        1136.6739305750182, 
        2390.2748485462294, 
        2395.544320556702, 
        2329.4269588823704, 
        1981.172266585665, 
        2325.0510255423396, 
        2509.1476621764864, 
        2569.1898730388043, 
        1019.6683888944209, 
        1846.3860175788855, 
        2706.918127562401, 
        2339.0771198217744, 
        2148.135604389048, 
        1976.0598422846354, 
        2930.3884800748124, 
        2220.5660817926296, 
        1453.5976070457557, 
        3399.164712884765, 
        772.9698983617233, 
        2910.382584932639, 
        2403.9797312299115, 
        1751.6464466766356, 
        2355.9853635291756, 
        2135.3835807073083, 
        2402.992993577062, 
        257.6511503901916, 
        2742.9375305001327, 
        2573.7864749003083, 
        832.2997095718855, 
        2686.511988212747, 
        2788.423729869538, 
        1798.9623350744725, 
        2106.0772720796017, 
        1003.6916980238943, 
        2593.009598603749, 
        1620.9102660689684, 
        1301.200022773728, 
        1354.0219073843193, 
        2670.9860261717117, 
        1952.3292840732279, 
        1476.931286072552, 
        3047.550005235457, 
        1630.3524735733945, 
        2204.8548870895297, 
        2150.300228123558, 
        2780.5500222647283, 
        1816.9195247636485, 
        2323.249121748008, 
        2609.52801419053, 
        1010.934231929425, 
        2587.518822105308, 
        2382.4828269612117, 
        1493.6376671852918, 
        2200.3139174106286, 
        2036.5163332324112, 
        1054.467260992365, 
        1325.3155389661972, 
        3185.7950132236333, 
        510.5951535146074, 
        2493.672350020838, 
        2169.1411740242784, 
        2594.3518467032713, 
        756.2029425754388, 
        2608.2506996567495, 
        1190.2302506792012, 
        1601.4961899396317, 
        1935.4048167579974, 
        1975.1998374275433, 
        2213.9706531645606, 
        1958.6459925387767, 
        1127.8496355100592, 
        2649.777614319873, 
        1796.800589859321, 
        1781.9476976534456, 
        452.1285180416806, 
        1711.1571024958876, 
        1733.4103184613668, 
        605.2055135045601, 
        1262.6742501275223, 
        1618.9386430396032, 
        1927.9855027140347, 
        1678.0505231632878, 
        2642.5657104032603, 
        1083.152497179627, 
        442.435673347294, 
        1351.5197833587479, 
        1946.0403278607205, 
        2268.9426954855016, 
        2540.9752826184467, 
        1902.9547174499694, 
        3079.338436696448, 
        2209.9228545595474, 
        2976.543649946844, 
        2022.0234872343626, 
        2097.103498923542, 
        2036.2914806848717, 
        3084.715452491392, 
        708.4379705974226, 
        2414.949244633633, 
        1960.235314105659, 
        1918.4543077460555, 
        2493.8377041483186, 
        2490.854681592666, 
        1451.7394474119196, 
        2999.1081971645986, 
        2520.457453139335, 
        1459.9437702492971, 
        1361.034076326844, 
        276.3945459233062, 
        2483.15092827175, 
        2495.3815708228494, 
        757.9613011335143, 
        1829.5185110217622, 
        2355.127816449986, 
        2602.256475386422, 
        2464.1859739424212, 
        2619.178496411082, 
        1293.8011489584353, 
        1240.9468250757607, 
        1630.586571879583, 
        1688.1418216349582, 
        2807.910026132198, 
        2118.257829423372, 
        879.9998491365714, 
        1263.8022909630351
    ],