{"center_point": [39.1420337, -94.5449754], "sample_points": [[39.14930428209951, 39.14867872859908, 39.15686655169064, 39.15848308127169, 39.1472265842492, 39.138639755381845, 39.153822440999626, 39.15254002053885, 39.15113585134457, 39.13027425426498, 39.14261888436842, 39.15960756435785, 39.1378076337644, 39.14648736360206, 39.158224653153965, 39.150591051774306, 39.13433646958937, 39.14777149283237, 39.13116996149024, 39.149775850611576, 39.143623439198905, 39.133016920665234, 39.14392433724639, 39.12516998922147, 39.14533670468579, 39.14812815102151, 39.123048872249676, 39.14694711311082, 39.16304005676262, 39.12886725869998, 39.16037608886889, 39.13700633147689, 39.14874334103731, 39.140848812858465, 39.13446533754179, 39.13431843145714, 39.133862828515845, 39.14404188521312, 39.126408136989355, 39.153430470712784, 39.139543391722164, 39.136700064468236, 39.159019359594744, 39.14234981560328, 39.155226518862676, 39.14778884604087, 39.147995736186274, 39.160719936365425, 39.15018092462801, 39.15638204848469, 39.13706517291953, 39.13145482535589, 39.12783202063116, 39.13005955804826, 39.164498095700175, 39.1496948717144, 39.15419075083739, 39.13095944638905, 39.12897230961912, 39.12497532068257, 39.15373631395493, 39.1514548609721, 39.14696556091874, 39.15054808204572, 39.14819656624294, 39.163614437312916, 39.157517926677606, 39.141641430423235, 39.13693974806583, 39.162826727841484, 39.140197056389354, 39.133294732803954, 39.12470996432327, 39.15741371074847, 39.14664700252921, 39.12864782246301, 39.134734915119324, 39.121400164247966, 39.12781487750097, 39.15619656972417, 39.141271678708016, 39.16453289986146, 39.1537606537639, 39.15320663166497, 39.12085776610809, 39.162577305522525, 39.1257880306147, 39.1469632854572, 39.157981738498506, 39.13445061021751, 39.161080138588396, 39.14067150022444, 39.1552785583023, 39.124175244781284, 39.1453102743977, 39.13287024448939, 39.16024694730136, 39.15681560450712, 39.131178046521214, 39.15584632435718, 39.141440629984515, 39.15633206179679, 39.15411980265706, 39.163919447981904, 39.158503582049015, 39.12089222740065, 39.138971275927155, 39.13302656224649, 39.155489195631645, 39.13561640651128, 39.16053319178936, 39.14348746243089, 39.15350668238914, 39.12643213254734, 39.146284974766616, 39.13823763263048, 39.120168684382215, 39.13940104820701, 39.12366578553865, 39.15240553111579, 39.15255351331573, 39.13920985030997, 39.15560937709729, 39.131258524368874, 39.12187618409525, 39.15656753772777, 39.15470337289737, 39.12122464601245, 39.128775986642914, 39.1430946719641, 39.13870375940595, 39.13507507258885, 39.15015770334358, 39.126208749799325, 39.13538675214487, 39.13207836443906, 39.15996774561055, 39.131646942045954, 39.14670114022094, 39.14059482024317, 39.15278811272084, 39.1266452251153, 39.158548477142986, 39.134818187492925, 39.121299981967226, 39.13520602118661, 39.12393525134027, 39.13207735692467, 39.120264219908414, 39.13928696303067, 39.12691417003974, 39.12824558280129, 39.13222118446785, 39.14936509002396, 39.13542722749222, 39.123163668995865, 39.13014128067815, 39.15969346646015, 39.16343580651301, 39.16257684377948, 39.137390647369955, 39.14752829330401, 39.11984433631946, 39.130390418665854, 39.12147512022416, 39.14363950110881], [-94.53227820253542, -94.53745017473024, -94.55772766554685, -94.53310388687642, -94.56801075483925, -94.53202582750653, -94.56238836447832, -94.56226778643004, -94.52083416288406, -94.51988543930426, -94.55240126770373, -94.52871236268133, -94.52633385017953, -94.52294909075809, -94.55152482731356, -94.53274298313032, -94.55257892353123, -94.55082362693892, -94.51914822955933, -94.51979739450458, -94.55868732946772, -94.56591724523413, -94.54415338247262, -94.52128439102357, -94.5211010660825, -94.55997857002733, -94.53891746084658, -94.52725274502167, -94.5203259803109, -94.52046901791523, -94.53467757265194, -94.5185589974093, -94.55320720355813, -94.51640684216144, -94.56547361480396, -94.54667914329843, -94.54963305002138, -94.5225736709657, -94.54807506709618, -94.53121250475861, -94.5241486808653, -94.56547063815783, -94.53990491709698, -94.52635479578885, -94.53930157062919, -94.55680861895752, -94.54059533736644, -94.56121884786758, -94.57038874559218, -94.54277200693329, -94.53167122972805, -94.56901890268053, -94.56129313028012, -94.57062740430209, -94.5656683245029, -94.53851314824048, -94.55159603298932, -94.56455280240522, -94.56033792972362, -94.56780958286375, -94.53981290594317, -94.5480809642925, -94.53934694660052, -94.55232167819797, -94.52700640067903, -94.55158724041857, -94.56404766300024, -94.52373222821865, -94.56999950691312, -94.53046005557297, -94.54356583725288, -94.52840440416071, -94.56721128332072, -94.54094102923327, -94.56606539392325, -94.54013988723722, -94.53506255073425, -94.5374907169959, -94.53294224187975, -94.54542819261981, -94.53198755821809, -94.56201352973729, -94.53235009600245, -94.55095097076634, -94.54941658251067, -94.56784369262351, -94.55493471991262, -94.52576781008217, -94.51810078597346, -94.55563783723736, -94.55639772036905, -94.51686293936737, -94.54898810083112, -94.55300001006609, -94.53703698313574, -94.52893463566495, -94.5433017876337, -94.54985239832504, -94.52159554718011, -94.545404244306, -94.55636424467217, -94.55539005830028, -94.52673545037747, -94.55760717347448, -94.52701944715402, -94.5539787651309, -94.56552296445162, -94.56022089489163, -94.53877942864948, -94.55960917793672, -94.54052342537354, -94.5171493849405, -94.54662998245037, -94.54542464427651, -94.53164375465059, -94.53686785195234, -94.54820908233745, -94.52755022706502, -94.54624857308033, -94.56721249750696, -94.54929348602127, -94.5541824901733, -94.53114248918453, -94.52377969387013, -94.52579044999408, -94.5294277653505, -94.52976002426162, -94.520168729976, -94.56043565765168, -94.55263221368348, -94.52950167310323, -94.55976608772735, -94.54712460004315, -94.53006250788705, -94.5591015612532, -94.57323281363976, -94.5254938362978, -94.56396059425805, -94.53992969474197, -94.5239681321077, -94.52530830168239, -94.5399467781172, -94.52204237684889, -94.53166817054321, -94.51618033385597, -94.52491331954782, -94.5525605889334, -94.56028239669283, -94.55001266495553, -94.53138910176575, -94.57132801582266, -94.52256368167596, -94.53719040814818, -94.55568112113706, -94.52854483784049, -94.51661848905913, -94.55783982847369, -94.56880182503964, -94.52264052786694, -94.54153227108407, -94.55401152764559, -94.5556542063154, -94.54810227161653, -94.52431624290476, -94.5524824753243, -94.54538642266947]], "boundary": [[39.16456696340025, 39.16456696340025, 39.11950043659975, 39.11950043659975, 39.16456696340025], [-94.57393167855378, -94.51601912144622, -94.51601912144622, -94.57393167855378, -94.57393167855378]]}