{"center_point": [39.1420337, -94.5449754], "sample_points": [[39.160547636254314, -94.55254489427529], [39.141735790854916, -94.52316500805944], [39.12247738809639, -94.52572271012465], [39.12929874263534, -94.55538733151289], [39.141994828098554, -94.53116165521004], [39.1582319327114, -94.54474417837994], [39.14795167079408, -94.56438512217764], [39.14101068175225, -94.54426307112723], [39.12738313465402, -94.5321379368075], [39.14217616117918, -94.53847336481378], [39.13775852188227, -94.53495370043723], [39.158613522193825, -94.51870684636054], [39.12314166194845, -94.52301226182072], [39.15879725687728, -94.56483717790493], [39.14966635303292, -94.56700627481253], [39.15439290202797, -94.5365907002068], [39.13504523700037, -94.561316567382], [39.135150916463054, -94.53345335125097], [39.161099026981425, -94.57235922242153], [39.15516751540641, -94.52128872098722], [39.12127550510078, -94.54936571013211], [39.16193740119618, -94.51927128820877], [39.138240092482825, -94.53852870630132], [39.14295504000762, -94.54370651483016], [39.13681429173301, -94.5351910248277], [39.13684264353403, -94.52120421414457], [39.12172356532022, -94.53227421164087], [39.152084365671456, -94.56249767242093], [39.13870398932285, -94.54119036005908], [39.133880924670386, -94.52828816883196], [39.16416839981731, -94.52195376466491], [39.15002087109095, -94.55149181461323], [39.16434797108734, -94.54948563228444], [39.15596835851016, -94.52540267463449], [39.140758874886345, -94.5444972574905], [39.133344901516075, -94.52772700241557], [39.13043990198007, -94.55500152548252], [39.136621800198334, -94.5302776834188], [39.140071177017504, -94.51688767500502], [39.13407463457667, -94.54579751893084], [39.14775029191841, -94.5426017027894], [39.132921366060245, -94.527110915762], [39.1214491260177, -94.54766178049931], [39.13689120443854, -94.52776861039972], [39.15436070873396, -94.56792839003845], [39.145423176246766, -94.5675773280065], [39.136499331267814, -94.53266350885426], [39.14477338012653, -94.52721640825673], [39.15961906793713, -94.53795641333036], [39.13189495496465, -94.56189732956165], [39.15135010798379, -94.53564127514504], [39.16252624257835, -94.56062526932772], [39.12376922439483, -94.52334978400124], [39.12959548812702, -94.57305673560619], [39.16433054806457, -94.5558851852672], [39.14929845160825, -94.55259710326963], [39.158659168449596, -94.55636157725642], [39.124006013400724, -94.5309713323406], [39.15679963483794, -94.54155081684533], [39.141753855106856, -94.51834455440213], [39.12252499189935, -94.51838569163725], [39.13362078118576, -94.51797792671731], [39.16018927796931, -94.52807449184198], [39.15232063914502, -94.5199738434877], [39.16164469095396, -94.56347052306009], [39.12276244091751, -94.5463357901349], [39.13969300250997, -94.57228223984572], [39.145980028880444, -94.52657304204695], [39.13967755225622, -94.52671547396439], [39.14911202213042, -94.52378335560569], [39.154602026473675, -94.51776936634461], [39.1389623504882, -94.56909000706487], [39.14172637366512, -94.55945568785553], [39.13943612037533, -94.53473591677391], [39.15087970801488, -94.53339496735221], [39.15227674731781, -94.54802355406602], [39.14862183165033, -94.52241750756006], [39.160236672630305, -94.5708121762773], [39.12944908325382, -94.52250706176744], [39.161685301148864, -94.53172355312128], [39.12258991084351, -94.5705629122898], [39.16040791355545, -94.53220884934987], [39.1364313513159, -94.5369111299151], [39.15606485370432, -94.54415909478904], [39.16241961438085, -94.54690361590005], [39.123486371063024, -94.53825911348459], [39.16317332396552, -94.539449076287], [39.14298647220551, -94.55036471213108], [39.16428036348836, -94.53029237487216], [39.140696664359126, -94.5708062258549], [39.12769400716819, -94.5579798332025], [39.12504366623578, -94.52742844207347], [39.129243277591705, -94.55548745752623], [39.127349365934315, -94.55813624134795], [39.13952852244564, -94.55365355442578], [39.14569670179499, -94.55209232574975], [39.12842983120405, -94.55446052408973], [39.13110782315132, -94.54497899252738], [39.14776552339291, -94.51641461958036], [39.16387274743651, -94.53815096649573], [39.16168824316233, -94.5610749365742], [39.14424741279146, -94.52482065351106], [39.13130702425096, -94.52649314158415], [39.1431996566565, -94.56087094424691], [39.157396956204096, -94.57257287692785], [39.14175468758508, -94.57199124447632], [39.15262257476074, -94.56948849872738], [39.129052523378675, -94.5366667970635], [39.12024205030341, -94.57194960360168], [39.132647854567054, -94.54083325357811], [39.158049972679216, -94.55213669802042], [39.15022189962191, -94.52012666779841], [39.143546747423024, -94.55653096750943], [39.133495464989764, -94.5325682109047], [39.14529376507588, -94.57262925573909], [39.1635612909325, -94.51773812429974], [39.13776865373556, -94.53571541379438], [39.1463917503695, -94.52382416812868], [39.16274669361377, -94.52811790219161], [39.138090126773655, -94.52069007043228], [39.161626961952486, -94.5462697683868], [39.16212979082409, -94.57002379888335], [39.15046046360975, -94.52987795924908], [39.150752757798905, -94.53181211655944], [39.12378391396149, -94.5526031524496], [39.145147182551284, -94.53868799536178], [39.149555925242936, -94.5478798626298], [39.14555632450988, -94.55726971253068], [39.164086674627136, -94.5353063345346], [39.12781845402162, -94.53599468520251], [39.12456558465112, -94.5291485716597], [39.13749235903407, -94.55510719492324], [39.15909259049016, -94.55818057257235], [39.16032239879017, -94.5658763549605], [39.14134434576221, -94.5540900142553], [39.143616924755825, -94.53101521149762], [39.148471594105075, -94.57347450101813], [39.12371173495014, -94.54306698403566], [39.16253734876897, -94.53451566640483], [39.12625376742257, -94.55662252134807], [39.12701511071198, -94.54981854243636], [39.152450324335135, -94.5299088109641], [39.13882314797079, -94.5458010885319], [39.13746818195244, -94.53006264474025], [39.14748126543654, -94.51775209219306], [39.13138982875066, -94.51663073270254], [39.152334354613295, -94.53318635998731], [39.12364659119156, -94.55421264934084], [39.14760843892829, -94.54451860454377], [39.1311508993748, -94.54146923530416], [39.14018930728092, -94.5236766429388], [39.144842691670775, -94.52384614424544], [39.12266604398418, -94.5268731699777], [39.13241065298799, -94.56035936509302], [39.12004096115842, -94.5574737437076], [39.127242646597985, -94.53363325050698], [39.164370209089, -94.56970980376133], [39.14478247382574, -94.54306162181854], [39.1209373322051, -94.5733171542591], [39.14560804045158, -94.52538444589065], [39.14875564692101, -94.55540842801109], [39.15696291112072, -94.5237900686964], [39.15451542092719, -94.51830190269841], [39.126559049002935, -94.53747707877534], [39.12637202162567, -94.56728413205215], [39.150858316953766, -94.56943833834357]], "boundary": [[39.16456696340025, 39.16456696340025, 39.11950043659975, 39.11950043659975, 39.16456696340025], [-94.57393167855378, -94.51601912144622, -94.51601912144622, -94.57393167855378, -94.57393167855378]],