{"center_point": [37.197262, -93.2767045], "sample_points": [[37.19678318297732, -93.29075849928448], [37.17597108883426, -93.2881729201635], [37.185206150080866, -93.26008650720757], [37.18966402455826, -93.25450827272981], [37.17663137386214, -93.2937346874403], [37.17724075497297, -93.29535799787713], [37.177980128030434, -93.27786061820476], [37.216294967361, -93.2706934671822], [37.20738586495832, -93.26225692838503], [37.20638169712566, -93.3041361963239], [37.20424004806161, -93.26528643963178], [37.21334688013738, -93.25919156230239], [37.21644510041911, -93.29213512003187], [37.20045124477647, -93.28717025732077], [37.177954354373036, -93.2661362956116], [37.204983111549566, -93.26140987748255], [37.201596122876374, -93.26429998582886], [37.20275067874296, -93.29515116463615], [37.191134950165264, -93.24863743804404], [37.20183945265596, -93.2755127491398], [37.17832733872784, -93.27315711846447], [37.20375238106391, -93.24985001335541], [37.19294134447988, -93.28990899546379], [37.20364044155623, -93.27301080750635], [37.19812132412277, -93.30380734610821], [37.21616677500504, -93.26245946963643], [37.21301621499542, -93.2522379830037], [37.18366924380314, -93.29484537264597], [37.216958588280335, -93.26909642575686], [37.18322659339042, -93.26572904132374], [37.18250654865089, -93.25929042494126], [37.21403438214605, -93.2948235912314], [37.19390073943379, -93.2800225132499], [37.197694984157515, -93.25220227434647], [37.19795723118617, -93.24956275978099], [37.202604832127825, -93.28562452614369], [37.21382683695158, -93.29952236526138], [37.19539974596084, -93.27576930002392], [37.21914197879487, -93.30114052912413], [37.20871925933291, -93.2570001692874], [37.21704687336799, -93.27961792811385], [37.18167298118766, -93.25745674441535], [37.19526128387799, -93.26633652563761], [37.19968291648694, -93.28284168738158], [37.194900180785545, -93.27957677995568], [37.2070009304452, -93.28359003921109], [37.209791313985015, -93.26027549311888], [37.19330279825096, -93.2999894828677], [37.19091732195875, -93.2755265418218], [37.21610614795196, -93.26099267443449], [37.19683520180719, -93.25250753746357], [37.18327849557044, -93.2769401039837], [37.1917997654922, -93.28638760698125], [37.196002209213, -93.3021605746324], [37.1788816011541, -93.27609634142974], [37.21632225481511, -93.26765449322663], [37.20519452324774, -93.26183958267148], [37.18243152577151, -93.29089268352973], [37.20900312354096, -93.26060174631242], [37.18564001058515, -93.30468501738818], [37.175080329525414, -93.2538676143655], [37.18837282802749, -93.25399667796685], [37.21677933143974, -93.27506528401086], [37.2075073620122, -93.2926971542977], [37.21322130024641, -93.27908239706811], [37.20831202812806, -93.30254024889537], [37.17889168037215, -93.28322664008523], [37.17774095729163, -93.27327730135474], [37.19317205387174, -93.28842350438927], [37.19254955791017, -93.30012451866244], [37.216569827642694, -93.25397746939537], [37.197629700038554, -93.25950967182033], [37.18465116597559, -93.29364840841926], [37.20358153611263, -93.2968768283832], [37.18604742723106, -93.27758985458422], [37.21807905937553, -93.2681623448511], [37.20970661240156, -93.2786640841463], [37.19274482755318, -93.2896059686029], [37.198284436341886, -93.26228959519148], [37.18160935460209, -93.28314556783536], [37.194601097668226, -93.28158231605133], [37.179235712077805, -93.24903953085426], [37.208944111291984, -93.2606878346972], [37.175695624935685, -93.29035733293225], [37.189654499783416, -93.24983887824743], [37.178026367683316, -93.27695955808673], [37.20889787253122, -93.25502444180061], [37.205098591122066, -93.27935277786591], [37.194576779270534, -93.2676699943994], [37.20850653569803, -93.28980130373927], [37.19761447571879, -93.26139966832092], [37.17993652622408, -93.2594689573614], [37.17719653363906, -93.27969542324458], [37.207970748559376, -93.26008548945221], [37.18649579455652, -93.29930296872507], [37.1793234593284, -93.27542718651814], [37.20599024347443, -93.29251318173245], [37.196185051684225, -93.25733485870302], [37.18158906395863, -93.28936981013392], [37.20702588857553, -93.26136775603048], [37.18256185983908, -93.29624985864406], [37.20658669238158, -93.26419320575248], [37.2073868782805, -93.2544619645847], [37.19916437208274, -93.26223749426246], [37.21254304813476, -93.27498689163488], [37.21857740175629, -93.28251800885377], [37.184053062439624, -93.26678541445338], [37.20313266987347, -93.27037377460192], [37.201388599481994, -93.25379780700594], [37.188995693918834, -93.29218512204429], [37.17595905542208, -93.29482231265656], [37.17841778614915, -93.28539565511763], [37.17795011295093, -93.26104955717337], [37.20501063296685, -93.2687293236138], [37.197446402687106, -93.29786416355711], [37.180016641107876, -93.26785689112538], [37.200722327171206, -93.24856608818142], [37.18830597844793, -93.28449833990386], [37.2084987803732, -93.30116644777618], [37.18812544008051, -93.253082162884], [37.2121778687171, -93.28611848339682], [37.19755304195379, -93.26505909339504], [37.19353812134304, -93.25795479953717], [37.19900235037684, -93.24926852822226], [37.21429513889912, -93.26924867817577], [37.17557597852446, -93.26065071564004], [37.219401785584544, -93.27816375923668], [37.214242804800385, -93.26311969642222], [37.193085377684106, -93.25934899574082], [37.20467468467333, -93.25870522306369], [37.20984773663898, -93.29593684005845], [37.19279193476619, -93.27619614469383], [37.18308097198173, -93.25206674243357], [37.1825566419409, -93.26238288785774], [37.20390907294732, -93.30149747273622], [37.215978851679715, -93.29739059594885], [37.18127396972195, -93.2632708675994], [37.176184451493945, -93.30351398236932], [37.1975009276332, -93.29124487589108], [37.20047910166788, -93.30384154372268], [37.18652416528808, -93.28539636547156], [37.184548895472325, -93.29405144470633], [37.215123257535595, -93.28860191344653], [37.178263103659674, -93.29174423094307], [37.19266509238112, -93.25697894045699], [37.19261956112694, -93.30395499410773], [37.19137871460932, -93.2703315896554], [37.19748697251669, -93.25032484657693], [37.217939635698905, -93.26328516301403], [37.17557140316577, -93.25103126141806], [37.17860204411563, -93.28834991024888], [37.206267545033796, -93.25065050261014], [37.18055799952622, -93.27691202674117], [37.19401596623656, -93.26229089542532], [37.19390281552327, -93.24878847288], [37.20775755175045, -93.30027646892881], [37.21672598409593, -93.30056431099024], [37.21746081803803, -93.2825535747501], [37.213313876859615, -93.30342616412098], [37.193049605806294, -93.25585610440638], [37.20608662956669, -93.29408938463688], [37.20105248548022, -93.27264257684392], [37.17788522822466, -93.29352470174804], [37.205802378415115, -93.29302143996071], [37.1883735449407, -93.28351580217243], [37.186564273493005, -93.27554677669805]], "boundary": [[37.21979526340025, 37.21979526340025, 37.174728736599754, 37.174728736599754, 37.21979526340025], [-93.30489829074727, -93.2485107092527, -93.2485107092527, -93.30489829074727, -93.30489829074727]],