{"center_point": [37.197262, -93.2767045], "sample_points": [[37.19037970169981, 37.20886520584935, 37.18375564650242, 37.1857088916953, 37.19401393470595, 37.191013874568206, 37.21104528057476, 37.19884695727016, 37.18790539885295, 37.20002261455302, 37.17483982563285, 37.20081927594439, 37.200429177865296, 37.21542347343217, 37.18097693187581, 37.17679453166579, 37.185329827396046, 37.20232547432808, 37.21137182713835, 37.20096185634481, 37.19325619305964, 37.19959458871304, 37.17556252959099, 37.20844911174014, 37.186232538415375, 37.19228059639093, 37.204679633066824, 37.19018971226158, 37.198761118308575, 37.200651496571915, 37.18669760132022, 37.19060336379448, 37.183341869794305, 37.2023555127966, 37.20327458539698, 37.1893183715202, 37.21394985183268, 37.18004340106075, 37.17485725162946, 37.18500282747278, 37.18932602139156, 37.21955264404397, 37.19884013480138, 37.188535064927684, 37.184550366955776, 37.176177672110114, 37.20413750722282, 37.198328959881096, 37.203344763523916, 37.21818214888966, 37.2088860970129, 37.20445617471667, 37.21129019588713, 37.21940805709662, 37.18704600816493, 37.181867736548476, 37.17793361213645, 37.204279185523596, 37.21558977144723, 37.19098752731458, 37.18688667960268, 37.20971103282209, 37.19411598903736, 37.20952648042246, 37.181854191125, 37.20784595118348, 37.177444191836734, 37.184420314765084, 37.19267822588533, 37.179760278383355, 37.21123199561156, 37.193662645526715, 37.213038847076966, 37.20110207344814, 37.21778982603214, 37.2047010679489, 37.1748070463099, 37.20052847779997, 37.21536939205069, 37.19838831923599, 37.19002523710681, 37.19727149635426, 37.18722726621287, 37.1847531715453, 37.1933876324488, 37.17567004424127, 37.20837451957689, 37.21470720057814, 37.20674629488745, 37.19864466458953, 37.213483632145014, 37.209282269092256, 37.1889237543819, 37.180884738754436, 37.209413201789076, 37.20050167598812, 37.18168006993106, 37.18891517403773, 37.20928847371783, 37.194583272587735, 37.202015615081685, 37.18110449869136, 37.20251557795349, 37.20292392069905, 37.219157233591304, 37.2130040893287, 37.17568942293066, 37.175912480585374, 37.177085617119396, 37.181771520491125, 37.194304302502104, 37.181730045799085, 37.17854510593357, 37.19281681826834, 37.208884934198295, 37.21517901168596, 37.18617202476932, 37.17927583559317, 37.218378034963735, 37.19218445256839, 37.18222756891987, 37.21514370793688, 37.20621292022757, 37.21827374172964, 37.19432443728896, 37.20222428298728, 37.217271438397574, 37.210672379067006, 37.19046025488313, 37.21105564738497, 37.190053889855804, 37.18571865432564, 37.18188424812968, 37.191665863997834, 37.18671537964588, 37.19089992283846, 37.2063492086102, 37.19630107688374, 37.21482004004, 37.215629399809686, 37.198411154704814, 37.21205767238801, 37.21423745938402, 37.21730421629575, 37.18522528261896, 37.18504859459185, 37.21754184879339, 37.185361432128694, 37.187762400521656, 37.2010719730631, 37.19428562864132, 37.1969117683833, 37.19276793170062, 37.17965012559603, 37.215040904201906, 37.202217731078605, 37.21504114665159, 37.17978245540795, 37.19440791064836, 37.186136876620246, 37.178705324506645, 37.20768870628506, 37.2053877507985, 37.181405507542834, 37.19737217347303, 37.219095208519676], [-93.25887659470312, -93.2916889542919, -93.29616687885805, -93.25821728039784, -93.30010778418838, -93.29242082362241, -93.29059449153263, -93.24908063748916, -93.28024699973746, -93.25211304804102, -93.2622609012376, -93.29353259389053, -93.25350855580456, -93.26394069312092, -93.28906598022235, -93.29855235974692, -93.28677262695065, -93.26352248601577, -93.29320395133267, -93.25035179022555, -93.27856081589206, -93.25763737906036, -93.27835922949782, -93.29963389594445, -93.29340327849721, -93.28739466279218, -93.27734762735558, -93.26788055778265, -93.2500740992581, -93.25936520247042, -93.26820897868286, -93.27556025778507, -93.29883962021722, -93.25898141242982, -93.27827846290441, -93.2500709654227, -93.2808606335062, -93.29020414705165, -93.25159800048108, -93.28960248410522, -93.2838786625367, -93.30480452429303, -93.27797629655107, -93.27880487603797, -93.30455196330546, -93.28771243240301, -93.25453393497722, -93.26912057443435, -93.28740532666288, -93.25918919479807, -93.27743328897269, -93.2566524835729, -93.25461380450658, -93.2604878514749, -93.27061028403963, -93.27171828458148, -93.29005433653595, -93.27967581527724, -93.28897090583418, -93.26784697104749, -93.25400286707064, -93.26181220218155, -93.2711308511276, -93.28868031633169, -93.26122593569933, -93.26593236612896, -93.26325412170536, -93.26577762263103, -93.26976640353438, -93.25264440963967, -93.26130320921328, -93.26192914645362, -93.29164764632374, -93.25865443109595, -93.25784605607954, -93.28839478231907, -93.26057324250505, -93.25437953237825, -93.29717698050264, -93.2996039960231, -93.29432877071967, -93.25961385249686, -93.2501253943111, -93.27074700987008, -93.27268314198928, -93.28128760154867, -93.28365912560062, -93.24974514491862, -93.30280215265962, -93.28773494389262, -93.28583338998553, -93.25501538427963, -93.29497243935174, -93.27936157943533, -93.25676399774888, -93.26249993661921, -93.24949534557145, -93.27601017123514, -93.26303576781642, -93.26444426693602, -93.27853438211854, -93.26526175823493, -93.25599357395024, -93.29293428858497, -93.28654204291456, -93.26913306985405, -93.26945117340644, -93.26909808278441, -93.28860625870921, -93.27221554870506, -93.29139288364271, -93.2535766307139, -93.26090536125207, -93.26320601753952, -93.26615140201665, -93.26025556292569, -93.2983146075914, -93.30180140644545, -93.30088333918452, -93.26706350658692, -93.25243073968743, -93.2870939848187, -93.29647355856625, -93.25841846937615, -93.29178599453407, -93.30025041601974, -93.28669944525986, -93.29216995162507, -93.30087897684957, -93.27862408558507, -93.30251303424255, -93.27337028931747, -93.27573824080424, -93.30288359367651, -93.25535730547807, -93.25102263733838, -93.28775007307229, -93.2713314582112, -93.29137879304857, -93.2651792866475, -93.26989137886288, -93.27559981475709, -93.26480432003324, -93.29688349712477, -93.28182776637902, -93.27770478854912, -93.27356417426644, -93.26948868357997, -93.28164546442201, -93.25581815218831, -93.30133310763958, -93.28023845421924, -93.2646111956442, -93.25713673153123, -93.27042424186041, -93.27636726283471, -93.27917654383207, -93.29785903010732, -93.26208028247122, -93.24928943167015, -93.30002983145289, -93.25501510499629, -93.27799451307094, -93.29480452816681, -93.29290422487576, -93.28963520563549]], "boundary": [[37.21979526340025, 37.21979526340025, 37.174728736599754, 37.174728736599754, 37.21979526340025], [-93.30489829074727, -93.2485107092527, -93.2485107092527, -93.30489829074727, -93.30489829074727]]}