{"center_point": [35.1625772, -114.5781983], "sample_points": [[35.15730434884607, -114.57480471734415], [35.14529165565363, -114.59867478584721], [35.16491611856576, -114.57022435145684], [35.147360960796924, -114.59409025410959], [35.16161983473669, -114.5728351277338], [35.18038505331804, -114.59584694710269], [35.173626336518076, -114.56710340291185], [35.16196190559181, -114.55079012213413], [35.16410385056574, -114.57309565382215], [35.1514749898184, -114.60313516489857], [35.17992030823114, -114.57936738484788], [35.16109651751851, -114.6048554219304], [35.157706822102284, -114.56241642839112], [35.157384449568475, -114.5863314246994], [35.18351828969259, -114.58850291706744], [35.158889685789624, -114.60077051710229], [35.157171581888306, -114.58652907681612], [35.15021325177987, -114.59742132810884], [35.16772857188539, -114.55112305875173], [35.17879760781177, -114.57598199597098], [35.14198605058201, -114.57755892282665], [35.16109029461404, -114.58415764996693], [35.17290700569614, -114.56646222601542], [35.1554279588483, -114.56934948201318], [35.15653388327723, -114.58462724916106], [35.14614263558118, -114.55187459364349], [35.142728500691064, -114.58048923041355], [35.157362566392784, -114.58922149531044], [35.17113310951438, -114.5911515619479], [35.17664989865115, -114.55978949974914], [35.18280554525071, -114.60454725096673], [35.170238722937846, -114.58667342356836], [35.184782144825675, -114.60265696557772], [35.17561325066192, -114.59403407653112], [35.1671038247968, -114.57740640867807], [35.169879585349705, -114.57017959422316], [35.140402241387996, -114.56891869568315], [35.14625685097256, -114.55857037303817], [35.17329714467484, -114.56250090624624], [35.16732023189866, -114.5974442146953], [35.17515126268558, -114.55206324508481], [35.17573456423218, -114.56491627436243], [35.176604968324554, -114.57550894608931], [35.172428681463416, -114.55931787437598], [35.159918764606346, -114.58723804703813], [35.17164906587936, -114.57844122742], [35.158466910076335, -114.60429179691099], [35.15453348869713, -114.58692658078328], [35.147522606029405, -114.60427076897723], [35.17234388461957, -114.55898248474848], [35.18268881404716, -114.55968144759714], [35.1697585430608, -114.58156479778404], [35.15731243515833, -114.59133942498156], [35.149977612730495, -114.58132683383559], [35.166656933180754, -114.5615433209661], [35.14117728936612, -114.59739636778114], [35.16305473859036, -114.56818854453662], [35.18415984173746, -114.56483310376193], [35.17138869564195, -114.55684926817673], [35.182226652809426, -114.58794321821479], [35.16293410916646, -114.56224750744538], [35.158536808419434, -114.58610918045703], [35.16248242411281, -114.60244458089068], [35.16515840536469, -114.56080659113978], [35.16063289619436, -114.57699214960523], [35.150353214168476, -114.56972108728472], [35.15401456438722, -114.5561585896884], [35.16817533621165, -114.5582627059957], [35.17713318373923, -114.57848728711676], [35.14241657801103, -114.55407532540796], [35.18424155863093, -114.56095429924062], [35.1497483613864, -114.60021381654582], [35.1709106109941, -114.57162373231974], [35.153683264342156, -114.59648774268352], [35.18215263053164, -114.56746133656445], [35.1813874048657, -114.55548065529594], [35.16006932706243, -114.57307647962813], [35.15685064469964, -114.57029674986897], [35.15509947416688, -114.55883551128643], [35.16684191090044, -114.59848004876282], [35.15840336331414, -114.55286669147314], [35.17316772962828, -114.58835038230765], [35.167286578520645, -114.56299773568519], [35.14260308537588, -114.59596728321773], [35.17810823181981, -114.55920018341209], [35.1480747649228, -114.57957860457978], [35.170204336651686, -114.57646338490716], [35.16205733059507, -114.59929736730281], [35.16362247226747, -114.58603484880186], [35.174056195494714, -114.57162167613231], [35.14624326491467, -114.6010767279268], [35.14108537259435, -114.60276228631766], [35.18264829252069, -114.60326125565878], [35.15952591866656, -114.60363354988692], [35.175870530704934, -114.60442473669782], [35.16966863536444, -114.5541226610256], [35.15183471058248, -114.56336865713043], [35.14124969712991, -114.56145896179953], [35.15050364038463, -114.58951462428777], [35.17005711141419, -114.5809118226084], [35.14288513305278, -114.58924541536125], [35.16008023096233, -114.5797711253387], [35.15846428650214, -114.56676251376994], [35.1770251313119, -114.5900062720934], [35.16632127933029, -114.5510230079271], [35.17403794896348, -114.56029094381113], [35.166187905860916, -114.5958585766235], [35.16641517578024, -114.56579076403108], [35.15375308266231, -114.5835948674263], [35.14140120092566, -114.56202397917203], [35.174452610461586, -114.57823085496646], [35.149269507711985, -114.56093726954518], [35.14552027416184, -114.57190215505669], [35.14757473365483, -114.58602658136454], [35.18434685216731, -114.58593785477579], [35.167661494670696, -114.59967446316925], [35.140483891055275, -114.55927500035544], [35.16568110716319, -114.56565844606226], [35.17536851964978, -114.59786858846145], [35.16693957976687, -114.60564358130827], [35.14899302725011, -114.60106878811742], [35.17081294740469, -114.55148189192744], [35.17459281492314, -114.5876022468805], [35.169419368528665, -114.57662283182694], [35.17171657343002, -114.58246669863057], [35.16554674769221, -114.60341937900728], [35.146023742890804, -114.59678640636152], [35.18494061278981, -114.56518463765298], [35.17117839815181, -114.5758209525887], [35.175584911247974, -114.57326780322379], [35.16677465265796, -114.55664041662357], [35.15100965689787, -114.55132775144175], [35.14781141465929, -114.5942441880479], [35.17595954501745, -114.56183160498142], [35.15368566692808, -114.56637626017016], [35.18408551406439, -114.6032860171993], [35.172082027977844, -114.5576986467285], [35.14989127359866, -114.59051429599103], [35.1801984990711, -114.58809944997505], [35.16090782614949, -114.55579117167949], [35.141532531106975, -114.57176277509339], [35.17350492182457, -114.57297631881765], [35.16075338432617, -114.57982489254448], [35.15508924057377, -114.55127830667469], [35.18059747845176, -114.5605466036161], [35.17285901937181, -114.56113029577764], [35.14060929727787, -114.56294894800821], [35.14188561109232, -114.57765385686267], [35.18286127742516, -114.60291819452803], [35.14707172795746, -114.59190465095008], [35.16391947540209, -114.57715185532423], [35.15856127774503, -114.56741357178086], [35.141951872884334, -114.58209371571154], [35.14410902322875, -114.56503507328335], [35.142947699713254, -114.57558808591875], [35.16539632260174, -114.5567149470504], [35.18284688579586, -114.57610385515757], [35.17316616202026, -114.5804007755614], [35.143132125955354, -114.56255991889026], [35.141888328398856, -114.57886154885641], [35.16636556542159, -114.5617204610509], [35.16857689383143, -114.57312590518895], [35.151489572530664, -114.56856001551213], [35.169691057313365, -114.56426791693228], [35.141870027990606, -114.5627083582767], [35.171461687049785, -114.58763637319825]], "boundary": [[35.18511046340025, 35.18511046340025, 35.14004393659975, 35.14004393659975, 35.18511046340025], [-114.60566916166775, -114.55072743833223, -114.55072743833223, -114.60566916166775, -114.60566916166775]],