{"center_point": [35.1625772, -114.5781983], "sample_points": [[35.16638671880349, 35.148115875347735, 35.1582950324301, 35.15492596114033, 35.14084933005613, 35.174015225656355, 35.15089736855467, 35.1838471317674, 35.167790511130505, 35.18193232727972, 35.15024335330985, 35.1607230836933, 35.161167524750304, 35.14801515103315, 35.181546810429246, 35.18384973701705, 35.17080589658055, 35.185096433633284, 35.17011314416359, 35.145159201780274, 35.17491576700069, 35.17989345434951, 35.17517056480988, 35.18033794745838, 35.14326267346713, 35.15485221094007, 35.150352470102646, 35.17617808443396, 35.16959868698267, 35.166722704674505, 35.15963687519057, 35.18283718085417, 35.17463111058421, 35.151621971774986, 35.169527232509616, 35.164100773160975, 35.15514377117586, 35.180582516421005, 35.15913309053968, 35.15198905965165, 35.18024519740667, 35.165933864755914, 35.17040925571414, 35.17600770171057, 35.16918043353144, 35.16107501656498, 35.1535578125894, 35.18413682648611, 35.16305110913868, 35.174409036523016, 35.160814291703645, 35.17637853375761, 35.17123780445411, 35.16482320679287, 35.15392558048706, 35.14841913910348, 35.17662969146083, 35.1425928440535, 35.17553825957256, 35.160775190466055, 35.146688183508886, 35.146097075459984, 35.14212670515188, 35.14869676474249, 35.159967726449466, 35.170288734050295, 35.18271643937093, 35.18474717699737, 35.148474169082945, 35.14733440264175, 35.15335969563485, 35.15078484812148, 35.14919958815259, 35.14110916910466, 35.14271075092733, 35.15828369097401, 35.155660857548355, 35.17626080576753, 35.16995989470092, 35.17672975879979, 35.16904016680985, 35.16124852383592, 35.16764019906356, 35.16395964190127, 35.177414908078376, 35.17062971980277, 35.154901785092854, 35.1566420260793, 35.146837995058554, 35.177148177416235, 35.18168352891799, 35.14346846503536, 35.178907249275525, 35.14010842390843, 35.1499297453927, 35.153877709236106, 35.14455408426398, 35.152668462771686, 35.18225279436587, 35.14841458077572, 35.15026364204296, 35.16367864377291, 35.14781977871559, 35.169646358257026, 35.18488025583752, 35.16757639035307, 35.161562252217834, 35.156559661462104, 35.15424956419858, 35.15113659770284, 35.15530706298258, 35.14596814888826, 35.16259153136401, 35.149353933905125, 35.17430579603989, 35.15420672124982, 35.161977727956994, 35.15801041307928, 35.15557295851081, 35.14009892490679, 35.15277891587928, 35.155686718401114, 35.180156061497506, 35.15431578066369, 35.16348206269415, 35.155029531060535, 35.17092709319106, 35.17615592415369, 35.15168342500273, 35.14775729310573, 35.17656298870862, 35.144991905768634, 35.146123488372254, 35.15004926411591, 35.15245132759032, 35.153142219736075, 35.156660539059914, 35.176806594299514, 35.15845282466725, 35.176037581076976, 35.16644440027369, 35.1751454044065, 35.17918989553722, 35.163823679642, 35.14375705601912, 35.18062621778418, 35.179378615886435, 35.146707414956786, 35.16416500424558, 35.16539780459246, 35.144593923795945, 35.17711393178285, 35.14670837909447, 35.143896651527406, 35.16495121600965, 35.175548660025896, 35.183726051269105, 35.15128082902793, 35.148736745403454, 35.14137513786949, 35.16019390628323, 35.162385158139855, 35.18450045913591, 35.14830578314201, 35.15341764834775, 35.1730597744886], [-114.56331913363243, -114.5936427649696, -114.56000261097189, -114.60070530923039, -114.6012680998123, -114.5518372508101, -114.56363026496908, -114.58136790779098, -114.57518602990166, -114.57228794817836, -114.55303701673286, -114.58985455240234, -114.58934167125327, -114.55721368822188, -114.57178721034926, -114.56693920443459, -114.58544030760122, -114.5611868666479, -114.59558959424423, -114.55477179250255, -114.58977513542084, -114.59277342657951, -114.55664117828711, -114.59139096952296, -114.55182800309697, -114.57137921455588, -114.57706988374555, -114.5676601952641, -114.56215320457008, -114.60328105357846, -114.60096070866777, -114.59411652943724, -114.5865507877646, -114.57492388947, -114.59821315390786, -114.56975812933149, -114.60097022622878, -114.58396241481641, -114.59339219111574, -114.59028488811354, -114.59754637298157, -114.55369713150692, -114.57645678485228, -114.59591618671658, -114.60244077577462, -114.56265848053135, -114.59792275737735, -114.60204820804448, -114.59828684981731, -114.58775216061531, -114.5936985323386, -114.5586890138026, -114.55953408361191, -114.58531961912364, -114.59130407691995, -114.59244214257092, -114.56153430525087, -114.55205822948469, -114.5735642914004, -114.5891069071189, -114.60206762103056, -114.60497883070971, -114.59866675815928, -114.60312493366814, -114.57281752818005, -114.58350017080916, -114.5772520410613, -114.56594636318559, -114.59239148815053, -114.58025389788949, -114.57665791930856, -114.55318413651337, -114.56485987398196, -114.58138709533942, -114.58466950770845, -114.57820804342201, -114.58560011697337, -114.59724625358082, -114.60373723420433, -114.58907285389283, -114.60219455263221, -114.56687892889973, -114.568665532516, -114.57466139417252, -114.56073441958796, -114.5860690961332, -114.57117984191937, -114.55999147171148, -114.59348247481282, -114.59895604065656, -114.60157898833982, -114.59862571187989, -114.56795009177873, -114.59556755106846, -114.5919075307258, -114.57514727202195, -114.57221038430721, -114.59701751610318, -114.59258510886015, -114.55201543691918, -114.5641691571112, -114.56145314208841, -114.59902011573386, -114.60333666433236, -114.58989057447846, -114.59145825618069, -114.5947200032852, -114.60348503799362, -114.55269245885195, -114.58200817893042, -114.5540621716845, -114.60370422002863, -114.55140372056846, -114.55575411646461, -114.56655245596016, -114.57810298891246, -114.55970968780433, -114.60320018554759, -114.56698906935195, -114.59968436307562, -114.60045429434163, -114.59916219336398, -114.58767646069887, -114.60191683361626, -114.55898148609339, -114.57115187402736, -114.58194505332936, -114.59734536119323, -114.60359703017389, -114.55557636780232, -114.5584124090563, -114.56967576477147, -114.5936380994228, -114.60324823119791, -114.59182536720066, -114.58024595629493, -114.58326197172737, -114.58638606329924, -114.5924097701213, -114.56890541018116, -114.59633332226662, -114.58981926895991, -114.59907892986853, -114.55334831361182, -114.5894816652323, -114.58610132573767, -114.55413914715488, -114.5878316248302, -114.56413761166635, -114.5666176034308, -114.59061646374023, -114.60228821904049, -114.60381590839755, -114.58849766714539, -114.5797883474842, -114.57684442010115, -114.56286984667956, -114.58008743233428, -114.55119400343459, -114.59115028905089, -114.59193943528402, -114.59302720956552, -114.60377720919473, -114.56587350798738, -114.58580495408387, -114.58080337749409]], "boundary": [[35.18511046340025, 35.18511046340025, 35.14004393659975, 35.14004393659975, 35.18511046340025], [-114.60566916166775, -114.55072743833223, -114.55072743833223, -114.60566916166775, -114.60566916166775]]}