{"center_point": [42.362383, -87.831271], "sample_points": [[42.378296816501994, 42.37265412968554, 42.345741495366276, 42.3489750146107, 42.34366557988561, 42.35431309034113, 42.36705003501636, 42.34107361958644, 42.35203667711881, 42.366631850194445, 42.38343162684855, 42.37453538826764, 42.34471894916281, 42.343820633762185, 42.380901359619486, 42.36880967432475, 42.35687670132681, 42.34678004590704, 42.35499015266978, 42.358107564536624, 42.363416287740094, 42.37565484063051, 42.38198202222524, 42.36559847521109, 42.35483655002171, 42.37532293072129, 42.36091922512022, 42.346973570386936, 42.34059487334574, 42.34978896550315, 42.352620376969526, 42.3499445882167, 42.366890229357374, 42.37806195568799, 42.371329632646066, 42.36407486305086, 42.37493948717457, 42.34975560145691, 42.351705797204836, 42.36206836151552, 42.35897503740989, 42.358387163263586, 42.378571983061214, 42.36260606346446, 42.37277566184363, 42.36824658967801, 42.37659067295647, 42.38174081260837, 42.36024851846262, 42.343319885526014, 42.350284975331675, 42.347652695699345, 42.37966949979145, 42.34896830486356, 42.358592727475155, 42.360862987987566, 42.35314606716565, 42.3696662395998, 42.36397778545192, 42.377871722687445, 42.35598560301089, 42.35343031123122, 42.35280125385098, 42.34456374642451, 42.384485851574325, 42.36320134872319, 42.34410537599977, 42.35143394656096, 42.36002666625291, 42.37798680427117, 42.34630478271858, 42.370494726831865, 42.35117428707836, 42.36241141494633, 42.370051208101074, 42.35730853060405, 42.372837681344535, 42.34865816290991, 42.36248436207023, 42.36715107663546, 42.380450217156806, 42.37185436719928, 42.37352053459471, 42.37343897206012, 42.380230640610236, 42.34787194570804, 42.3619131367819, 42.37292508919009, 42.35443314345081, 42.37532636792702, 42.3696644971645, 42.38369692588525, 42.35913218937848, 42.34779362289937, 42.34968405751954, 42.352388813657875, 42.36105103246927, 42.38038930037594, 42.381950165524316, 42.3564681649281, 42.36005495777188, 42.35627793277189, 42.35286300341161, 42.350180795398785, 42.35483415073792, 42.37762573101141, 42.35813743269433, 42.34523181433489, 42.36877220297474, 42.35849127255364, 42.36997995338141, 42.34006804659627, 42.381660452955714, 42.365697988865485, 42.3703640219791, 42.36468440528262, 42.34354165957247, 42.34750964199611, 42.37825193134216, 42.37288684964392, 42.37675746917707, 42.37444080306378, 42.34514702938103, 42.345274702452265, 42.353831725356756, 42.34853235439061, 42.362377782870766, 42.37947582996286, 42.37605825070275, 42.35968700603573, 42.361724602817425, 42.34655504851848, 42.36893993991754, 42.348205124053024, 42.35932536308631, 42.36400083244331, 42.38002617861761, 42.34819890147736, 42.381161700329656, 42.349904638406684, 42.3515424016375, 42.37721014330655, 42.35290152434665, 42.36299122797936, 42.383870266274045, 42.377034976489654, 42.370766379479065, 42.34248735971857, 42.35621139673, 42.37305332482552, 42.37159253816197, 42.348301441554725, 42.34445091075592, 42.366710845436714, 42.348587913903835, 42.36835005994992, 42.369620953412344, 42.36330818815026, 42.363518423110534, 42.357086472959125, 42.3481126570071, 42.36408023303501, 42.340511943894946, 42.36374121751315, 42.34952889400549, 42.36201284599327], [-87.80099455792464, -87.8028229548897, -87.85599497515187, -87.86023440926267, -87.8229610409821, -87.8163876356323, -87.82342315059888, -87.85002505003534, -87.80106292573292, -87.84823050792816, -87.82158978429374, -87.83246998659843, -87.85272440477426, -87.8196336728302, -87.83708107615905, -87.86025326329201, -87.81702454476547, -87.84102636436081, -87.81280497242392, -87.8356940550726, -87.84628400787443, -87.83313348027635, -87.83409863142325, -87.84015786795658, -87.8269828449413, -87.84612550360653, -87.82898997451896, -87.83556113904069, -87.8426302962151, -87.82967660584417, -87.83005173057447, -87.81039104593867, -87.85198279083187, -87.80625732561062, -87.80764764257565, -87.81740190929071, -87.85341210155198, -87.83154093126005, -87.8221002890147, -87.8119944958266, -87.851249403924, -87.83927600815527, -87.8040348849393, -87.85050406864391, -87.8393646077433, -87.84913878235677, -87.81921888643939, -87.84168124754353, -87.85836107973155, -87.8278073151982, -87.82607990206442, -87.81059462076094, -87.84759896197743, -87.80932139079971, -87.81198588367147, -87.8566179521858, -87.81984677101671, -87.85495212242915, -87.83158325381505, -87.82530986606014, -87.84452629037696, -87.84699892576326, -87.81860866228706, -87.859566274513, -87.82199888277228, -87.8559205626012, -87.81015030868238, -87.82135012469169, -87.80783215496403, -87.84942142556295, -87.81129463485436, -87.80309781703968, -87.81779406009107, -87.8450799913884, -87.81570911891917, -87.85934732885269, -87.82153488310342, -87.84378505943968, -87.81606514177774, -87.84019237811592, -87.81701380238235, -87.82761433104298, -87.83207057180286, -87.80181911246109, -87.85603286922684, -87.81540789511142, -87.80552484798542, -87.81564766302857, -87.83621643458488, -87.81354201707526, -87.83151842914228, -87.84955601566278, -87.81707071704676, -87.85365107976004, -87.82469362710725, -87.84820181906244, -87.86121164481705, -87.82836285843712, -87.81640018668405, -87.84033514895967, -87.83695573305332, -87.8257434321846, -87.82262433564838, -87.85503724612146, -87.84174508353172, -87.82877248218671, -87.82683571522843, -87.84273138217412, -87.85908074500975, -87.80311366282568, -87.82521723488874, -87.81977224205669, -87.82109231673057, -87.84105331065103, -87.83127016413283, -87.8022789756697, -87.80874941679154, -87.8366559379695, -87.80431954852021, -87.82764383514046, -87.84151737672774, -87.83278432898842, -87.84402838752642, -87.82011738188552, -87.85465278595584, -87.84647338925254, -87.85025349709105, -87.80502760129359, -87.8416526990131, -87.80831816956396, -87.85927887579467, -87.80465419953909, -87.84825868930172, -87.85587846527253, -87.8216056860596, -87.85180419984482, -87.86125037394511, -87.80583112955408, -87.81231390142153, -87.86162852435996, -87.81501345681747, -87.82490907798991, -87.85772090442772, -87.81538124838848, -87.80465790984188, -87.80870388283832, -87.8180066947519, -87.82639189263139, -87.83945024350211, -87.82528786457601, -87.80184931075469, -87.80641415305875, -87.85367071998323, -87.83907693887585, -87.81447017382395, -87.86016269679412, -87.81132145315124, -87.81740466635078, -87.80923887300838, -87.80852895927299, -87.83167001350827, -87.80642530785892, -87.84148672300402, -87.83335235776237, -87.8228005900288, -87.82813005114832]], "boundary": [[42.38491626340025, 42.38491626340025, 42.33984973659975, 42.33984973659975, 42.38491626340025], [-87.86166493228745, -87.80087706771255, -87.80087706771255, -87.86166493228745, -87.86166493228745]]}