{"center_point": [42.362383, -87.831271], "sample_points": [[42.34102169440149, -87.84334974839975], [42.344753864292, -87.8281011392468], [42.3499084680045, -87.81462094098447], [42.34469972058179, -87.85043109020098], [42.36298530688614, -87.84746722840585], [42.37281905738898, -87.85989853615627], [42.36171604317175, -87.84298852893653], [42.343434034494194, -87.84272657457971], [42.377972115325655, -87.84864122013455], [42.34567518025507, -87.84547841519436], [42.35949621244107, -87.83755147894206], [42.374280308640955, -87.84975796498036], [42.34738589594578, -87.80122741754518], [42.37723870190311, -87.85424489909114], [42.341567764788586, -87.81730828593369], [42.35218714727645, -87.84771343330641], [42.370067616569195, -87.84217264790445], [42.35030337350338, -87.82005863537734], [42.36045070818899, -87.82578118849757], [42.347557220639565, -87.84187054988617], [42.34652853465893, -87.81719968483299], [42.3705553016859, -87.80917092706056], [42.36706747827462, -87.8041704598259], [42.35163288743248, -87.83887773950762], [42.37007139882875, -87.8423795842558], [42.37945528381933, -87.81036005299771], [42.36283967772529, -87.8440187486204], [42.35068572207665, -87.81173406703314], [42.37752671887066, -87.82546515690284], [42.38101892763776, -87.8556637762777], [42.34739924132556, -87.82008113363108], [42.361804200078794, -87.82791204970874], [42.38348308215634, -87.80844323914918], [42.35883417801078, -87.81003485184698], [42.358898971092984, -87.85722866856845], [42.3754905741886, -87.83926291788482], [42.38212082710357, -87.81365823430014], [42.35272801049711, -87.86080648688456], [42.37624760479507, -87.85951024668374], [42.36183037780627, -87.82716626454456], [42.35501438072583, -87.81883575842029], [42.360447651362215, -87.82889916446013], [42.34904316337389, -87.80774396929576], [42.37870381317053, -87.81314683229594], [42.34300075473149, -87.8420669034195], [42.35531814586741, -87.83013704191345], [42.34683273607253, -87.80534255365095], [42.36695929713018, -87.84795421965762], [42.340067283315804, -87.80633931436176], [42.35300577542775, -87.84608208543757], [42.38200598786635, -87.84404668897261], [42.37212584895748, -87.82726902543996], [42.37010084390574, -87.81843739935569], [42.34704411837853, -87.80453467034282], [42.34049679630646, -87.86118766530232], [42.36315459286614, -87.84921497183906], [42.34671152968693, -87.80929683999182], [42.34428229107237, -87.80129638867844], [42.34298923175183, -87.82665207575572], [42.340271127280324, -87.84657091122061], [42.38454443399196, -87.82857020939116], [42.384830998572674, -87.86028919531279], [42.36789199259472, -87.83266515512723], [42.38139524176266, -87.81088401326231], [42.38141608073037, -87.84996284077688], [42.36608276712676, -87.84739147230479], [42.37717385794769, -87.85532558899847], [42.3423728822447, -87.8176875834743], [42.34073442676057, -87.80299450789099], [42.35289468930307, -87.82862113244637], [42.35758093365344, -87.8569669413387], [42.34772274540559, -87.84284085377294], [42.3544682904794, -87.81281642337217], [42.34917971106142, -87.85305388949448], [42.34531733744142, -87.84447031223897], [42.366460958968496, -87.8415932316643], [42.38222227015032, -87.81373719650797], [42.38053547393602, -87.85984266437873], [42.35823274308173, -87.84469048063745], [42.351133188849374, -87.82205440941459], [42.37447138799665, -87.81830790815918], [42.367811033465635, -87.82983818602813], [42.36999828375692, -87.85209656442454], [42.36666136760017, -87.8545886137095], [42.34073887978036, -87.85695546291545], [42.3840590967881, -87.8574057438681], [42.362810178886924, -87.8259279608793], [42.37499267974518, -87.80707429425453], [42.36633152637158, -87.85149691963717], [42.36446196353724, -87.81782629364115], [42.376148214356995, -87.8538511970423], [42.37843312768332, -87.81053642345472], [42.376763282412206, -87.8363433216127], [42.3458555938933, -87.8465070643506], [42.34439062422309, -87.83906331485096], [42.380231753897505, -87.81857077687224], [42.37321326160052, -87.82448246885659], [42.35227882883234, -87.8211582280277], [42.38244755724625, -87.84632539717846], [42.34539524218857, -87.80894204689423], [42.37188717020507, -87.83360278728712], [42.37213476880428, -87.84248635765162], [42.35066292978869, -87.8196611692706], [42.34444692888446, -87.82657170668621], [42.36973121311758, -87.84595282411215], [42.35168718033475, -87.8594344996859], [42.34653912090959, -87.8060679022523], [42.35320055140936, -87.80539407634566], [42.353366824422345, -87.81655056105866], [42.34733602781024, -87.85203022804012], [42.372679967114436, -87.85149239176025], [42.34063289315739, -87.83208480021842], [42.35015000318121, -87.85576632622806], [42.35946533481251, -87.84451955985479], [42.37539293730205, -87.81417395903799], [42.351514098871284, -87.83986438375203], [42.34647822512871, -87.82850605197646], [42.34914931497447, -87.82203662817561], [42.38177720875331, -87.81012656661296], [42.36730048555398, -87.83341304483565], [42.36168512896001, -87.83258003700765], [42.34805667627239, -87.83157350375772], [42.38344928068927, -87.84987608358217], [42.34995054303351, -87.8152697538837], [42.36513649226129, -87.8108322777477], [42.36626054897769, -87.85885138602694], [42.347024235565854, -87.82594726080403], [42.362624883152485, -87.82273260657301], [42.34357848847968, -87.83733264459755], [42.372972618509074, -87.81437966466787], [42.36848429466404, -87.82134497718863], [42.36777096170256, -87.84731689257498], [42.36521017300682, -87.8593605579168], [42.36084472211154, -87.83824866550317], [42.365737351387445, -87.82150131039701], [42.34389025740611, -87.84193577298606], [42.35827942534706, -87.84392394315344], [42.380926070306124, -87.80888448283221], [42.38104363597851, -87.85961251431651], [42.35278717368813, -87.81907130608872], [42.369743049074934, -87.82322571233976], [42.36861816961073, -87.86129542084404], [42.37194769451976, -87.83515949026307], [42.37653901628642, -87.80211581251089], [42.38130945533869, -87.80392188902951], [42.34096692791169, -87.85077156030076], [42.3578877435851, -87.80808901871634], [42.370588272947074, -87.80946170862748], [42.35659647947875, -87.85170299070603], [42.3453040556009, -87.84559804754876], [42.38212705822973, -87.81982433880502], [42.34984478999099, -87.84496263292529], [42.34783055741255, -87.81537517301159], [42.37142559571499, -87.80200719874969], [42.364394166956615, -87.81696468609506], [42.36079619892342, -87.85306813902746], [42.34142563684019, -87.81410532823115], [42.351001578681576, -87.85894426407997], [42.35990165241884, -87.80701901036211], [42.3778621718603, -87.81027151380736], [42.339969129623, -87.81952985758], [42.34417548504834, -87.81859737885131], [42.380438599947524, -87.86126915252986], [42.38063115501749, -87.80286488525076], [42.34167274129255, -87.81463317556309], [42.36710430079671, -87.8446812542607]], "boundary": [[42.38491626340025, 42.38491626340025, 42.33984973659975, 42.33984973659975, 42.38491626340025], [-87.86166493228745, -87.80087706771255, -87.80087706771255, -87.86166493228745, -87.86166493228745]],