{"center_point": [28.4734306, -81.4673663], "sample_points": [[28.46946434134137, -81.450753601715], [28.455741667084112, -81.47519023170275], [28.48320056216041, -81.482014027413], [28.453729157921263, -81.46006588294853], [28.477651288362136, -81.46304710843145], [28.49059724446986, -81.46051925274585], [28.46098077037973, -81.49258898897978], [28.474901114039866, -81.45465729911533], [28.471071603921075, -81.46555120620205], [28.49447702085001, -81.45007134210738], [28.47680039452149, -81.44352414049051], [28.465888366066864, -81.45315882170898], [28.453478662634794, -81.44253500914692], [28.4587281260984, -81.44568690691877], [28.486733672070326, -81.47434923858282], [28.47787111437342, -81.48722485586221], [28.479007395034028, -81.47569430635129], [28.45437479528762, -81.46803651741276], [28.45394914689962, -81.47993093258289], [28.475020001296105, -81.48216721609732], [28.47338829698935, -81.46209815616238], [28.486011411280394, -81.44318969941685], [28.476894844379434, -81.48112381228069], [28.494268386225475, -81.44514150531944], [28.45889112824216, -81.46311134961614], [28.455955058034625, -81.45542150796085], [28.489951602665325, -81.47049905851999], [28.471422267999877, -81.48101590156791], [28.470407252454457, -81.474745149513], [28.454190666334007, -81.45152135710936], [28.46253081270148, -81.45866167240328], [28.493009345652144, -81.46411105163389], [28.468766815135275, -81.46055823915688], [28.474112656770487, -81.46306277321597], [28.474489582547736, -81.46210934165909], [28.471753969955067, -81.45550682722906], [28.480198321678838, -81.46219448301403], [28.46608482240007, -81.4868580024537], [28.4624383405479, -81.47517489768643], [28.463234950371803, -81.46485329219139], [28.46245682931622, -81.46529681519554], [28.475816969413096, -81.44202006013086], [28.483350733167164, -81.48841438076249], [28.491797959392088, -81.44500339462483], [28.487222769615546, -81.49104723636526], [28.487820417099385, -81.47371217182186], [28.454695095085654, -81.44614701910223], [28.48120692449827, -81.49179905854996], [28.485476439504804, -81.48184730926377], [28.459675338863086, -81.47345295377175], [28.4668036909089, -81.4429025163058], [28.45426758462559, -81.44612663908873], [28.452427149220018, -81.46365699978207], [28.455508052484152, -81.45749721024337], [28.45159466374403, -81.46222424374751], [28.469240337294266, -81.44783389257789], [28.491548592581925, -81.48438970684637], [28.451086564657423, -81.47477242400237], [28.480642980767147, -81.45638527314453], [28.474946529859068, -81.44291131025135], [28.46150255429339, -81.47856284820678], [28.491467653588423, -81.46705832306016], [28.493358480366563, -81.48749446209676], [28.463056588503175, -81.47218313942338], [28.451562258395743, -81.47359340248715], [28.464109893562934, -81.4699289024854], [28.45495215887547, -81.45878752682441], [28.469734515244365, -81.4786528081161], [28.491628775356357, -81.48343638134776], [28.492009310071847, -81.47332270173261], [28.47188282034507, -81.48485257286184], [28.491909995484075, -81.46920640474798], [28.476079187576932, -81.47882364049254], [28.482620033952493, -81.47680916779628], [28.471643011369007, -81.49212907389139], [28.453419673534704, -81.44955148289542], [28.488383687973226, -81.46991378742223], [28.477506568425497, -81.48275995021704], [28.457700962140056, -81.46680467590873], [28.464722203769842, -81.44670208863084], [28.490889439015298, -81.47254669159899], [28.48585914674891, -81.48608327677003], [28.47546244521499, -81.47042818351288], [28.471588022339184, -81.44397570106354], [28.492883479193324, -81.48720435383883], [28.45324235871629, -81.46453372000201], [28.456519975726, -81.47696059321835], [28.45275286554808, -81.4577635642567], [28.47835735946426, -81.47261205328788], [28.478332261520993, -81.48618142927619], [28.457419552897854, -81.45806703219873], [28.495452934415695, -81.44845223451492], [28.494984584092755, -81.46686188802705], [28.4637240736867, -81.44820917484864], [28.47076487448753, -81.4759114791587], [28.476532638285928, -81.45990472700474], [28.49089580915096, -81.44568586081695], [28.48860974747814, -81.45389637217575], [28.492050761933623, -81.4437030947291], [28.46511755414432, -81.47755653013502], [28.463867424610175, -81.48335510591582], [28.48212438164583, -81.44645312116958], [28.46349989568812, -81.44311283112644], [28.45941116053968, -81.44283259107104], [28.461623489428046, -81.4639293339179], [28.474454702398347, -81.48078907576233], [28.453553326910264, -81.44524665082196], [28.493106511465417, -81.44517275122892], [28.494140157103356, -81.47098826452469], [28.49392437082886, -81.46032429630132], [28.480892583876493, -81.46540095288132], [28.460615057580988, -81.4537553575441], [28.494739919602587, -81.48702289881375], [28.488455476955792, -81.46144693282588], [28.48817769590127, -81.47219268384092], [28.49593083919638, -81.47650999491952], [28.459497850042606, -81.45923209483017], [28.49518261092577, -81.47867445962959], [28.45198246256984, -81.48353767997665], [28.455067577643703, -81.46052893813018], [28.46243761319899, -81.46411170127726], [28.455261898198273, -81.46553332493218], [28.461113107228105, -81.46556424398678], [28.474886323566416, -81.48597687261176], [28.47062545730961, -81.45745748001093], [28.471766910888228, -81.4559422202367], [28.4942180505139, -81.47298971064114], [28.472654812989457, -81.46100512070791], [28.46952439597257, -81.47936404880124], [28.468651760825, -81.44625944595406], [28.461956507830923, -81.44760412832602], [28.48649841751181, -81.4428508828715], [28.485773549640268, -81.47601345216543], [28.479579768211636, -81.47911297329081], [28.458755094660603, -81.45346912251988], [28.471039303525206, -81.48663461960058], [28.48608813800531, -81.49142956916242], [28.489803536521098, -81.4885915761103], [28.49360923607077, -81.45214222256986], [28.484349130503983, -81.44980506060503], [28.476300584447827, -81.48984520081918], [28.46393841780731, -81.47342922199972], [28.47079623873008, -81.47808897329327], [28.48427953902795, -81.47825415022382], [28.4588144685799, -81.46434811772963], [28.488799934719186, -81.49025361890318], [28.488428632877362, -81.46720565765996], [28.45887204233316, -81.45907117573992], [28.487319397652048, -81.44385935268204], [28.476668799222093, -81.470525556066], [28.460622510402185, -81.45839322179938], [28.48223860953347, -81.48174073205602], [28.45923044449852, -81.46846074121954], [28.471356382165098, -81.4868753214113], [28.46770962517312, -81.44273336962247], [28.462481286213933, -81.44786589672499], [28.489461359890146, -81.49240020981996], [28.460493188264998, -81.45337107407467], [28.461330927247047, -81.49096384961233], [28.477350692849438, -81.48884044509961], [28.49258498788092, -81.46959165138738], [28.452075384302812, -81.4580108388471], [28.470656824869238, -81.48782990987029], [28.46074148994574, -81.45305240913451], [28.465775909171672, -81.48637495319613], [28.461451758444536, -81.49260656197204]], "boundary": [[28.49596386340025, 28.49596386340025, 28.45089733659975, 28.45089733659975, 28.49596386340025], [-81.49291468929381, -81.44181791070616, -81.44181791070616, -81.49291468929381, -81.49291468929381]],