{"center_point": [28.4734306, -81.4673663], "sample_points": [[28.467372755564014, 28.492958602112108, 28.453443058156623, 28.45367757884667, 28.462448988975485, 28.487492480915307, 28.49362760676826, 28.491170894201716, 28.46759405523534, 28.48155235556129, 28.481168306233343, 28.46929695060535, 28.475645108486166, 28.48800277571321, 28.483713389934454, 28.474998125404476, 28.484000582618894, 28.471780287343766, 28.467716195265893, 28.47231027529997, 28.476079505701705, 28.480508318081196, 28.491951774339846, 28.481678627713467, 28.45842039626482, 28.471172685585216, 28.453131872135963, 28.45170253451779, 28.491683058730914, 28.460926603059516, 28.460466636290317, 28.457016469857493, 28.463511320951614, 28.455565594342207, 28.494198843767165, 28.477751544714557, 28.46751175940473, 28.491823294551274, 28.476859811338866, 28.452681566317775, 28.489886408121258, 28.457705370453578, 28.46451139952581, 28.478687546513697, 28.482941146947034, 28.454133287814223, 28.47774814151712, 28.48944821460799, 28.48378879185572, 28.48437495427608, 28.47142690248103, 28.45947944938202, 28.473929648260537, 28.49024005117037, 28.46432281294118, 28.464068450541436, 28.488436902932616, 28.480392612545955, 28.482055113528986, 28.480464670278394, 28.4614809064368, 28.465558527311675, 28.472325210214137, 28.468941710046384, 28.478097251527164, 28.460226082587603, 28.487554755771985, 28.464923237927533, 28.47401475498222, 28.48210943741269, 28.457377586540044, 28.484300652329207, 28.47458975322213, 28.49053531158142, 28.47373937190285, 28.469921233978003, 28.484177530260123, 28.487657419505094, 28.4873374892545, 28.491881834244857, 28.49468918962803, 28.478734425314013, 28.482603931215404, 28.451763808578498, 28.45268009830034, 28.490420721431413, 28.480739778742727, 28.478130594580776, 28.466069175351336, 28.484153465453133, 28.484950677536, 28.49111165311116, 28.452749497195622, 28.47574929104495, 28.476511183817816, 28.486181200865378, 28.481563290928435, 28.45943206121275, 28.47914974615769, 28.483813219715966, 28.490420879781077, 28.45935560344521, 28.489985987890712, 28.493568842812607, 28.485355004657368, 28.473130073142244, 28.460259404929992, 28.47593450017117, 28.45352436214324, 28.46873826927238, 28.466177921519968, 28.454394334030905, 28.466123104235074, 28.484863906367114, 28.465707663588052, 28.487059447469733, 28.477448323429627, 28.466588227073416, 28.462080113865746, 28.481300696154793, 28.451066585863586, 28.487891652748534, 28.46650603494567, 28.458138284371323, 28.462226052130337, 28.48033145683381, 28.45652919454618, 28.45456207553513, 28.49423746269802, 28.495094788931286, 28.493053779792714, 28.4584000771904, 28.4908472674558, 28.45608610747595, 28.48586715836036, 28.476618807408283, 28.476113492778435, 28.494555951278663, 28.48967697776156, 28.47448250897691, 28.48532816802239, 28.468539910203752, 28.489326571071114, 28.476530477538386, 28.487737655446765, 28.45286021843115, 28.493089667665735, 28.47209284692853, 28.495518189987067, 28.493991099396105, 28.479024700168914, 28.469384078940095, 28.472794574221535, 28.461464750957226, 28.468317368538454, 28.46775371126167, 28.48802967938975, 28.477052979786702, 28.467728730648368, 28.450978800565114, 28.4613756448179, 28.459618779802373, 28.465555108930687, 28.487611255532865, 28.490110788844884, 28.464760361265874], [-81.46967798438071, -81.4854755219394, -81.46980393611993, -81.47343093411011, -81.44586524120098, -81.44901795388695, -81.4511689807637, -81.46772072155376, -81.48498997970938, -81.46852009714905, -81.4793998998495, -81.48110653062243, -81.45767059154636, -81.4731300355846, -81.47382086048476, -81.46926993576253, -81.4735972187763, -81.47277460812961, -81.48391474580056, -81.486704196527, -81.443338601234, -81.4707974281156, -81.4674680127307, -81.4803736030299, -81.46387092623392, -81.44462191768345, -81.4707897047043, -81.46126576051965, -81.47662588982496, -81.45768092946105, -81.48555360455684, -81.47745094558557, -81.47996695634278, -81.47368165014637, -81.48818923822392, -81.45560667744208, -81.47635651118021, -81.46036901447141, -81.49123364976646, -81.45716590315644, -81.47727130483685, -81.48894760924881, -81.47525403214405, -81.47909904589298, -81.46103753388417, -81.48075704410347, -81.48953618414288, -81.45718943224742, -81.46049932948728, -81.48814063122528, -81.4617490663745, -81.48742196757576, -81.47372728312553, -81.44772615080163, -81.47819746616435, -81.492184518522, -81.47614928287568, -81.45954858410741, -81.46116906208852, -81.47331999409596, -81.47690010553559, -81.45690527786282, -81.48340624165031, -81.46663863925046, -81.47795682391643, -81.48283387928002, -81.47715392547362, -81.49009963228892, -81.48672401653792, -81.44582083343033, -81.44802746759798, -81.48150303275932, -81.45836382668489, -81.44479209132722, -81.46472364633172, -81.48947549284793, -81.48126294411928, -81.46877475635769, -81.46469429991343, -81.47946541294986, -81.45427395102178, -81.45475674528453, -81.4472034470631, -81.49287549595641, -81.46463611080647, -81.45990429229738, -81.49250956194395, -81.46950070647331, -81.48341484132682, -81.46212098465433, -81.48014534734855, -81.45886585165762, -81.4862555433085, -81.49005818425807, -81.48703128346943, -81.49249311355264, -81.4693866877108, -81.4592355969243, -81.47192936492095, -81.48124466369917, -81.4614154126585, -81.46598426604974, -81.47819558916666, -81.4915308699856, -81.47431381512561, -81.44935894653696, -81.48995514601391, -81.45634268069263, -81.473821078992, -81.45135526200545, -81.4425140597719, -81.46326495291365, -81.47947022261368, -81.46011330565855, -81.48491596650196, -81.47440202885946, -81.44912987794174, -81.46291167316444, -81.46407217490341, -81.47319577836105, -81.4715733105202, -81.44740781135395, -81.48013890976786, -81.48737190353062, -81.44774194561472, -81.48677265945192, -81.48958705520526, -81.49151468260926, -81.48783686835534, -81.47933347727144, -81.47062379989912, -81.4500118946024, -81.46982790358452, -81.47703289947212, -81.44261157196149, -81.46309930422109, -81.44489949498968, -81.4786170214935, -81.44414747489846, -81.45207616022999, -81.45810507631568, -81.48656115108051, -81.48443962471764, -81.47576689173063, -81.46547514712663, -81.48645341125297, -81.44807311366495, -81.4456945254651, -81.46632868618951, -81.44228581294779, -81.47393175622705, -81.44467795819759, -81.483578247724, -81.47279187252776, -81.47152191822488, -81.47674626988459, -81.48664743136332, -81.48394075083115, -81.46416485499239, -81.47330951069192, -81.48626275771528, -81.46528426314356, -81.45571608108371, -81.49129806349472, -81.48112763355701, -81.4738254951078]], "boundary": [[28.49596386340025, 28.49596386340025, 28.45089733659975, 28.45089733659975, 28.49596386340025], [-81.49291468929381, -81.44181791070616, -81.44181791070616, -81.49291468929381, -81.49291468929381]]}