{
    "boundary": [
        [
            32.85988226340025, 
            32.85988226340025, 
            32.814815736599755, 
            32.814815736599755, 
            32.85988226340025
        ], 
        [
            -83.65802954161472, 
            -83.6045716583853, 
            -83.6045716583853, 
            -83.65802954161472, 
            -83.65802954161472
        ]
    ], 
    "center_point": [
        32.837349, 
        -83.6313006
    ], 
    "distances_to_center": [
        1385.0542770465302, 
        1415.9772681840118, 
        2325.785188252613, 
        1428.9655093794338, 
        2831.4765759397, 
        2365.283633860519, 
        2189.553142435039, 
        1792.0571241987234, 
        2159.8830664404763, 
        875.3482233817424, 
        3430.2784077971564, 
        2503.94399799439, 
        795.5372555645532, 
        1229.1933072069955, 
        1411.488185043866, 
        1102.3862330783843, 
        1077.6074321034314, 
        825.6015812898164, 
        1922.5958822838302, 
        1309.06779912301, 
        1094.1870602371541, 
        1611.3071444708535, 
        1756.608512800973, 
        2222.0359726130987, 
        3202.934867209946, 
        2562.3043360641473, 
        3170.980091428899, 
        1226.0975287870674, 
        3313.6605052281748, 
        2453.9996545401327, 
        1706.2120315741765, 
        1323.2714187541324, 
        2106.2314429152916, 
        2020.3276525856268, 
        2084.6698441681774, 
        247.85780906289466, 
        3164.3451835098585, 
        2064.3244630337326, 
        740.3860597634027, 
        2048.4799488405733, 
        2306.6253207578757, 
        2384.2197626820266, 
        1520.463282035022, 
        1746.0115781591855, 
        3166.2913337868245, 
        1770.6292888820722, 
        2258.0780573918787, 
        2651.8412263139953, 
        1203.14650298377, 
        348.7980596336174, 
        1694.3824907877358, 
        1939.1228450068254, 
        2622.1405079229776, 
        1120.6752876383534, 
        1837.595912627782, 
        2099.8751416574314, 
        2481.039951306984, 
        2358.777755579972, 
        2655.790472783383, 
        2563.4542722744454, 
        1441.6699017358644, 
        1302.981595246502, 
        981.1179099495082, 
        1532.6542252737543, 
        855.7841445591083, 
        2604.8554013856265, 
        2321.777154720877, 
        1819.4614811696501, 
        2406.180766032452, 
        1508.7665151729962, 
        2351.778993697435, 
        2578.1591758562354, 
        1620.458286665042, 
        2395.9164209485966, 
        2424.4365460614613, 
        2571.212802925002, 
        1387.9772725214661, 
        2211.007859503212, 
        2009.9623314065434, 
        2858.3484293096208, 
        3213.220306445333, 
        773.507703367919, 
        2329.9032671331547, 
        2617.894667829418, 
        578.3785309059076, 
        1014.8915955672146, 
        2139.5309779867907, 
        3014.667026704097, 
        2291.2452032102124, 
        1805.0489097375078, 
        2411.683922566951, 
        801.4367696897122, 
        635.5918559356037, 
        3096.852017567459, 
        1564.1451113867263, 
        1021.3128739438296, 
        1365.8574308230866, 
        2407.4984497388837, 
        2479.0656618512644, 
        1667.856271588867, 
        1279.651978270647, 
        2045.1446648534045, 
        1342.6114801331796, 
        2615.5501368057826, 
        2302.2114559493248, 
        2521.2871759799327, 
        2511.3861635930602, 
        2336.2349139034072, 
        1915.7101284067392, 
        2050.7550369051432, 
        585.7839704385767, 
        1614.9205132918821, 
        2037.2042831728097, 
        2451.852571492857, 
        2434.2185041513612, 
        3094.153915531099, 
        1797.5541670833722, 
        3243.4810942699264, 
        2893.738330463937, 
        1081.1629787169109, 
        867.8737347150416, 
        706.2649538087651, 
        2000.8046270836112, 
        1686.017761352866, 
        1869.2307031268206, 
        1513.2300218665168, 
        1750.6805214019232, 
        2640.5181777830176, 
        2148.0447959901767, 
        749.6752703069056, 
        1798.147920668031, 
        170.19635785267104, 
        977.8156863832431, 
        643.4243634279688, 
        2276.0094975183406, 
        2368.605638916101, 
        2133.382443885818, 
        1269.613349126595, 
        1482.5766579070216, 
        2370.7363668985436, 
        1496.8563157002234, 
        2183.5850910265763, 
        1843.2622876918722, 
        1213.153838226249, 
        1537.4224881204939, 
        2541.3250638156537, 
        2317.080938975923, 
        1231.239836572958, 
        2430.6868953161134, 
        1330.5494720564259, 
        2725.1497234724584, 
        2046.3660042734161, 
        2086.5237747782517, 
        2263.3678729415674, 
        2239.180157409741, 
        2707.872149482023, 
        1301.5291812852588, 
        669.7784039823462, 
        1612.7216956125233, 
        2589.7785659482483, 
        1627.885924906718, 
        2794.231097731978, 
        2781.3893047786164, 
        1640.918075351711, 
        1419.8377973635095, 
        748.446930490855
    ],