{"center_point": [32.837349, -83.6313006], "sample_points": [[32.85023321958945, 32.823969469738834, 32.832269358861474, 32.857513003278605, 32.84579819184274, 32.85733126152528, 32.8221799503147, 32.8375836505962, 32.83276382592648, 32.84027890243132, 32.83141537658507, 32.83176958998545, 32.826251197399685, 32.817416014896, 32.85289949243572, 32.848321097690665, 32.81607371075807, 32.84827076248536, 32.83331368432531, 32.83007655086339, 32.84967272411681, 32.82025027649849, 32.82707230972056, 32.82573816768125, 32.84812038601521, 32.85032354188137, 32.843215994975886, 32.82781131845948, 32.85636993421386, 32.84456742201129, 32.84428888384728, 32.83927697830764, 32.82089084865155, 32.83102680924031, 32.84600088557452, 32.82479806207624, 32.81791836435891, 32.824698025179735, 32.82065863350906, 32.826850239179755, 32.82144034369541, 32.83512336435408, 32.8260325133629, 32.851584280089476, 32.858963224830184, 32.828649425942295, 32.848186561056345, 32.855858661880255, 32.85604624419443, 32.837039934185135, 32.85175202537578, 32.83615955498165, 32.822247977104766, 32.84930845878455, 32.85191826896985, 32.83251138751462, 32.85511881039634, 32.82496549553547, 32.8336638522942, 32.83802800280801, 32.846792139010084, 32.836740900108126, 32.84836022515937, 32.858422448829224, 32.82257344357637, 32.84137425647611, 32.83778379169467, 32.83004433772159, 32.8473471945172, 32.851890567179034, 32.83549202235759, 32.83202189005763, 32.847030924046784, 32.84945420878407, 32.84406806426853, 32.85697684689438, 32.83484182773844, 32.833165335628365, 32.8273653028152, 32.847909836051066, 32.845269465993155, 32.81493149310795, 32.8322936527342, 32.85429833066434, 32.82028533392094, 32.84741254242127, 32.815426948086625, 32.835557247472124, 32.82453942434629, 32.850281180944236, 32.82795705849777, 32.83857509021838, 32.8522365778658, 32.81602314645272, 32.84036383997113, 32.82254812847026, 32.84459272872121, 32.83054050251004, 32.83921934376297, 32.85188705602707, 32.8347793240889, 32.81592746214804, 32.84799713145599, 32.85185676390328, 32.815904644853504, 32.851805032785194, 32.83317106558674, 32.8311421549087, 32.855186438852996, 32.82188870621481, 32.83940285807492, 32.834803431563486, 32.84334556952017, 32.830217913895, 32.83833046788913, 32.81967508202672, 32.83288690567233, 32.84902833696411, 32.84213663822806, 32.8242879700769, 32.819776355699624, 32.83794113763571, 32.83034710558951, 32.83032417663747, 32.829962074360374, 32.82947353240916, 32.82313864168122, 32.816725003920425, 32.84349831805431, 32.84088848877426, 32.82215293725196, 32.84372429383904, 32.85460412977043, 32.82328564653394, 32.84916340686971, 32.83216492415966, 32.857755160564814, 32.85405206200112, 32.82899677152535, 32.844267983586384, 32.81898045153918, 32.84392154720716, 32.823655690670904, 32.823830663518734, 32.84488769441523, 32.83703827925888, 32.820026206726986, 32.8402924825603, 32.85850242939539, 32.854061837969994, 32.85917838662998, 32.83819085758797, 32.84048688269477, 32.8489979355782, 32.84494650331881, 32.84185852273428, 32.815020822892095, 32.84340560793753, 32.851012535917995, 32.83635871379917, 32.82182622425002, 32.81916720535142, 32.83153333389881, 32.83625385208593, 32.849538624001326, 32.82405132391487], [-83.62574411946396, -83.6107648951497, -83.62566668752339, -83.6238620278871, -83.64059904673817, -83.60868984884844, -83.63156795153124, -83.63375805861311, -83.62217503990857, -83.60549520447942, -83.61739824455567, -83.60479748293633, -83.63539425840112, -83.63908001448392, -83.62615363968993, -83.61828036127552, -83.60759833381097, -83.63636011413298, -83.60538106948628, -83.65695869832003, -83.60953077752315, -83.61022085472172, -83.65497215284779, -83.60596782910598, -83.62384879218475, -83.60647830515938, -83.61704606181314, -83.64094195720955, -83.64585467824362, -83.6201711135802, -83.60767993082534, -83.6374212354871, -83.64113210710897, -83.65113821699273, -83.62831221009277, -83.61598877822162, -83.64845876305135, -83.60720297522393, -83.61107738163395, -83.62262572837811, -83.61564769912398, -83.6532407749352, -83.6490956830052, -83.60877439949464, -83.65103947406914, -83.63047615445865, -83.638983815931, -83.65801943288652, -83.62099252732924, -83.65443069606935, -83.63303404874733, -83.63457700966445, -83.64381954294467, -83.63585574071766, -83.65156966763826, -83.65283332071053, -83.60921462737605, -83.60863479856083, -83.63885045345923, -83.64633918806344, -83.62425255515863, -83.64220023259546, -83.63967056586502, -83.65205080086855, -83.65543130517167, -83.61159061715485, -83.62154194367757, -83.6513885614579, -83.60784234690684, -83.60483866582662, -83.63122380272708, -83.62501244905222, -83.63348039293473, -83.64221203930198, -83.63258157170958, -83.60836153444231, -83.61039963099162, -83.62091303677867, -83.61409044631878, -83.62041849564818, -83.64368256232737, -83.65232775201585, -83.6399825991068, -83.6357553063191, -83.61690615533412, -83.63273856054754, -83.61037417847864, -83.65513644273767, -83.62155361878821, -83.63804998932154, -83.64253897891692, -83.633171625096, -83.65025002228748, -83.62956260569344, -83.64679562483364, -83.61402976837262, -83.65120989885185, -83.65541296227121, -83.64076178973365, -83.63843072959527, -83.64879891172042, -83.6093621137449, -83.61004915113163, -83.65357296791946, -83.65207496486705, -83.63817550609411, -83.64091262286817, -83.64087821249719, -83.65041204856472, -83.64098519010439, -83.61451784034493, -83.64068630533737, -83.61957210968637, -83.6411814714931, -83.6419690337041, -83.62877024037655, -83.6353534159713, -83.62607433973568, -83.65407651808523, -83.62156185518619, -83.63958788322668, -83.62769301917398, -83.65344626690252, -83.62990063832733, -83.65519034003505, -83.60923010230195, -83.61151025301135, -83.62846170229004, -83.60752248378198, -83.62555847826752, -83.63101934747925, -83.64540039885611, -83.62473758426397, -83.6193996426489, -83.6411850590134, -83.62411196682359, -83.62264989811513, -83.60738821600414, -83.64096686433035, -83.61045375775241, -83.6105945269461, -83.64150604716444, -83.62211989064768, -83.61630454432559, -83.64127397455485, -83.6524789439248, -83.63447674946997, -83.6406288862835, -83.6073042565523, -83.6347777903284, -83.64297294799361, -83.65203455520336, -83.6551322171221, -83.64344040122177, -83.63368498001537, -83.63363389054929, -83.60605000433492, -83.65625574287081, -83.61722408474175, -83.62835087183696, -83.64361758281467, -83.63225886700882, -83.62045884607173, -83.62137619317063, -83.6438864827671, -83.64251710355158]], "boundary": [[32.85988226340025, 32.85988226340025, 32.814815736599755, 32.814815736599755, 32.85988226340025], [-83.65802954161472, -83.6045716583853, -83.6045716583853, -83.65802954161472, -83.65802954161472]]}