{"center_point": [36.10976954412809, -115.17256269080735], "sample_points": [[36.13069874083931, 36.11911800629987, 36.100011864165346, 36.13092154851305, 36.0933706828922, 36.10193738912431, 36.11925647197244, 36.09856284137839, 36.12654982659519, 36.09866201626416, 36.097055796841296, 36.12840010967982, 36.1277598288688, 36.13151461529591, 36.12664927643234, 36.12746577520706, 36.12041004156571, 36.11927853027543, 36.1029958187336, 36.10895762322283, 36.10612182616688, 36.091029037034694, 36.12981474073725, 36.12356824595574, 36.08984318517465, 36.10585306991817, 36.095369210734674, 36.092210943406464, 36.10357753259299, 36.0888541176825, 36.11863625704949, 36.10238793175792, 36.08924077652877, 36.118120348655694, 36.12589676217077, 36.09747255493407, 36.12016421185956, 36.10191072471916, 36.127006431860515, 36.09453540898859, 36.11683971706795, 36.09758381173632, 36.127470644580804, 36.10781534729526, 36.09208926444929, 36.110470217007126, 36.097862969519525, 36.101175537431935, 36.099005971847944, 36.11602429026159, 36.11990708649749, 36.09413976328976, 36.099588370615265, 36.10411905043549, 36.09587384272075, 36.108967604639155, 36.097497113435686, 36.12543839579524, 36.11230224855721, 36.10955427905387, 36.13133310974186, 36.1230862399915, 36.106077920801944, 36.116713924481694, 36.123286887388105, 36.103093225244336, 36.098394226844114, 36.091754314732746, 36.08963413064389, 36.1283541259078, 36.09019978446155, 36.11574538824672, 36.102983259824505, 36.10548978411014, 36.10180816907222, 36.08791698036212, 36.12057117001317, 36.10521434463045, 36.09943300398907, 36.10779629201708, 36.127831654555344, 36.10360084780155, 36.13180536278783, 36.096004889490764, 36.098432046867664, 36.11895685293757, 36.10443990511772, 36.11892678972222, 36.122855960561544, 36.127890828381176, 36.113898328747254, 36.10160906747033, 36.13217334774015, 36.10991597604262, 36.11404502193399, 36.116629175159744, 36.10512976529353, 36.1145962903295, 36.11924952140348, 36.10898348707358, 36.10818977997463, 36.090705955818535, 36.1229264315948, 36.09551361810543, 36.10167705178481, 36.088665902080166, 36.1130361420752, 36.097050977491286, 36.09519155488922, 36.12728696310447, 36.110297032888425, 36.11637457087316, 36.12789703787097, 36.111344009570786, 36.09252696469909, 36.1275935337635, 36.12580388791855, 36.107662594445706, 36.13200287664705, 36.11469053003593, 36.096033623755, 36.10418448617271, 36.10000916384472, 36.10110165161082, 36.130847920585026, 36.10909553249491, 36.08990772212416, 36.10689468312785, 36.109040094149876, 36.10498779504743, 36.11784895434094, 36.09513212989149, 36.11661627009723, 36.12832111340906, 36.1234781301809, 36.11837381470559, 36.10450318349484, 36.12330283002857, 36.115713911771394, 36.12813487838327, 36.107233070632205, 36.12757603637182, 36.11929196842121, 36.12659158241837, 36.12245233459122, 36.0874217308344, 36.09176134948798, 36.09948808117187, 36.10378906645516, 36.12226639636725, 36.10539220240865, 36.090809641147395, 36.11176392185329, 36.116030394059024, 36.097880424591544, 36.10200005330885, 36.10483863586316, 36.125601312538286, 36.10211639715577, 36.091925656439194, 36.1024627849595, 36.101806611486325, 36.09859415410291, 36.106063989307806, 36.11884301863821, 36.09692358928902], [-115.1721714398023, -115.16378462475004, -115.1581833296558, -115.19525608348532, -115.15853834768056, -115.16912818524754, -115.1840247880018, -115.17846652522475, -115.1629263697327, -115.18244172907583, -115.15648682824508, -115.19978042627096, -115.15463956372672, -115.17785603031207, -115.17963837353584, -115.14975025482174, -115.19337998503457, -115.18558135579983, -115.19171436902943, -115.19803000072977, -115.19162572395216, -115.1641265223116, -115.1684415518315, -115.16932460149015, -115.1548204529438, -115.16139188511512, -115.19089559047504, -115.19911760183847, -115.16403514537701, -115.17183795384258, -115.19426480710743, -115.15258463775274, -115.19243393348665, -115.17465537809952, -115.14773407709144, -115.17818232421517, -115.19044173718655, -115.17370177507267, -115.15529456072964, -115.19575591646458, -115.16270496140376, -115.1886379562398, -115.1681719155147, -115.16164005513869, -115.14954989892239, -115.19136519330786, -115.19413080916026, -115.16251591523435, -115.15843802403381, -115.17334143990284, -115.17107514055802, -115.18253384343234, -115.14899602012193, -115.15127879838447, -115.16379198329402, -115.15820507947562, -115.17190941995487, -115.17055223224598, -115.17217193076846, -115.17322483256893, -115.18654815902465, -115.15538607715764, -115.14626543598706, -115.17487008239279, -115.17822261494048, -115.15066502316272, -115.18902487294888, -115.15987434484128, -115.19795026712201, -115.16402544266005, -115.19791393404134, -115.15714802147721, -115.16778171984161, -115.17879582118321, -115.19402671357334, -115.1882401994261, -115.16682588904884, -115.14511292453422, -115.17560781291552, -115.19123874598542, -115.16439997436304, -115.16316460352498, -115.20021526691988, -115.14887687053533, -115.18835865995533, -115.19256492410581, -115.1947671845176, -115.1533537186737, -115.18543186784865, -115.17610750896228, -115.18881742050567, -115.14650597505208, -115.19555990810409, -115.17443270733521, -115.15201802929194, -115.15261616151517, -115.1575444269919, -115.17197234708246, -115.18652735120844, -115.18549247516448, -115.18846248000038, -115.19281637513198, -115.1544844590314, -115.18578483506862, -115.17683568522241, -115.17619453399742, -115.15055314911977, -115.16281424456261, -115.14946907388197, -115.15674470424821, -115.17743170105491, -115.17303550904437, -115.19524158123575, -115.17164000538611, -115.18861776672294, -115.17659852346802, -115.18926180250824, -115.16215246941888, -115.16028565472799, -115.16131383663563, -115.17845479607679, -115.14977252259172, -115.1471268802403, -115.16840151000882, -115.15522540126948, -115.18672741388366, -115.18619285882839, -115.15481600040414, -115.17800477534726, -115.1656128664501, -115.1688965045057, -115.1833113071996, -115.1787748629447, -115.15389486860921, -115.19944006397184, -115.16425745038505, -115.17017415413541, -115.18670926038575, -115.1853712368601, -115.16619891052439, -115.1513527085174, -115.15341984500428, -115.15273713023576, -115.19378219350978, -115.19638872051364, -115.16261678517928, -115.19067697842817, -115.17893451410457, -115.17127965432422, -115.1609532004603, -115.1975720478654, -115.1995420785466, -115.17935158294031, -115.16326350290042, -115.19793257292744, -115.18198274623299, -115.1800674097097, -115.20007483118506, -115.19489379726204, -115.16401304823371, -115.1803019929401, -115.19846809431888, -115.18327850021511, -115.19489317475677, -115.18911337463784, -115.1883300722342]], "boundary": [[36.13230280752834, 36.13230280752834, 36.08723628072784, 36.08723628072784, 36.13230280752834], [-115.20036106539285, -115.14476431622187, -115.14476431622187, -115.20036106539285, -115.20036106539285]]}