{"center_point": [38.5700568, -121.4908537], "sample_points": [[38.55168579670006, 38.56266528165138, 38.57290570329136, 38.58874733561442, 38.577263163732724, 38.573935504867805, 38.56785862460167, 38.56622333936047, 38.557915706559996, 38.579566040481154, 38.5569037103172, 38.54926653005233, 38.56274872868145, 38.58422256253296, 38.553127471836255, 38.56424192925251, 38.54938494980957, 38.56604428646086, 38.553030539729406, 38.57078185654098, 38.57786057885894, 38.57332495208553, 38.56504664629241, 38.58492416359429, 38.577946958615286, 38.553901078182804, 38.57115271316158, 38.5737788372587, 38.56647381806353, 38.56687970455114, 38.592249656722245, 38.570542025385976, 38.563878398202746, 38.59039486840481, 38.57339786020317, 38.550062446417094, 38.563581217137425, 38.58661306985022, 38.56635495144036, 38.57518932833436, 38.57722101440121, 38.560458015681455, 38.56599678883608, 38.57662742985534, 38.587705707227855, 38.56370446355558, 38.582385982414515, 38.5793062004937, 38.57568775883105, 38.5494340325223, 38.56202182226047, 38.57197764183731, 38.557714987654705, 38.592354906264546, 38.56137087545783, 38.5675659577464, 38.55542923825346, 38.56909751873671, 38.55180298237111, 38.567602510948625, 38.56828665878452, 38.57129376676509, 38.58340555293877, 38.56631095458228, 38.57350325064513, 38.55723957982506, 38.55242494519053, 38.5598270483608, 38.59102059135444, 38.58616172920828, 38.572018983394, 38.579298726100426, 38.57562400303825, 38.5684247956862, 38.5484511082544, 38.55653833736268, 38.574918476303964, 38.54997305881884, 38.58116916939292, 38.58994947611648, 38.568571601641324, 38.560591618050694, 38.57966036519801, 38.58394928166711, 38.58131216637067, 38.57279441173081, 38.58477090543045, 38.58153986757922, 38.569173322688265, 38.58217869799824, 38.547968263043124, 38.58682661077564, 38.56957690403773, 38.57513285551534, 38.56762726457637, 38.573575807993386, 38.558389713836895, 38.55599657761787, 38.58197524178583, 38.55165121566806, 38.57789822430674, 38.59236001711907, 38.57952419981708, 38.55785608740271, 38.58420561998795, 38.57537331027035, 38.548198878944554, 38.56595747031777, 38.56880243425822, 38.55497711776431, 38.55235128201123, 38.55937072060928, 38.558724692886315, 38.55969984794855, 38.58122781083139, 38.59040809218633, 38.59013797917204, 38.57172145769897, 38.554734609824195, 38.581329281119515, 38.573511965346846, 38.57575946151693, 38.582619329297, 38.5650846389208, 38.55496395258719, 38.571887015422014, 38.589291878848016, 38.574177677794985, 38.55281313695502, 38.581523636132424, 38.57418362938364, 38.57746681063029, 38.54951222544037, 38.5771553043508, 38.55294255210733, 38.591667123342155, 38.56621884604249, 38.55487925276389, 38.57207749070344, 38.55859823367756, 38.56149083909939, 38.55203895896554, 38.58023038901561, 38.55524186641297, 38.56955882305738, 38.59011467172918, 38.569867173318286, 38.58331240565421, 38.5798874713649, 38.55168763027509, 38.586213254806616, 38.58011086365642, 38.55808795821456, 38.55846755596521, 38.580935377786616, 38.58483153965934, 38.56583784828775, 38.573693573080774, 38.56061113248313, 38.556873325163146, 38.55186408552372, 38.553103387878565, 38.550486505948086, 38.5709992589858, 38.584535091762106, 38.56910666690639], [-121.49491056398122, -121.46755614575305, -121.51417193285768, -121.50394886564676, -121.51504434078205, -121.47618132714105, -121.48893476472934, -121.49671501965051, -121.49314201708869, -121.47037734727768, -121.49711273508527, -121.48980300078897, -121.50547124361438, -121.51020756208524, -121.47593908772672, -121.48138877831359, -121.51593561955542, -121.4786071831536, -121.50639899421944, -121.46393034614671, -121.50706390180801, -121.49437047061778, -121.51954134988851, -121.4989179303558, -121.4842909417921, -121.48388190134399, -121.5056873130435, -121.46822811511389, -121.48814657781095, -121.49410718079332, -121.48192964386773, -121.48705112206078, -121.50787616490236, -121.5004608443186, -121.49763787005513, -121.49280241214208, -121.512498337796, -121.48299812269421, -121.49860462676526, -121.50806136733486, -121.51161585516188, -121.48173773336086, -121.49224479686694, -121.49347111423504, -121.50256641979871, -121.50965212630727, -121.49435163495899, -121.50417063981214, -121.49606051546726, -121.48190104865176, -121.51548595169106, -121.46614091226797, -121.50412131839077, -121.49711878331254, -121.47487041728982, -121.51612255446544, -121.48174711585094, -121.49329423320209, -121.47119778842293, -121.49844470977817, -121.4944760050523, -121.48793685976199, -121.4709301061439, -121.4624164380908, -121.48216277486631, -121.47400056313862, -121.4625998859398, -121.49127316011472, -121.46551897073697, -121.47355406049714, -121.50081992016166, -121.48506090271684, -121.4853436248907, -121.4741594517187, -121.49715091187794, -121.49254945449934, -121.47529797450865, -121.49131679783287, -121.49938992257914, -121.50716000050748, -121.47164011542783, -121.47145941166569, -121.47718450743787, -121.50346475527107, -121.4831976497508, -121.51282977294701, -121.50837066070007, -121.49154084023648, -121.46975325798137, -121.4663220589554, -121.51550194590878, -121.47400898075806, -121.47515842135257, -121.50537407691867, -121.495206317117, -121.51548589777218, -121.47255919878063, -121.47090525576264, -121.50287211339993, -121.5017653524532, -121.46991483525674, -121.49166844167677, -121.47454293299782, -121.4734697108429, -121.46587451906223, -121.48784139311879, -121.50350281086622, -121.51629527493775, -121.46872719087084, -121.50316627145793, -121.47319648874418, -121.50270018413421, -121.49763213329017, -121.48348254329788, -121.47003131126631, -121.50699754957726, -121.48487167094486, -121.51046696750898, -121.49280272161596, -121.47282901415029, -121.51134564304064, -121.51493953244052, -121.50543582178098, -121.5078563073767, -121.47575475763959, -121.50034315929591, -121.4838852577927, -121.47064091679796, -121.4906569134918, -121.51269860005922, -121.49932757281417, -121.51056158703071, -121.50299679444636, -121.49152879837652, -121.4807958019362, -121.48668074719198, -121.49860118180511, -121.47399033180325, -121.47980062616708, -121.46722947032593, -121.47249700170728, -121.4925212791473, -121.46760746561732, -121.50068330391424, -121.49819879521448, -121.49438273101728, -121.50298813258578, -121.51314387244632, -121.48550708749036, -121.51663065146981, -121.48167254423619, -121.49732959249461, -121.51283699180354, -121.51372823923094, -121.5102967098678, -121.50186826303937, -121.50635242955751, -121.49075875621718, -121.48285355022941, -121.47885244344378, -121.51739979824274, -121.46768247965052, -121.50064335279936, -121.50055539170904, -121.50823027459185, -121.47357232017106]], "boundary": [[38.59259006340025, 38.59259006340025, 38.547523536599755, 38.547523536599755, 38.59259006340025], [-121.5195780275689, -121.46212937243112, -121.46212937243112, -121.5195780275689, -121.5195780275689]]}