{
    "boundary": [
        [
            33.743411763400246, 
            33.743411763400246, 
            33.69834523659975, 
            33.69834523659975, 
            33.743411763400246
        ], 
        [
            -78.87672665549437, 
            -78.82272494450564, 
            -78.82272494450564, 
            -78.87672665549437, 
            -78.87672665549437
        ]
    ], 
    "center_point": [
        33.7208785, 
        -78.8497258
    ], 
    "distances_to_center": [
        2116.983451819393, 
        1662.17806112603, 
        2013.8503449822754, 
        2342.4959740359577, 
        2511.7701950308906, 
        1368.4817842124446, 
        1070.8230417264435, 
        2083.9644301160574, 
        241.43720486672538, 
        1715.0831479603994, 
        2280.8703857956175, 
        2081.6872573783794, 
        2243.1978753266008, 
        2439.6127613860767, 
        2005.9851014425428, 
        2413.1295299802946, 
        553.1477592587112, 
        2299.306627889845, 
        1214.7119646718704, 
        799.7086174902277, 
        365.19419994604317, 
        1509.925429022556, 
        1491.1467461614182, 
        2566.4190560578636, 
        2654.065220269491, 
        1958.697406153858, 
        1504.9428746182966, 
        1025.438910851537, 
        2521.9309716853886, 
        2229.374902019652, 
        1963.261377007931, 
        1989.7442126999806, 
        1267.9909105528395, 
        1814.6209138590498, 
        1520.2799300558283, 
        1650.9057036915374, 
        2877.044458091086, 
        2645.4078130201196, 
        2286.053629170299, 
        2166.369708017827, 
        614.7438283271323, 
        2593.4164607020925, 
        2507.9434357300374, 
        1589.9679198281578, 
        2154.639639287493, 
        3006.090246599979, 
        1989.9104086543446, 
        1968.6748071644693, 
        1425.6208457821924, 
        2104.5770513156463, 
        1674.0626416235473, 
        2749.599587288993, 
        2343.1248321025673, 
        1992.141943047364, 
        2174.1657010251997, 
        2028.9486246262202, 
        1062.5021067811592, 
        1141.8412551219337, 
        2507.724715190841, 
        679.2466555050207, 
        2748.930807908964, 
        2764.029423487191, 
        2353.853327819401, 
        2581.8415787987333, 
        395.2765910075599, 
        2011.3159467939354, 
        1035.298478760017, 
        3363.2089007644845, 
        1894.290833393099, 
        1643.1566192765529, 
        1770.6844999061314, 
        593.7964254196684, 
        2170.7405367252372, 
        2429.677484477049, 
        1524.6662398567817, 
        643.533695272699, 
        2545.453283341132, 
        985.045608149774, 
        1703.3700071282701, 
        1584.233924786484, 
        2301.5336481407517, 
        2346.358914111524, 
        1368.0448487669175, 
        1095.8736405789155, 
        2527.327043822824, 
        3267.874730228938, 
        3045.755726007504, 
        1192.9144118087656, 
        661.8576467277971, 
        2387.5389423471033, 
        1775.9597382119866, 
        2163.8594532713482, 
        2318.9054418737983, 
        2469.4671319694285, 
        2142.0291527172294, 
        1919.471199582177, 
        2043.846510130832, 
        3173.6211000715084, 
        1299.8808442623988, 
        1975.5008992222595, 
        853.8820612432978, 
        2596.7293040944933, 
        2316.1814578346784, 
        2192.151872283452, 
        2231.6272522455747, 
        830.9590746203294, 
        1746.5091353143596, 
        1459.2984182257962, 
        2525.183264829235, 
        1985.1688948113833, 
        1551.5360640359836, 
        359.0860000582804, 
        2255.3367645013427, 
        2267.149295555543, 
        2661.199547186829, 
        2434.21997997929, 
        763.9678529288949, 
        1296.6917674217475, 
        1605.7615945791724, 
        1754.5721544501096, 
        990.2464453191066, 
        1240.420453042251, 
        2998.0101613273678, 
        3287.4639126941006, 
        1950.9938939744377, 
        682.1696287319261, 
        2116.7433116116426, 
        2191.879971156798, 
        2364.351552916251, 
        2156.1722567436013, 
        1088.946261837361, 
        2069.7851800915064, 
        2037.5781650405997, 
        1721.6828887404918, 
        876.425731001796, 
        2065.2356652355566, 
        2308.376690138302, 
        2140.769534043165, 
        2669.104972910614, 
        1714.4056332469038, 
        3445.3856215709893, 
        858.3784281985814, 
        2210.9747080589523, 
        2810.943206857595, 
        2866.7590407431107, 
        2225.994944763908, 
        2241.3548653704356, 
        2922.112317418771, 
        2548.193347783485, 
        2384.0686843969725, 
        1220.8107231808447, 
        2506.922484867529, 
        639.0008401567874, 
        3090.761396188256, 
        1515.7774726608834, 
        2460.016383455963, 
        1734.948791316275, 
        1466.8813018919184, 
        1204.9940704329729, 
        1420.3777100984353, 
        2325.803375161191, 
        1610.8067790903901, 
        2273.2316055729616, 
        2492.574443880268, 
        1678.1016748546465, 
        2255.599181610187
    ],