{"center_point": [33.7208785, -78.8497258], "sample_points": [[33.701629684878746, 33.703582755656775, 33.72446671200521, 33.69996763135503, 33.73443611339033, 33.727287503653514, 33.73867268638492, 33.72429289951975, 33.718452893943514, 33.74184429301718, 33.73909553962503, 33.719821782862205, 33.72379009069456, 33.704607907920284, 33.705403942412794, 33.74238881818414, 33.70675062783931, 33.719440736236976, 33.717565472566264, 33.71432173239014, 33.72314494516875, 33.72263770918903, 33.72796558180277, 33.702379697319834, 33.727688611543975, 33.73179226716968, 33.70043441003785, 33.73981055165722, 33.70891756314977, 33.71320276186261, 33.734296670462626, 33.73040206552028, 33.69872438694003, 33.7007190786842, 33.70028378246905, 33.72393287700104, 33.70315394663218, 33.72079196883595, 33.70826546252673, 33.71421044950914, 33.69843072449774, 33.71973174444831, 33.74179576292809, 33.699649540549366, 33.70352966628886, 33.703223169377274, 33.72956257080288, 33.743330838646514, 33.7019145938308, 33.703367196083136, 33.73779135062681, 33.70232693429454, 33.705919130357074, 33.72285546235287, 33.72432982662447, 33.706841027060754, 33.70536415283001, 33.73383396399143, 33.71006379584558, 33.73419215465461, 33.71471956588736, 33.723020854331175, 33.72499990582543, 33.735046482758754, 33.707213615741836, 33.725383887465064, 33.724926620077674, 33.73339669940685, 33.700472398125555, 33.713262400714, 33.72710986301207, 33.71465114739924, 33.72425311091036, 33.72390682279539, 33.743266385245825, 33.74130121131683, 33.73771497729649, 33.715032377709456, 33.7156047450447, 33.70383344621638, 33.70581316612207, 33.70704124254872, 33.73311323803345, 33.6996785213357, 33.69862037027342, 33.701397842440166, 33.7141147570052, 33.71910739846227, 33.71985428076261, 33.6989442137847, 33.72298719571958, 33.7385342926193, 33.712016323131465, 33.70755337964057, 33.69948556474916, 33.73452706102765, 33.70579701751008, 33.734749849913726, 33.72205200653589, 33.731618752089254, 33.72738023706815, 33.72623036824545, 33.72873670299836, 33.726654829149346, 33.72834843357097, 33.715032270622714, 33.72507956332013, 33.737760805861306, 33.71286879008116, 33.715939485313065, 33.7205370758214, 33.70291891258931, 33.73720682116334, 33.73015645467783, 33.71507321443576, 33.705168421812864, 33.69835170939578, 33.718083024723185, 33.72952549504972, 33.733952423668015, 33.74235740085708, 33.71995918955287, 33.701924518714435, 33.70191007987931, 33.70356113114507, 33.726322874507666, 33.71347473888854, 33.72934771850513, 33.7209328561808, 33.74043233045423, 33.72172084025709, 33.721309870582274, 33.72714353774104, 33.71092375938855, 33.740141751036504, 33.70591393305304, 33.72980120949757, 33.72953102962212, 33.71506588556919, 33.738357832232204, 33.72198807419744, 33.7259279105121, 33.72871739199666, 33.71360984467224, 33.710524616770954, 33.7341655592491, 33.72749349362163, 33.72843238446214, 33.710150988979066, 33.72301502238014, 33.73206284883773, 33.72469197918417, 33.714256989719395, 33.72896645957951, 33.69883418063075, 33.69884838965239, 33.720243240777656, 33.727900462973615, 33.706816270178784, 33.73409570478675, 33.723517783745585, 33.74106868422391, 33.70063369868907, 33.70309777669873, 33.72104127024876, 33.724005232673186], [-78.82612211137175, -78.874785045939, -78.82686106217064, -78.86302351785746, -78.82323150291319, -78.82996509912995, -78.82885222238951, -78.83521666264733, -78.85111645215389, -78.82895421730582, -78.84658293271173, -78.86296281614935, -78.82874615643028, -78.87207964632147, -78.86419757047146, -78.82556731962168, -78.86174497853433, -78.82563651279935, -78.8659772248147, -78.86026702701979, -78.85055711866404, -78.86030102293417, -78.84948727893361, -78.8646167469811, -78.87614515434672, -78.87023275895147, -78.84129861955165, -78.82530017237038, -78.82711971668584, -78.85173966877538, -78.87081255736453, -78.83916539484451, -78.85955091357894, -78.8342130571677, -78.8311110043425, -78.87170023695312, -78.8417585193393, -78.84702889436565, -78.87118139876257, -78.85424841215765, -78.84801068470249, -78.84378885037067, -78.87571733175965, -78.85322017960901, -78.83569759818242, -78.85465646715052, -78.8755010150815, -78.82503885620777, -78.87472879734185, -78.87570185679499, -78.83191492520525, -78.86140498320313, -78.83383492257575, -78.85679171631773, -78.85883040101517, -78.87290115064962, -78.87496496205334, -78.86319809386606, -78.859011212327, -78.87531394957064, -78.82808148318544, -78.84130841987258, -78.82713864165532, -78.86693419217336, -78.83920802354439, -78.83515227047357, -78.8436383234777, -78.82569795969854, -78.87573005252521, -78.8362162637804, -78.84237467319115, -78.84015112834169, -78.8257191317015, -78.83613142488447, -78.84099935568746, -78.82890353675448, -78.84372460683983, -78.85115095202268, -78.87484328855189, -78.86808020136796, -78.86012615376949, -78.83644853135507, -78.86140759958869, -78.84293352118311, -78.82659663863011, -78.87326724592845, -78.86975975802449, -78.85634485797831, -78.82600134300196, -78.86414680123109, -78.86211031380037, -78.8750498114114, -78.86376844693773, -78.82721629427449, -78.83997454918767, -78.83113988421042, -78.85857779182889, -78.86171215958916, -78.85551010471984, -78.85651544952799, -78.83281987219536, -78.86610997419702, -78.8729675553674, -78.84012534589718, -78.84374864054524, -78.87317688434597, -78.8610658508056, -78.87183257148426, -78.84881754363114, -78.84870420368895, -78.85238333098545, -78.82586802333262, -78.87275770110976, -78.8410097033321, -78.83825820921639, -78.86001993578508, -78.83628693157382, -78.83643401196572, -78.87102654604658, -78.85962401809279, -78.86077991876252, -78.86698965297705, -78.84501489725264, -78.831031972401, -78.82941565835183, -78.83516064424957, -78.86359887883755, -78.8374704214403, -78.82686512673632, -78.85892563528837, -78.87140586118346, -78.85959479909292, -78.86282019393707, -78.84720797790719, -78.85856730468996, -78.85908516879618, -78.85467498565721, -78.85148262115962, -78.85557055609273, -78.86672482963269, -78.87087705483258, -78.83604076638457, -78.86535116307223, -78.86701575497533, -78.85277799237295, -78.8393543967862, -78.8383223884855, -78.83906072786343, -78.8664892289861, -78.83238462530308, -78.85496172773051, -78.83556043201993, -78.8623129802482, -78.86266816802534, -78.82505675159182, -78.8455255968217, -78.85088226833346, -78.83694108416027, -78.84406519842283, -78.8358555456982, -78.85673967899982, -78.8536762151162, -78.86752663516654, -78.84554723314949, -78.84111204390756, -78.85100332527496]], "boundary": [[33.743411763400246, 33.743411763400246, 33.69834523659975, 33.69834523659975, 33.743411763400246], [-78.87672665549437, -78.82272494450564, -78.82272494450564, -78.87672665549437, -78.87672665549437]]}