{"center_point": [33.7208785, -78.8497258], "sample_points": [[33.710409241711936, -78.84007397832077], [33.71960958882689, -78.8692005128762], [33.723751163705664, -78.835895110295], [33.72819567968839, -78.84780114507228], [33.72137733858984, -78.8678997833947], [33.7387069802994, -78.82466939199986], [33.70665231282931, -78.83585662500118], [33.704018452863046, -78.85513749715976], [33.7292469441547, -78.85830329492113], [33.729371269029585, -78.85873381249861], [33.726136903558285, -78.86044231573663], [33.726988496284825, -78.83559173849747], [33.698487164892335, -78.82552362929002], [33.722201726525014, -78.82436612961986], [33.736641807838595, -78.84428408187172], [33.73171580642036, -78.83697292104598], [33.718590075584515, -78.82461375234223], [33.706671632190904, -78.86901085903985], [33.742091014136854, -78.87070875071878], [33.73865944309923, -78.85340696069518], [33.715002145620886, -78.87661874248884], [33.70394761529743, -78.82886291192152], [33.73235331843791, -78.83528832646392], [33.7025504139356, -78.82750727326066], [33.714601231655436, -78.84910897245987], [33.70025115723606, -78.82744053924543], [33.729409903270785, -78.8715701474049], [33.72085254909192, -78.87187797604071], [33.72863994059227, -78.82836528304742], [33.7091881800629, -78.8622484633754], [33.70176008124355, -78.86036494484479], [33.72431451276189, -78.82687071335936], [33.715252819454015, -78.83320781488668], [33.7094594640343, -78.82851456852485], [33.70142056844708, -78.856388955747], [33.71153668131483, -78.86196425779724], [33.73142192979717, -78.83587281339759], [33.706436119662385, -78.84424613802209], [33.71750913216528, -78.82689461786904], [33.72425050058834, -78.83881453686551], [33.71529284013222, -78.85105830765451], [33.736253065785796, -78.83383118665483], [33.73282224658106, -78.83465077668892], [33.73895976870249, -78.86731842392258], [33.70954745782985, -78.84192539440281], [33.72218583503816, -78.8452380931295], [33.71860975660735, -78.83737810546127], [33.71429376892176, -78.87104868615387], [33.72222110747203, -78.8428202626741], [33.73136035777506, -78.82503897812519], [33.72278875253663, -78.86377592516664], [33.73405002850159, -78.86682462927332], [33.70870188832367, -78.86605927711368], [33.73969815937291, -78.87664428791896], [33.70676365865419, -78.83854772121182], [33.71084158599719, -78.84292209778386], [33.72617433577308, -78.87342345100659], [33.709775096834306, -78.87394445412905], [33.71038005603062, -78.856941805486], [33.73622905498929, -78.8678807831162], [33.71611962123306, -78.83601149551566], [33.70353296089082, -78.82449107019669], [33.70054022065339, -78.8551343900738], [33.71027037539766, -78.8654765820618], [33.73419141907245, -78.86526320479172], [33.740335188531276, -78.82437510855578], [33.74181068128059, -78.87214208455475], [33.73089438128666, -78.84469565906018], [33.71792895822655, -78.85998963648487], [33.72699305284013, -78.8696964122164], [33.70611606757497, -78.83229388833595], [33.71304262500187, -78.85749226686696], [33.70989278853056, -78.82346680824638], [33.737932571206926, -78.84677432747851], [33.72972009105352, -78.84068009525615], [33.72290205102141, -78.83799731495314], [33.735912252181684, -78.87222371708754], [33.71607856468236, -78.85002128798963], [33.71352469622331, -78.83583436780097], [33.71689229648116, -78.85882944964258], [33.69947115975201, -78.82501486604309], [33.72183618717496, -78.87445619667393], [33.70144484035317, -78.82789587263741], [33.73212828946574, -78.84168408367555], [33.73910719991408, -78.87422984781936], [33.714152187736474, -78.86253848860065], [33.728391786098044, -78.86892870664381], [33.71075378535651, -78.84725771468148], [33.7083790006377, -78.86398472429504], [33.740876369222455, -78.82394313996095], [33.70223849326798, -78.85671360775292], [33.70355232915683, -78.84662477485291], [33.71350426241552, -78.86924061049545], [33.721418956465094, -78.83293688594499], [33.72848789375305, -78.87313761459426], [33.73483261721196, -78.8551977020003], [33.7430601180972, -78.83873910681613], [33.710680501618306, -78.87409946620319], [33.72191879989615, -78.83549944218225], [33.729345702831935, -78.87369081552397], [33.70289684722961, -78.83890741839652], [33.72415147539091, -78.82639884083241], [33.72754046849127, -78.87309364156022], [33.741704120571974, -78.85397283219729], [33.72839438677728, -78.85680656406099], [33.7398220458779, -78.86510680746746], [33.72824280817648, -78.82595865585907], [33.7295228187008, -78.85110612222519], [33.70676808355367, -78.8678481135517], [33.72854866016831, -78.8719624046323], [33.7050491970396, -78.85704071159398], [33.73155231412855, -78.8595418773582], [33.712910865046766, -78.82618168008287], [33.73924902756052, -78.86892205920965], [33.72597862228731, -78.84345915143915], [33.73211032598835, -78.86406030532773], [33.740013259551425, -78.86913203845516], [33.71234729342449, -78.86335454671175], [33.71928061210154, -78.82910776751793], [33.72961624557342, -78.82908061713829], [33.72064039776484, -78.86406830110968], [33.728320512283325, -78.85572208859242], [33.72725107819212, -78.86161371829107], [33.724364966639705, -78.85156741328045], [33.71197646067532, -78.86517281089019], [33.72575135627977, -78.86585336415169], [33.73872518109429, -78.83332880382993], [33.73147118583054, -78.84955134042576], [33.73862383424399, -78.86861491514743], [33.72490612507025, -78.83752705815571], [33.72330102536723, -78.87432677728039], [33.711832934315815, -78.87360353354327], [33.70021818513673, -78.83237950924313], [33.70881173638171, -78.85653098448172], [33.706283876681134, -78.8405305286279], [33.73549989595478, -78.82639487337912], [33.71482283366905, -78.84554744649581], [33.71588977273227, -78.8431644054951], [33.72800194970585, -78.8361104046915], [33.73045983144834, -78.83482609309802], [33.70891283845165, -78.87366731147719], [33.73998540946246, -78.8715747142992], [33.71087363284904, -78.82713800273153], [33.71547801822621, -78.8242955089426], [33.733233843751876, -78.8451888641695], [33.719412210357895, -78.84862575385719], [33.70367843643526, -78.86204360884403], [33.70240314976057, -78.87053446648758], [33.70966409468944, -78.86529277749995], [33.72412723038486, -78.86561467982136], [33.74204614861245, -78.84456222597301], [33.726748301318246, -78.82413207007838], [33.72911332410424, -78.86105929518564], [33.72772554861839, -78.8727490294731], [33.72017060835809, -78.82622883905525], [33.702092267020376, -78.85954177261425], [33.71767704708846, -78.85090368940159], [33.718994588799234, -78.85296483449456], [33.71736818722864, -78.84836011885088], [33.72076072542872, -78.85568810145408], [33.70909563073748, -78.83675438226331], [33.74052159061192, -78.85885279269833], [33.703539920351886, -78.86208884391569], [33.72628475758707, -78.82853068385896], [33.725100911747084, -78.86699974094806], [33.70732014391499, -78.84751416322821]], "boundary": [[33.743411763400246, 33.743411763400246, 33.69834523659975, 33.69834523659975, 33.743411763400246], [-78.87672665549437, -78.82272494450564, -78.82272494450564, -78.87672665549437, -78.87672665549437]],