{
    "boundary": [
        [
            40.75072846340025, 
            40.75072846340025, 
            40.70566193659975, 
            40.70566193659975, 
            40.75072846340025
        ], 
        [
            -74.01713748217155, 
            -73.95786691782843, 
            -73.95786691782843, 
            -74.01713748217155, 
            -74.01713748217155
        ]
    ], 
    "center_point": [
        40.7281952, 
        -73.9875022
    ], 
    "distances_to_center": [
        2835.1297693680863, 
        1729.4733494410723, 
        1620.4090314439043, 
        1925.3180194324216, 
        934.818424350767, 
        720.7473689411852, 
        1879.921949552325, 
        2498.651858951117, 
        2679.9291195893434, 
        2955.482832006671, 
        2324.62959002338, 
        1757.622436795437, 
        1964.324042651286, 
        2450.6321662435, 
        2253.000817644295, 
        2042.88157162922, 
        2298.5694992623676, 
        3266.5504055404904, 
        2024.4018724376187, 
        1719.131990305019, 
        2225.5288044359822, 
        2745.312090605663, 
        2490.8938734404505, 
        1770.6715565705108, 
        718.1020569793073, 
        1630.4583391394258, 
        2521.757009331308, 
        2751.346996603644, 
        2407.8928736544176, 
        947.1778201038377, 
        1786.351736498861, 
        1545.9627548531578, 
        1225.3427204966347, 
        2544.5590787557107, 
        2193.5501855817824, 
        2030.844102630375, 
        1758.0009517532826, 
        1986.9620988889658, 
        1443.0454494871542, 
        2521.928382724274, 
        870.9919885087289, 
        2727.741846783144, 
        1228.55004658188, 
        1032.5119810751976, 
        452.57059489024084, 
        2108.9356568902717, 
        682.6303100827638, 
        2402.2391572779, 
        638.8590442775303, 
        2695.2539420129838, 
        2399.2532477655836, 
        2922.3937348903437, 
        2293.963560651531, 
        854.296885013773, 
        1815.6392328736104, 
        2538.123137602358, 
        1973.4105795676053, 
        1962.8922545211785, 
        3093.441156696817, 
        1078.5826099020696, 
        2716.6358008319557, 
        1833.5612505842932, 
        2393.358319413889, 
        2139.48424995027, 
        1931.3423331543293, 
        1631.008188877541, 
        756.07515354144, 
        2422.087390237424, 
        1475.3389215263524, 
        2064.025604981013, 
        1366.7713262390982, 
        2638.0167795839134, 
        2521.31960846514, 
        1218.926821866599, 
        2222.4731485692528, 
        1231.2019618577501, 
        3213.415001397899, 
        1123.1077718168187, 
        2505.9292935265153, 
        2478.334876224702, 
        485.95078618332263, 
        1847.1484232253092, 
        1730.0072863869314, 
        2339.3393189848825, 
        2029.622745998067, 
        1123.730766602349, 
        2216.8423237169663, 
        631.8418432617605, 
        2619.0788327385094, 
        2424.9716071575763, 
        2512.0222035872393, 
        2604.430889735751, 
        866.0501561176633, 
        2523.759940634281, 
        348.77005423647, 
        1616.5750816683835, 
        1627.5240266466444, 
        1893.5085139806924, 
        1246.9402723012838, 
        1872.310962094081, 
        1362.942829569474, 
        1592.2327001153815, 
        1058.3607315689394, 
        2398.782826519488, 
        2209.780543717373, 
        344.9552837165043, 
        715.1492254393733, 
        573.4500164104571, 
        1267.9510693620657, 
        1532.5984608509616, 
        1358.8415898975484, 
        1897.2610375346326, 
        2218.19680745723, 
        2086.781727977083, 
        2205.043802378653, 
        1808.4291946300318, 
        1393.8304588089982, 
        1704.0755324755505, 
        3214.074455947674, 
        2376.2697441864093, 
        770.2555526992289, 
        2400.2963686597896, 
        1913.336634043134, 
        1084.7613129877832, 
        1588.832099908813, 
        1790.3959661483186, 
        1507.9978799902176, 
        2668.7699835395883, 
        2736.889328654579, 
        2590.8787873267283, 
        2083.495321332234, 
        1928.3010888008512, 
        1225.4935131314749, 
        2236.4584064990922, 
        2657.640264251914, 
        984.4398699837249, 
        1724.784702457973, 
        1815.138710428204, 
        1113.3611813901675, 
        1745.5528792643074, 
        2073.1263098207473, 
        1203.2672689724943, 
        904.696276008594, 
        2694.3413956613344, 
        1853.1526890341856, 
        1965.4779513175079, 
        3027.0079279749652, 
        2343.517150113181, 
        2656.7592587307017, 
        2591.5810636705546, 
        2130.1603456581447, 
        2088.7259199362343, 
        3041.540314183655, 
        2708.578842914183, 
        590.0505853725202, 
        2349.2656377633057, 
        2510.288049966886, 
        1267.251332860219, 
        2368.157818072852, 
        939.6316152440942, 
        1963.6341658354681, 
        1639.5538870206517, 
        890.7926548777767, 
        2169.7389088224945, 
        588.2819705552452, 
        1743.787763321303
    ],