{"center_point": [40.7281952, -73.9875022], "sample_points": [[40.721614695713605, 40.71391968093839, 40.74008763878018, 40.71313524318897, 40.73360713912823, 40.71697963559485, 40.72414403338237, 40.71266132308226, 40.72225019238269, 40.731525800852936, 40.710561028535615, 40.722883046533866, 40.70928568490995, 40.72614143587858, 40.71610723517794, 40.74838617194481, 40.7498294899948, 40.740661253128806, 40.70619584104321, 40.722131671390244, 40.71330741801915, 40.72306445200581, 40.72476073170802, 40.744884587737225, 40.733627281495025, 40.73279820694418, 40.71853997445827, 40.73309066214463, 40.710683104254386, 40.7224450274974, 40.71816194592382, 40.72906002388024, 40.73302406355565, 40.72707567797069, 40.74282232350399, 40.71641719218994, 40.71438039857817, 40.73437102798217, 40.74306648242475, 40.74943514103912, 40.74652205916453, 40.72096029815507, 40.71217168159131, 40.72650156795977, 40.71962969410241, 40.74079068908743, 40.715548076533935, 40.713286775015405, 40.71779251720029, 40.72743998341567, 40.706890333465, 40.73524023542615, 40.7441291928747, 40.72877630151706, 40.743210348180305, 40.71958294823601, 40.72462907998491, 40.74086723106394, 40.726645549754764, 40.70595712259249, 40.7374275016522, 40.71938571062048, 40.71617803703238, 40.73852156498236, 40.710730899892475, 40.71870777922821, 40.72670629423704, 40.74094470140408, 40.70586408776896, 40.74097816585569, 40.73400739944581, 40.71490628236474, 40.74805157203804, 40.72285394335704, 40.72090472088175, 40.70876130632068, 40.706792569663605, 40.707602850779224, 40.72185545380148, 40.72485391937794, 40.735619251455205, 40.74127402881081, 40.714350809149515, 40.73830237707553, 40.71025721678207, 40.740194922144774, 40.73787384351165, 40.71268867424606, 40.717821679164956, 40.71782342864941, 40.74537027370681, 40.71545980607538, 40.720097357515336, 40.74615864687159, 40.70939663383238, 40.712604416427965, 40.740198619225566, 40.715003045769244, 40.73695465998497, 40.72938649018544, 40.71897218390909, 40.70730966243308, 40.74031348464193, 40.73735111873005, 40.74783881861201, 40.740761913434554, 40.74991579885515, 40.73210724100792, 40.729600789313984, 40.71975406853349, 40.730562229505836, 40.708673191207794, 40.73234206988569, 40.72088496223086, 40.707629346226156, 40.733678995963245, 40.740015607143846, 40.73269870350672, 40.73062083696812, 40.74051759438014, 40.74684085894264, 40.731735463737316, 40.74939477413387, 40.71350025421393, 40.72161012450599, 40.70663933402711, 40.74201163067666, 40.74327253893063, 40.7433340034063, 40.739752012629324, 40.745967034053315, 40.74171358269452, 40.73320024194699, 40.71579674059927, 40.73028761676798, 40.714464379803196, 40.707600289063755, 40.745377456121915, 40.75047715641313, 40.717637864833804, 40.72804625612932, 40.72258852792048, 40.74661917930904, 40.72707502611794, 40.7343394866975, 40.74485199391617, 40.73345619123878, 40.72445319691329, 40.74779386828793, 40.7431520709441, 40.72594747476614, 40.71888389420006, 40.7457624681003, 40.71402815289938, 40.74825776475746, 40.72695029483519, 40.749834997140866, 40.73879473906854, 40.70843006282508, 40.73515080564821, 40.728920293295715, 40.7150566126406, 40.71546080282774, 40.70710708275427, 40.71468393270288, 40.74357494173594], [-73.96549113874116, -73.99176555295868, -73.96331849748728, -74.01571183313912, -74.01550169035622, -73.97546016135723, -73.97921058349209, -74.013983878904, -73.97691869277133, -73.96888562576578, -73.97719070159518, -73.96002760732048, -73.96526639177662, -73.97522115424312, -73.9632106027654, -73.98618575202553, -73.98441177546071, -74.00068120868922, -73.96127080625833, -73.98798015211824, -73.99494719900365, -74.01207574153527, -74.00859269437329, -73.9996431840588, -73.96095963900684, -73.9794574862326, -73.9902177918492, -73.99462972380041, -73.98602827374894, -74.01567729592837, -73.98100044367386, -73.9599381350835, -74.00164053166976, -74.00221753710731, -74.00783405502925, -74.00289471871477, -73.99985937931824, -74.0022296901448, -73.97233440045338, -73.99048747777003, -73.98606205949505, -73.99365541873114, -74.00390512408498, -73.97065871225344, -74.0027450885154, -73.9891978492568, -74.00108488613618, -73.99744197467892, -73.96161118262191, -73.97805803872183, -74.00514781892356, -74.01178542366938, -74.01086247577457, -73.99627403454973, -73.99041050943958, -74.00937775289093, -73.98775980637328, -73.98350720502125, -73.98243376570568, -74.01173024402748, -73.98902380091597, -73.98443673844407, -73.99882221517748, -73.96908354731846, -74.00689199152711, -73.96496550858514, -73.97820712877903, -74.01042680110706, -73.99033696429552, -74.00194044095035, -73.96739406323042, -73.97563488761841, -73.98223563757865, -74.01632300737027, -73.9712175080655, -74.01016613950154, -73.97729731785608, -74.00242088138151, -73.97632629357349, -73.99177963406586, -73.97248829244815, -73.97198979445291, -73.98248262926246, -73.97744730329848, -74.00151827814001, -74.00132005800968, -73.97106061472286, -73.97909958476521, -74.00283579136249, -73.98853972567002, -74.01131665931506, -74.00174476824694, -74.01553460868911, -73.97782028216854, -73.97516187258945, -73.96670581256869, -73.97387793052957, -74.00302880913216, -73.95849762260588, -73.98218135333295, -73.98779264886993, -73.96818648120664, -73.98323644396677, -74.01665282167187, -74.01539204939068, -73.9597168733482, -74.01366655603896, -73.99822361106092, -73.96170940995884, -74.01478042671769, -73.99807942344479, -74.00847550149722, -73.97257512030463, -74.00465463110115, -74.00552228384929, -73.99940129273179, -73.97697998813938, -73.9912818546353, -73.97847542631484, -73.96178596265688, -73.99592314633466, -73.96427878463595, -73.99260008316202, -73.966369272564, -73.97503970415377, -73.99358201707796, -74.01287478601634, -74.0027992037089, -74.00939461383996, -74.01296744765294, -74.01452706858012, -73.98833817087132, -74.01139996651895, -73.98714976982772, -74.00845712840606, -74.00888781603287, -73.96704211998859, -73.97771474843076, -74.00226414255876, -73.962642518506, -74.00067363181125, -73.96272967189492, -74.00014040301177, -73.96079682673087, -73.96817712726514, -73.96506803158834, -73.9586987364296, -73.96417611938368, -73.960034574819, -73.96818695903937, -73.96277832454743, -73.98245018595371, -73.9771422334992, -73.99569391102595, -73.98888620193789, -73.99702371122586, -74.008842822698, -73.98420652669675, -73.97219239776032, -73.99957572092438, -74.01209741069306, -74.01450356504111, -74.01275673715548, -74.00932331332226, -73.99692930981978, -74.00437002226604]], "boundary": [[40.75072846340025, 40.75072846340025, 40.70566193659975, 40.70566193659975, 40.75072846340025], [-74.01713748217155, -73.95786691782843, -73.95786691782843, -74.01713748217155, -74.01713748217155]]}