{"center_point": [40.7615436, -73.9846295], "sample_points": [[40.740879244008724, 40.78314337986065, 40.77410953232944, 40.777863493153355, 40.77174967216604, 40.74952912395946, 40.759771716310986, 40.75335869070177, 40.75932335275285, 40.740897066552776, 40.76608960212, 40.74637755924851, 40.772072973862834, 40.76308528034636, 40.75167400327656, 40.75385296864332, 40.77112464034066, 40.761248376461786, 40.78260104213274, 40.78250977826897, 40.748941242207096, 40.74393405703832, 40.74160995325996, 40.77995727509625, 40.772262381249526, 40.75171683361821, 40.74030914935658, 40.769213962075966, 40.74159132400094, 40.771639525506814, 40.77631756645461, 40.74809413231242, 40.74419762800343, 40.74605808862076, 40.772227757309956, 40.75539223776554, 40.755633720934775, 40.783049244398796, 40.74926945874037, 40.74750446453735, 40.74682205457349, 40.77069970451483, 40.74501581655038, 40.76587896293252, 40.7781124707027, 40.78016235034552, 40.747305322678564, 40.7618263216053, 40.766023567513955, 40.76510927997074, 40.74113644053294, 40.776722157419925, 40.75916459484339, 40.767370559850775, 40.759617932135384, 40.78164273590157, 40.76290465712485, 40.739757098536806, 40.776092628726026, 40.76158689253715, 40.7665133415792, 40.739969206407665, 40.7786655284045, 40.76116513743613, 40.75191668711813, 40.7751143530122, 40.761702303284856, 40.75264737026993, 40.747321705879955, 40.770123939240975, 40.77386010963597, 40.76565091293547, 40.755614381783666, 40.77308076574019, 40.75383759761823, 40.76555875119142, 40.75137520993985, 40.77282911374088, 40.74669748505848, 40.7723784837326, 40.77641591430507, 40.7649131047254, 40.7699722637324, 40.75815751880608, 40.75877208531079, 40.781060875833184, 40.78239277490053, 40.770132517686264, 40.748796290554814, 40.74032956098695, 40.756547066306055, 40.744490269239904, 40.77735113198278, 40.75529417164019, 40.76299307877818, 40.776489631502855, 40.7436836859439, 40.761485155031956, 40.77650805911909, 40.762533615464626, 40.76742488186384, 40.757628681132665, 40.73965815154018, 40.77805063923703, 40.739323610601915, 40.75878340620177, 40.769837475947284, 40.77693362890901, 40.75854125391512, 40.77400140516902, 40.7693789607044, 40.78267102414747, 40.75982592457162, 40.75615588269996, 40.74168780979035, 40.778722172041746, 40.75335042838663, 40.75171575651924, 40.74468853607964, 40.746627264764385, 40.759322816031435, 40.74476520307135, 40.760774048763125, 40.75000879705088, 40.78204356443423, 40.77533676053777, 40.76971403114224, 40.76495665270965, 40.7680359584258, 40.77959809222724, 40.742302854079576, 40.75344663178802, 40.764228990465284, 40.75747704142134, 40.75776541034455, 40.76620172469507, 40.760666485199856, 40.75917996587555, 40.74399796425814, 40.75878736109895, 40.77583342829655, 40.76672328085329, 40.76532159937914, 40.74355907632285, 40.75773353967445, 40.76951903298086, 40.76813095665179, 40.759922867626756, 40.75988803799906, 40.77816310247068, 40.78266037585878, 40.775303139231056, 40.77498301285815, 40.742130228964825, 40.75697448285799, 40.776221417981084, 40.76504677578617, 40.74974898275792, 40.74237638441377, 40.7686303477598, 40.75420091579302, 40.74256768612602, 40.7697085817478, 40.747718063969096, 40.76411751595445, 40.78207899163349], [-73.98761636760003, -73.96121201631804, -73.96995793319581, -73.97588988163551, -74.00613019506687, -73.96980859777855, -73.98243988462765, -74.01299500122214, -73.99409194800577, -74.00325508320206, -74.00138891808524, -73.97974898660677, -73.96131078514007, -73.98319763646678, -73.96391770126246, -74.00214459295725, -73.99207187996215, -73.98367431783007, -73.969304481486, -74.01089506562717, -73.95890437035742, -73.96955445861592, -74.00883140867012, -73.96247276790552, -73.97187973742973, -73.98117642758478, -73.98278479361507, -73.97527553790393, -74.01000201269004, -74.00891938722214, -73.97392670911648, -73.9561277822734, -74.00552425686743, -73.96819197170306, -73.99591906244615, -73.97746391879528, -73.97067068234675, -73.99519813419603, -73.98845263080747, -73.97716329077616, -73.96205131674051, -73.98294323443974, -73.97132965990104, -73.96832917692687, -73.97947678062545, -73.96745214352632, -73.98714684205349, -73.95820518042153, -73.99818364904661, -74.00103932023667, -74.01127217715423, -73.97709787649863, -73.95630538321541, -73.99672932016881, -73.9854150617261, -74.01427839760377, -74.00091152194574, -74.00361568756377, -74.00618637343881, -74.00035781983524, -73.96204249693778, -73.96459811888855, -73.95785819243054, -74.0104985119327, -73.97650566507225, -73.98142124007285, -73.96835911586338, -73.96930248234283, -73.97465118954321, -73.95666531911651, -73.97625339237446, -73.97481441770417, -73.99649153514325, -73.95531328297953, -73.98211523146357, -73.96316231069623, -73.98311717504613, -74.0063964593682, -74.00524018172362, -73.96726424080231, -73.99315656692355, -73.9950899101867, -73.99149841336771, -73.97634415666346, -74.00987556263995, -73.98104025395634, -74.0105995563325, -73.95824277623304, -74.0064075993322, -74.00716330801542, -73.95601064206527, -73.97183371109526, -73.95504646055909, -73.97464308564689, -73.9696937780356, -73.955308166839, -73.96587819491198, -74.00566321088633, -73.96873819992264, -73.99420692932013, -73.95684275441691, -73.97420564230259, -73.95581067693932, -74.00698364663907, -73.98843631846903, -74.00429626139963, -73.97992473967794, -73.98686890957647, -73.97479569141979, -73.95857505467107, -73.97368870120319, -74.00982038314118, -73.9758674134958, -73.95693994959753, -74.01219695592215, -73.98737871104784, -74.00343243963842, -73.95878234966851, -74.01266109398976, -73.96539407516553, -73.9925428501683, -73.9872182030156, -73.98388245437685, -73.99047941521458, -73.98002890020493, -73.96134197787379, -73.97617216131262, -73.95542773926722, -73.98721568183669, -74.00909201430808, -73.9823918405856, -73.98060415190963, -73.98113450809886, -73.9634753955749, -73.98768704154881, -74.00950919687688, -73.97620291048129, -74.00705129287654, -73.98499045166429, -73.98723546427725, -73.99921272287092, -73.95857912066623, -74.01112099966153, -74.01050104889924, -74.01310415091092, -73.96976142384118, -73.97052571977513, -73.95699005809546, -74.00576266881511, -73.98382429163205, -73.9971998284503, -73.98154018806329, -73.97949716627323, -73.9877626305211, -73.97154820028615, -73.98251728972625, -73.96249447354602, -73.99301261198772, -74.00558185365396, -73.9839559700698, -73.97232961288138, -73.99659663462486, -74.00844520113657, -74.01119661624529, -73.99683330917833, -74.01125349941455]], "boundary": [[40.78407686340025, 40.78407686340025, 40.739010336599755, 40.739010336599755, 40.78407686340025], [-74.01427964581157, -73.95497935418842, -73.95497935418842, -74.01427964581157, -74.01427964581157]]}