{"center_point": [40.8838265, -75.6804196], "sample_points": [[40.870227058137, 40.87694068002925, 40.885196638390745, 40.87027908085217, 40.88583721550683, 40.902326887565756, 40.87357839775195, 40.876412337522936, 40.872151452419544, 40.8649789410439, 40.891883531819, 40.871136974462786, 40.88136814993172, 40.887479302164245, 40.884972337464305, 40.863801850158964, 40.87064476175431, 40.87048671287087, 40.89695211698135, 40.902760451744186, 40.872484108551284, 40.86911228861736, 40.86205844381987, 40.88429925478664, 40.86571491218415, 40.86855064086665, 40.86354613562944, 40.87241781113816, 40.898463410326364, 40.8724934660133, 40.886920684227206, 40.88695308275825, 40.89837543394478, 40.9005362056388, 40.8947427569129, 40.89195035544763, 40.881605651141214, 40.89375888977664, 40.87914953555852, 40.87135027989976, 40.8813400198331, 40.90300868786562, 40.8778341568873, 40.90483132831239, 40.90058974466977, 40.880621289523276, 40.86469678324349, 40.87851421633936, 40.90459373109627, 40.89085994629039, 40.88453393873076, 40.87642011955958, 40.89351151157691, 40.90411564194727, 40.89743229187035, 40.891721057219, 40.86363329959561, 40.86393871733615, 40.887458862183365, 40.88893964337073, 40.876772161388175, 40.885318251546536, 40.893690611027765, 40.882374888484655, 40.86801461757927, 40.87499222568457, 40.87934223077829, 40.86825954647499, 40.8643694110672, 40.8839551963632, 40.87754530605177, 40.892349320514676, 40.89886017902067, 40.87766373652805, 40.90400083077757, 40.90304829530402, 40.88000174855384, 40.90237943900495, 40.879112205567395, 40.89175993148456, 40.88009520806164, 40.87981410734356, 40.87374502722923, 40.90118336450116, 40.90383222306941, 40.905979555306004, 40.89285847614907, 40.89673390012728, 40.89412514243579, 40.87142120187486, 40.872020621875656, 40.904180708453744, 40.863758708148374, 40.8680601980596, 40.868543596975385, 40.88179303844726, 40.890428222787534, 40.89600135267853, 40.87096846422784, 40.890557828271035, 40.88570011911061, 40.871507926767535, 40.869740321368674, 40.899535715406635, 40.88511594165719, 40.89408993981776, 40.89726371588157, 40.89951162490958, 40.88695119957517, 40.88958305659841, 40.87711527192841, 40.887123728174906, 40.88627219600276, 40.862219377505724, 40.86899549294934, 40.89331315398762, 40.87715073445333, 40.86907170515973, 40.87837062649154, 40.8998048954211, 40.88524346709766, 40.868815621299376, 40.88547465912952, 40.89218455825123, 40.88542090248821, 40.8965661297278, 40.89909476325627, 40.86654123818072, 40.90202684630007, 40.89632235443727, 40.87427489946146, 40.868808569857144, 40.90494192638246, 40.861606028195716, 40.89286339392066, 40.88263229098137, 40.86824832088367, 40.8867808196542, 40.88867383240398, 40.886479619812796, 40.89505872612001, 40.88521792270264, 40.888713129843254, 40.88525340949168, 40.881568758300226, 40.88087147287441, 40.88120735444402, 40.90635975480787, 40.862658220422794, 40.87483731937192, 40.86640974232263, 40.8618549763512, 40.86858951413815, 40.88139739152015, 40.90568321128624, 40.906018252354166, 40.86427263340061, 40.87655184062047, 40.86688345940335, 40.89016703774288, 40.86797390164024, 40.8842405200309, 40.89932083731183, 40.884800182808455, 40.86979430657845, 40.88071595263368], [-75.65079632487702, -75.70250808282181, -75.7013771306632, -75.70325170459513, -75.70278199479337, -75.69776161748943, -75.67403697921625, -75.66661699873198, -75.67436241542521, -75.68669811702206, -75.67653456094986, -75.66782773554984, -75.67248298582517, -75.69760955356958, -75.65811539566289, -75.65533692683802, -75.65098707759263, -75.70692543605352, -75.68660674716047, -75.68879040975824, -75.70595869020703, -75.69330184417504, -75.69923030392702, -75.67174147646043, -75.67745080858943, -75.67122330670294, -75.69218433348195, -75.66682112945422, -75.70854050411094, -75.67912430957422, -75.70468011951866, -75.66439400088474, -75.69496089775917, -75.70470494993704, -75.70109193284421, -75.70689433985956, -75.69075004760843, -75.6900265541497, -75.6954721415044, -75.68385811245068, -75.66958390090106, -75.68606272546572, -75.67601218957078, -75.66906091318155, -75.66494049763509, -75.70055274825849, -75.69443740114652, -75.70929278207565, -75.693942212687, -75.7053284330243, -75.67340910412257, -75.68483666050588, -75.66752240135764, -75.6615126635189, -75.6744262746393, -75.69289386310867, -75.66620158441722, -75.65376680748089, -75.6876630269713, -75.67252635316171, -75.70457400878807, -75.6668260724209, -75.70305797382007, -75.69605250100435, -75.68005472533528, -75.68049025216006, -75.66423453185739, -75.68682785417077, -75.7007029389719, -75.70721636923747, -75.66802730947222, -75.65975394345278, -75.68056964769029, -75.70447440733233, -75.6903240796869, -75.69862829804426, -75.6753151828273, -75.70897009990586, -75.6556311129437, -75.66329841203724, -75.65097271106954, -75.6699101044341, -75.69082066901927, -75.69913564816544, -75.70064236856558, -75.69782845830701, -75.6808061542842, -75.7045196035343, -75.66474109912333, -75.65993335106477, -75.6702799232647, -75.66974049693901, -75.70755983840007, -75.66859365634866, -75.66196866138479, -75.6720277223887, -75.66664842988641, -75.70499539306414, -75.68577339490811, -75.65079225430368, -75.70927305030399, -75.6652005574067, -75.65534001529144, -75.6970285046328, -75.69178614014784, -75.66283163469026, -75.68108392477582, -75.66041949538314, -75.6715543655002, -75.66199262634231, -75.69731213026351, -75.66507440540418, -75.65321727290092, -75.65700129627305, -75.65634396711734, -75.6517360143162, -75.68593938726862, -75.70052104565086, -75.6815607893928, -75.66200605831419, -75.70782055991639, -75.68916637255474, -75.67760653750155, -75.67976328820754, -75.65128082194192, -75.68835957611685, -75.65733604890741, -75.70706572976381, -75.6764421672556, -75.69117872414925, -75.65710406283362, -75.65265548551366, -75.65710754022012, -75.65165011099627, -75.66347454817557, -75.6955383522647, -75.69287711404948, -75.70430936806105, -75.70757326263904, -75.65368914452101, -75.68222472203581, -75.67295200629863, -75.69474483686079, -75.70050986431883, -75.70019686042971, -75.70076752825983, -75.67172404208188, -75.6606600203624, -75.70171231251989, -75.69666450432126, -75.69836544558599, -75.674726783925, -75.7093411094409, -75.70632895332166, -75.65568959958745, -75.69692600745789, -75.66973233789784, -75.69237625508099, -75.6553042525995, -75.65756516693625, -75.65586334336469, -75.65221052899538, -75.6510243027232, -75.69033972831716, -75.65661970033119, -75.65122415766685]], "boundary": [[40.906359763400246, 40.906359763400246, 40.86129323659975, 40.86129323659975, 40.906359763400246], [-75.71012446227574, -75.65071473772424, -75.65071473772424, -75.71012446227574, -75.71012446227574]]}