{
    "boundary": [
        [
            40.906359763400246, 
            40.906359763400246, 
            40.86129323659975, 
            40.86129323659975, 
            40.906359763400246
        ], 
        [
            -75.71012446227574, 
            -75.65071473772424, 
            -75.65071473772424, 
            -75.71012446227574, 
            -75.71012446227574
        ]
    ], 
    "center_point": [
        40.8838265, 
        -75.6804196
    ], 
    "distances_to_center": [
        956.7337970780163, 
        1037.8967741130348, 
        1458.349005425722, 
        2841.994148039895, 
        435.66390058853204, 
        1550.438047664381, 
        2438.902800541791, 
        1400.9921707089782, 
        2173.8354414813416, 
        2136.5953348960775, 
        1342.2430436700347, 
        2735.4564244550756, 
        1360.8881446191315, 
        1971.9724318087012, 
        2154.0260732889014, 
        1024.6971114072257, 
        2580.232422058196, 
        1363.210491464728, 
        2497.2421579453253, 
        2113.48000601322, 
        2734.1077439042797, 
        2142.354529617804, 
        1592.8818586417394, 
        1486.8548622550422, 
        2479.933018460568, 
        1622.4338061586686, 
        3202.4717818278114, 
        2580.971852259477, 
        1185.0142241950468, 
        2693.1047149485394, 
        1999.3778422069956, 
        3338.9430285253857, 
        1590.9677500896898, 
        2580.7027405306267, 
        2961.0478614937406, 
        971.9017202706503, 
        2039.7788512103534, 
        1924.7342223471526, 
        1165.6173737066324, 
        841.9160395105187, 
        1464.1438984293584, 
        2390.92811620802, 
        1395.818107222057, 
        1942.5349489263604, 
        2074.1644833890887, 
        3460.270485931643, 
        2938.9978160138485, 
        1902.1321688852133, 
        2441.2738606872504, 
        389.3988118880627, 
        3316.4583640163823, 
        2261.5873175283123, 
        2649.582738459686, 
        1720.582049226002, 
        2063.928553817288, 
        1782.273652425789, 
        3164.228970135779, 
        1804.8912382231001, 
        2454.0266178902107, 
        2263.7537696824506, 
        1767.6756637446717, 
        1891.6279783136754, 
        2712.3602202168095, 
        2830.1935694819035, 
        2628.853776037394, 
        2046.3254956648793, 
        3230.750536834805, 
        2263.533497816694, 
        1461.9124174435708, 
        208.3107443631346, 
        2520.167258857186, 
        1650.478117884772, 
        1640.174080053967, 
        2969.666308456023, 
        935.5679832682904, 
        2042.6813278526522, 
        3264.0820141556114, 
        636.2288454316573, 
        1895.9620734347393, 
        2373.079518918455, 
        3121.528575469792, 
        377.4630689690698, 
        670.0066806033423, 
        2470.819026236932, 
        1263.0697906375915, 
        2241.5676407247233, 
        2573.303336429547, 
        1415.8519446424446, 
        563.05646639538, 
        2295.0562537779438, 
        643.1959815668113, 
        2509.344318602707, 
        928.4471069998629, 
        2044.6016027217966, 
        917.9414887545513, 
        2057.189012930925, 
        2192.505916957085, 
        111.49348042126546, 
        1876.8479362578, 
        1227.983233251733, 
        2331.9456696456964, 
        2116.545580336059, 
        1633.5222715157472, 
        1840.1825249951391, 
        2475.906822988655, 
        1716.2896378190064, 
        1901.2567032806342, 
        2723.218054837511, 
        1240.8992266378955, 
        2640.907650429167, 
        2460.0249238532137, 
        1790.8353691022785, 
        1687.0692595408618, 
        2062.716965904296, 
        543.4837656048885, 
        1570.8029846333914, 
        1013.4693538512191, 
        831.4081580457563, 
        1519.8242349767413, 
        1014.2826943697622, 
        2468.715449145486, 
        2356.456570277412, 
        1651.8022978317686, 
        710.4026065369372, 
        1893.606018285113, 
        2533.9244103825145, 
        2079.120710744492, 
        2767.045589858112, 
        645.064653279919, 
        993.5143558956305, 
        2474.957363961891, 
        1494.9118259422462, 
        1635.358509046283, 
        2309.748345156156, 
        2463.6146268778143, 
        2455.806403051294, 
        3020.3141724621664, 
        1749.221502832735, 
        2625.853575488731, 
        2506.700955767696, 
        2967.850614573845, 
        378.7243559625545, 
        2822.158035240495, 
        852.1384330733076, 
        2142.334324054195, 
        1092.9000210083827, 
        2138.664998906019, 
        2562.2081300106975, 
        1684.8098058952294, 
        2256.318394463594, 
        1466.7423805050228, 
        1994.6595657216383, 
        1035.9384727219683, 
        1459.5655134293502, 
        935.9001057650554, 
        951.5137965059511, 
        2592.073031567707, 
        2018.6943370468327, 
        1745.1093135942208, 
        2656.6095666569377, 
        234.63344600987114, 
        2170.300998255728, 
        2476.217279027513, 
        1241.7211095568698, 
        1827.3756330611413, 
        2473.3507233113
    ],