{"center_point": [40.8838265, -75.6804196], "sample_points": [[40.88318297472338, -75.6714634876659], [40.88272935827374, -75.65359673865362], [40.88812520202703, -75.66138366880129], [40.86474911151748, -75.65544767080706], [40.89751110717949, -75.70177646567231], [40.86441962600188, -75.66300443442044], [40.87867998446911, -75.66400678378328], [40.88230508155963, -75.67513575386195], [40.86445226133434, -75.70318364055758], [40.867785271073316, -75.67139738103944], [40.86378458084186, -75.68808249216325], [40.8613259964512, -75.70409088458155], [40.88293795356058, -75.66739943652841], [40.88615402999433, -75.6659978244814], [40.89035958674079, -75.7010327531474], [40.86183224019296, -75.65845765174764], [40.90156785716915, -75.6890825515641], [40.89435749509503, -75.68873857516022], [40.86446242220979, -75.6599445273166], [40.90356710223042, -75.6571867822826], [40.89429342676003, -75.66894985113703], [40.879102453593745, -75.65966159227888], [40.87568781259874, -75.68531649954653], [40.89245780115704, -75.69123899494366], [40.87432094905359, -75.67615699426484], [40.86659185738467, -75.65619700296669], [40.87449896784981, -75.66217670711316], [40.87497866905445, -75.6829957393179], [40.89949826911163, -75.65738410329756], [40.87868650457169, -75.67502440554979], [40.88697313233038, -75.70561645651952], [40.86719331394134, -75.67071471787655], [40.89385141031621, -75.68554097412714], [40.86148119386542, -75.66676082877643], [40.88554655913854, -75.65519669249802], [40.905296902976104, -75.6574528982212], [40.90242648884495, -75.69858679568163], [40.865063358625655, -75.68926625497492], [40.88218369978387, -75.69230605160654], [40.90139382859236, -75.6701511107279], [40.89538333616993, -75.65629990751628], [40.88556556054733, -75.66580396178823], [40.88971561039405, -75.68577998541443], [40.862226301231544, -75.68664395066452], [40.90376274780666, -75.68256947536787], [40.86788059487336, -75.70803893439569], [40.8689105663283, -75.67546413493365], [40.89070178600563, -75.65240807173292], [40.87823853473684, -75.7055765068065], [40.8955666997526, -75.7070476783611], [40.903102852187345, -75.6601217620732], [40.869762841448576, -75.7054676736919], [40.90431552362629, -75.70368361943214], [40.8977927258347, -75.68379200266824], [40.88156859431948, -75.68097212914024], [40.88110710275937, -75.70914447270933], [40.888797576505624, -75.6767142329766], [40.88512194370255, -75.67607596648351], [40.88850592759829, -75.69346711777337], [40.87354258429987, -75.67459019590557], [40.88335613105286, -75.66152712308927], [40.904060093234094, -75.7046358092667], [40.872945333200406, -75.68415946284405], [40.87469502082513, -75.68808135338311], [40.88827823994598, -75.68876624826407], [40.86551264209076, -75.67137511722547], [40.9047206660935, -75.6696890204448], [40.8951974425434, -75.6662505595755], [40.890471681295075, -75.69631144623344], [40.89758224629514, -75.6853051145473], [40.870856498108516, -75.65775011621686], [40.88500511993305, -75.70185710165507], [40.863338791228365, -75.68644956426321], [40.89117678322635, -75.65847861083098], [40.881697888135534, -75.7005842440649], [40.88008500450818, -75.65823900229026], [40.86997330598574, -75.70964968235158], [40.88908620956293, -75.66721928600805], [40.89504088987081, -75.67585569583048], [40.87644536966013, -75.69036420020166], [40.884465157778386, -75.69246513718238], [40.90180674614049, -75.66387153758598], [40.87599063915381, -75.66772161042], [40.87908415944415, -75.67372352404053], [40.889623902737014, -75.68146518622443], [40.882738945429594, -75.68258521357276], [40.88563645881386, -75.68781632519901], [40.88776552176468, -75.65955733599503], [40.877437038333476, -75.68116260904449], [40.873698516151, -75.66337950313674], [40.89996792497037, -75.67622383500293], [40.88681279464973, -75.68288087131063], [40.88156624099659, -75.68415245840691], [40.88174224631643, -75.66110125541954], [40.86847343659448, -75.67830532523463], [40.898571991910835, -75.65565977202596], [40.86600714327263, -75.66969792908402], [40.89950991472526, -75.70560403926164], [40.87112272560024, -75.65234211363851], [40.87331054326849, -75.67640947570379], [40.88639098003178, -75.67208274595006], [40.87252815547167, -75.69334059683585], [40.88224462636042, -75.68535227973668], [40.871323254942226, -75.67276398689113], [40.8775974733919, -75.67948366030053], [40.88566245980449, -75.6595211892447], [40.88055565581162, -75.65976473454363], [40.895734658964976, -75.66557706664433], [40.895068067838984, -75.65423187533729], [40.89854081473037, -75.66628932915637], [40.895440732606346, -75.68981291347043], [40.86615241868348, -75.70427034565265], [40.87452117897118, -75.70028160299093], [40.88582673795557, -75.6543108486617], [40.88236688188722, -75.65289249421863], [40.892402515861725, -75.67784624180406], [40.86567865118108, -75.69924848353011], [40.86207786435413, -75.67560597578404], [40.892044872388254, -75.68243989455094], [40.893208038188945, -75.68780201162278], [40.86475195257275, -75.66119416430136], [40.89908586051513, -75.68121984063762], [40.90072218967144, -75.68785261706212], [40.886447282771066, -75.65835656021268], [40.903695448625356, -75.65422233119398], [40.88042177455747, -75.66725977996768], [40.90470468573724, -75.70652327648412], [40.86680176594594, -75.65694894100457], [40.89073284297793, -75.67542986957386], [40.88326766824668, -75.70234323033361], [40.90553966412171, -75.66490398688813], [40.89734613427116, -75.68013145287232], [40.88226161933838, -75.68119480967472], [40.87342602702166, -75.6518536672475], [40.88912470247891, -75.69401656426552], [40.883791203386394, -75.66266381354461], [40.87986527987371, -75.70050048740549], [40.89715756662648, -75.69516204989016], [40.90162491867007, -75.69890201172885], [40.8977334943417, -75.65352881356087], [40.88530704519539, -75.68861907727401], [40.874137964699095, -75.67556660627118], [40.874770957983166, -75.68230173302464], [40.89349218757029, -75.66846029858597], [40.88702043194754, -75.68497897109005], [40.88754757558724, -75.69615224368734], [40.896427008959265, -75.66513604028206], [40.875462275494655, -75.65448276949749], [40.87378294871856, -75.66761368932463], [40.86384958680876, -75.6659345425703], [40.885412019757275, -75.66456551791748], [40.864402200917, -75.69291138839961], [40.8970734164223, -75.69937690967126], [40.88621881316316, -75.6993886010863], [40.90406783139144, -75.67955439613254], [40.882630202362485, -75.6827628189659], [40.872230121734894, -75.69720899286465], [40.88266924591998, -75.68475825300477], [40.90135512865341, -75.66145271523051], [40.88618258637014, -75.6912231417088], [40.89328372111995, -75.67304383799922], [40.901829372083725, -75.66975062129774], [40.8708784586066, -75.69608875542718], [40.892108023682496, -75.70187837026715], [40.87203376889614, -75.65611260407151], [40.90363653445619, -75.66355699679265]], "boundary": [[40.906359763400246, 40.906359763400246, 40.86129323659975, 40.86129323659975, 40.906359763400246], [-75.71012446227574, -75.65071473772424, -75.65071473772424, -75.71012446227574, -75.71012446227574]],