{"center_point": [40.74312, -74.0058102], "sample_points": [[40.744193033400656, -74.01998058807472], [40.73280085175084, -73.97836595179614], [40.73699509586116, -74.02907028319747], [40.73525903785851, -74.01479244097327], [40.758142757006254, -74.00435216469533], [40.73352854614105, -74.00121864508067], [40.76295168738943, -73.98019468930663], [40.74067496349442, -73.99914744308535], [40.7335278737072, -74.02124824499012], [40.728676788099655, -74.02141069525554], [40.74337291175836, -73.99320747202198], [40.73386694541681, -73.99594700999815], [40.72562909866303, -73.98339742585634], [40.76201913477321, -73.9859131944096], [40.73731606604211, -74.01574810535097], [40.76062073226874, -73.97927097848469], [40.72934200401341, -73.99679069975186], [40.75209950430749, -73.99923213801523], [40.73300834956382, -73.98893721820623], [40.728925273891825, -74.03191643377922], [40.72719668194218, -73.99894084676205], [40.73242897633981, -74.01082005775581], [40.758415279160886, -74.01650684201704], [40.74813125693944, -73.97844944314528], [40.72101455759073, -73.98046657948987], [40.73268198231596, -73.98456297270585], [40.7247629254528, -73.99435430483967], [40.74995964605986, -73.97686129475751], [40.75632774238331, -74.03234203386604], [40.764888003223184, -73.9880417704718], [40.75426508640226, -73.99249241409785], [40.742472064821584, -74.02874163071805], [40.746796025634865, -74.01198479416126], [40.725825753727875, -73.98229450347007], [40.75701179200101, -74.02302574591396], [40.72762525086924, -73.98821714238528], [40.74609852843781, -73.98049832254416], [40.73095376421289, -73.99236216651113], [40.729639871966114, -73.99567084928171], [40.72622603264844, -73.98682031426604], [40.76463050475701, -74.02581044061944], [40.752676238864154, -74.00086465458836], [40.73013269735344, -74.02207175828717], [40.75709777237293, -73.9872957727853], [40.761767163676794, -73.99230931630498], [40.76414425627254, -74.0101645140901], [40.73192227075329, -74.02780177642792], [40.743116454166575, -73.9858682296044], [40.75715437805059, -74.03053120540288], [40.73717938211973, -74.01523274277878], [40.74025698400473, -74.01954980497396], [40.760486462478, -74.01128202972696], [40.72212813005076, -73.99086604518885], [40.73484326521252, -74.01519253018478], [40.754392988446035, -74.00363765719064], [40.725204468863865, -73.99998294617109], [40.762788744366375, -74.01431509325722], [40.72423571992503, -74.0172461073425], [40.74165238051342, -73.98775820387353], [40.72589139721334, -74.01574624044629], [40.72724978684457, -74.00099077286902], [40.72864934482266, -74.01039077745249], [40.75116910962344, -74.0260731510088], [40.75621572121208, -74.02361504034138], [40.73411782795783, -73.99511181522713], [40.738888066836026, -73.9907084125059], [40.73429592434614, -74.03488714993613], [40.722177212660014, -73.98931805796369], [40.727525455212614, -73.99892592037637], [40.76069953366169, -73.98677497178768], [40.75905878779459, -74.01026075038011], [40.75946640053129, -74.00425802854198], [40.72399995715707, -73.98957713114882], [40.72539695879186, -74.02563571318896], [40.74919013800498, -73.99651125251499], [40.73372511343459, -74.00997549944886], [40.724916154052615, -73.97801836938312], [40.73016228944987, -73.9774897595292], [40.754383760341064, -74.01928643005603], [40.76555641826215, -73.99028900031513], [40.72995347104026, -74.01588807306425], [40.720894276990656, -73.98113732992734], [40.760742346295096, -74.03102337203099], [40.75433091033286, -74.00845268540003], [40.7533150664259, -74.02767657772822], [40.728949258625306, -73.98180610849603], [40.73421072876974, -73.99964387643034], [40.74684992141426, -74.00273999112989], [40.7352006942167, -74.01360590529094], [40.72309556842716, -73.98831239283393], [40.764917994998186, -73.97775457460803], [40.72590220897195, -73.988429395696], [40.755486801659195, -74.00497049122819], [40.764862023160525, -74.00258359562561], [40.73285920903139, -74.01571978236144], [40.723836582524136, -74.03487414682807], [40.7293565599991, -73.98048369320766], [40.74098085274905, -74.03355012664494], [40.748559028999814, -74.00224187009887], [40.73300310238733, -74.01763819914271], [40.72166705297133, -74.02985993362037], [40.738361070793424, -74.02473030760598], [40.739882387587784, -74.00295476698332], [40.764794931170755, -73.99456041859406], [40.7638535907319, -74.00254799167647], [40.759962113885045, -73.98058732399868], [40.72945460538313, -74.01149270458818], [40.7463108241128, -74.02813112439232], [40.763811101017325, -73.99318654594161], [40.762517123667465, -74.02099493961425], [40.73982539401595, -74.00662402225127], [40.73766587898112, -74.03083963634921], [40.72661698274005, -74.01100167605344], [40.75945747766089, -74.01806679819751], [40.726103088721736, -74.01226660739006], [40.74204968023057, -73.98367999883692], [40.751728926556986, -74.02204190365251], [40.762406052926, -73.99652566906266], [40.73018027486157, -74.0344407642614], [40.732906550652, -74.02450071326327], [40.762011305135395, -74.02072501978101], [40.733557930523936, -74.0291957013413], [40.757542089222085, -73.97948290022632], [40.75906208020165, -73.99834303058654], [40.76266597474051, -74.00355157927426], [40.74397452075555, -73.9945599473316], [40.743368333403495, -74.02854813669565], [40.73818688949818, -74.01606874481622], [40.75536906446941, -74.01356314309643], [40.737920545751166, -73.9939922603623], [40.75469808771454, -74.03097155157556], [40.72390953311043, -73.98293603179503], [40.764426670659205, -74.00431304972551], [40.75322549913832, -74.02680003192259], [40.73909171005633, -74.01947993456254], [40.750058116801085, -74.03505061413877], [40.75172651192683, -73.98678558145711], [40.722226839221904, -73.9842999952441], [40.73183166165051, -73.98013690423961], [40.72640526465331, -74.00859963816133], [40.762950132189346, -73.99625839547056], [40.74137167782998, -74.02802176423224], [40.75626307909423, -74.00619310493572], [40.72608150519555, -74.01064828169352], [40.753679545291, -73.98063267699972], [40.74700948847716, -73.99543802721243], [40.75628556458588, -74.01880794368009], [40.74063658083757, -74.018382650698], [40.76293483495102, -73.98975427535876], [40.752283990059375, -74.02655010622173], [40.76144300755531, -73.98217446322556], [40.73294261325186, -74.02397363094205], [40.73969408797963, -74.00054163451586], [40.7600819254391, -73.99111319874876], [40.75161651601639, -73.99562889427756], [40.74300344641383, -73.99277174848207], [40.72344272258893, -73.98440675508277], [40.750017683212846, -74.02957185758476], [40.72250004160253, -73.99881162616613], [40.731801092991375, -74.01021971599933], [40.72080851157326, -74.01133243416534], [40.72679734151771, -74.01185974273201], [40.765219221818285, -74.0326960843466], [40.72665006897453, -74.03312607667534], [40.74282767283659, -73.99426059411608], [40.74810684643715, -73.98639732690118]], "boundary": [[40.765653263400246, 40.765653263400246, 40.72058673659975, 40.72058673659975, 40.765653263400246], [-74.03545213118636, -73.97616826881364, -73.97616826881364, -74.03545213118636, -74.03545213118636]],