{"center_point": [44.632285, -92.649891], "sample_points": [[44.63634096619672, -92.62906269777477], [44.63536677194071, -92.64567024070944], [44.64816792828692, -92.65573909617001], [44.61807302334191, -92.6207502256185], [44.644780621733695, -92.64926015078828], [44.62353474016046, -92.65051126984264], [44.622212932833754, -92.66757548731022], [44.65399234226298, -92.66712527573456], [44.629048645808496, -92.67629755610717], [44.649888873080904, -92.63650060034327], [44.61414171525227, -92.65253570643239], [44.64952606926099, -92.66868451823453], [44.63954045864665, -92.6495986937469], [44.624748950751396, -92.6583227846405], [44.65001223489792, -92.65858857392665], [44.61518630355205, -92.67678256426692], [44.60987664824404, -92.61920355981572], [44.62811648804214, -92.64742578581398], [44.617240310377674, -92.64982694177253], [44.64836761403151, -92.64240929186893], [44.64062999403241, -92.679061858718], [44.63554263246699, -92.67371812392177], [44.62788435000281, -92.66621976633226], [44.65028175072633, -92.65677153108226], [44.61698035898728, -92.64339316124584], [44.62252410293924, -92.62118277272107], [44.62183793126472, -92.65078044674435], [44.64909181293807, -92.66883221102854], [44.634854486014646, -92.65828745453369], [44.61137675265461, -92.66071449608545], [44.61899911731388, -92.65154243229495], [44.61843528465917, -92.67657441421193], [44.61274957697071, -92.67207919604544], [44.64826571045781, -92.63609353156876], [44.654166727674635, -92.6788859440154], [44.6119080404948, -92.65683333525259], [44.645010543773324, -92.64124062785498], [44.64888616870698, -92.67702961766868], [44.64138685392416, -92.66078203309716], [44.642382250037016, -92.64427520555024], [44.63562561939997, -92.64200848554924], [44.647820068059936, -92.65787831158366], [44.62123640745804, -92.66598561239745], [44.650365562905094, -92.64753348890136], [44.61990473233779, -92.63693357990525], [44.64033317130621, -92.64508614550168], [44.63955824576175, -92.62049832140542], [44.65218382052845, -92.66663163016796], [44.64459543576017, -92.68027906242574], [44.63510265419991, -92.626246847001], [44.62212289490832, -92.65008982410511], [44.61140689780832, -92.67979659995156], [44.618904518015086, -92.6781579629997], [44.63119358493354, -92.64109274792277], [44.61642499607749, -92.64731544094111], [44.645607664702545, -92.66638689854695], [44.631145445743975, -92.65705142310863], [44.624096254259825, -92.65420002972611], [44.6348411439509, -92.65301378098181], [44.65267104544105, -92.64781082940985], [44.649182572203785, -92.64362526385086], [44.63077853236606, -92.64484437984437], [44.61331703183841, -92.65855689029273], [44.61075137318163, -92.6200480364624], [44.621103009103265, -92.67974941016539], [44.652129224590716, -92.66224415475358], [44.64735581813047, -92.66617012286464], [44.6466845760226, -92.6265484743969], [44.63515085462224, -92.64183829631762], [44.648313762021694, -92.66922846898149], [44.62901930883965, -92.64451482556312], [44.621437300920014, -92.66330089480051], [44.64349943349226, -92.65351251755432], [44.62959636155289, -92.66599483259425], [44.64140117730796, -92.66927419804804], [44.648229666970536, -92.63596111205506], [44.65368359353332, -92.67210406825185], [44.61186429461366, -92.65335710692781], [44.61697117489288, -92.67444925918778], [44.61451308575318, -92.63310534976918], [44.64562397340526, -92.65070080443962], [44.65421207990303, -92.67645356093448], [44.62364863551634, -92.66133753927102], [44.610666980613196, -92.61973149299608], [44.64596707855654, -92.62218071571799], [44.612461254793175, -92.62772684964841], [44.63322436609114, -92.64271062075244], [44.62244669587976, -92.65432065341352], [44.62433057811591, -92.65105811981404], [44.63741274253827, -92.68107602091368], [44.641199253953815, -92.63264967777705], [44.620105890319984, -92.64028801938731], [44.65405185291045, -92.63038472591533], [44.61765211223672, -92.64399812638888], [44.63414556911436, -92.66274246094443], [44.622525306581274, -92.62972869891173], [44.61247093040438, -92.67788846008317], [44.64662087419168, -92.64334943676852], [44.61609124104928, -92.63145599288957], [44.627181342154, -92.6779538282644], [44.62652504673586, -92.6652368128805], [44.63512127467763, -92.64365860348991], [44.63677170348755, -92.6502039513699], [44.612628889270034, -92.67683799054683], [44.6155533903946, -92.6474308157537], [44.62262181589218, -92.65243256264742], [44.6503835575221, -92.62563385372192], [44.61246947906737, -92.6731339545469], [44.634322436829535, -92.63352904107693], [44.61791903258671, -92.64382501835334], [44.63707395091585, -92.63909274396829], [44.621658727220854, -92.67289483644109], [44.632195038622136, -92.62763499776014], [44.642464677390805, -92.65640893247966], [44.65247280818253, -92.62923699085061], [44.62928751558217, -92.67870065774969], [44.63740372618564, -92.65751660299809], [44.62333612226558, -92.63655580809518], [44.642965382056914, -92.64723637057999], [44.637146028350365, -92.67594027844787], [44.63925090199569, -92.62493079954086], [44.650073367007515, -92.63602693705826], [44.65338364617749, -92.64099354952107], [44.64638633955021, -92.66982506906338], [44.63438888174535, -92.6781938684732], [44.63685795987506, -92.65529728176047], [44.63980877283972, -92.61932359694308], [44.62050892529709, -92.67592668066744], [44.629382702089906, -92.63108413247033], [44.65030857800984, -92.67941981515935], [44.61455506736602, -92.68128701775169], [44.647465980589864, -92.66079493349488], [44.630319620924865, -92.65678378609506], [44.636193164172674, -92.67219700151479], [44.65279307860737, -92.66072432239629], [44.61502258083414, -92.62953024572904], [44.63625708266421, -92.67659942447465], [44.637944260649064, -92.67290950355853], [44.64309122855997, -92.6312045466862], [44.64741341520111, -92.65791684996742], [44.636107943274965, -92.64312918318183], [44.63466566393209, -92.67311489231768], [44.64588296953151, -92.67688243725098], [44.615039431662794, -92.63087380821327], [44.64304085901829, -92.62988097981517], [44.63804647681875, -92.63410881295529], [44.61855633906358, -92.65763967122318], [44.644953528247385, -92.66063076320422], [44.64149414153875, -92.6617070243273], [44.6273029579134, -92.637157318816], [44.6139271095711, -92.65808638173705], [44.63308531985953, -92.64906267079543], [44.642468647775104, -92.64005197101642], [44.623152533096615, -92.68109043302056], [44.62011663933017, -92.64455507596139], [44.63854559682619, -92.66261467087921], [44.61811172539353, -92.6269878550828], [44.65187412140352, -92.64144739831917], [44.63440464609617, -92.6535679473486], [44.640635248604205, -92.65765585420003], [44.61876421563886, -92.67795491769073], [44.63394993089034, -92.66743760208868], [44.636530564187, -92.63934891736244], [44.6097583070487, -92.62540329313201], [44.64009601743811, -92.67466686768654], [44.619687220156074, -92.65715610932456]], "boundary": [[44.65481826340025, 44.65481826340025, 44.609751736599755, 44.609751736599755, 44.65481826340025], [-92.68144953943481, -92.6183324605652, -92.6183324605652, -92.68144953943481, -92.68144953943481]],