{
    "boundary": [
        [
            40.66456226340025, 
            40.66456226340025, 
            40.61949573659975, 
            40.61949573659975, 
            40.66456226340025
        ], 
        [
            -74.10704799251208, 
            -74.04785400748791, 
            -74.04785400748791, 
            -74.10704799251208, 
            -74.10704799251208
        ]
    ], 
    "center_point": [
        40.642029, 
        -74.077451
    ], 
    "distances_to_center": [
        1898.5128158601776, 
        619.147068922807, 
        369.0519617089214, 
        1392.1552861838418, 
        2054.695963596914, 
        2318.40844751612, 
        2603.151767075865, 
        2438.1750030528056, 
        1887.2051957648116, 
        2543.8460956506797, 
        905.5040031863807, 
        2369.806691587515, 
        2496.961608257926, 
        1415.8665223536568, 
        2159.3550469744764, 
        1914.4082876357286, 
        2452.133592704618, 
        1937.9822061808266, 
        3051.8566354796308, 
        1616.9545499773794, 
        2389.656195258785, 
        442.16059978786774, 
        2659.237184213235, 
        1561.3161991331265, 
        342.938344338261, 
        2355.2399474739364, 
        1821.671805108263, 
        2183.684190867768, 
        1970.3663007728862, 
        2356.5911696690487, 
        1989.1736943710373, 
        2197.233060134314, 
        2672.8260124810604, 
        2208.209321424717, 
        1084.7820257904539, 
        2278.326702186893, 
        2781.1332713939173, 
        512.3381853371936, 
        2568.70011216587, 
        2137.0283127339844, 
        2834.371583252581, 
        1229.8776125813727, 
        296.2860438271325, 
        1567.6169964361598, 
        721.0688401534425, 
        2110.546833079988, 
        2782.865900943429, 
        1165.4198712537661, 
        2153.360210040624, 
        900.999348306988, 
        1626.6252663894966, 
        1819.4627724251172, 
        2321.6744835783843, 
        2266.1492158483197, 
        3257.050960091024, 
        1420.2648103607403, 
        1031.0735038519272, 
        2666.937987961742, 
        657.4294504068374, 
        2642.466134556493, 
        1475.5312867820153, 
        3317.872832329921, 
        1705.3320507862293, 
        2135.7293291155347, 
        1136.6408059130213, 
        2659.061888843835, 
        1906.8846853292864, 
        1552.316533076187, 
        1250.1916439189588, 
        1898.158070166078, 
        2661.9245450173994, 
        2259.9467534013775, 
        3033.271905349488, 
        3325.2987608677786, 
        1196.8457622191304, 
        2316.6132552692607, 
        2567.344735867691, 
        1158.3242275919067, 
        2201.325296138798, 
        845.7959886004418, 
        1897.43078127355, 
        2129.4750709648956, 
        2398.4137874135017, 
        1456.6407867197324, 
        2916.8886343601093, 
        1253.8938734934786, 
        3174.616236730846, 
        1343.6014412668628, 
        2037.9669472570492, 
        2497.349178651817, 
        2863.033980232043, 
        1035.200357506636, 
        508.19889362071535, 
        3070.9370850092305, 
        2452.37971596183, 
        1822.0133580635832, 
        902.1350518451771, 
        907.1635688677399, 
        1120.7947656679173, 
        2708.201222403573, 
        2969.89964295756, 
        1352.41514696716, 
        1846.923026439299, 
        1562.616954921715, 
        1708.3827796744386, 
        782.0145132979047, 
        3161.044305078416, 
        2188.0184893706605, 
        993.8426029924066, 
        2432.979176817139, 
        2783.6260866393313, 
        1987.8639911514413, 
        2006.7555676904014, 
        2555.7924245544564, 
        2158.1837898982553, 
        2761.496671400233, 
        1596.958564971234, 
        1025.5333451861825, 
        1569.7657244552047, 
        1140.9818122470942, 
        1524.5888287046566, 
        2276.7116293685535, 
        1115.517474921927, 
        2854.4169661419505, 
        1657.8768968023908, 
        1316.6493237769532, 
        2778.1871113364655, 
        3017.9429109705793, 
        2666.4732751414513, 
        2768.4394708868163, 
        1743.9199905459293, 
        2433.9094309619513, 
        2169.2899025693264, 
        577.9490285537732, 
        2321.4269464703902, 
        2178.833863402159, 
        2913.110224589024, 
        2219.2997175134406, 
        916.8857580889608, 
        698.7558465889381, 
        2087.225671969007, 
        1806.9160805223655, 
        1171.0887223086852, 
        3347.2072400600237, 
        3082.897434024058, 
        375.433123176393, 
        767.6798279166924, 
        478.0350720008979, 
        1589.0415734444302, 
        2936.8509647529545, 
        2110.8411099721243, 
        1356.2206050330133, 
        868.2385550748259, 
        2685.9383874771083, 
        2898.132480160801, 
        652.0532317642792, 
        2199.755244667369, 
        1885.3632764335537, 
        2320.421381669407, 
        1291.518269492003, 
        2219.3578082695144, 
        2462.7151949570375, 
        1895.6612963570078, 
        1587.8663355164033, 
        3404.817132212656, 
        3121.2639955244913
    ],