{"center_point": [40.642029, -74.077451], "sample_points": [[40.66160282958856, -74.05371988549402], [40.62511899443187, -74.09727646658385], [40.62512503979717, -74.06031256019143], [40.644954079023314, -74.10494465626472], [40.65811874060983, -74.0649488637655], [40.63745477421683, -74.10195434125194], [40.63414881318095, -74.05918022319052], [40.648717251722324, -74.07802075218432], [40.64360621515597, -74.05286705599404], [40.64076663021832, -74.06418992724494], [40.63645270456696, -74.08945064934402], [40.66197385762645, -74.06574033735991], [40.64758760280395, -74.05141507539328], [40.654223590854635, -74.05913807538903], [40.62064344403053, -74.09240270248308], [40.633303701533954, -74.06177943011893], [40.65013966198817, -74.09766662086263], [40.63861196378226, -74.09475299572402], [40.66090072369102, -74.09949650457486], [40.6336567241975, -74.07317639457023], [40.64471589961337, -74.05400344254872], [40.63029093440945, -74.07073171370924], [40.63426120847166, -74.07513039356567], [40.6488293860336, -74.04799488383249], [40.63038565369476, -74.10620430751541], [40.6529193145446, -74.05684847414051], [40.626368557440564, -74.09794337744653], [40.62895937975114, -74.10256870232362], [40.63746072448931, -74.05272890668046], [40.658949843576195, -74.05471468005372], [40.66303834856306, -74.10289103788827], [40.656415786486335, -74.09900447015755], [40.651794836985815, -74.06458372481487], [40.624991917604724, -74.08125946153893], [40.664089817653895, -74.07474229949364], [40.62128100447683, -74.06371215848924], [40.6314812544337, -74.09886839672927], [40.65697692129042, -74.09912666112102], [40.645180789427684, -74.09658636303725], [40.632609690234524, -74.0885334014535], [40.6571362720752, -74.05120761432009], [40.644537802697506, -74.09692968847565], [40.65339791837244, -74.07288001997425], [40.63571961527546, -74.09658148070247], [40.640675231263636, -74.07131586240176], [40.64767742074037, -74.08596043632417], [40.636820868087675, -74.07411251579373], [40.65884200274824, -74.07820387769014], [40.63611477344089, -74.07658588511457], [40.62039158260006, -74.07122569868348], [40.637645799896255, -74.08577754015815], [40.65207375511666, -74.08093287394485], [40.634868424382, -74.07345072949917], [40.654960215895414, -74.06679556982293], [40.6636062486961, -74.10006687854549], [40.6302501557006, -74.04938482448482], [40.63812819416787, -74.07729238370871], [40.639000967785385, -74.06492276025773], [40.64280893532379, -74.08689659791148], [40.66208642906677, -74.05820143007826], [40.65039492919689, -74.06774160268613], [40.64941501552218, -74.06111360953045], [40.66185888542269, -74.0674205412941], [40.62422771783317, -74.063372191684], [40.6243721495533, -74.09808215493503], [40.661990870592646, -74.07684114358446], [40.62223747750902, -74.05608620742765], [40.65543084160523, -74.08215092186225], [40.63233165749075, -74.060462158314], [40.660530015663895, -74.08331809540444], [40.62159512905879, -74.07255874287542], [40.661435330704606, -74.07939251633705], [40.660942016962025, -74.06926086052971], [40.66194111946319, -74.08380755579256], [40.655800220112184, -74.06359275317661], [40.6420347413604, -74.04790351696207], [40.66425729093569, -74.06214360130976], [40.620311966917, -74.05351659735999], [40.63171369458111, -74.06724550875002], [40.66236153828743, -74.09953952152678], [40.63872731909199, -74.07022909339337], [40.64511766715248, -74.05250845181371], [40.63280977899938, -74.05173464330055], [40.65486994916577, -74.05834511842318], [40.621347308643614, -74.05617012793383], [40.64728557032573, -74.05199694884698], [40.659971163891605, -74.06404454847852], [40.63805737763355, -74.0861315888587], [40.638353577618005, -74.1060299518591], [40.63660856514815, -74.06650459232598], [40.628287391478345, -74.06182987728879], [40.63992761788705, -74.05601874772006], [40.6530407534566, -74.10389422213717], [40.62199848154568, -74.07135287226636], [40.64614117366923, -74.09336936519635], [40.622393315493, -74.1025112148044], [40.64315348061909, -74.07406469826842], [40.623567514839124, -74.08689525939992], [40.66174868168454, -74.07630076379166], [40.66180942747165, -74.07580568354253], [40.651969861792836, -74.05073748688876], [40.62010016470524, -74.06938078068517], [40.63826106531507, -74.10445198314922], [40.62012988047029, -74.07503066848815], [40.64441068014921, -74.07204606386775], [40.64621922626631, -74.09611373527017], [40.640288112204836, -74.04974068735407], [40.65137295641939, -74.09403841890943], [40.64627382516886, -74.1066502023681], [40.62930055145813, -74.10354555793252], [40.662831653203924, -74.10026814379046], [40.63550739719354, -74.06980534635076], [40.659593988370965, -74.07000044289818], [40.625905076649865, -74.09996475769438], [40.62005414646122, -74.06398542359824], [40.62727695908268, -74.09326682189906], [40.65994088514583, -74.07224121092298], [40.66446663397115, -74.10536108522024], [40.63007870814342, -74.05122427149126], [40.626947938245046, -74.08171309066918], [40.659964658015944, -74.10031781956802], [40.639362861385635, -74.10052627306804], [40.644140696409615, -74.10182546441345], [40.641401977939935, -74.10581210829615], [40.65648868157023, -74.07375715862452], [40.654577239817705, -74.09231775387256], [40.64103564306893, -74.07461615211413], [40.63582395088267, -74.06291492342505], [40.634676952163815, -74.10526985957007], [40.64337573387632, -74.05430459838753], [40.660770214479065, -74.07513286837995], [40.639076279208396, -74.05754808115067], [40.63533065770458, -74.08177174115367], [40.64864625599899, -74.0509779774797], [40.63451868367193, -74.08386442544868], [40.63722639509944, -74.08534710472983], [40.65260849751899, -74.05677310479494], [40.6313982562258, -74.08768252058408], [40.64232352815334, -74.0750144370356], [40.626588285368605, -74.05238868020676], [40.65283593664783, -74.0652559057875], [40.64494712816855, -74.08882401274833], [40.64496881429428, -74.05390055165525], [40.65908982627331, -74.09231357559314], [40.662736106103026, -74.05733741296243], [40.63192920797139, -74.09446048988498], [40.64687016528013, -74.08521811210827], [40.62938092352604, -74.0790361361179], [40.636082949801576, -74.09458019812354], [40.65029638848674, -74.05745087227695], [40.62770180848572, -74.05688729080654], [40.633798557002464, -74.08712589979663], [40.63049698240746, -74.10174807274883], [40.634355007071846, -74.09125719799758], [40.634132081252126, -74.08535804866256], [40.61979770475524, -74.09574319319576], [40.62004540684216, -74.06967014090307], [40.63570734747267, -74.06818814998697], [40.642811401088494, -74.05491726807759], [40.62799690694426, -74.06796906691578], [40.625279969644204, -74.06864062110604], [40.62346374727995, -74.07376190746129], [40.641470689238545, -74.06105604778985], [40.623677915053456, -74.06048203393757], [40.62578464047515, -74.05806651402868], [40.6537709093348, -74.0871089670497]], "boundary": [[40.66456226340025, 40.66456226340025, 40.61949573659975, 40.61949573659975, 40.66456226340025], [-74.10704799251208, -74.04785400748791, -74.04785400748791, -74.10704799251208, -74.10704799251208]],