{"center_point": [41.693585, -87.5079435], "sample_points": [[41.67172265798819, 41.71273891188759, 41.7147780564459, 41.69904601009678, 41.67566351160222, 41.69867836625383, 41.67510055780024, 41.70326974951116, 41.70790390066068, 41.70720892962946, 41.699706687457315, 41.70039310247865, 41.67690784793493, 41.70827791217473, 41.69017568413003, 41.69129167918607, 41.709033176439, 41.699572714242585, 41.67949560966049, 41.683918023130325, 41.672607789302916, 41.70011107633514, 41.68399757337854, 41.68434941576624, 41.68562115207723, 41.69044165676035, 41.69882170923097, 41.67895978883093, 41.69591435665074, 41.68502064646679, 41.68555064381486, 41.68660052722827, 41.690195325327544, 41.68358470947035, 41.68303251309365, 41.712396695544065, 41.69988029895258, 41.697711715468195, 41.67747187915777, 41.71216328745393, 41.67875269012483, 41.67863212479072, 41.71309671601596, 41.70084390101362, 41.68439587754285, 41.71285380274867, 41.707137168291496, 41.69854925350191, 41.67825353461081, 41.680448586450986, 41.71050240454877, 41.70175855964995, 41.69261776192599, 41.6938305310201, 41.69929395049335, 41.67233120587704, 41.68741445205095, 41.68219621785461, 41.68080738784987, 41.70197836080577, 41.71064583048596, 41.710221184117046, 41.70014358582345, 41.686152154064345, 41.685045096414356, 41.6995509440316, 41.70467224360002, 41.695375428344946, 41.69267627458816, 41.69553609218859, 41.69119305798624, 41.67244460762837, 41.7104509300494, 41.69825427352578, 41.69763800380511, 41.69383279145779, 41.67845816640743, 41.68442104093605, 41.67204691024366, 41.67347999542956, 41.70276904052716, 41.69090626580702, 41.70897640803003, 41.6903133996394, 41.70670074939938, 41.69239738458404, 41.707379485761145, 41.686095900812305, 41.69235469463791, 41.69710603790653, 41.68129315577434, 41.71188744239886, 41.7090591040293, 41.70511046812054, 41.69132458933672, 41.695672502620525, 41.70187290010192, 41.69780605103041, 41.671214613433925, 41.67215018087915, 41.71365003318115, 41.68921603750696, 41.714840278148614, 41.674722301434194, 41.70091375721448, 41.6753770790368, 41.69216004249618, 41.69607642528539, 41.68050103849944, 41.701125896127195, 41.70612409279448, 41.69037327853437, 41.671745544758444, 41.67597916736818, 41.69422622504321, 41.71406080441996, 41.69032253877041, 41.70298191659493, 41.6834435361757, 41.67237024423757, 41.704643344055704, 41.68576054252361, 41.678611447000115, 41.680256448306125, 41.70269421122858, 41.71413919450918, 41.69066362729668, 41.690580607005835, 41.6844049885818, 41.71473236818676, 41.701201927826666, 41.679475225688584, 41.69041851346979, 41.714132225772325, 41.69509189638692, 41.695671984797634, 41.684740260170315, 41.69771284790235, 41.68226214119796, 41.71354480049145, 41.705637021658106, 41.70580977337365, 41.68707206439241, 41.71183058532101, 41.69477345082406, 41.71314714412526, 41.710816491584694, 41.689696842201094, 41.69659028831258, 41.695808173053344, 41.69757971425861, 41.70148930471255, 41.672997882374965, 41.70512388598223, 41.69101593121068, 41.704913865055026, 41.70233330164481, 41.677516336994096, 41.688810066961054, 41.70742619673535, 41.70862217881618, 41.6897339341321, 41.70137351573085, 41.70888395503574, 41.69923115945857, 41.67602359804861], [-87.49575301471488, -87.48829836679944, -87.5103071535398, -87.53324992849589, -87.52688188119255, -87.52131216040394, -87.50875969328185, -87.50861811906036, -87.51665506321946, -87.51150500886371, -87.53757236373576, -87.49718158174589, -87.51373587433504, -87.52809627271796, -87.48451884622055, -87.5071159057179, -87.5034202499114, -87.49052878480839, -87.53538787872328, -87.48266357852194, -87.50022859961133, -87.51706825678106, -87.50587151768512, -87.48410519086853, -87.53064028736165, -87.53744912172641, -87.48486601902113, -87.52101306092902, -87.5353666873381, -87.51567233341224, -87.50640819193487, -87.49485450938064, -87.48392555383944, -87.49037581478106, -87.50794140597588, -87.51187657256337, -87.5167987610755, -87.4959499128944, -87.53091343098242, -87.4980690839169, -87.52718308709396, -87.51609674927003, -87.48702180944342, -87.48773174602056, -87.49170851236364, -87.52699228800415, -87.51526553873211, -87.4815179575402, -87.51039370300916, -87.48553073669021, -87.53761747096844, -87.53619157257226, -87.53242773860794, -87.49387164174826, -87.52072210115112, -87.5379042866811, -87.52081518276232, -87.53640621771014, -87.49553935229137, -87.52645967073481, -87.4982873881099, -87.49082068690464, -87.53024402782563, -87.5029027994982, -87.50780145019465, -87.53561240952811, -87.52115084982576, -87.50898602593732, -87.51797090217796, -87.50557709621013, -87.53259390334755, -87.47934379494755, -87.50136057741285, -87.53579366047143, -87.5192697153021, -87.51463489731121, -87.53139545846344, -87.49084216853228, -87.51871683724488, -87.50495934806148, -87.51020142303608, -87.50137425902801, -87.4874063978309, -87.51229978491445, -87.53543950532573, -87.5322858749916, -87.52454699400374, -87.52748535403855, -87.4902544179048, -87.52941478866285, -87.53035170922104, -87.52476291468554, -87.53189114786956, -87.49452422436745, -87.51297721785208, -87.48090252645966, -87.49632475482441, -87.49232888374914, -87.50205572114204, -87.51063621133078, -87.48137157552996, -87.53236665042576, -87.51186321967869, -87.50928341828978, -87.5003207502981, -87.48726218534087, -87.49232908876434, -87.50652745634305, -87.50737386910299, -87.48835468622512, -87.5225569492143, -87.50013308932708, -87.4798328313542, -87.52229222708581, -87.48389228026367, -87.53459651202218, -87.4900699135189, -87.52168424848229, -87.48257775341057, -87.52931751406695, -87.51394569508413, -87.50388411222144, -87.51267178958736, -87.51054869575967, -87.49490734554223, -87.49196306995059, -87.50419794320986, -87.48162130799109, -87.52116011490806, -87.52233670390353, -87.51583191501048, -87.52920847874363, -87.5376790672297, -87.48090014623442, -87.50436932630812, -87.51222076224484, -87.50078975128478, -87.49120037198811, -87.4827587423715, -87.53590409266532, -87.49889633464001, -87.49544153101336, -87.49394709217262, -87.52493973337566, -87.49677015601931, -87.50570299141536, -87.50842046798822, -87.49840973746268, -87.53316685231422, -87.50486899567395, -87.48897888468584, -87.5200522395019, -87.4956510544689, -87.50677641247306, -87.52404766502758, -87.52529399921912, -87.5146955545789, -87.50087706879833, -87.50611960027602, -87.52377022791698, -87.50686084081705, -87.52321344579141, -87.48473594711206, -87.52852301282844, -87.51191900228159, -87.51566225983618]], "boundary": [[41.71611826340025, 41.71611826340025, 41.67105173659975, 41.67105173659975, 41.71611826340025], [-87.53801934259029, -87.47786765740972, -87.47786765740972, -87.53801934259029, -87.53801934259029]]}