{"center_point": [41.693585, -87.5079435], "sample_points": [[41.70927042385308, -87.49803131939265], [41.71281381959483, -87.4986695871626], [41.68794515643723, -87.51752640337466], [41.698221178011615, -87.49364953347376], [41.67853381672841, -87.50527988621471], [41.69618943474569, -87.50054941083589], [41.684068529788476, -87.5101468680123], [41.68339057470454, -87.51040681123649], [41.70670874201075, -87.52651944021181], [41.70869793435439, -87.50601474476984], [41.70911796914016, -87.48446302437242], [41.71018519776731, -87.51329161788324], [41.69284672010424, -87.51508149565626], [41.69117514743732, -87.51438162194198], [41.69789402317758, -87.52513661458828], [41.67751527554592, -87.49507702831384], [41.671413363428414, -87.49220285443216], [41.67205777023968, -87.50250918333388], [41.67484297578148, -87.48220220779675], [41.69461987574231, -87.48272110970716], [41.69804075927875, -87.51908250897509], [41.71504981623419, -87.52778764379867], [41.67263753361894, -87.48807261270623], [41.69248935682049, -87.52380992776764], [41.67591611098485, -87.48999777826363], [41.675365028375396, -87.51895261962213], [41.71347358451028, -87.53153400146944], [41.68371076263242, -87.52023727053269], [41.69919655072595, -87.4955470160782], [41.6896158969953, -87.52232949281829], [41.712406319587124, -87.48630070677956], [41.70794434128105, -87.53291587284755], [41.68612664920408, -87.53193630011927], [41.701706182654654, -87.53217667726594], [41.70549910441931, -87.49448903184724], [41.685776929846526, -87.49565310782486], [41.69193474863622, -87.50198100590839], [41.68227413616562, -87.48698122665132], [41.680858404575375, -87.5198099909283], [41.68097746110234, -87.52915599585045], [41.689922666868846, -87.53459430684748], [41.70535625965251, -87.5315476331413], [41.71005292848311, -87.50256293804877], [41.70171334674757, -87.52283705097491], [41.708858380706616, -87.50905162258701], [41.6794325629305, -87.4818346000065], [41.70025551661793, -87.52440268183351], [41.703487178580865, -87.5112926152821], [41.69650174842081, -87.50348612290172], [41.68222117440559, -87.51204050931273], [41.67665037928935, -87.4971815192301], [41.70498217904431, -87.5003758105306], [41.684346078435965, -87.53657094852066], [41.71115237889679, -87.48215785644099], [41.674888985500196, -87.4823322979019], [41.69014958215756, -87.51405390249185], [41.672385444502126, -87.48047650733572], [41.71351877469126, -87.4954551334636], [41.67998597540812, -87.498325303473], [41.69021601876604, -87.51789771762621], [41.686957126862055, -87.51975263943406], [41.685961826533195, -87.51244410640301], [41.672654475127516, -87.50994233756361], [41.68620955911845, -87.48975471220162], [41.7081263166203, -87.52880088306914], [41.71050400274126, -87.52912904433781], [41.676821385581995, -87.52379569797552], [41.68158908619717, -87.52952950358325], [41.69931711600247, -87.52797285992075], [41.67616978239172, -87.51906938786074], [41.69792830561675, -87.52114544741383], [41.69165483064685, -87.52552931050496], [41.70328696637287, -87.52511334782493], [41.70982086996544, -87.53739535201052], [41.689217329955994, -87.48107220715588], [41.69667184355341, -87.5103590863696], [41.70660419486764, -87.52555935964695], [41.67611069579139, -87.5021121480245], [41.69224920613767, -87.50158108470325], [41.694172056510844, -87.5202263077361], [41.69894987929355, -87.49576813405812], [41.71225909818328, -87.50669324170869], [41.68957360392449, -87.50293916413467], [41.70330961550941, -87.50952983066995], [41.67980686924439, -87.4802100554624], [41.69416916001568, -87.53204728041865], [41.70423998531314, -87.52435721621558], [41.693812839947284, -87.50290654859995], [41.70324834617075, -87.49870446519846], [41.70315755866043, -87.48949414886927], [41.673602568510475, -87.51260814116257], [41.678562960793144, -87.47810954664705], [41.70983306803234, -87.50905684874093], [41.67829810230653, -87.523441556023], [41.67292559429115, -87.53652707927338], [41.689008253041756, -87.52753344411536], [41.69539278147894, -87.51140975338107], [41.68680634779203, -87.53293473715384], [41.69180999355432, -87.53496908815028], [41.70243701080606, -87.51106276785995], [41.68537840779817, -87.51128371751568], [41.68255778352303, -87.47807612218686], [41.68510385897749, -87.52270160817005], [41.7158523206394, -87.52734235463583], [41.68181835142708, -87.48588937506034], [41.70677675583894, -87.5187477181735], [41.67949710037754, -87.51444399370048], [41.6979777923621, -87.48229554305766], [41.69056555209658, -87.4982439844846], [41.70886783004332, -87.53729308324446], [41.700411219492715, -87.51745209696224], [41.684697157449676, -87.50388221584328], [41.69204363082898, -87.48328922312749], [41.69042132042321, -87.52418521502695], [41.700208140084875, -87.49070775754737], [41.67493421522134, -87.5008966984989], [41.6910085596051, -87.51148346959295], [41.69275175127232, -87.5334817446214], [41.67796457105563, -87.503369481238], [41.70839227593074, -87.49629645425057], [41.71340210648351, -87.51343475994072], [41.69020270195342, -87.53385537347441], [41.689176425213034, -87.49675060581328], [41.68094648909338, -87.53201368081008], [41.67441529554842, -87.49600079017169], [41.71425481740657, -87.53206661860999], [41.7113395318452, -87.53370139006584], [41.707227010886996, -87.53032414926084], [41.68161389130955, -87.52259729672858], [41.685029186375004, -87.49998163714773], [41.69568843528282, -87.48413625685058], [41.686608990225174, -87.53715008918223], [41.708780433699594, -87.50464812960065], [41.683513668743565, -87.5266482472573], [41.67976231509631, -87.530384853119], [41.68880231491258, -87.51240733985303], [41.6753011676064, -87.48650353128915], [41.7037122321444, -87.49573296511528], [41.71032442229708, -87.51108645739396], [41.71220996331921, -87.48409117180543], [41.68754393442689, -87.52021377000345], [41.684680302565106, -87.48097054516344], [41.70636465347927, -87.52246063305142], [41.6911238777549, -87.50666189533963], [41.70116295213649, -87.52287180408076], [41.67296209931328, -87.50924766183952], [41.71319624652155, -87.48895163715396], [41.68690774582379, -87.4971089771572], [41.70368176254049, -87.49640342389857], [41.70539380997281, -87.51755328902861], [41.672408582864506, -87.49111524631665], [41.681425201587004, -87.48590556091257], [41.68202145958903, -87.49391178596599], [41.705322587369174, -87.52825655716268], [41.707995794148026, -87.49838922518549], [41.67888051352022, -87.52284836667724], [41.709915006898925, -87.50430055451422], [41.679556103029, -87.48951010369429], [41.687577086447085, -87.52706883690388], [41.69290854073131, -87.52133441470984], [41.677592573787585, -87.49158616678633], [41.67470986508061, -87.5102276896592], [41.69158199986613, -87.49395212689363], [41.67119748585679, -87.51674834793684], [41.706066289875686, -87.49173861467523], [41.67820123278551, -87.49018075603811]], "boundary": [[41.71611826340025, 41.71611826340025, 41.67105173659975, 41.67105173659975, 41.71611826340025], [-87.53801934259029, -87.47786765740972, -87.47786765740972, -87.53801934259029, -87.53801934259029]],