{
    "boundary": [
        [
            41.71611826340025, 
            41.71611826340025, 
            41.67105173659975, 
            41.67105173659975, 
            41.71611826340025
        ], 
        [
            -87.53801934259029, 
            -87.47786765740972, 
            -87.47786765740972, 
            -87.53801934259029, 
            -87.53801934259029
        ]
    ], 
    "center_point": [
        41.693585, 
        -87.5079435
    ], 
    "distances_to_center": [
        2350.3273377556015, 
        2681.5457797127224, 
        890.6319084982819, 
        1395.8396699135008, 
        2121.1249863853054, 
        1693.4247215279127, 
        1818.4792709566846, 
        845.9080037144795, 
        2691.4713388282994, 
        2502.1895036834712, 
        2493.6441063341294, 
        1615.2912738003563, 
        1413.345293863785, 
        179.4483859157589, 
        894.759909124448, 
        2024.7764726591165, 
        2383.1419931809432, 
        1634.6989234166494, 
        1499.6236140184724, 
        1575.276176669389, 
        3031.3861871222753, 
        2994.674995380274, 
        3132.7456729882883, 
        3231.4599904143583, 
        716.0344935357216, 
        1813.9875895327498, 
        2495.171606794855, 
        2575.807432221289, 
        1088.144639764494, 
        1686.3821828173236, 
        1241.514539610032, 
        2550.6432644218658, 
        1919.1763377298375, 
        2468.2013831835616, 
        1550.0214311778473, 
        2451.4378307686015, 
        2530.1754881666943, 
        3138.689415546117, 
        2176.898130868113, 
        1173.7556804256078, 
        3264.6258635169233, 
        2031.4794505213447, 
        2939.1401214910643, 
        2309.6456604290934, 
        1331.7737690136653, 
        1997.320749621807, 
        2650.755523661872, 
        1508.1560990921346, 
        472.582529189359, 
        716.9567086245024, 
        222.5493810280951, 
        2539.4230035303226, 
        1777.0358919280293, 
        1732.1754790738912, 
        1505.303718662925, 
        2129.103603378354, 
        2086.8467313930287, 
        2387.293405800317, 
        2319.2050424175413, 
        2271.0285939446935, 
        2067.7876345637537, 
        2155.480200392269, 
        2402.2901271207065, 
        1058.0621768799506, 
        2285.6681908696446, 
        3150.3758422574347, 
        1440.1245684340186, 
        968.9908434537116, 
        2654.085263339018, 
        2197.5351664103123, 
        2180.662418586024, 
        1132.0911266359349, 
        2842.68334793399, 
        1688.0206828614719, 
        1348.465004189412, 
        2857.642688345302, 
        2672.838213120798, 
        2517.079117291439, 
        2442.098877435021, 
        2475.6106527831334, 
        1104.8572036511266, 
        2237.1319600580764, 
        2547.8524331516455, 
        2485.7256193620087, 
        1342.7299328224005, 
        2839.823916058931, 
        2098.088586806659, 
        2417.777893009574, 
        496.8960236643328, 
        2485.5956254423704, 
        1446.137731362323, 
        1216.0632276592905, 
        2178.726419019612, 
        1720.5824899280215, 
        2373.487464581535, 
        359.44576213775935, 
        1421.8392974279639, 
        1876.959298258799, 
        2867.6580294243686, 
        1735.3663312886467, 
        2159.4177738045637, 
        2366.0624164655674, 
        2357.6982227652925, 
        2055.138980116655, 
        1888.8133365641615, 
        534.2629262506235, 
        2228.5519783123664, 
        2609.343270361154, 
        783.537823472801, 
        2564.489727914725, 
        2128.9015674892103, 
        1763.5623420916784, 
        2235.015723304068, 
        1924.4574421718876, 
        2406.975086901777, 
        1716.2995741460484, 
        2032.1741889011555, 
        1543.3182081413354, 
        2307.7552356129713, 
        1656.729431980211, 
        390.6505495474682, 
        1550.9412391986318, 
        1449.7459128848272, 
        1424.726595794599, 
        2963.3238249700007, 
        1809.4766375562263, 
        1270.940653736818, 
        2972.7954518617644, 
        1292.563074370701, 
        2047.9902198251061, 
        1534.3430906891133, 
        2220.141196441301, 
        2420.0468326194405, 
        1091.379874145499, 
        2093.096499200141, 
        2471.2125064067473, 
        2444.694685865861, 
        1543.34722559691, 
        1765.6869785573451, 
        1631.4122424063341, 
        2206.9780220437756, 
        3100.6468078801067, 
        3023.00869204713, 
        2102.4489720518645, 
        1404.897535899501, 
        2508.9256402111077, 
        1207.1024012907458, 
        3070.9460029109223, 
        2445.197705984025, 
        2028.1669408104967, 
        2805.401230866777, 
        519.8356972427505, 
        81.13088630900847, 
        1297.857869759625, 
        2245.720570347723, 
        2158.0921027295662, 
        2146.613253385285, 
        2384.1933417788805, 
        1130.4048483785384, 
        2480.8717840188497, 
        1613.239896165922, 
        2091.419745122865, 
        1521.6943771207605, 
        965.5648137596875, 
        1449.2271445544668, 
        2116.2090699724677
    ],