{"center_point": [31.777715, -106.505605], "sample_points": [[31.7945122930189, 31.799330557335733, 31.762132030885656, 31.760289848948748, 31.78393430153808, 31.760060936909632, 31.765643994207007, 31.77794143758118, 31.7860367054965, 31.784060467553367, 31.757173655997676, 31.767154564593067, 31.78442013145368, 31.795556698318656, 31.77236307823662, 31.793042729297184, 31.780846253175394, 31.764841817004232, 31.77757631020812, 31.779323011897556, 31.77149785595167, 31.757697502276756, 31.789560549334347, 31.791664935932467, 31.800156318112972, 31.777212061553907, 31.776363009415665, 31.77402173225458, 31.773172441406746, 31.77045913499168, 31.776470122188723, 31.75775236623159, 31.798148362593622, 31.784350745533875, 31.77602577905875, 31.764483475230293, 31.785831680260515, 31.766215273284796, 31.80001537833672, 31.7737472104764, 31.777196857794507, 31.756437953171112, 31.771371870365364, 31.78569611908514, 31.75946181147308, 31.778646185634983, 31.779778833503862, 31.7807691484721, 31.77815623979031, 31.79414816454803, 31.760508979190437, 31.80005969714906, 31.793176603468346, 31.792891568362606, 31.77796802551894, 31.79543091046548, 31.766441648719912, 31.771419196244715, 31.784617845428656, 31.793183095726125, 31.783926925202238, 31.78280991282007, 31.775199241606224, 31.784079533564693, 31.758013358938882, 31.791555186658933, 31.796916520437335, 31.76809197500091, 31.79965055410567, 31.765471101725925, 31.7751903221788, 31.78515524148585, 31.768195465364013, 31.76051734334166, 31.764637215855274, 31.75633424794656, 31.793490436693503, 31.765397828249018, 31.781335842595126, 31.765469990761332, 31.77433738211208, 31.757305417606695, 31.78732447167841, 31.784547008849387, 31.775094848879796, 31.783491127720943, 31.761299326324934, 31.7651244956359, 31.781136512636714, 31.758942576660615, 31.786138352576504, 31.75715191106498, 31.7602828989087, 31.79410082980702, 31.78399493724854, 31.791941797096776, 31.77732445644126, 31.79193079210468, 31.79672226560147, 31.761928302020266, 31.78505201828772, 31.757470856445394, 31.756180620009754, 31.760486180220507, 31.76744824535991, 31.758287698200434, 31.761176217650615, 31.757390801951097, 31.771904157689733, 31.768388982980767, 31.78585990444707, 31.781166429002873, 31.760078720551675, 31.78437037827293, 31.78914029813267, 31.796703879163235, 31.78247271358317, 31.76462599154067, 31.784402568427844, 31.755829720011082, 31.77083856178584, 31.78566491697111, 31.797802196776438, 31.76481493225499, 31.781517312349997, 31.786839933234596, 31.783898185908715, 31.770079856566596, 31.79672543312567, 31.796167595960075, 31.77842642776949, 31.76964288268369, 31.78645204963161, 31.781824441154946, 31.79263095314616, 31.79820150625283, 31.790590491999723, 31.792541775925365, 31.789976291535265, 31.792430618274818, 31.764790981345026, 31.77838221142435, 31.778822861141037, 31.771852592413822, 31.77448516667023, 31.76087761258123, 31.79568172447997, 31.758626571930613, 31.76294101275328, 31.763279254747303, 31.776390842235113, 31.79655140150139, 31.790423034310525, 31.779427744238355, 31.76668884439028, 31.762083490966106, 31.766643398496292, 31.76579237077184, 31.785530517642737, 31.7682894804689, 31.78206059816143, 31.793737002116597, 31.775910983272386, 31.786523434295006, 31.777652865833222, 31.75898709989683], [-106.51281838244049, -106.49443036220224, -106.48885349676556, -106.53075293558291, -106.48836517081199, -106.49517268556048, -106.48487456098422, -106.48026662570214, -106.52348430119824, -106.48372445274546, -106.49817613245877, -106.5199289454237, -106.51911003082355, -106.52700689860472, -106.48023186476333, -106.50455000459026, -106.51384530198939, -106.52231434002155, -106.52959892086545, -106.52222373734153, -106.514756648049, -106.52667478001437, -106.5104587960264, -106.48078723486263, -106.516882886772, -106.49134190947878, -106.52359794378324, -106.4982197544863, -106.52408583646653, -106.4942676575459, -106.48294383381388, -106.49756922348399, -106.49306004191224, -106.51601008418316, -106.48327071302872, -106.50162832219638, -106.50072611604782, -106.51721411195345, -106.49588274960786, -106.49332425455604, -106.49496352043467, -106.52517487562979, -106.5115240659537, -106.51627369015011, -106.5225577656566, -106.52633504027186, -106.49587667016023, -106.5102350874835, -106.4996149877848, -106.51995582035714, -106.49268357785384, -106.50467088088631, -106.51494704792684, -106.49649271774689, -106.49690317608076, -106.51711210353956, -106.47951029555793, -106.51791032923201, -106.52671789882189, -106.525509827471, -106.48653794909644, -106.48534054280104, -106.50049760755981, -106.4825668049117, -106.4928398859595, -106.50569923692152, -106.48060343540303, -106.50932044545515, -106.50553250738207, -106.48834316359672, -106.4876212586492, -106.50762274297774, -106.49458220784221, -106.48419805741662, -106.52624307969823, -106.504173226154, -106.52073940763378, -106.52186872635913, -106.52786851490958, -106.49371139446318, -106.48798208402526, -106.48353365083169, -106.5223738397854, -106.52394241981666, -106.52187443274738, -106.52892938154534, -106.50326699415963, -106.51851737264295, -106.52697281214142, -106.53008497594712, -106.48417068486017, -106.51813694361893, -106.50674236033277, -106.50369477907309, -106.5115142266072, -106.50028470284926, -106.48747051585381, -106.50327708065193, -106.52880635541985, -106.51647729329885, -106.52304621813607, -106.50324455215595, -106.484848803134, -106.52432302104104, -106.53126002753615, -106.5212098397588, -106.50023619598457, -106.49868757485439, -106.48895967066954, -106.49255102760104, -106.49690438953473, -106.52018612772063, -106.49613704546466, -106.505245440815, -106.50218832393934, -106.52244655605324, -106.5149172905351, -106.51817239504233, -106.53198996701923, -106.51382036853732, -106.4841658574691, -106.48332019523323, -106.49156854944025, -106.52872665866595, -106.49949627485924, -106.51148905244011, -106.4852730440824, -106.5149185184109, -106.48866362704209, -106.51859702906644, -106.51470672658708, -106.48287831985026, -106.51492642713585, -106.4874513926803, -106.5100536110738, -106.4979964874223, -106.5199481253078, -106.52983361337172, -106.53126515849114, -106.51793276759396, -106.4871405579585, -106.51271194116538, -106.49953376609086, -106.50596787835893, -106.51275452028358, -106.51338832500034, -106.50309443440204, -106.51105072627155, -106.48272135178914, -106.48361642585178, -106.51725187910118, -106.5098610171763, -106.5115124760279, -106.52694873700258, -106.4857860681706, -106.49480570063065, -106.48891532508183, -106.51883337962359, -106.49011043772634, -106.50810986695224, -106.49766222358623, -106.48681038149988, -106.51373050864481, -106.48462101503324, -106.51043933666112, -106.49101396601624]], "boundary": [[31.80024826340025, 31.80024826340025, 31.75518173659975, 31.75518173659975, 31.80024826340025], [-106.5320231580367, -106.47918684196333, -106.47918684196333, -106.5320231580367, -106.5320231580367]]}