{"center_point": [31.777715, -106.505605], "sample_points": [[31.78224417959424, -106.50538446645326], [31.774811267662596, -106.49797326608935], [31.786198653031978, -106.51858536880567], [31.76981361652005, -106.51501173199959], [31.792629405705192, -106.48912202701585], [31.798149075875774, -106.50742302963283], [31.797991283600524, -106.51477434464556], [31.78961219356797, -106.50431788010106], [31.759256040803216, -106.51113985362086], [31.779714594389656, -106.51928738558343], [31.765724420355312, -106.49654448736992], [31.786227647613064, -106.5283982147828], [31.76053592477296, -106.49011680458278], [31.784448904735367, -106.50223895147738], [31.787932566137137, -106.52136166513554], [31.793784350166682, -106.50609689991576], [31.780658457057125, -106.53185283612692], [31.777374697937844, -106.49070930069541], [31.784366587708828, -106.51300052832278], [31.76546289760878, -106.51202435183876], [31.78420311192329, -106.51867440405276], [31.76385373525952, -106.52676874926077], [31.796883016614238, -106.50771276046068], [31.79180777840616, -106.5195507727375], [31.792777601716338, -106.51754643428585], [31.78898538630979, -106.52991187940539], [31.795219977456853, -106.52206377726573], [31.766821308785186, -106.48580789845428], [31.795858378557206, -106.52843194987977], [31.770793880373766, -106.52675644985096], [31.79042219463814, -106.48268511244409], [31.763749373450548, -106.52490182013021], [31.77102750450791, -106.50512934925057], [31.77382118093979, -106.53089157280776], [31.775316297388756, -106.5151770525895], [31.771938442750105, -106.48768925248007], [31.790907872236538, -106.51298102164753], [31.7592833092309, -106.52404580063072], [31.797083343284193, -106.52232904843817], [31.786146293819083, -106.4872925500291], [31.786430707466547, -106.5262988873285], [31.784532270075093, -106.5084434031855], [31.76295438008282, -106.53122852454823], [31.75534360155033, -106.48308108201122], [31.762239281160145, -106.52328770251617], [31.760704816043447, -106.5056894695258], [31.773728404295174, -106.47934101009515], [31.790390828210814, -106.51442967888313], [31.789179083436103, -106.51347835772928], [31.778854115060803, -106.52890557065936], [31.79501013169847, -106.48094183968999], [31.78744375706569, -106.53187791324133], [31.778736018449422, -106.48682232186654], [31.76784427881951, -106.48221000489211], [31.768070736138007, -106.51881995588506], [31.763571816283264, -106.49986339859134], [31.790274629549025, -106.52655260048441], [31.778559622955964, -106.5085137495859], [31.76837653925047, -106.50469512281371], [31.761873398843964, -106.4922106030371], [31.769874242017558, -106.51230412592659], [31.780387444002056, -106.52811595526518], [31.776035615980344, -106.48431835686984], [31.788855245216855, -106.47936911860036], [31.78991498038344, -106.49680920730162], [31.767120958504403, -106.51015094703598], [31.788745379919686, -106.50966371743718], [31.779583611404053, -106.5097668446702], [31.765194028298943, -106.51283367041813], [31.781656787949792, -106.50362106921563], [31.763938532422944, -106.5249322289226], [31.79284216862537, -106.5208641404797], [31.776850697018425, -106.52239506996277], [31.766465953737747, -106.49543408292118], [31.773767351020687, -106.51921151920135], [31.756209548365206, -106.48174675462268], [31.787194239121806, -106.50906916728769], [31.793423376249017, -106.5074285735748], [31.770501574056787, -106.5223305504705], [31.786844900361633, -106.4968719427566], [31.792524543797303, -106.50414150586018], [31.757846656023656, -106.52935650046342], [31.76375755512383, -106.50751072286558], [31.77606638291482, -106.5284708891344], [31.769063023920438, -106.49497378626141], [31.78919505273164, -106.53121496281567], [31.784910912445746, -106.49888897578235], [31.789710473230397, -106.50517457363621], [31.75791221995222, -106.49166309728504], [31.788420240421196, -106.51170160785878], [31.79912666849542, -106.51395390203538], [31.779295089169256, -106.53168582997213], [31.782393105846896, -106.4846172983849], [31.783410752138376, -106.48236040992295], [31.7853919562519, -106.48223368382466], [31.784561726991463, -106.49912874502965], [31.78051624494732, -106.51206692060256], [31.770212392435788, -106.5213425219002], [31.784050520157866, -106.51976285274456], [31.79930081113579, -106.52144225096772], [31.789552567958207, -106.5020191587377], [31.76093023470305, -106.4945542603783], [31.794556969162493, -106.52556559640998], [31.78816232798201, -106.5033962712019], [31.774210152402144, -106.49047612104569], [31.794949641550215, -106.52469347569682], [31.766852897342172, -106.5187883660746], [31.758530712119217, -106.50365363433744], [31.79091687194193, -106.50392050100803], [31.779418208022594, -106.52865098424691], [31.793418474670844, -106.48954549568137], [31.767885670007928, -106.48308216958189], [31.775160538833774, -106.4814539076143], [31.785196126429128, -106.50477321448626], [31.77895143202773, -106.50532077354877], [31.77079123303262, -106.4986374299874], [31.760122439368185, -106.52877554130009], [31.763817900192457, -106.49029292193713], [31.765748164549827, -106.50543240967603], [31.79224990833756, -106.50521718837139], [31.774315133866345, -106.52124455082698], [31.76450985630904, -106.48467988295403], [31.795350037259556, -106.51650354072602], [31.791636641957094, -106.52252987572457], [31.779034958863523, -106.50757420170113], [31.783693505412334, -106.49060353236538], [31.758416765584418, -106.50463919721352], [31.765854233191742, -106.52642821613696], [31.793701766212646, -106.50005623410632], [31.79095299879455, -106.49326663307869], [31.786168368524876, -106.50525451019304], [31.760763792940796, -106.48124693240055], [31.775228273394696, -106.51878615395414], [31.778461638545682, -106.50854955321515], [31.780537261176033, -106.50474908737579], [31.782311091811163, -106.5094027291926], [31.779074017241776, -106.51851474052744], [31.79075238895693, -106.5090423844249], [31.77673914801344, -106.49224206835923], [31.78735202426749, -106.51170534568043], [31.79814248486952, -106.4968296730333], [31.79942996668267, -106.52843440061353], [31.758973432995475, -106.52635766321615], [31.757223778775998, -106.50559538729631], [31.75942318416775, -106.51633699671967], [31.795539039631237, -106.5061381134885], [31.75892032552614, -106.51725610589465], [31.79912979347524, -106.4886116268255], [31.79539752739656, -106.52689960242395], [31.78729657560954, -106.51821478404244], [31.762973320391726, -106.49751051339727], [31.783913487919243, -106.51178270923126], [31.77563241431475, -106.5225511363035], [31.759040511175296, -106.49024138915766], [31.766402281437557, -106.52949710412545], [31.7626576147748, -106.52031214211843], [31.7691130417342, -106.47990409987855], [31.761787129443753, -106.47941020646022], [31.772366410664777, -106.52769287107724], [31.77031741272205, -106.48483990233193], [31.76229157636464, -106.48780061471234], [31.757671554558787, -106.50579555887981], [31.7621371368991, -106.50056018614774], [31.777040987972015, -106.50246770463454], [31.79688819901947, -106.50641472756644], [31.76371524792645, -106.50304355316818]], "boundary": [[31.80024826340025, 31.80024826340025, 31.75518173659975, 31.75518173659975, 31.80024826340025], [-106.5320231580367, -106.47918684196333, -106.47918684196333, -106.5320231580367, -106.5320231580367]],