{"center_point": [30.145913, -81.35375], "sample_points": [[30.136513049462064, -81.34758694455057], [30.16602980134474, -81.34331216443026], [30.128538803310704, -81.35547884565291], [30.160679196724676, -81.37857987414485], [30.132606611131703, -81.32877676983124], [30.144422837873982, -81.36585071727006], [30.146042034921862, -81.33741765402198], [30.144820053645105, -81.37607851606067], [30.128175254003224, -81.32876057739416], [30.14904127188555, -81.37964152785737], [30.15250722878891, -81.35331243522222], [30.157675084739843, -81.32823406118526], [30.13097753217297, -81.36731417851705], [30.126433579933867, -81.3522992520617], [30.160852688019304, -81.37803383099352], [30.12735250114887, -81.33599940240413], [30.16604427774346, -81.35566046045268], [30.129978826534387, -81.3735793592329], [30.146014255140635, -81.37564393716683], [30.133887037220116, -81.36960399172104], [30.138000838737884, -81.36398911302811], [30.153008665025116, -81.36193608804535], [30.15648565652293, -81.34598455516384], [30.134031046847948, -81.37621933809905], [30.13963311533462, -81.34423527342025], [30.136733493070484, -81.33694231820523], [30.159299872520116, -81.35012034943232], [30.162563874069004, -81.37841563021321], [30.153721344678587, -81.34279574427487], [30.158859792134177, -81.33051273204426], [30.12498700368379, -81.35259534046178], [30.139316567799685, -81.34300349940862], [30.156236546703568, -81.3482101275737], [30.157582732232665, -81.37282115939564], [30.16816145380341, -81.37570430820983], [30.137084360751405, -81.37361230000445], [30.12418932637326, -81.37135915423171], [30.15998478945285, -81.3373766942478], [30.159760649127335, -81.34363744753372], [30.14288084362648, -81.3386830142759], [30.137861244670386, -81.34743351856876], [30.149027982659394, -81.34777612126555], [30.129724456372536, -81.33217502768233], [30.13984057961509, -81.33458276720012], [30.140158051379455, -81.37345196750914], [30.15038706407071, -81.37409110635426], [30.147309248596503, -81.354333572832], [30.161136181652466, -81.37757743370862], [30.165349992170626, -81.33612454454256], [30.141699904333493, -81.3612494946126], [30.137146958643534, -81.35779282867588], [30.130889583147123, -81.33320197455615], [30.13743902375788, -81.33964881339249], [30.155342473272633, -81.36789270871361], [30.134747101546953, -81.35621255091299], [30.148820123395296, -81.34300343228743], [30.139922703560828, -81.34605300637087], [30.158810956678103, -81.33060247425766], [30.157419491840614, -81.33499920535748], [30.128048896540808, -81.335430381859], [30.13316818155885, -81.33648502116391], [30.145073636843357, -81.35448064983325], [30.124187422978885, -81.33501717430538], [30.149783838688048, -81.34923707344458], [30.154765858878438, -81.37426387645908], [30.13376418818087, -81.34662688931189], [30.151049769552706, -81.3409455683367], [30.140637691020462, -81.33729908754476], [30.15399034493347, -81.34264207244611], [30.161789909126174, -81.35931071085382], [30.151823220824607, -81.37745402546327], [30.157955962346236, -81.36542621340588], [30.13154821930039, -81.34046328188971], [30.15020064313481, -81.33421853744231], [30.137449590601612, -81.34546114598712], [30.15900006024822, -81.36130935632033], [30.142789641778634, -81.33924551898882], [30.134866205147926, -81.34554027205056], [30.13996305336587, -81.36392349948771], [30.13164178564673, -81.3345396638535], [30.14962247700658, -81.37922041478335], [30.129342293820542, -81.37499715491086], [30.160189946060534, -81.3431468084845], [30.158276204163304, -81.35668018642046], [30.160977747425022, -81.37348424083125], [30.156243339593722, -81.35854987742917], [30.16378526712012, -81.36784171403801], [30.13589303217324, -81.35707414941282], [30.128315114935834, -81.32882506036547], [30.15680547060788, -81.36456028116406], [30.1341532646641, -81.36029781853527], [30.140742526011877, -81.36789458047735], [30.12877103934543, -81.36831169648521], [30.153245227198067, -81.34093355119704], [30.13690277841494, -81.37597239933758], [30.15166660964721, -81.36844189674756], [30.16631538545257, -81.3710556977653], [30.154941998257456, -81.33702263620007], [30.159874599400514, -81.37391700148187], [30.14645028146279, -81.35733960517649], [30.153159943020032, -81.34182315662443], [30.127127996497205, -81.37262571703789], [30.130238378603437, -81.37732352380958], [30.157704910145966, -81.37399758759827], [30.134670375127072, -81.32925269450841], [30.166349622854202, -81.34385340819121], [30.154735307764486, -81.37777091483925], [30.13422211203709, -81.33334631473787], [30.160185445184098, -81.37102458584829], [30.126984656004716, -81.36060113455271], [30.127886966359586, -81.33564034238984], [30.16761798544186, -81.36164990569601], [30.14104913794846, -81.36915304588125], [30.147680537324494, -81.36434430306423], [30.135168569107318, -81.34570412739856], [30.12478861487796, -81.34340059377418], [30.15022062799296, -81.3753654183046], [30.157096591090955, -81.3627605685199], [30.13293894175148, -81.3533591955234], [30.159920006958895, -81.35721948558025], [30.165178774528407, -81.37230352546852], [30.133191614058386, -81.34746473929641], [30.126662815592333, -81.3639610909408], [30.147808781280087, -81.3608977873486], [30.14132723379094, -81.34719984732111], [30.16109516185064, -81.34064776309467], [30.129885083166414, -81.35760039311658], [30.13399580966315, -81.33660929387378], [30.14798874966823, -81.33967794085832], [30.138923107741398, -81.36085222906048], [30.159233101404176, -81.36873785279816], [30.13757728493894, -81.37498880198707], [30.16347133712213, -81.35636138164759], [30.159718644835557, -81.3345007975947], [30.15379004933739, -81.3602751377545], [30.128874809334484, -81.36224582625321], [30.157100212953285, -81.34165679809261], [30.130328206193607, -81.36640594471002], [30.14549616604561, -81.37835593217416], [30.156909496996903, -81.3607811674504], [30.158461480138506, -81.37646541633433], [30.14003167463772, -81.34543227342986], [30.136016521093985, -81.3707775295879], [30.138101664073872, -81.37059200249811], [30.131776953778413, -81.37275505324108], [30.16349221242968, -81.37625083689255], [30.14754375624934, -81.36306775178424], [30.132302293669152, -81.36736036850525], [30.134174083022703, -81.36842983766192], [30.133551968654015, -81.33438561462377], [30.159879692506525, -81.33367554292236], [30.144964374633904, -81.35082462497505], [30.15052559162085, -81.32917639721738], [30.1253393828899, -81.36740620326476], [30.131309768448304, -81.35457024681173], [30.13394983511339, -81.3587294132163], [30.159352229449983, -81.36347261542504], [30.134445507010984, -81.37358657120961], [30.16613941059282, -81.34806836143278], [30.145799503999434, -81.34803699298368], [30.12770766391345, -81.36708186174903], [30.13836637509629, -81.36244966117032], [30.155167629635105, -81.35542618042065], [30.140527770447104, -81.34264933945205], [30.134365569838995, -81.3706097892094], [30.14408798060945, -81.35163592791852]], "boundary": [[30.16844626340025, 30.16844626340025, 30.123379736599748, 30.123379736599748, 30.16844626340025], [-81.37972054808081, -81.3277794519192, -81.3277794519192, -81.37972054808081, -81.37972054808081]],