{"center_point": [30.145913, -81.35375], "sample_points": [[30.16482422674503, 30.13922013711565, 30.125008404019155, 30.16158409099019, 30.165782676784982, 30.155995485718588, 30.15269054281483, 30.14699249977179, 30.15214440687592, 30.127321613450313, 30.145682073866535, 30.149586270462304, 30.151838572271483, 30.14160267701828, 30.131306487066855, 30.146221551490285, 30.166723001537424, 30.160642762042023, 30.142235629469393, 30.142010992718085, 30.16547473393763, 30.127211899948353, 30.133911793996884, 30.14684524740113, 30.141064901592635, 30.152833045152818, 30.14219394277559, 30.138705400295255, 30.15368638929194, 30.131040178470954, 30.130545953818924, 30.161668302227138, 30.143226346414103, 30.151836877638832, 30.12706110833189, 30.156587955926263, 30.16645752004265, 30.14258947783961, 30.150978287392622, 30.154292709456175, 30.137989399468296, 30.159474224776446, 30.1517083168302, 30.132961876685243, 30.16821899854887, 30.16025283453007, 30.155000554631506, 30.167411962110254, 30.14544044811165, 30.13005115538298, 30.13993923169621, 30.13827369666698, 30.130809130151626, 30.167794412818214, 30.157695136266824, 30.132438435008126, 30.14498761894859, 30.150239929573058, 30.158440291073696, 30.13411069610439, 30.13197493606032, 30.131270675673907, 30.1384249585608, 30.144229835686392, 30.145000699727653, 30.147635553033133, 30.130036958482396, 30.15320158295325, 30.156121912049226, 30.140906094031184, 30.15257035850584, 30.139043402529357, 30.14378322933055, 30.145088448165833, 30.15434510686383, 30.1609273026107, 30.12790727202654, 30.15897181335353, 30.140446412748567, 30.159587797179906, 30.14127761333964, 30.126158212143856, 30.166967792153017, 30.130910108575602, 30.136640865199645, 30.124617734153315, 30.164969419484883, 30.125673424458355, 30.123976583623083, 30.140182950500236, 30.133787993433163, 30.128722335426158, 30.126160695679623, 30.156655218988192, 30.16123977097977, 30.12401806336107, 30.136042657254045, 30.125320439786563, 30.132306864716917, 30.136271906894862, 30.1681528981958, 30.127241940709606, 30.14799883134338, 30.15464162497723, 30.15851305949336, 30.126282447514946, 30.15426965368587, 30.132378633489385, 30.154525463124635, 30.125835663798597, 30.148278507468135, 30.130557235263247, 30.12716084291481, 30.1603867165208, 30.142218691899036, 30.142543280404514, 30.166036793936755, 30.135525245991868, 30.156805781851975, 30.155629427543808, 30.13434423057324, 30.128150509192245, 30.143656322478535, 30.125520183074066, 30.14532608464494, 30.13193444524327, 30.139846024218286, 30.16017931765054, 30.1627530822964, 30.150329972346587, 30.149968336516867, 30.128317636986043, 30.150733085930955, 30.143662478984282, 30.1256916357798, 30.15640359066633, 30.147504532830123, 30.15812719060864, 30.1650156928255, 30.16809218681342, 30.13309803191198, 30.163980353120454, 30.153857034935093, 30.133063509392844, 30.124390297914793, 30.158362737324357, 30.13556464988808, 30.145134465293477, 30.162666967053713, 30.15431976727283, 30.13994138185605, 30.165814801325535, 30.13644344425801, 30.12379153730796, 30.126845455858042, 30.161112457419996, 30.13638248943515, 30.1269694488594, 30.151474438853988, 30.134847011250777, 30.15287205294941, 30.125896564990494, 30.155561006814466, 30.127978394563, 30.158971826492472, 30.149605666677026], [-81.34318765490971, -81.37110588948423, -81.36356086620998, -81.34670062826208, -81.376539353921, -81.34364146395562, -81.33814589848998, -81.33778636761231, -81.32897054532731, -81.36642935574001, -81.3511160616313, -81.37585119669595, -81.36492118890062, -81.34512159715311, -81.3713641256905, -81.3452982486103, -81.37346057822117, -81.36153925174513, -81.33997178347846, -81.35023142067143, -81.3441524671944, -81.37887971312676, -81.33713555747612, -81.33441611280237, -81.33647581440145, -81.34500246071805, -81.33494804668537, -81.33433135317325, -81.37379655676902, -81.332704282264, -81.33823105166252, -81.35479948452726, -81.36357139555537, -81.37392293570389, -81.34229780295303, -81.34535776541793, -81.37364372326604, -81.36649143287585, -81.34328652710516, -81.34229460398947, -81.35968245323221, -81.34185789163341, -81.35968946832328, -81.36044044769167, -81.3306935130646, -81.36676676090167, -81.33289868266891, -81.36714358118907, -81.33090745260647, -81.33853396583216, -81.3460765391085, -81.35418503230798, -81.35964665351005, -81.36497584351024, -81.3726503665824, -81.35234217341849, -81.3519427071545, -81.36065233984813, -81.37683338722744, -81.35799278370612, -81.36896764531646, -81.35738754639, -81.34291145019735, -81.36105046341538, -81.36156007070628, -81.3776078123517, -81.36929899218777, -81.34947717600137, -81.36967879895525, -81.35055311575026, -81.37540133324829, -81.36291693614992, -81.36698499614035, -81.36279359877713, -81.37756588003076, -81.34663266212189, -81.34266890105391, -81.37156734313658, -81.33432542640546, -81.3305610392302, -81.3388267838611, -81.34393218960179, -81.36541697513978, -81.37002299095954, -81.37314398647521, -81.33191728166793, -81.34341866980891, -81.33294394907362, -81.33182644770456, -81.36925964949376, -81.369170030187, -81.32884354092259, -81.32822532508114, -81.35703826779965, -81.36309118963851, -81.35582719039651, -81.37077155811986, -81.35062099538835, -81.33599931748365, -81.36560543118296, -81.34186346303285, -81.34817105173204, -81.37537296753469, -81.35008455911237, -81.36216334793654, -81.32884071236822, -81.36213314909382, -81.3515630388924, -81.33871544718377, -81.34101873399736, -81.37611583275485, -81.36147053371, -81.36936504718672, -81.36651013133762, -81.33804877900265, -81.36546074837952, -81.34963014896246, -81.37194179593365, -81.37254651877764, -81.37196041979712, -81.36716007161911, -81.37427154834702, -81.35089903600897, -81.37083310889903, -81.35039006188481, -81.34256963545023, -81.3459472315442, -81.34650233644659, -81.35374555144543, -81.34016546354879, -81.36610392440478, -81.34240708497587, -81.32906530383065, -81.37699706226495, -81.33278887697797, -81.33487295678219, -81.36687780603229, -81.33300539691774, -81.33929141942916, -81.36475966953408, -81.37711652091615, -81.34418949685222, -81.37841854794124, -81.34075974585586, -81.336282884235, -81.3553577139238, -81.35154843370992, -81.33422874545069, -81.36910178625614, -81.370280942363, -81.35388834690501, -81.36699660312014, -81.33864042371016, -81.37892054327826, -81.34652250063921, -81.34237201698208, -81.36215280628802, -81.33182531300002, -81.34197810104483, -81.3411138552305, -81.3787765021115, -81.36126885212897, -81.36937441744868, -81.36433536930302, -81.345301331263, -81.371922462687]], "boundary": [[30.16844626340025, 30.16844626340025, 30.123379736599748, 30.123379736599748, 30.16844626340025], [-81.37972054808081, -81.3277794519192, -81.3277794519192, -81.37972054808081, -81.37972054808081]]}