{
    "boundary": [
        [
            30.16844626340025, 
            30.16844626340025, 
            30.123379736599748, 
            30.123379736599748, 
            30.16844626340025
        ], 
        [
            -81.37972054808081, 
            -81.3277794519192, 
            -81.3277794519192, 
            -81.37972054808081, 
            -81.37972054808081
        ]
    ], 
    "center_point": [
        30.145913, 
        -81.35375
    ], 
    "distances_to_center": [
        2276.205438067485, 
        185.16188819130264, 
        2156.526082315686, 
        2729.647903801537, 
        1094.0306631174117, 
        1733.2533906212805, 
        2196.478863430428, 
        2448.0994774203064, 
        2121.1470745601337, 
        1738.0513099094594, 
        1270.7788392849993, 
        3006.281690784947, 
        1165.2159297147, 
        2536.28293820352, 
        2051.475464466305, 
        1759.0478044668482, 
        2269.533313208212, 
        1208.3672342394432, 
        2254.924887087234, 
        2258.6692955994486, 
        1432.7766728151444, 
        1883.440870563825, 
        1947.5651316579629, 
        1939.5145129132566, 
        2008.5676531623844, 
        255.74310348586775, 
        1470.6190604658084, 
        1722.973980953403, 
        2566.369811960157, 
        2211.1885311908513, 
        624.1292594371347, 
        2110.1985979382034, 
        1480.0976260747468, 
        682.0559705731994, 
        1579.8921111910267, 
        2953.2887899968014, 
        2251.1107858430046, 
        2578.809606957583, 
        2283.4306791007084, 
        2153.9602089940404, 
        1759.6831461536704, 
        1194.1617736546452, 
        685.8316108213506, 
        331.57691353524586, 
        1289.5391539765528, 
        2266.718897269773, 
        1855.6170625547718, 
        1262.9110962471598, 
        151.70486197742196, 
        1984.1279647656602, 
        1657.4672292158898, 
        1059.3775624320294, 
        2125.9954300696936, 
        2125.906688652024, 
        2421.722474615374, 
        1502.081709001424, 
        2718.535317655828, 
        1854.6271359667728, 
        2731.982148301719, 
        887.7346102265737, 
        841.9170642188108, 
        1245.860184375661, 
        901.1787040337672, 
        2554.4103873260674, 
        1843.318133141006, 
        298.9226043915995, 
        2714.4187495958145, 
        686.7372558687243, 
        2121.3750579469684, 
        1586.7936537904425, 
        2988.965589359162, 
        1616.302231702263, 
        2468.935767643195, 
        1021.0788387669942, 
        1735.1394647703912, 
        2749.16929126416, 
        2206.2245034199996, 
        2256.306674829588, 
        1961.5056941450334, 
        1576.9513006428208, 
        2137.522311847688, 
        2174.6780052835943, 
        3489.8896133668427, 
        1139.2439097810036, 
        2436.2392607877136, 
        825.5908649445826, 
        2247.2117207671854, 
        805.5530404241384, 
        3063.627087208978, 
        2458.823922697096, 
        2564.410436405229, 
        2906.1422713394822, 
        2106.9951654163374, 
        1422.60807790631, 
        2485.205960188923, 
        957.4085796737559, 
        2293.2892158307814, 
        1811.5426492701165, 
        3046.311016695826, 
        2308.31839453815, 
        2364.0038821954195, 
        402.72719983138137, 
        2937.2580197753546, 
        1495.605455021265, 
        2802.3015164360936, 
        2334.1414911515267, 
        2207.9934893774775, 
        2426.529194598277, 
        2015.4558823098055, 
        2206.0842308697834, 
        2139.182194049411, 
        1729.1114512769798, 
        2637.0384770626174, 
        2176.6306036278565, 
        2294.7860195431717, 
        565.7944335805614, 
        1750.278541455277, 
        1053.3988966754193, 
        832.9145559055363, 
        1125.3415791993095, 
        1797.7772544803797, 
        1812.5542981761907, 
        2597.8230871442543, 
        2281.040513270586, 
        2582.0024236378263, 
        2270.158518835225, 
        1734.6081395319627, 
        2676.3640052411038, 
        588.9088145473166, 
        1587.6762658491625, 
        2333.2882693457573, 
        992.244282846762, 
        590.0282578289272, 
        1840.2594359520979, 
        2724.8028598151727, 
        1073.107711277903, 
        2924.6139691912977, 
        3088.8178185325037, 
        3011.9051830282633, 
        903.0914064356549, 
        1491.7508458354812, 
        1767.24490356559, 
        2468.5618436893405, 
        2454.936717683243, 
        1604.060242914495, 
        2466.7857980885965, 
        1402.919318751038, 
        2069.7779340258166, 
        2037.0373470311524, 
        3176.137586666563, 
        1270.1051349564068, 
        2453.6135274498097, 
        2322.117333866442, 
        973.4842650234277, 
        2297.918967840501, 
        2420.551668801383, 
        2031.4040718611332, 
        1334.493667644459, 
        966.0347356640318, 
        1147.1620821920585, 
        1078.206286683439, 
        2685.7417212779524, 
        874.2100260135664, 
        2660.6762719124185, 
        2049.2088189772635, 
        2100.236650101013
    ],