{"center_point": [40.7583604, -73.9934246], "sample_points": [[40.75637515141583, -73.97833339444762], [40.74923188661503, -73.97800026481005], [40.757195718089456, -73.9766164504702], [40.7468971564578, -73.9812500028099], [40.77066505199801, -73.99280397482252], [40.76766444942012, -73.99828629036327], [40.76653446659454, -74.01325886849814], [40.76286651639885, -74.02040232033943], [40.766395970696415, -74.0056905143922], [40.77522879313775, -73.98090474071181], [40.74083160811261, -73.97851929953971], [40.777014623443286, -74.01595842793044], [40.740216686984894, -74.00979708909674], [40.75327553251386, -74.01716061545004], [40.77087949914481, -74.00431936605112], [40.76789489700691, -73.97243224303202], [40.742890669837735, -74.02102289805215], [40.77472093746715, -73.99765716929097], [40.763274036203136, -74.01133380907963], [40.77606582004115, -73.99041666050744], [40.75087515278842, -73.97958514995005], [40.77583635655, -73.986159197155], [40.74139074225933, -74.01674624523761], [40.7617701647737, -74.02129970850051], [40.76506396985387, -74.0130630239034], [40.7453762155763, -74.01431756553671], [40.76676576847207, -73.98253442968509], [40.75072698141613, -73.99939942367621], [40.74797401305809, -73.97343042842485], [40.757503145141825, -74.01832327597656], [40.76766622030852, -74.01872681376722], [40.77719997943389, -74.01356659890126], [40.762714225521776, -73.9673098829469], [40.7653825959834, -74.01175089124406], [40.75604510843116, -73.97077803665641], [40.774994486234846, -74.00000991587747], [40.73760835663174, -73.98956338856954], [40.776545933122584, -73.97390629172672], [40.776405324618, -74.0146613565761], [40.749410288487525, -73.9637920596184], [40.775374943643875, -74.01189984725288], [40.75413259998038, -74.01090971935783], [40.743427238711945, -73.98918979515054], [40.77324903958142, -73.97460097834956], [40.78019799026114, -73.99716897843395], [40.76231240066313, -73.99586574591152], [40.747991005897966, -74.0215001715855], [40.777172968693144, -73.97826919847013], [40.76841714621607, -74.00861628528169], [40.77821671410083, -73.9665353324078], [40.75304015513617, -73.9954675685797], [40.73906828654149, -74.01815491346628], [40.756376335500775, -74.00660601323706], [40.775860809636725, -74.00800258486514], [40.77140840749234, -74.01083317901369], [40.756346275556375, -74.01995308353096], [40.75183628450407, -73.99984342736988], [40.76265040757184, -74.01367827171138], [40.74343014202592, -74.01059636119533], [40.76326309882936, -73.9661357633605], [40.77050242566565, -74.01194488026378], [40.769765657364104, -73.99523822904085], [40.736051517656776, -74.0152600634951], [40.77554349635488, -74.00043384971275], [40.77767930786765, -74.01304273189734], [40.75782935694805, -73.9765637265601], [40.746982446557055, -73.98346552414236], [40.77127630505378, -73.99608181319748], [40.766397026403155, -74.0225450045555], [40.76621161256957, -74.00698166176628], [40.7575676239698, -74.02055397399155], [40.77437238521406, -74.0191088919817], [40.742167893014795, -74.00257161998826], [40.73946314655443, -73.99970907007837], [40.77229579238935, -73.97703519833847], [40.76487021956967, -74.01965812366856], [40.75366701972599, -74.00240992911601], [40.77696558343068, -73.97764955213508], [40.76199656927954, -73.99969448467316], [40.7605628985091, -74.01875526253943], [40.765460812199116, -73.97235137177852], [40.73764111915384, -73.9656242970226], [40.76391716716393, -73.96689538366773], [40.748137184725515, -73.98395810441777], [40.75300966243578, -74.0093482283579], [40.754399997014566, -73.98080211212063], [40.76147894067163, -74.01712095459344], [40.75890711330052, -73.99377491600038], [40.75113750744594, -73.97512094673448], [40.7405268019969, -74.0215774706724], [40.74870875207752, -73.99003184772332], [40.758131649224346, -74.00528951250423], [40.780885440620416, -73.98940804547135], [40.775376155635456, -73.98112214520172], [40.768596636077795, -73.99513741374517], [40.78050438117085, -74.00197978983155], [40.77276454417156, -73.9861176225719], [40.76695644317072, -73.97142659091494], [40.75347455816972, -73.99806803459525], [40.76437914131327, -73.99017920352739], [40.746194760626196, -74.0038734586667], [40.73609783124656, -74.00570905666721], [40.778602169183884, -73.98926889762566], [40.74396774441037, -74.00615521257605], [40.74214207849566, -74.01953718413327], [40.77644173520592, -73.99444047017936], [40.74707121535, -73.99965879843406], [40.7706311448114, -73.99727813629582], [40.752148641454205, -73.99877174601842], [40.76571952953911, -73.99194783580158], [40.75510069332063, -73.97416551234302], [40.77074924096312, -73.99549609240947], [40.75433372190783, -73.96852865672282], [40.747095101620985, -74.00592318862608], [40.77685356193895, -74.00515046428855], [40.76978619375216, -73.98505218336622], [40.77874857939384, -73.99328066943953], [40.77475007490878, -74.01798194761317], [40.77796025426205, -73.97651949250674], [40.75208123240902, -74.0133180814253], [40.77548947584452, -74.0221358140543], [40.75142413352996, -73.96440935357231], [40.743269412261455, -73.98800442948625], [40.77282599175837, -74.01904896294398], [40.76215054977157, -74.00822911884467], [40.757668968645504, -73.99414220580965], [40.740133901227125, -73.99672463655546], [40.73785363111126, -74.00090000912677], [40.78053372899372, -74.0118343847335], [40.74933762827934, -73.99592683685249], [40.738205370603694, -74.0074470450424], [40.75118875470532, -73.97167233813124], [40.76356351256072, -74.02029634612319], [40.773649496795954, -73.99461868116231], [40.73982780837053, -73.98621782498661], [40.76983766471389, -73.97324358094338], [40.767041607178705, -73.9684478154029], [40.73923178038878, -74.00278287222005], [40.77903007207647, -73.96775477003048], [40.76187238278106, -73.97603848087205], [40.739990104027974, -73.96615281245337], [40.74113812748286, -73.99556898784252], [40.7636732627164, -73.99401403428192], [40.74404075186027, -73.98056997098527], [40.77298609489353, -73.96916751562705], [40.73873875011254, -73.98521319250256], [40.7654003008151, -74.01314699773202], [40.77306820945245, -74.00247326693314], [40.76926040330401, -74.00913028340413], [40.76809056093726, -73.99300090429185], [40.77882374639918, -73.9699600628476], [40.74399589783782, -74.01187813608298], [40.77685326524495, -74.00092792885398], [40.77063471908525, -73.99815174799514], [40.77504408495734, -73.9780628161191], [40.75278512921277, -73.98551563377771], [40.76132051915763, -73.96661326732078], [40.75043739615451, -73.99200266822547], [40.7454034205367, -74.00280787569626], [40.770540064394474, -74.01092211388091], [40.73899948476765, -74.01631909890037], [40.78061526942137, -73.97271939372666], [40.758912616128676, -73.9892077364052], [40.77091072133314, -74.01302173316559], [40.74304183814031, -74.0129920349355], [40.751053173352624, -73.9652232108329]], "boundary": [[40.78089366340025, 40.78089366340025, 40.73582713659975, 40.73582713659975, 40.78089366340025], [-74.02307332595738, -73.96377587404261, -73.96377587404261, -74.02307332595738, -74.02307332595738]],