{
    "boundary": [
        [
            40.78089366340025, 
            40.78089366340025, 
            40.73582713659975, 
            40.73582713659975, 
            40.78089366340025
        ], 
        [
            -74.02307332595738, 
            -73.96377587404261, 
            -73.96377587404261, 
            -74.02307332595738, 
            -74.02307332595738
        ]
    ], 
    "center_point": [
        40.7583604, 
        -73.9934246
    ], 
    "distances_to_center": [
        1879.9379173922227, 
        1213.9606060836995, 
        2117.3677686327846, 
        2484.8228709228224, 
        2150.495637677655, 
        1537.609128278917, 
        2384.3674190156066, 
        2081.439270457612, 
        3111.2270579728793, 
        2541.2578281376827, 
        2242.0491650844247, 
        1703.41995583631, 
        2697.379509528962, 
        2278.1229878984964, 
        1037.4883865969232, 
        2611.5530187701543, 
        2362.8877724358767, 
        1906.2934773830518, 
        1624.602912855053, 
        2983.885222097686, 
        2273.564094429309, 
        1563.8100532521582, 
        3344.605891032709, 
        1110.7933052317464, 
        2135.0482101532084, 
        1877.780743927787, 
        2096.1682771654287, 
        1547.5839153425527, 
        1901.143491877099, 
        1099.1254390859435, 
        2480.1570989687048, 
        799.8185446722833, 
        1772.2340429263622, 
        1993.88969342426, 
        2345.5108490946604, 
        638.5360688844139, 
        1233.8705440336937, 
        2430.8141730942066, 
        1990.3054643797054, 
        1964.0182350260814, 
        373.8822945653353, 
        1940.071383456329, 
        1783.7991184155753, 
        1661.651515695554, 
        2604.4459992971824, 
        2525.7922818978327, 
        2063.4380974958613, 
        1101.0273223447607, 
        2873.0807292245545, 
        2685.6091852269856, 
        2163.035751208846, 
        1401.715212312745, 
        1830.3368229678922, 
        1418.5141655028185, 
        207.33076668259363, 
        1458.8539609329935, 
        2503.1661364581514, 
        2050.105405151105, 
        2930.6669303366616, 
        1509.3808982344092, 
        2502.1025469821416, 
        1606.9491713409764, 
        1484.1210043672622, 
        1983.440702206611, 
        2478.30627651279, 
        2157.0186433747217, 
        2429.381142150399, 
        1288.246888715214, 
        2825.654764198244, 
        2117.923715679995, 
        2771.033387464325, 
        1528.661879371363, 
        1123.7716856250943, 
        757.3053095031124, 
        2578.5591184109303, 
        1144.172958592097, 
        1586.2621410709378, 
        1574.5886056952606, 
        3128.262255880916, 
        2468.239069919587, 
        1361.8351816217269, 
        2258.2248823193836, 
        2401.390079273691, 
        3097.157744412123, 
        440.0505484099355, 
        1855.712338798577, 
        3088.1384467032804, 
        1108.3063339480682, 
        1849.3348648985448, 
        1838.554638849966, 
        561.9592081706938, 
        1909.671612806812, 
        728.5820371290142, 
        2396.265046519208, 
        2509.41355591575, 
        2099.3985426791555, 
        3091.7521752952225, 
        2342.816488306597, 
        2849.9539179925346, 
        110.59749416511016, 
        2557.55621757455, 
        1614.688302756137, 
        2423.34956032908, 
        1092.9749024053256, 
        2158.5586203771963, 
        1330.8927043566841, 
        2963.640948070097, 
        2470.7873219192725, 
        2695.9154634934093, 
        1492.198221344319, 
        2352.4992887772723, 
        1670.5814034769708, 
        1148.7901250680402, 
        2545.4858655235125, 
        869.2784056129102, 
        1882.355280537004, 
        2533.4951619745666, 
        1440.9018778101538, 
        2529.6318374494504, 
        1656.261995213181, 
        578.2348486258651, 
        822.0248618308227, 
        430.30928079682377, 
        1497.4104099250533, 
        1545.51781786596, 
        2855.8934506104983, 
        2289.6198202005585, 
        1649.8597515599988, 
        1959.0347216231792, 
        2251.9153504852734, 
        2231.558152180624, 
        1127.6743835625991, 
        1899.2928859061424, 
        3101.9334671516713, 
        3171.4617431099086, 
        3144.3850008709555, 
        3422.088438611702, 
        1745.0874534676318, 
        2493.032694786842, 
        2498.111611251324, 
        2544.0412867013806, 
        2424.990490343006, 
        902.5078980108553, 
        1672.739245996568, 
        1038.6721033047234, 
        2260.8739195204635, 
        1400.452213606162, 
        23.606578047371812, 
        159.40785511266702, 
        1920.2161642291103, 
        2161.1003040801593, 
        1845.5793235478518, 
        2751.5402501595922, 
        2309.275945837688, 
        2754.605500404777, 
        221.92869029558037, 
        798.874139308018, 
        2059.3284913161465, 
        1500.6901294136671, 
        1463.643882045443, 
        2710.147241706115, 
        1719.33215705794, 
        2705.625497617763, 
        2361.200334611024, 
        2131.592463663947, 
        570.8792780405798
    ],