{"center_point": [42.3521901, -71.1177297], "sample_points": [[42.37242748566691, -71.12403223840526], [42.353384536786876, -71.1391263087852], [42.336878763963924, -71.13272457824172], [42.34557818627494, -71.10129535617331], [42.348113353707355, -71.10013307589541], [42.33835086172358, -71.14746677423182], [42.333397189491585, -71.11853407558213], [42.3476026289557, -71.12014116377013], [42.36842878353332, -71.12980467277472], [42.35669496612926, -71.08763666135593], [42.33402043315057, -71.10800952018866], [42.33524767072333, -71.09699616958828], [42.373809188869416, -71.12997454150678], [42.37299087327497, -71.09948770808364], [42.34898393348001, -71.10377480073183], [42.33453628751826, -71.12846958912606], [42.338315191949064, -71.12615303251403], [42.369820318721196, -71.1122823825475], [42.353120104106225, -71.08736945449547], [42.33342812314759, -71.13553043636345], [42.36264196151554, -71.12271467264378], [42.340785655061765, -71.12992202379046], [42.35442217933756, -71.14022517771592], [42.33478322360694, -71.09071453762348], [42.36560238962696, -71.10082716203858], [42.33553379301216, -71.14352541664053], [42.34573055719304, -71.09740436161904], [42.333886132359645, -71.12351898977637], [42.36996802895457, -71.1224822835681], [42.356495203545514, -71.1162329693291], [42.35766756843646, -71.11787583019854], [42.33008631490907, -71.09319061853975], [42.366998839992824, -71.09398606724096], [42.33356976898272, -71.14171252692469], [42.36055811242764, -71.09235451798008], [42.35686890217831, -71.0913158344389], [42.36246194595253, -71.11042302313483], [42.336914929950595, -71.10805602208252], [42.364758548475756, -71.1040958546434], [42.338815849205254, -71.10865155742054], [42.3719007800917, -71.14111318582472], [42.35324703531696, -71.12880013197254], [42.35289489180014, -71.14568144670483], [42.36558754955708, -71.13375636459257], [42.361507668733964, -71.09284621240555], [42.34755917294515, -71.13302971348553], [42.340694188284964, -71.09301620432842], [42.35865860500094, -71.12049747289133], [42.362074936024186, -71.13238864326823], [42.329970774049094, -71.08991180017871], [42.33136792125943, -71.09987481384425], [42.37131297010697, -71.10386493484373], [42.35839961074933, -71.12476479059316], [42.36389748607334, -71.12292362119227], [42.33953521524499, -71.0918513896205], [42.35076024818329, -71.1338004800659], [42.359228950733765, -71.10363690253187], [42.338794971218654, -71.1123523514204], [42.35192403934673, -71.09288355010713], [42.36158740442837, -71.14429231957774], [42.35293839957936, -71.14761857397524], [42.3357396207739, -71.1427445143311], [42.351990998021286, -71.12297276285202], [42.35380687967031, -71.1416522051881], [42.368545983989605, -71.12675393902911], [42.366920893160355, -71.08814801945213], [42.34177644441328, -71.08825331410142], [42.37201488285708, -71.11087787681497], [42.334064730929654, -71.09068879874522], [42.36727917364557, -71.14167614931455], [42.36988941113072, -71.11622188232802], [42.37225296103137, -71.11305646866833], [42.3709887844314, -71.10978724657112], [42.359068168573316, -71.14721452766155], [42.34468823731991, -71.1476814530138], [42.373377526741315, -71.14688280342983], [42.36020150677911, -71.10446862017115], [42.35469576916571, -71.13857946312605], [42.34926090325371, -71.139723992474], [42.36086479381945, -71.11391784227891], [42.329731063533806, -71.104811897595], [42.331141440276156, -71.10683018855072], [42.374689022524386, -71.11804974403508], [42.36622666617962, -71.12041848822766], [42.3556415500113, -71.12822055377096], [42.34768387916623, -71.10736013835869], [42.364018926293106, -71.11788574754382], [42.330754671070785, -71.08889902246271], [42.35233146340306, -71.12558263196057], [42.33085500468482, -71.12734591035368], [42.339795995749384, -71.09821704391561], [42.35314078591424, -71.14470922429476], [42.37395904859357, -71.13557292571736], [42.36771374956452, -71.11454893897685], [42.36039414233481, -71.1126727436911], [42.33272158902525, -71.10961900899272], [42.33385307009282, -71.13229443054722], [42.34372619994952, -71.10796662533076], [42.374712808261265, -71.12064923052495], [42.36835706712536, -71.11042627577166], [42.36732957102119, -71.1001715240143], [42.355094983818866, -71.12457434538392], [42.339536206770326, -71.13477177500579], [42.3624909549892, -71.10408166407028], [42.36319881066339, -71.12766507743467], [42.35305118876271, -71.11329644779045], [42.33656578652722, -71.1313676428713], [42.33425305027949, -71.10502094828551], [42.36881538919352, -71.11737586841782], [42.37025469487448, -71.09969657369498], [42.35906240923479, -71.0985345054894], [42.34563757754543, -71.10848457395656], [42.362852284132366, -71.10309020534189], [42.32968850684995, -71.10467398815634], [42.37431886559264, -71.1294167213103], [42.3381127384072, -71.13482343923538], [42.34375426338465, -71.12353983115585], [42.33466430379696, -71.11456275136841], [42.33503866200765, -71.09077913076477], [42.34475555558577, -71.13503905051657], [42.363211290045925, -71.1066409169819], [42.35609193852172, -71.09696561631769], [42.36861433463418, -71.08824277603898], [42.36037032210584, -71.09542291240933], [42.34052223390414, -71.09544239757355], [42.3547008160584, -71.12843216520326], [42.3550836034194, -71.14188360580445], [42.33447965983181, -71.13859384527865], [42.34632322059015, -71.11211981208695], [42.35412243076252, -71.11297956302715], [42.331500455420986, -71.13933159977039], [42.35508295338194, -71.1097102391886], [42.3744743700136, -71.13348068234967], [42.33393465078012, -71.12037656063153], [42.369557648710796, -71.11277107800129], [42.33116921582705, -71.12337955581623], [42.330594778948516, -71.12153554332123], [42.33422666672616, -71.1240064246312], [42.34185487681027, -71.08961865393432], [42.36631579575827, -71.0978990652754], [42.33810693551316, -71.11467031189551], [42.33563997771097, -71.13464702925434], [42.34502200937045, -71.13339042907106], [42.347317774713126, -71.13412115708479], [42.34291659275951, -71.09020553852763], [42.331409503773635, -71.09099134091194], [42.348633510989686, -71.14774158645983], [42.37102087109958, -71.09855535970736], [42.338671073035016, -71.12539183464673], [42.3571116485195, -71.13462611105459], [42.33442993103986, -71.13351217593905], [42.37362093502421, -71.12879287302717], [42.34507148277777, -71.11005990531325], [42.37414690334561, -71.1477987167309], [42.3414312270888, -71.10575902310588], [42.34582541775958, -71.12331829000429], [42.347168631487534, -71.08934495066251], [42.345698312418705, -71.08848096601116], [42.361735725404905, -71.11890586484718], [42.360685465592056, -71.09129033552654], [42.368752248468304, -71.1391580834007], [42.368886623406134, -71.08777693788147], [42.34457438534085, -71.14802745040019], [42.33468768509173, -71.14730655267465], [42.3560612194276, -71.12563130388159], [42.33048301408236, -71.11723976521978]], "boundary": [[42.37472336340025, 42.37472336340025, 42.32965683659975, 42.32965683659975, 42.37472336340025], [-71.14811870274035, -71.08734069725963, -71.08734069725963, -71.14811870274035, -71.14811870274035]],