{"center_point": [42.3521901, -71.1177297], "sample_points": [[42.3316503635358, 42.3453588885633, 42.370965914272325, 42.36882282984062, 42.37402433082633, 42.36895138954788, 42.37420378497779, 42.365361759875974, 42.335817319136616, 42.35488724890545, 42.36356126963721, 42.36020797203804, 42.34251478461107, 42.35145465487768, 42.367416654469174, 42.34810049324883, 42.33373001013264, 42.34503080049287, 42.37153490934503, 42.36993359281765, 42.353912824156694, 42.37121819445139, 42.363107662782035, 42.33789176194789, 42.3687401251412, 42.359305492229076, 42.365479016417325, 42.36428373467344, 42.33226192369033, 42.33032960996334, 42.37266634620669, 42.35563604372868, 42.349737380180635, 42.36700339451248, 42.36477488795596, 42.34963319202436, 42.34796509747237, 42.35863338481154, 42.35724520960491, 42.360147938219356, 42.35186434416889, 42.36211984102726, 42.367684162314745, 42.36277684425201, 42.33445036600037, 42.34604039141392, 42.341183343877276, 42.36347726044717, 42.36175801812316, 42.33133128183969, 42.3548128928197, 42.36149219517569, 42.337549888077355, 42.365773452183234, 42.35161973814118, 42.37408957653654, 42.3643138264309, 42.34322376056781, 42.357651627755736, 42.35044599780027, 42.3323263183852, 42.35974119006476, 42.35913161839389, 42.35124664435678, 42.363451252613984, 42.36445968354408, 42.339174311230295, 42.37329766776034, 42.344746922449666, 42.360288166044455, 42.371053632302754, 42.35460052092185, 42.36209788750263, 42.35463605494428, 42.370162705193856, 42.344460990672545, 42.3726628385942, 42.3360583651852, 42.37367674267375, 42.36554317138224, 42.34290959012932, 42.34304989777852, 42.34506164134079, 42.333466668256655, 42.33940620777596, 42.37180828515908, 42.356708625925556, 42.35429026310708, 42.34028651854867, 42.36365981092555, 42.373845086005815, 42.34174214497773, 42.363157792241196, 42.35007198998704, 42.33392300227247, 42.34427634748518, 42.36890798707904, 42.367225211405525, 42.33360890201889, 42.33942430401523, 42.34420953762182, 42.36478434122241, 42.358321226467055, 42.34959761682759, 42.34990215726028, 42.34829513118838, 42.34077202202729, 42.34196007594634, 42.33542379116756, 42.34092518908845, 42.33881677740074, 42.339056827128886, 42.35603898003086, 42.35995189010085, 42.36154141070533, 42.33849334567118, 42.345725710097526, 42.348243493622036, 42.339101545416334, 42.347086979072984, 42.34829403580122, 42.344362670202784, 42.373425411698996, 42.35935449283196, 42.344645483459686, 42.34469088774614, 42.35269876791642, 42.32983559752231, 42.36871606580577, 42.33013239964743, 42.37295639949264, 42.333503277912754, 42.34224732809702, 42.34658780491645, 42.349995766220836, 42.36005646591218, 42.3496628395382, 42.34736976620696, 42.371985101617966, 42.3469668280474, 42.36814101019502, 42.33392187661886, 42.33942184500436, 42.3554881832907, 42.367922793241675, 42.33038782106752, 42.35649291608787, 42.35752798590244, 42.361088862911465, 42.355179225210605, 42.35657275230119, 42.36779221712888, 42.35986905410733, 42.35676731710782, 42.36168590844567, 42.34236142324986, 42.3530040955781, 42.34737415967191, 42.35194001054602, 42.36839923071938, 42.365301531523436, 42.3633434034633, 42.329840152683424, 42.36204021614731, 42.368828324274794, 42.33643892012575], [-71.10278701063685, -71.14286480735915, -71.13854152031894, -71.10093515555609, -71.14287967625371, -71.1086447857549, -71.11084249867454, -71.12953324848247, -71.14238844679547, -71.14084388247655, -71.14164834385467, -71.09569416704953, -71.09728490382614, -71.12046437502578, -71.11664339460218, -71.10576731417017, -71.11074116663832, -71.09816116180224, -71.1369721238732, -71.10155142142345, -71.12396641829372, -71.09926469553729, -71.11093742903252, -71.08958195949248, -71.09423071263488, -71.14786793249432, -71.1375403273318, -71.10399057153327, -71.1433506495977, -71.10356614219384, -71.13686142671446, -71.11558714219993, -71.10535834392915, -71.14082148650557, -71.08809087519606, -71.14693120126621, -71.09220678091917, -71.08988002186119, -71.13663773343296, -71.14103922095934, -71.14056351671292, -71.09535064978759, -71.11512155233858, -71.12115560755893, -71.13929782029322, -71.09420187232396, -71.14145234884109, -71.09764968541815, -71.14452628095177, -71.10697690220198, -71.10811706471631, -71.11633578810198, -71.10770064222157, -71.10265586911763, -71.12567099453291, -71.13988525023329, -71.13116689791539, -71.09592401339606, -71.1245663325513, -71.10905188766442, -71.09518611402426, -71.12869044799321, -71.11761274887378, -71.14644060644143, -71.12816415475392, -71.11764655485908, -71.14544698248793, -71.0934736727958, -71.1247684442926, -71.11185709979054, -71.1094513733095, -71.11620230729105, -71.13685795364935, -71.12317938279341, -71.0917238288162, -71.14198279865063, -71.13203924863446, -71.14794751632803, -71.10295147623636, -71.10440872310251, -71.12132305653087, -71.08976872414661, -71.11428695406435, -71.11020081247368, -71.09325169883608, -71.11404747249132, -71.09355006179071, -71.14656755736421, -71.1266505715871, -71.1310368500831, -71.1008803713051, -71.09772991529233, -71.09886375107536, -71.14072945703408, -71.09847420336013, -71.09418490740386, -71.14071095393388, -71.12248833762138, -71.11228633215703, -71.14484371099738, -71.10737451023536, -71.09462804488501, -71.08910346433574, -71.13036175826932, -71.09469828782991, -71.10537673795568, -71.14714650063372, -71.11913536977544, -71.10557748312773, -71.08752808271223, -71.11137563037126, -71.1322642489968, -71.09761566103646, -71.09137640919272, -71.11044728220469, -71.11373152134928, -71.10262403383113, -71.10457502018863, -71.11116487139432, -71.10386860135415, -71.1266199571664, -71.1115487046977, -71.12255970268389, -71.14454768345374, -71.09959062297293, -71.12462246339373, -71.11362349842364, -71.12241324841433, -71.12364442126825, -71.13255087437668, -71.10252707228979, -71.0934923138851, -71.12433856120381, -71.14324841733209, -71.14333840601323, -71.13538429738699, -71.10712600476711, -71.1116448799418, -71.14028552796935, -71.13498692339401, -71.12113454388171, -71.12648009377477, -71.10310933280822, -71.13784209889678, -71.11735548006808, -71.13250837159518, -71.09004799724893, -71.10165969630164, -71.1425963029289, -71.12870397396621, -71.09749824699851, -71.14219737322388, -71.09286047912309, -71.14195848147924, -71.11806384049841, -71.10694463862183, -71.14285793004687, -71.09051694208665, -71.11582299514626, -71.13300186662929, -71.09458177198343, -71.10931569132457, -71.09584700927478, -71.10739111101752, -71.10896834629077, -71.11751821631306]], "boundary": [[42.37472336340025, 42.37472336340025, 42.32965683659975, 42.32965683659975, 42.37472336340025], [-71.14811870274035, -71.08734069725963, -71.08734069725963, -71.14811870274035, -71.14811870274035]]}