{
    "boundary": [
        [
            42.37472336340025, 
            42.37472336340025, 
            42.32965683659975, 
            42.32965683659975, 
            42.37472336340025
        ], 
        [
            -71.14811870274035, 
            -71.08734069725963, 
            -71.08734069725963, 
            -71.14811870274035, 
            -71.14811870274035
        ]
    ], 
    "center_point": [
        42.3521901, 
        -71.1177297
    ], 
    "distances_to_center": [
        1275.3236712037335, 
        1191.4423449703718, 
        2391.492561809972, 
        2389.8958572242486, 
        1841.0128256923717, 
        2458.093109221705, 
        1267.3616496457716, 
        2963.871753406535, 
        2900.5233278760825, 
        270.9704001664381, 
        1994.5763096889264, 
        3235.5193879596877, 
        3152.4174095763474, 
        1761.6393549906356, 
        1570.6078407146779, 
        1326.3493601031266, 
        409.1870223166189, 
        2631.300907484338, 
        1145.5877660866101, 
        1131.8347407303102, 
        2542.130424847115, 
        513.8741763093777, 
        2296.3821327119917, 
        2622.976114995057, 
        2005.2020263530706, 
        1727.067626434893, 
        2077.2522322398895, 
        1210.792064093103, 
        2244.4928051478705, 
        1931.2929534953498, 
        1919.0780993639846, 
        1619.0652061482924, 
        1304.0764765713654, 
        2998.120414619453, 
        1084.6480856589517, 
        2012.0958241512005, 
        1708.9109423775687, 
        2080.1222517184087, 
        2720.057725217207, 
        2079.324202418297, 
        1302.463623611511, 
        829.9855707849636, 
        610.7668897222912, 
        2423.060859105047, 
        1779.0277692266966, 
        936.3734712550346, 
        154.50749797118357, 
        2493.5362381458713, 
        2751.7927653962242, 
        2110.568935728479, 
        1763.0680749762626, 
        2427.6791781606244, 
        2315.1517558827913, 
        1694.8607653368445, 
        2340.265217941901, 
        1410.3070973636607, 
        1634.2972550238007, 
        2069.8880702224687, 
        902.3253215007762, 
        2363.0157360665257, 
        1651.696210853091, 
        3016.3375478260077, 
        3099.1734298668994, 
        1719.9870829640154, 
        704.4581439467908, 
        1699.096176541657, 
        1455.0683850019086, 
        2054.3208674112643, 
        1226.9650399965944, 
        2410.6202827450848, 
        484.29053927183, 
        1358.1374301107833, 
        1637.745606638656, 
        2647.007660444293, 
        2441.474006970436, 
        2904.088072963723, 
        1951.7694354621403, 
        3152.29804290781, 
        1464.3471201671152, 
        1421.8559747339962, 
        864.8882271663897, 
        1854.9922334654748, 
        1583.7417477797887, 
        1501.1019578523544, 
        2112.2642910212667, 
        1268.904397010522, 
        1007.7889340229227, 
        1438.174665045078, 
        1763.3613138339228, 
        664.5265440513502, 
        1891.5857416454678, 
        1740.8875278081782, 
        2350.6952646308278, 
        1271.2162389679938, 
        3102.0277824689606, 
        822.3359754554006, 
        1410.7290235768546, 
        1265.1099996647213, 
        1632.0866163455419, 
        2216.5237533540117, 
        1411.0794195892347, 
        1909.9151333102996, 
        2646.6072741757935, 
        2474.005561368115, 
        916.9353835045201, 
        2979.4326958129836, 
        1671.987204050926, 
        2347.2983576860274, 
        2281.087735641686, 
        1638.1180538751844, 
        2003.1842270890343, 
        2668.8058651423707, 
        1607.9551861535417, 
        1868.1998336011554, 
        745.0452040255108, 
        2432.928418524013, 
        1985.9196300216395, 
        1711.0937806911452, 
        1804.3072572816802, 
        1796.7115549816624, 
        2933.8900436634312, 
        2340.3166875565475, 
        2419.895760452804, 
        2731.5655013239066, 
        1742.0001039252725, 
        2224.3115565685334, 
        881.7364815199319, 
        2482.103110239429, 
        1002.5848460520837, 
        2847.01266438563, 
        869.3985676285492, 
        1714.5765047690672, 
        3314.986078702289, 
        2837.759212975659, 
        2144.080178928848, 
        2083.851493589746, 
        2237.987854491242, 
        2516.81873987487, 
        1705.8374505274166, 
        2682.415826936633, 
        1259.9178603994412, 
        531.3572283266615, 
        2284.2655081781913, 
        1257.85326209143, 
        2130.849949153975, 
        1645.7711766248517, 
        1003.3252265778902, 
        2182.886428522004, 
        2293.561004524324, 
        2606.108674481628, 
        2418.115822952789, 
        2602.298916580236, 
        1325.4814909350089, 
        2852.9708260260354, 
        3404.511356569179, 
        2333.7064455277114, 
        1297.928236494027, 
        3388.18493454625, 
        2597.5911268951036, 
        1404.8983851212759, 
        1603.1421407703344, 
        2112.1162511397283, 
        3326.6826066451636, 
        625.7684796067242, 
        1542.3368562833891, 
        1944.7639456975992
    ],