{"center_point": [37.9721356, -87.5678588], "sample_points": [[37.97724215547109, 37.97209532006431, 37.96597836891687, 37.96342796037645, 37.95928253653609, 37.98392390573337, 37.96276032114578, 37.95427348487588, 37.981911959918904, 37.966200613432875, 37.978680274230356, 37.98850427057197, 37.963758991286, 37.97864888095379, 37.96419052812962, 37.98250334383647, 37.986640556199035, 37.96303749610089, 37.9797059573183, 37.94988863380052, 37.95448090580091, 37.96850228982549, 37.97946571997989, 37.98780520216563, 37.96117201670878, 37.99379922237238, 37.9705884422883, 37.97092530563969, 37.95727864151424, 37.98845046954192, 37.95897186434122, 37.97316776633599, 37.993798730414255, 37.96840927261462, 37.955439159581715, 37.957497811733205, 37.964975780960565, 37.955410385659945, 37.97600715985847, 37.99411546508278, 37.95221411584845, 37.98343777962458, 37.974479746500656, 37.965654590950045, 37.98291549769905, 37.97491810798539, 37.972852065321, 37.96627426810627, 37.959281024211315, 37.99042512819412, 37.963317136175625, 37.9582413159073, 37.964398590277916, 37.95087238847548, 37.960096828512256, 37.981302330582395, 37.96159518546182, 37.9535341768668, 37.968733031228645, 37.95984495197653, 37.967914138534326, 37.974533789844145, 37.954027871171704, 37.96047367474278, 37.96275439020452, 37.96404549552816, 37.97022900065321, 37.96309053049693, 37.97009574145488, 37.966407719398205, 37.980500464693954, 37.97398685336886, 37.980062947494545, 37.971750299170694, 37.97305243178791, 37.97316225023931, 37.97500818982388, 37.99120997650986, 37.99300747768162, 37.96838677146269, 37.98004286685921, 37.963793357312966, 37.99029983132338, 37.978535191131186, 37.98331106668399, 37.9511233528165, 37.98355191886301, 37.96548544893252, 37.96878018906266, 37.958356286925124, 37.96447474846491, 37.95534995098486, 37.958020147887055, 37.95624912430246, 37.956083041000475, 37.97331974448601, 37.95277135707495, 37.98908491974022, 37.982128076851154, 37.96952498686777, 37.99139551383759, 37.97474743615595, 37.96641717987656, 37.98207986946266, 37.9581043666191, 37.95967872167957, 37.98978283162488, 37.95773859023436, 37.950148944404226, 37.97671768077781, 37.96268692489862, 37.96268338512293, 37.98137041981163, 37.96033438441704, 37.952176845629424, 37.98641223020243, 37.979413724193286, 37.96546070293311, 37.98356870509363, 37.99430368945739, 37.982239222264226, 37.951492787371556, 37.973301563673026, 37.95575274628397, 37.95896694015257, 37.97352224451859, 37.97624715111994, 37.96067726671075, 37.955151097249846, 37.98556999851711, 37.980045212505736, 37.95024433417905, 37.95873799569403, 37.96128295087365, 37.96238965422136, 37.97453184957857, 37.97103004113232, 37.99142383755544, 37.958495142270934, 37.98937890937786, 37.96290040741271, 37.97646553059492, 37.968711527217756, 37.97692981995195, 37.966298377885735, 37.986074950438024, 37.95067514893637, 37.99431096161012, 37.97210891735904, 37.99012291300484, 37.99082705117422, 37.95470255375049, 37.96199936399013, 37.97734527020522, 37.98649223575113, 37.95000981284683, 37.972241211169894, 37.96714270699847, 37.95170561046113, 37.994529012854194, 37.98687029292081, 37.97633025146836, 37.969970532382064, 37.95891740489241, 37.96811176734661, 37.97356114016012], [-87.57633632581481, -87.57809562113667, -87.54303022029484, -87.5562539967655, -87.54485402993056, -87.5943997819436, -87.57518495011313, -87.55251928343782, -87.5531356764694, -87.57462498085036, -87.58289872741302, -87.5939398653405, -87.57542315427541, -87.55413951803142, -87.59122170834485, -87.57120732895513, -87.54386383728549, -87.5776179011029, -87.59243235030632, -87.56551124719279, -87.572644005706, -87.5916332395036, -87.56054635503945, -87.58758762866513, -87.58497161951, -87.54666237135199, -87.59165138269282, -87.58272293636291, -87.58995291668286, -87.56038417353741, -87.55010624958797, -87.58446904780044, -87.5624589203282, -87.57955264916556, -87.54661648451862, -87.59236453641773, -87.55625937274344, -87.56805661523146, -87.58038645319643, -87.56436544581976, -87.54711517110167, -87.57721410787036, -87.56560265135646, -87.5667340662805, -87.56137321440549, -87.5765220947474, -87.54495836967723, -87.57250818920853, -87.56503139847288, -87.56515359544116, -87.58365785753996, -87.56757316706575, -87.591025769732, -87.54219299986052, -87.5603440126356, -87.56072477339714, -87.58569111557729, -87.5671232556004, -87.59616445662911, -87.58174160017283, -87.58858941888712, -87.5781649876598, -87.54789905610727, -87.58476423945596, -87.53952041161295, -87.56182996898536, -87.56488738191912, -87.55911028164148, -87.5589337060988, -87.54718479873314, -87.57206600328037, -87.58116200857121, -87.57380706545113, -87.59067933583512, -87.57059301159973, -87.58446828568373, -87.56274868050942, -87.53971753627604, -87.56148482701424, -87.57594295869957, -87.55103188629354, -87.59622386148648, -87.5477914263212, -87.56577995471238, -87.54156304567373, -87.59114943418521, -87.55490712356324, -87.56897096774736, -87.57161101415583, -87.58029014496041, -87.540790269084, -87.5403585221251, -87.5646858822499, -87.53972093973262, -87.54193647601518, -87.58446096539681, -87.57050164626757, -87.56642007944879, -87.56096811310115, -87.5836697969994, -87.57655970735051, -87.56454247630623, -87.59559368269124, -87.58343303140485, -87.54974500884622, -87.55420034295229, -87.5799442687802, -87.59239855695922, -87.5900903814611, -87.55215805421881, -87.54400776164876, -87.59113477276033, -87.56691185042445, -87.56289886244257, -87.54258462526408, -87.57713786317606, -87.5661691993576, -87.59338007752693, -87.55097068908395, -87.55575203941505, -87.5937920161998, -87.56477975454024, -87.54361971224849, -87.56124815302334, -87.57026957785226, -87.5443149345624, -87.57837379921818, -87.58321475822682, -87.58807060446671, -87.55163589248289, -87.58008297857754, -87.56647528091952, -87.56857395532207, -87.59164987337401, -87.59449962616686, -87.55525588197496, -87.58687495341286, -87.56468696872494, -87.5941261028143, -87.56437145031482, -87.55501063610983, -87.55901955675891, -87.58592377308646, -87.54744155809007, -87.59625820500236, -87.59552115831471, -87.53989147973917, -87.59276896874033, -87.59032761888157, -87.57502789974335, -87.57019778003496, -87.57571245381516, -87.54477409448182, -87.58402677538172, -87.55410600975128, -87.58854276134123, -87.58197475256932, -87.55511085686697, -87.5743779998819, -87.54658450085267, -87.57454760878683, -87.58561328871777, -87.54790208050822, -87.55918358846552, -87.55597194978427, -87.57945352276695]], "boundary": [[37.99466886340025, 37.99466886340025, 37.94960233659975, 37.94960233659975, 37.99466886340025], [-87.59634760557617, -87.53936999442381, -87.53936999442381, -87.59634760557617, -87.59634760557617]]}