{"center_point": [37.9721356, -87.5678588], "sample_points": [[37.960924149167475, -87.56616532859871], [37.97501679520758, -87.54973878434363], [37.95618209550304, -87.58481432277304], [37.97002758279221, -87.57324196468298], [37.98141092319132, -87.58013268539962], [37.972936226831706, -87.54550808552132], [37.95385546481139, -87.58978468297272], [37.985329475029346, -87.57577053280855], [37.967032906306805, -87.56706096293414], [37.95313995125549, -87.54654085784145], [37.96745965958635, -87.55621980374083], [37.97142618343487, -87.59183668319389], [37.97347567585039, -87.5639784889855], [37.98640194496808, -87.59365000179021], [37.98681432634769, -87.56148226812324], [37.97465857533875, -87.59025973940024], [37.98532321162938, -87.54278505628274], [37.97793187573465, -87.57320792998976], [37.9598709198104, -87.53968505282982], [37.98248406951697, -87.55847650059097], [37.97293208126464, -87.5890945625606], [37.970294649328736, -87.57000592061974], [37.986686351377834, -87.58537129647317], [37.96915899156673, -87.57749937809764], [37.98456049535301, -87.59198017241067], [37.97106957156735, -87.59325050416709], [37.97633729532475, -87.57063062133393], [37.98355576360586, -87.56385160306566], [37.95108589990176, -87.54613161685526], [37.96898217953271, -87.54037871682135], [37.99187897254948, -87.56029994943992], [37.95546150232191, -87.5580336498877], [37.983484155094864, -87.59104105216502], [37.95607990831104, -87.55316418131615], [37.98584691493694, -87.57558705995815], [37.95398760902205, -87.5543188524559], [37.9624106554965, -87.57957054374008], [37.981031704103344, -87.55343932291467], [37.95252688124519, -87.5923242908219], [37.97398778071488, -87.55038968128164], [37.98467160297394, -87.5905198683472], [37.98745790222321, -87.57668222359894], [37.98427797407826, -87.55841013500309], [37.96586084404386, -87.55088649549943], [37.983332917779926, -87.57350228518963], [37.96722826890509, -87.58749413184384], [37.95572710604926, -87.5542631672576], [37.98266296536876, -87.57574710942814], [37.986954535418235, -87.58914712776362], [37.97440721583005, -87.56751424364772], [37.978525678391904, -87.54013243959102], [37.98543339339626, -87.58528606905521], [37.96358314450095, -87.54358571381262], [37.97398172608786, -87.54769251114884], [37.97767796383315, -87.54079420287238], [37.96331593836942, -87.59325613170168], [37.97538918742213, -87.58876739348659], [37.96257130653629, -87.5599293727727], [37.9552423962561, -87.56897151718687], [37.95208736909801, -87.59225850639984], [37.98219524070175, -87.58147445417315], [37.97400868076749, -87.54737213967272], [37.98398737780965, -87.5947540371962], [37.9540493274897, -87.55742529776731], [37.987826987694795, -87.55276337697018], [37.99331822494485, -87.56129132624875], [37.96620052332649, -87.57231785725655], [37.989015182810974, -87.56099130194974], [37.987456865995696, -87.56821931471833], [37.9574159148985, -87.56316023081827], [37.977323713599326, -87.5675381463621], [37.988488703251434, -87.54405438381896], [37.98642349702858, -87.58121294258217], [37.98383076884634, -87.56219929896899], [37.965727670970395, -87.57874243519407], [37.971875882373226, -87.54451610476305], [37.98569146854711, -87.5949130936909], [37.95450348012091, -87.55019600002841], [37.97789619979777, -87.56452881002063], [37.98884148789668, -87.57023227279437], [37.98510304692544, -87.5728690279545], [37.9700385126638, -87.59209139967587], [37.97376571305891, -87.58912594112593], [37.95206457136282, -87.58659180532634], [37.992463187699926, -87.57904411451338], [37.95801706238389, -87.58640319657962], [37.954936327817315, -87.57291564466736], [37.95305603382155, -87.58222188558646], [37.95746727539823, -87.57843728703878], [37.97433393805245, -87.54156431529809], [37.9702512054698, -87.565721613364], [37.988990353686184, -87.58497512067024], [37.9735012447043, -87.5906589411549], [37.9913342111484, -87.5954286010609], [37.99413252561022, -87.58395919067073], [37.97562165188206, -87.59601316783059], [37.97566849382133, -87.5595578274413], [37.98390791496368, -87.57959340625612], [37.99102031353617, -87.56620903127182], [37.971825642992, -87.57756002623431], [37.9796524651113, -87.59435850100864], [37.98661739366355, -87.5720862901153], [37.97716611539593, -87.55371832368442], [37.95074321941382, -87.56900486551093], [37.99171904203453, -87.56451011709584], [37.977009081906516, -87.56775086003012], [37.97226689582936, -87.57953347401029], [37.99237946221552, -87.58757608063877], [37.950488565415995, -87.58930275797611], [37.992837811589844, -87.57568846966831], [37.97257350248589, -87.56345705179692], [37.980563722456516, -87.56235132045961], [37.961267120213236, -87.58117610901044], [37.95062892264851, -87.5855352209927], [37.95779382589947, -87.55871781969913], [37.99311288943395, -87.57407355430328], [37.96474516818685, -87.56117282272407], [37.95371362840075, -87.54226290258673], [37.994458373144525, -87.55575423461343], [37.97120474135865, -87.57588224350467], [37.96758716268861, -87.57903683238877], [37.9665972577194, -87.56834594576642], [37.95583342074048, -87.54576571584685], [37.96454237310985, -87.54191543535107], [37.951216346237885, -87.55138059211622], [37.97881856760353, -87.5699629605024], [37.976781163337414, -87.59257868966505], [37.95191932076982, -87.5435002273984], [37.95357743260167, -87.54250063537737], [37.963941510420305, -87.56350760550752], [37.991325076068534, -87.58658634321206], [37.98234835555202, -87.54891470878124], [37.95268587379512, -87.54665092614493], [37.958523986073956, -87.56704861420036], [37.98472859878386, -87.55272233318965], [37.963987901131915, -87.56595554920632], [37.97529882385439, -87.59167033611863], [37.98721034427882, -87.58933797855221], [37.97176925903881, -87.59420866833005], [37.95478177418577, -87.5520824199307], [37.985013489526295, -87.5403880110915], [37.99040618974156, -87.59467789408798], [37.976309553399666, -87.55177280454949], [37.98606726875165, -87.59589754700504], [37.951872936255114, -87.54061763732622], [37.981096664569115, -87.59631268413618], [37.958936462358835, -87.54645577593931], [37.97892615996633, -87.54822557082342], [37.97388788546431, -87.56941526878903], [37.98620197389785, -87.56904035225152], [37.992873895434336, -87.54236094287882], [37.95597091215933, -87.54503502814114], [37.95995349598348, -87.5954124558207], [37.99314648259412, -87.57792276414821], [37.96604100324477, -87.59031031478081], [37.972186917000826, -87.53974812632109], [37.992332069241826, -87.55599002933752], [37.991746030904885, -87.56475439605202], [37.96963087915751, -87.59084016169153], [37.980424807489534, -87.55919460668765], [37.9688950868517, -87.57967103459562], [37.98635018131516, -87.5745237143719], [37.95576278221269, -87.58097168822503], [37.967437151302256, -87.5732275293125], [37.99105561622771, -87.57327727399573], [37.97301499337722, -87.5710005903187]], "boundary": [[37.99466886340025, 37.99466886340025, 37.94960233659975, 37.94960233659975, 37.99466886340025], [-87.59634760557617, -87.53936999442381, -87.53936999442381, -87.59634760557617, -87.59634760557617]],