{"center_point": [38.2484695, -85.7578164], "sample_points": [[38.267177252814676, 38.2682824200965, 38.22628393356931, 38.260614511807056, 38.24039878052531, 38.259151000925925, 38.256341688751235, 38.263520139512735, 38.22818100652584, 38.261945668597555, 38.25391186988095, 38.22755929733192, 38.266031553489555, 38.2335364406434, 38.254504861187144, 38.2408728631637, 38.25448696344215, 38.24750590007508, 38.26673688753233, 38.237723928918626, 38.26014135008892, 38.25780222249473, 38.23561207361098, 38.260694775753805, 38.249805103644356, 38.24175346562956, 38.26220655839279, 38.24148396146974, 38.25956922034606, 38.22854744036864, 38.23087143217388, 38.24138119661267, 38.25472489490162, 38.23616021130832, 38.24148894867293, 38.229443688498115, 38.269936379446925, 38.24161309251948, 38.24129128610469, 38.269626588162, 38.26942260700117, 38.25804897922562, 38.259220582629254, 38.25432433427773, 38.25962018646843, 38.2560601250233, 38.25474231856088, 38.25740514305313, 38.241939459825254, 38.26555098516115, 38.227807522849275, 38.23060705345852, 38.256871913656134, 38.24588842218953, 38.26169040633947, 38.23409625646134, 38.2622630705105, 38.232997876060764, 38.24993607972115, 38.25434410657572, 38.26776164775279, 38.25670700766109, 38.23297236194459, 38.26234125571292, 38.24949416043636, 38.2581287108842, 38.26142001332771, 38.23206531713256, 38.25378024834443, 38.26168287084812, 38.260108631845185, 38.258644887449655, 38.2620281156585, 38.25464845805863, 38.261299044874065, 38.228273411985704, 38.24889197825203, 38.22707410470033, 38.232538123395955, 38.26313154841016, 38.25272213480509, 38.23479363631385, 38.24781760417937, 38.23240158266888, 38.26973037391714, 38.253454100530014, 38.25612780253922, 38.227165720182974, 38.22825952468556, 38.24740646682489, 38.265868296190135, 38.253885130276515, 38.23232954433685, 38.260464569360714, 38.2584100542101, 38.26814391193899, 38.24436428423228, 38.22794763225858, 38.2378368180218, 38.24389170414083, 38.226863146621845, 38.259702030185714, 38.250663023822746, 38.235860216933496, 38.2450740328694, 38.2409334598467, 38.24632149822398, 38.265164952390144, 38.25993266276763, 38.25682600823855, 38.23367349468894, 38.24162693379498, 38.25534884177152, 38.24861281721034, 38.25907175010892, 38.24058971836698, 38.24464430915297, 38.23912373516339, 38.25754889373334, 38.241379157735906, 38.25251500846922, 38.23614456262923, 38.26162221518353, 38.246638296871275, 38.23220377912766, 38.25905136046295, 38.228764523506264, 38.259662258594425, 38.25643892148199, 38.23536914910574, 38.247988113623094, 38.23971184010039, 38.241996893163304, 38.26112076050478, 38.238231526678895, 38.256813180498376, 38.24411124116506, 38.252778334831675, 38.23764928688096, 38.237928405609225, 38.230159712530416, 38.243268763778254, 38.263379419433384, 38.22868738535615, 38.26889087641731, 38.25268302167167, 38.260078042249816, 38.23271431751748, 38.26826074375671, 38.24046655463897, 38.24055373172249, 38.25826020969528, 38.236533973891675, 38.270711621376705, 38.23567577063496, 38.26392304646501, 38.26309570798848, 38.24686171161866, 38.26977030922871, 38.265383021368955, 38.24031481117368, 38.255912275974936, 38.25219322250364, 38.26439364510575, 38.26087360485688, 38.25713362530304], [-85.76731976007463, -85.77631339236329, -85.77244509616618, -85.76453401729498, -85.7314745195075, -85.74570619788345, -85.76817715081366, -85.77605961084792, -85.7358712223404, -85.74950087104192, -85.73031856018852, -85.78468576021186, -85.73475776010088, -85.76897378216141, -85.78524567054943, -85.76636540234266, -85.74699647041214, -85.77941527580298, -85.73934711433229, -85.75821646420877, -85.75582404584509, -85.73135686439942, -85.75140186040412, -85.73758400952111, -85.76950393436212, -85.76479751992412, -85.76144382847635, -85.77820739463758, -85.7819679609809, -85.75007758429113, -85.76824501966108, -85.78292528832954, -85.78078052754972, -85.76208860537417, -85.74348877361216, -85.77271185194074, -85.77832138390337, -85.73275319550903, -85.77826998251498, -85.75757157927546, -85.75052746846843, -85.74102765007069, -85.78033838710431, -85.75060802979192, -85.76823512138579, -85.77034706632367, -85.76249589054198, -85.78522277157346, -85.78603235385121, -85.7330190987676, -85.75830734817444, -85.76935398544043, -85.74509241689442, -85.74035393454888, -85.7425265805675, -85.74593447998139, -85.74805943774444, -85.7416115687686, -85.74844178240802, -85.78196091231851, -85.76315855025967, -85.78487516535925, -85.77183907125844, -85.74507237791222, -85.76543776536492, -85.73728303757716, -85.7808976200249, -85.73313940984885, -85.75534279326914, -85.75257733357653, -85.75093445472028, -85.76522013186928, -85.74143064297397, -85.73443441462484, -85.74139792813834, -85.74533480179178, -85.76181500762469, -85.75266237777943, -85.7490058084016, -85.76927019060373, -85.74181791727472, -85.78248155958036, -85.74028303115543, -85.74091196035626, -85.74276551708256, -85.74346565720217, -85.7503499662326, -85.75577957974271, -85.73723524249588, -85.78025844017603, -85.73765138090221, -85.75340036264619, -85.78414771402788, -85.7766899160176, -85.77361963459889, -85.7565280497011, -85.7379054911864, -85.75589642680073, -85.76303029293304, -85.73199263970716, -85.78234836029333, -85.72940935814307, -85.73314652166482, -85.74049502212199, -85.75441542347023, -85.74011221488644, -85.77192668877932, -85.77840482886077, -85.7636178737636, -85.78471835724586, -85.77727666384149, -85.75022187507597, -85.74477112814908, -85.7711810233755, -85.73258463416227, -85.7750563764839, -85.78481064837072, -85.76200189145479, -85.75306558403892, -85.7495754502624, -85.76122880126765, -85.74823411016708, -85.74093976875484, -85.73129408124557, -85.76260239586826, -85.77909396701222, -85.75487373759609, -85.7775607997629, -85.76338851977461, -85.76639264034608, -85.75883299059706, -85.72972586379066, -85.72962810921747, -85.7374275993997, -85.74158238967756, -85.73230519729621, -85.74811436128617, -85.74684366292685, -85.7647190004143, -85.78103951986665, -85.7366450783969, -85.76587856996176, -85.75354540832636, -85.78328587488473, -85.76455911907047, -85.73899416614307, -85.78599343834134, -85.73535364190288, -85.7346565530383, -85.77863038898613, -85.74639379709416, -85.75252466654862, -85.77565869855337, -85.75451079214305, -85.77724589450533, -85.75023900375854, -85.73154157959287, -85.77339220658699, -85.7379579206867, -85.76127852844517, -85.77639283967812, -85.7454194108567, -85.74126002760681, -85.78295570088814, -85.76660991966654, -85.77427261444717]], "boundary": [[38.27100276340025, 38.27100276340025, 38.22593623659975, 38.22593623659975, 38.27100276340025], [-85.78641318505815, -85.72921961494184, -85.72921961494184, -85.78641318505815, -85.78641318505815]]}