{"center_point": [38.2484695, -85.7578164], "sample_points": [[38.26213587107957, -85.73800838902137], [38.24103324425849, -85.7476192187547], [38.254377800206186, -85.75651263033076], [38.26940038713515, -85.77835432626215], [38.22847568396837, -85.75194894941214], [38.24093654773725, -85.74681428225344], [38.24278161826019, -85.77125926838087], [38.23000986006376, -85.74890873557312], [38.24021315801208, -85.76278247860185], [38.23927565013405, -85.78456282390252], [38.24798990719852, -85.76356247720581], [38.25758547283213, -85.76691236471541], [38.267924090745694, -85.77401794883522], [38.24280070351313, -85.73916202382887], [38.26376627907459, -85.74190685092672], [38.2313736817569, -85.76707457582137], [38.25423523861562, -85.77237655064047], [38.24959184610655, -85.77644577977793], [38.26875076750069, -85.73734324315087], [38.27026949494608, -85.75106529453197], [38.25370000931233, -85.750107106919], [38.22864855337982, -85.74960132050494], [38.2310593066129, -85.75738871527668], [38.26375025909344, -85.76310255728406], [38.228356472076506, -85.7767791448784], [38.247023035424405, -85.74020280321174], [38.22627605439554, -85.74411467870345], [38.22594995118936, -85.77367062977625], [38.257177036144974, -85.7532609588835], [38.236469961467634, -85.77330531484809], [38.249697765137014, -85.76456828623347], [38.237182854247116, -85.75708804897778], [38.24123856799111, -85.74090405423166], [38.24528248816541, -85.7600851302683], [38.24663280149357, -85.75998496772046], [38.24550447074953, -85.78473837227622], [38.26241485588926, -85.75236159681657], [38.270358882373074, -85.73679683363164], [38.2357870020723, -85.75471231773912], [38.23120395462267, -85.78505058619272], [38.23914443234778, -85.73710710786654], [38.25980320617062, -85.76584451364299], [38.22896760492208, -85.77438279892378], [38.269151264187634, -85.73551133892886], [38.24708250301733, -85.76964779396282], [38.237820482708244, -85.77731856338517], [38.25320535869949, -85.76273551254914], [38.23017981288511, -85.75916836175743], [38.26815960700223, -85.77688691669438], [38.258448949852415, -85.75619019914704], [38.22658097496006, -85.72954961584117], [38.254169962996166, -85.76593478861706], [38.25053943003231, -85.75467138917136], [38.24376266428837, -85.7840605710383], [38.26571743681071, -85.75099478030229], [38.26682501327751, -85.73948669435526], [38.23197685801065, -85.76861111842847], [38.227657525030395, -85.775731774439], [38.26123826321901, -85.76028707877072], [38.2699752458501, -85.74754338910205], [38.25853619124296, -85.76952154635515], [38.235484008551346, -85.73998965946912], [38.25215338140013, -85.76960276860494], [38.26067254986676, -85.76443564674412], [38.227529098267915, -85.75547834707312], [38.242625746905944, -85.73042024940172], [38.232471089184976, -85.77184285466144], [38.256134707603984, -85.75487223620021], [38.25554825839605, -85.76840635050277], [38.250023658771426, -85.78245927947972], [38.22905853400834, -85.73949875106165], [38.26646997394913, -85.7833886762493], [38.253790677630505, -85.75338730002024], [38.237471258297305, -85.76082753941884], [38.2437199831575, -85.76018774748286], [38.2443327185454, -85.73245394911137], [38.26024915206392, -85.77356516852669], [38.25262179809344, -85.74496341947366], [38.26229886942551, -85.77714081002688], [38.230996658417055, -85.73136233312486], [38.23282152149247, -85.77025650151232], [38.249313069135276, -85.76556531283337], [38.23894186999254, -85.73861770852446], [38.25396694973889, -85.7465921117332], [38.24051158683589, -85.7628954794017], [38.27025562411367, -85.76466047065475], [38.26278626594271, -85.77629429648043], [38.226000282167114, -85.77546247831107], [38.269061207388035, -85.78528347682034], [38.22875843492956, -85.74858679132413], [38.25002161896914, -85.77230399803896], [38.250599271625745, -85.76135539776259], [38.24383809074608, -85.73631420338366], [38.249781367234526, -85.7618290102097], [38.25813377317025, -85.77607556280238], [38.26377035849712, -85.75292192175895], [38.23796610684383, -85.74767858633966], [38.25848569430918, -85.7663660408088], [38.24576149768007, -85.75225739480771], [38.268212974382635, -85.76387124068508], [38.268255178872735, -85.74549674033844], [38.23805562147336, -85.78616168744637], [38.264282253650514, -85.75168568926003], [38.2657053621788, -85.7353495146531], [38.23375176197562, -85.73836150664786], [38.23431341630047, -85.7679639003102], [38.231800912585804, -85.75735315021608], [38.26637828567121, -85.7758988209201], [38.23288083058904, -85.7740857793418], [38.240962810377916, -85.73052621416186], [38.23943035010386, -85.74524888606699], [38.231035600334835, -85.73700082341661], [38.2515161142124, -85.7592454987094], [38.26318384161934, -85.77457459598341], [38.23015605503357, -85.74775943100468], [38.268146612731705, -85.78440957088463], [38.25391598079556, -85.74115612468172], [38.25391440775994, -85.74685994307278], [38.26684003630385, -85.73909134590049], [38.23609421751023, -85.7592793675316], [38.2357443999436, -85.74710576063221], [38.25657282054279, -85.73623527284552], [38.26435510710137, -85.73948429067657], [38.241682373599396, -85.75617845806997], [38.2590078226736, -85.75283005161886], [38.23415990536669, -85.76927688711584], [38.26390802140702, -85.7343738304157], [38.25876959700993, -85.73052252670328], [38.22598642060796, -85.74222682461166], [38.26204843840269, -85.78490300409871], [38.252578729970054, -85.76424248229172], [38.25509337289143, -85.78608823566141], [38.27063996731809, -85.73769172516208], [38.226967605639146, -85.74427459066182], [38.26928661527709, -85.76190629575068], [38.25910313254697, -85.76322890439498], [38.264889019186185, -85.74504128630795], [38.245570572174316, -85.7521033483032], [38.2279307221243, -85.7747129407779], [38.26152169062305, -85.77021990873037], [38.258550943649254, -85.76380467713427], [38.2699442291291, -85.78490128462742], [38.25736257668615, -85.75744397924521], [38.26897512654158, -85.7731746491875], [38.229570127550886, -85.74804286936394], [38.2491475627907, -85.75637041671878], [38.24727119858493, -85.77065393087938], [38.24395675903103, -85.77041921338993], [38.24112424283154, -85.73456423498402], [38.22837262763593, -85.78580442121455], [38.232252053550596, -85.73270620440866], [38.255137263909916, -85.74886823956693], [38.25925467872442, -85.76276399324983], [38.24719863214251, -85.75412223036159], [38.23843314857593, -85.7677245874871], [38.233983241456755, -85.78383605841476], [38.249703428751715, -85.77661763022746], [38.26953244453786, -85.73139193740417], [38.227825823305494, -85.7832574368651], [38.263947499913485, -85.75995393402236], [38.252769608272104, -85.72996070602657], [38.237216655207526, -85.76641784047001], [38.26347569436278, -85.74988187383539], [38.24912549516029, -85.76290778334122], [38.22659387485743, -85.77680977972774], [38.22827208918079, -85.75332244304599]], "boundary": [[38.27100276340025, 38.27100276340025, 38.22593623659975, 38.22593623659975, 38.27100276340025], [-85.78641318505815, -85.72921961494184, -85.72921961494184, -85.78641318505815, -85.78641318505815]],