{
    "boundary": [
        [
            38.27100276340025, 
            38.27100276340025, 
            38.22593623659975, 
            38.22593623659975, 
            38.27100276340025
        ], 
        [
            -85.78641318505815, 
            -85.72921961494184, 
            -85.72921961494184, 
            -85.78641318505815, 
            -85.78641318505815
        ]
    ], 
    "center_point": [
        38.2484695, 
        -85.7578164
    ], 
    "distances_to_center": [
        1578.22894388466, 
        2745.819624278149, 
        638.1262151021476, 
        1865.729602061313, 
        1909.9510982605696, 
        1311.804338183914, 
        572.0878323530757, 
        1807.069198250886, 
        1781.0746343180508, 
        2500.724559561965, 
        1117.4888247304439, 
        2365.763438327567, 
        2575.647663507248, 
        1265.7295331029861, 
        765.0919055170621, 
        2754.1039585234817, 
        2732.1736909575307, 
        2116.2939861333557, 
        1711.3404412157602, 
        2301.390255881433, 
        2196.082695159126, 
        1059.3615515547256, 
        2646.7362880449523, 
        3009.3822193106403, 
        562.8853782153473, 
        2950.8688673938, 
        1331.1565854362268, 
        2108.306109992264, 
        1739.9650844112493, 
        2105.2481995874878, 
        2515.3943906737336, 
        2117.7659984413312, 
        2493.3041093001157, 
        841.12901398859, 
        2844.0427511973953, 
        1288.013784153206, 
        1088.3419772502284, 
        3033.604218810592, 
        1970.3185473359947, 
        3317.542116765236, 
        1970.1041162653578, 
        792.0620692948203, 
        2195.3502958109066, 
        2636.3029556292695, 
        3001.2093447360753, 
        3154.688676188948, 
        2976.408500746947, 
        2733.3881597681857, 
        2022.188593361882, 
        1514.5659435470945, 
        2694.8939740454707, 
        1213.532579396449, 
        2485.436655807677, 
        2512.407612651352, 
        2934.0253306626496, 
        563.9085242379527, 
        1990.8145916088338, 
        1607.6009754440943, 
        2700.6568988514755, 
        1772.3748879676887, 
        2216.4079252997494, 
        2372.288026400177, 
        1740.1765667400218, 
        1581.5578564546895, 
        1979.3810483175828, 
        1390.1529555056277, 
        2671.881461769484, 
        1460.6752265627606, 
        2866.1823376004468, 
        1930.7441846256295, 
        1462.8730740497253, 
        2154.231534190289, 
        2569.632711258845, 
        2299.1566950688266, 
        1563.9275548243113, 
        2414.2675308833373, 
        1760.8188581311815, 
        1620.1641336764678, 
        1599.4920976679539, 
        2255.767736367394, 
        1540.812456765353, 
        744.5581026403731, 
        1416.2697635458703, 
        2739.9991889315315, 
        1713.996906354809, 
        1806.3994471927917, 
        2840.6294019871852, 
        1832.2075381323016, 
        2570.255579375599, 
        1423.2715576297314, 
        2805.310842082357, 
        2391.61856710184, 
        187.60991881098397, 
        1985.9263087313764, 
        1502.35213082486, 
        2478.962845310521, 
        1015.4689307003308, 
        1892.0393770416567, 
        2611.098763632526, 
        1677.732392539158, 
        2759.9547759973775, 
        2547.36989646127, 
        1198.1829320707893, 
        1460.569612278554, 
        1476.7475997348029, 
        1370.0715183369975, 
        2356.8717415862748, 
        1898.929116239636, 
        567.0872075847765, 
        2285.1057387193696, 
        1827.044299686646, 
        2364.3857935526817, 
        2257.6876317175306, 
        2422.1114376724604, 
        1837.9650928581977, 
        1301.3985243200455, 
        2551.1805955510267, 
        1739.0944741001745, 
        666.413479803361, 
        1804.2681436608152, 
        1767.7655913391825, 
        933.8467094462244, 
        2948.7307037803166, 
        844.5806333744038, 
        652.632511881389, 
        983.448220087458, 
        2367.162755891057, 
        1692.6842692518771, 
        2776.5942513745777, 
        2649.1068131600055, 
        853.5855933050316, 
        1795.2443207355402, 
        1525.9337446589489, 
        2556.999308009376, 
        497.27282189100725, 
        1694.8638531297706, 
        2003.9152791183121, 
        1330.7194897084357, 
        732.9347621902184, 
        2868.9794215566203, 
        761.2843077721584, 
        1803.786681818653, 
        2556.6589712102477, 
        1664.1257128570505, 
        2509.994136313818, 
        1258.1890344749786, 
        1703.412977680158, 
        1675.6157465365604, 
        2122.681071032077, 
        2687.7966219584214, 
        1057.638429268666, 
        1097.9788396425208, 
        1824.5515805003254, 
        2290.984348542631, 
        2195.4200482802275, 
        1626.612183657804, 
        3018.9685403905464, 
        1156.106217080527, 
        2031.263051949225, 
        1588.2421279992936, 
        3099.412782519813, 
        2381.202703443857, 
        2391.227010995313, 
        2380.608913494127, 
        1173.4610293591118, 
        2420.3105472094276
    ],