{
    "boundary": [
        [
            39.96385426340025, 
            39.96385426340025, 
            39.918787736599754, 
            39.918787736599754, 
            39.96385426340025
        ], 
        [
            -75.17803669641181, 
            -75.11945330358819, 
            -75.11945330358819, 
            -75.17803669641181, 
            -75.17803669641181
        ]
    ], 
    "center_point": [
        39.941321, 
        -75.148745
    ], 
    "distances_to_center": [
        2261.6971047960938, 
        2082.143792184463, 
        2216.0790495145025, 
        1835.0032356766817, 
        609.5204797255055, 
        2945.002569925172, 
        1361.745282902678, 
        2359.2859099872944, 
        1244.7478417682792, 
        2218.9089832810255, 
        1665.9931834804665, 
        1862.2062022139505, 
        2499.0313207580252, 
        2650.377381096738, 
        1059.9194352932, 
        2183.0002135567115, 
        1401.4482047389115, 
        936.2789130386492, 
        1637.9410568906726, 
        2419.05070116769, 
        204.7360772257741, 
        1212.8782741200346, 
        2113.660912395388, 
        3120.696259795255, 
        840.518321094135, 
        684.6258582448401, 
        2511.564549766215, 
        399.4851101842029, 
        1132.559326560264, 
        3268.0717301121044, 
        2121.633462627431, 
        241.1358685482271, 
        165.58479893590814, 
        2290.385373035901, 
        3247.089210156703, 
        2127.2528067499798, 
        1705.176549148579, 
        1495.647836072384, 
        3213.215230651738, 
        1841.3546097756068, 
        2609.3425031831594, 
        1953.9922417065343, 
        1232.1202500280397, 
        1105.5426764796769, 
        1393.649439612359, 
        2056.5460625774363, 
        1431.3068772983913, 
        807.4884931808847, 
        1486.0924502169032, 
        2091.474441085184, 
        2393.389939719303, 
        3380.9594822478794, 
        850.9869516671415, 
        2716.450968087536, 
        1171.6549496071516, 
        1978.5315088988023, 
        1373.9032301139885, 
        928.3088421012678, 
        1082.2772149642988, 
        2517.254303753788, 
        1884.0071606977626, 
        3334.6827510942494, 
        1255.5174223121194, 
        2151.118487566687, 
        2822.991162870359, 
        1761.4875876122458, 
        2485.191654808447, 
        2445.8150815834156, 
        2055.464527808321, 
        396.13215631940517, 
        1837.9501188806942, 
        1837.785384977698, 
        1180.6969140719673, 
        1694.1909831629882, 
        1805.1977628572065, 
        2187.3341317901663, 
        269.879306669975, 
        1948.410111806678, 
        1155.4783953904632, 
        2271.6044560819346, 
        2538.0260816362634, 
        473.1723853174459, 
        2273.4312801308242, 
        478.62082368871364, 
        2289.0570036839417, 
        1486.0167207369154, 
        221.57333740287686, 
        2882.1759083606985, 
        1803.2397861498932, 
        1884.4111985493328, 
        1468.9693951426123, 
        2210.283627873057, 
        636.3302325412495, 
        1650.3197498765824, 
        3119.998261468207, 
        2248.2542882349685, 
        2451.5043897517066, 
        2967.6102532546656, 
        668.5373089128988, 
        2030.9192664225484, 
        2603.555793644357, 
        873.800402368463, 
        2520.3285923665026, 
        1006.8029887578251, 
        1922.4213090232372, 
        1260.3396428085325, 
        1525.5303638345558, 
        1637.8985686448937, 
        2708.208174637504, 
        1170.7394801735738, 
        2356.4446160978628, 
        2026.9333858824127, 
        1608.839819841741, 
        2784.524726800064, 
        1073.3309750604903, 
        523.854410110928, 
        2727.4289462437587, 
        1360.0154704360677, 
        1443.1790677029237, 
        2175.6216040499176, 
        1201.1068388568922, 
        1010.2688832390769, 
        2507.807176961967, 
        1854.064049757851, 
        1636.6953480657482, 
        2837.091989358353, 
        2044.64841718743, 
        2171.8534819187744, 
        2255.4342994886856, 
        1953.5655865958552, 
        2855.804255180275, 
        2049.5398535224604, 
        263.4242072127704, 
        2034.6933926813415, 
        2503.9602268684325, 
        1115.0568681998666, 
        2312.2233898036457, 
        1267.1460257308615, 
        1466.468467567494, 
        2330.601898415698, 
        2544.651224203171, 
        1015.8925324390908, 
        1639.4512122284366, 
        517.801085319322, 
        1367.8714089887462, 
        2172.1077392805832, 
        751.6231281084549, 
        1170.9689312552712, 
        2599.7406917033927, 
        2141.10231487361, 
        1651.0086029447752, 
        3115.3978567331596, 
        2357.5746411500695, 
        2796.7397234354935, 
        2481.234728305786, 
        2776.2973652743954, 
        1642.9403662669374, 
        1892.2020344130622, 
        2585.068653793274, 
        943.7031872198638, 
        1487.2586358202193, 
        219.68102447546545, 
        2674.2214612390494, 
        2222.077579640985, 
        1394.2294798308828, 
        2350.4494776115707
    ],