{"center_point": [39.941321, -75.148745], "sample_points": [[39.93008227649515, -75.12305958519056], [39.931635482037315, -75.1501056850411], [39.96245752363613, -75.15998569681864], [39.95032200154997, -75.14228084641951], [39.95962244136641, -75.1278509769264], [39.924707917013, -75.11985556380029], [39.96315925035979, -75.14853996853252], [39.93841247447919, -75.13496766814505], [39.93886119545034, -75.1454349103318], [39.923930411027975, -75.15690531566511], [39.957309899482986, -75.17007402548924], [39.96249982420505, -75.13625555961045], [39.94498253739578, -75.12738422220784], [39.9528481917063, -75.15333192280202], [39.93215838838466, -75.15311437819571], [39.956890155658776, -75.16658766842046], [39.954861799507555, -75.14869014404995], [39.95301551010948, -75.1561145922999], [39.941860725317866, -75.12588532060134], [39.922933133645635, -75.1497234130692], [39.929213082408396, -75.15115503958448], [39.950193657786606, -75.16458318872098], [39.96294017128744, -75.17054464523629], [39.93227851222685, -75.17209451656636], [39.95297877444883, -75.17470358136136], [39.93154697179172, -75.16711860568014], [39.92255090410099, -75.14337639911808], [39.95749089428019, -75.12731344218385], [39.92817104387442, -75.17429916617343], [39.928505655854785, -75.17775371978487], [39.933952977570456, -75.15084291602278], [39.935757762797415, -75.14614138828208], [39.95068335575998, -75.16151627434533], [39.9430145731919, -75.16406784909422], [39.94877836395338, -75.13835811254238], [39.9239653980448, -75.15794460322714], [39.93810958138527, -75.12600518335339], [39.92554761473626, -75.15562810444499], [39.926669823882406, -75.12903763733718], [39.96263546271599, -75.14838757060271], [39.95583736768537, -75.17571350443107], [39.92021625782744, -75.16147731333618], [39.94590139755367, -75.15623619410091], [39.950417518982974, -75.17369539533], [39.92327548733599, -75.14671315030415], [39.94533594342764, -75.13781510315476], [39.941379630388504, -75.16661283554592], [39.950692837470214, -75.15244279706587], [39.947805788114216, -75.15439465323556], [39.963331310904415, -75.1692324167749], [39.92622690119335, -75.17195730485733], [39.94391421680942, -75.17773022059396], [39.95807872176381, -75.13173793860528], [39.94725589243172, -75.12503242410925], [39.91982970365039, -75.15297957615896], [39.942418644791275, -75.16739263858062], [39.95648589139664, -75.13492207587707], [39.95963595172686, -75.14312169508251], [39.9475433379824, -75.1670555154855], [39.9494223344923, -75.15278330885839], [39.961303256371366, -75.1465277548702], [39.95638256452386, -75.13885196587273], [39.94853038825546, -75.13586713700992], [39.934396430572825, -75.15113553668235], [39.92992002868664, -75.16972435057781], [39.9262117217134, -75.1516764825975], [39.925719993598314, -75.17682697019933], [39.96265829130089, -75.14905519141386], [39.94103778470336, -75.1357781102621], [39.93647809278461, -75.14513990887805], [39.93150782709011, -75.12690927097992], [39.95666150400588, -75.13735032626084], [39.960086567134255, -75.17156802207565], [39.94586723167778, -75.17259287401461], [39.933848360875594, -75.16509840886555], [39.959117351515985, -75.16439530528687], [39.94356887134291, -75.14274011722077], [39.9521930883276, -75.16962885342444], [39.945008100751316, -75.15423804658894], [39.95650169451662, -75.12579027835918], [39.92505710582668, -75.15697921556885], [39.934130076850266, -75.14994567226326], [39.9444366438409, -75.14241002117782], [39.93080072481928, -75.15548228394825], [39.92054605558798, -75.1411944929867], [39.949712699540015, -75.12939087218493], [39.938450274905556, -75.15343339245184], [39.937067547811054, -75.17593485381117], [39.94543155326489, -75.16201070555384], [39.92758188029829, -75.12757909986725], [39.92874409825653, -75.1315537122619], [39.96365860195017, -75.12552666065352], [39.931850871511706, -75.13090641751295], [39.945628457795934, -75.17509338860582], [39.953036593852204, -75.14774703336691], [39.935494890689846, -75.13953193897089], [39.94949571226245, -75.12088510391895], [39.92268633043404, -75.14155852742638], [39.95660210397647, -75.13473206378947], [39.92078635195101, -75.15848108545569], [39.93813003474902, -75.14330271947756], [39.94808414184061, -75.14832044312901], [39.93574637126017, -75.15961655716396], [39.93832155616969, -75.16002241922928], [39.92214745529585, -75.1277845470644], [39.93989591716162, -75.16399985231887], [39.926243855589604, -75.15323324931786], [39.96274966412506, -75.14882600469208], [39.95062849969787, -75.14946553093999], [39.95383412817501, -75.1756940618205], [39.95123847856147, -75.14897252656887], [39.945869962789125, -75.1616825855994], [39.934557792458534, -75.1698201220954], [39.92015241597906, -75.13687209644387], [39.96227482348336, -75.12123766593442], [39.92407303290794, -75.14279559248781], [39.92357436669664, -75.13649330749026], [39.95923065901959, -75.12181949584574], [39.93070079833769, -75.12796339724612], [39.96053703636033, -75.15315470949007], [39.92922075477183, -75.13838074680206], [39.935702980175265, -75.17172174026703], [39.95799043912428, -75.12080328384243], [39.96309761758108, -75.13370337381214], [39.95180778046146, -75.16251304608015], [39.94502434863947, -75.12936009250043], [39.95899800076701, -75.15739794987013], [39.932941346307544, -75.12159737690178], [39.96030380043893, -75.14963670710787], [39.926561962114505, -75.16651452717913], [39.922568064009425, -75.12495230934022], [39.925884729655195, -75.14344120684567], [39.92863241476725, -75.14265173389923], [39.962231809303994, -75.14614687504886], [39.92738933201638, -75.12925047545971], [39.92331830304221, -75.15723552152643], [39.944253171641066, -75.15697170357946], [39.93865544679025, -75.14892033690717], [39.927971495816664, -75.16922971797224], [39.943040731802846, -75.14837397695979], [39.92151206440008, -75.15409535426534], [39.93107354806847, -75.13424797304928], [39.92900124477401, -75.17292394258537], [39.95399565765274, -75.17504223458651], [39.92081759518391, -75.14511242209996], [39.92347324313329, -75.16810441950184], [39.95790170203043, -75.16890136766538], [39.941271675504666, -75.15777039226178], [39.94958137633506, -75.14865936419746], [39.95676754840101, -75.15904082298441], [39.940267037774525, -75.12870911823431], [39.94819873673914, -75.11949184713163], [39.959467955129064, -75.17400503205698], [39.93003187217259, -75.1539358102155], [39.92955677800073, -75.17466714224878], [39.92886435909479, -75.16472521936016], [39.93235081473249, -75.12238499754565], [39.92286577842499, -75.16012790092877], [39.93496030070406, -75.1748167486277], [39.933275643025645, -75.14062490601255], [39.94521449710448, -75.15777712948153], [39.939838422357056, -75.15301282894445], [39.95904948892061, -75.14254388029988], [39.93635444404424, -75.13056103774844], [39.94851172584232, -75.13127814185792], [39.94380336096238, -75.1753296703941]], "boundary": [[39.96385426340025, 39.96385426340025, 39.918787736599754, 39.918787736599754, 39.96385426340025], [-75.17803669641181, -75.11945330358819, -75.11945330358819, -75.17803669641181, -75.17803669641181]],