{
    "boundary": [
        [
            42.31763906340025, 
            42.31763906340025, 
            42.27257253659975, 
            42.27257253659975, 
            42.31763906340025
        ], 
        [
            -85.6092253425881, 
            -85.54850245741191, 
            -85.54850245741191, 
            -85.6092253425881, 
            -85.6092253425881
        ]
    ], 
    "center_point": [
        42.2951058, 
        -85.5788639
    ], 
    "distances_to_center": [
        2805.0000044355634, 
        2491.431099900529, 
        1381.9080941690595, 
        1258.340808712819, 
        2817.2809717589093, 
        2728.8325651135146, 
        1037.2866752418738, 
        2711.7775904149617, 
        2834.0115200338337, 
        259.07159450699277, 
        1244.913450740709, 
        338.18369226731824, 
        842.1544032793535, 
        968.4485531289677, 
        2678.247387105461, 
        2120.144874037286, 
        1258.4748435125437, 
        2237.8730314219465, 
        1122.1065972321555, 
        1863.7809390368568, 
        3034.817888529554, 
        2491.1775157382876, 
        2918.8773344102187, 
        1927.469127538163, 
        2467.62415305621, 
        1202.0321793298845, 
        1322.3616368425542, 
        908.1131517815724, 
        1814.7677147529707, 
        1093.9708706118788, 
        1235.0012743182685, 
        1200.7219132815242, 
        2396.358512058918, 
        2450.8739979519346, 
        3104.3691696631577, 
        3262.7671348781178, 
        2031.2116665283754, 
        1807.256346016214, 
        3113.1310166096105, 
        702.8583420855362, 
        1578.6331686332821, 
        291.1731179104574, 
        1666.6329336668307, 
        2375.9241393299094, 
        1707.096202310243, 
        2119.6320957927983, 
        838.2450447145608, 
        2623.8285742163266, 
        1021.7515865737001, 
        1775.7341086949152, 
        1902.3839495427683, 
        3212.705223080899, 
        2219.0454594167486, 
        2824.2175542675614, 
        2802.9720813141626, 
        1758.2041432236042, 
        949.5178061951774, 
        2317.377109977418, 
        3076.9480308123225, 
        545.4289018571532, 
        1400.7981081506337, 
        3137.3698664983917, 
        1433.9747156348856, 
        2838.3618991042817, 
        1013.441615395021, 
        2431.7876465043723, 
        3469.9357558050056, 
        2047.6596015837142, 
        2331.777472396799, 
        1873.9453288895309, 
        2593.0701614119694, 
        2215.011313243934, 
        2255.86977126587, 
        1112.295133240709, 
        2373.1251028202973, 
        1742.921318486392, 
        947.3110461623994, 
        761.5813411809324, 
        2362.4383191516717, 
        1719.4186049833309, 
        2753.659571366169, 
        1394.5230100225147, 
        1959.0643273106086, 
        2068.2906270009385, 
        2558.597705794581, 
        1701.7638540539258, 
        891.0135395632675, 
        2759.5476015769877, 
        1446.6758258321538, 
        2324.087050556206, 
        2308.5612524317794, 
        3103.8102353939967, 
        2164.85974868622, 
        1298.773676903082, 
        1875.5851571658768, 
        408.73042755018975, 
        2148.605617533032, 
        2517.8073830360845, 
        577.3413282495048, 
        2126.557665435149, 
        236.18589346631427, 
        1646.9019244042988, 
        2493.274441860912, 
        1912.5959934966947, 
        2145.0586720745905, 
        625.04708213008, 
        922.616369060544, 
        1532.4344335429191, 
        2237.155415813482, 
        2264.2699917339132, 
        2518.8218580582698, 
        1379.9969844585653, 
        2536.161776487903, 
        2220.206888993472, 
        890.2697398136345, 
        2188.8206984013227, 
        1833.25271236535, 
        1131.2539576463914, 
        1847.4672127217364, 
        2522.4303303882216, 
        2692.1530951885807, 
        2470.7140840107954, 
        2135.4174162860572, 
        2255.1020002792466, 
        1981.4460416754325, 
        908.8952474489702, 
        1560.9026658588755, 
        2507.928065375353, 
        1497.2560607606995, 
        2017.225780874, 
        2155.6454531914783, 
        2082.248648204346, 
        462.9282914388564, 
        1984.0917268156893, 
        2154.961216760278, 
        2503.4487555815313, 
        936.5512008872224, 
        2435.2301665084815, 
        1043.6096812997346, 
        1653.0508414119806, 
        1931.4754693840082, 
        1965.4113066596208, 
        283.15823152182503, 
        3060.840839948086, 
        3063.0927743043603, 
        1996.8353443067272, 
        2662.627218691241, 
        2542.2272482068333, 
        1505.299206554803, 
        3443.6296168418266, 
        701.6804909308476, 
        1924.299458832407, 
        1746.5999036705168, 
        1439.5715673585457, 
        2184.2637306150878, 
        432.5989756690902, 
        2256.021906587804, 
        1515.9081052850643, 
        565.5274250028349, 
        2459.53716323318, 
        2537.948474166266, 
        2351.6573532303096, 
        2409.9394881325143, 
        1149.6647139578104, 
        2599.151731220871, 
        2129.7721970721163
    ],