{"center_point": [42.2951058, -85.5788639], "sample_points": [[42.272859993584, 42.27777285206341, 42.30800877909689, 42.314941467617196, 42.29085408360099, 42.28973316556374, 42.30903869958996, 42.31560015362326, 42.28469716905693, 42.28039097429427, 42.294655734950936, 42.29509086153707, 42.30899141026932, 42.2932107308343, 42.294247201394725, 42.30822613644595, 42.27452528951396, 42.296566433445626, 42.311155301161264, 42.314611077800556, 42.30536499443695, 42.28274462871567, 42.293281540713615, 42.297292109604996, 42.30545664344784, 42.27606759265752, 42.31523955038802, 42.27345135680322, 42.27491162794038, 42.31158918201038, 42.2880464751004, 42.30158339422441, 42.30251403831898, 42.30595041640644, 42.276974383147746, 42.303989991223126, 42.299510555832754, 42.279582853362776, 42.284490847966374, 42.27494091404636, 42.29476720187029, 42.315384393178185, 42.313215762958514, 42.312574918892274, 42.28068134483055, 42.309039956101046, 42.27264906125506, 42.27890637845925, 42.31746965976125, 42.28506139704605, 42.31044176314189, 42.29843734227973, 42.282199606379706, 42.30950338180898, 42.27388973684594, 42.306532546387814, 42.29355964949833, 42.30753771902076, 42.279477626319476, 42.2887971657063, 42.297274388631976, 42.285457355940544, 42.30913250119323, 42.293528246595365, 42.30002947846245, 42.305341235920956, 42.299472375840125, 42.27493674668701, 42.30171520412038, 42.28818860679791, 42.28404643735727, 42.295086280733386, 42.281270887945595, 42.288811162058806, 42.28187575650917, 42.31222410327167, 42.31230338504511, 42.27478679743196, 42.28968738101428, 42.29441906133632, 42.29057612631604, 42.29473079981109, 42.293116530950755, 42.30082373611768, 42.29446751446642, 42.29911709741808, 42.29346889351275, 42.29457341675608, 42.274445765395846, 42.30481391298576, 42.30947067554268, 42.31418289469214, 42.30421885905903, 42.28495705962227, 42.30616449138304, 42.27870117843043, 42.308458667420794, 42.31067588922849, 42.29945382496931, 42.3051423848913, 42.31558497058411, 42.28301737773067, 42.2996041895838, 42.292857724922314, 42.277917708325425, 42.289623912720586, 42.303676923446254, 42.30144369041247, 42.27627471107599, 42.28903530299048, 42.30342340944834, 42.2755287541407, 42.275270212444724, 42.27886019305939, 42.30697260322932, 42.27683327598285, 42.281499414163434, 42.28643607409133, 42.30531506533171, 42.309171634962944, 42.29530138510858, 42.28790347264365, 42.31543461154917, 42.28188003235854, 42.31056329547319, 42.28116092314284, 42.29100119200974, 42.28051474834615, 42.276502460038, 42.29312572718401, 42.27594720283544, 42.31527896503248, 42.304892176038265, 42.30315332087653, 42.2969007855461, 42.29653494490193, 42.314089386962564, 42.290093285690844, 42.307940687324475, 42.28906010511425, 42.31457374641839, 42.31436426160797, 42.27587718730289, 42.31213538378345, 42.283360911333205, 42.302581450363796, 42.314936330962624, 42.27508545612189, 42.30693240964227, 42.317599774753624, 42.274372643527926, 42.28388091222694, 42.30881339616343, 42.312761639755244, 42.2780439267515, 42.29939713651107, 42.314799700390104, 42.30105584997188, 42.28171077247843, 42.27520276434807, 42.31154691052732, 42.28927974005279, 42.29461932585867, 42.28694361563999, 42.31695921380381, 42.291018884984794], [-85.56587178922112, -85.56652960734814, -85.57984583342912, -85.55232540165154, -85.56864594440924, -85.55982226325602, -85.56249120609782, -85.55730470343254, -85.57545142350308, -85.60246992334649, -85.55847285944971, -85.55482484504931, -85.57983511245678, -85.56649298310987, -85.59846998090883, -85.59652380255277, -85.57361940853743, -85.57716369909926, -85.59090009449231, -85.58288775223815, -85.55530299666019, -85.57369592586161, -85.56347925067895, -85.60706707157125, -85.5879959699591, -85.60760553728974, -85.59507007237653, -85.5564703534963, -85.604778119402, -85.55269747266443, -85.60254618981178, -85.54916488861188, -85.57855674643254, -85.58289159699324, -85.54853134890264, -85.5675938463797, -85.57675555007516, -85.60441145921273, -85.5600902134268, -85.58866624925302, -85.60519798504596, -85.55774484121308, -85.6042767193107, -85.5667209345082, -85.58969145474153, -85.57707684273959, -85.5611315712087, -85.6045602597251, -85.59421772741682, -85.5766909269087, -85.58710018237451, -85.56716307513895, -85.58892794006805, -85.60385392802667, -85.58415635441453, -85.5940954299966, -85.6010471684609, -85.59983394003056, -85.54937564940367, -85.57410820895386, -85.55529382416245, -85.55819504782501, -85.56159207847298, -85.57326880398792, -85.58547175917218, -85.56910610248855, -85.5679520403404, -85.5710098083085, -85.56358344714758, -85.5987942389483, -85.56832096379965, -85.56945817324137, -85.5542707264958, -85.57370029101838, -85.56203737540828, -85.57074169847986, -85.56932000613116, -85.56023710083188, -85.5745858591843, -85.5709084978505, -85.58905637514911, -85.59864486808489, -85.55599949323512, -85.6072127280559, -85.55911173252767, -85.5935708538161, -85.5594664648275, -85.60074074577534, -85.58745791897236, -85.58513943432128, -85.58316723131269, -85.57110359440287, -85.55356028283023, -85.57228375026895, -85.55274675674406, -85.56156875038945, -85.59018726478809, -85.55639975595933, -85.58798461345333, -85.59096591556751, -85.60871760390003, -85.60483247768114, -85.57231228317148, -85.58920008396144, -85.55414316892329, -85.58570926102854, -85.5749203800686, -85.57291776800633, -85.56275956458808, -85.57028799493757, -85.57000398216785, -85.60890954098201, -85.59817565516656, -85.59015611223501, -85.57116190265737, -85.6003803013552, -85.58203471456912, -85.5960685568226, -85.60288850025405, -85.58953827191276, -85.56943421106622, -85.57967106930688, -85.59638721345785, -85.60273827820684, -85.55814802367928, -85.5504720036776, -85.55871093045182, -85.59374388347672, -85.59606436274498, -85.57052537081888, -85.58089903403594, -85.5528188463825, -85.57168028153139, -85.55619908326067, -85.58574123391884, -85.58663493005557, -85.55681659027846, -85.55956923470248, -85.54850787990489, -85.55434846535965, -85.56552420166526, -85.59431632043048, -85.60275316424861, -85.5932937546192, -85.60124047709618, -85.56577680242783, -85.5506314042627, -85.55270634739735, -85.58380901184483, -85.59302938099982, -85.5648295768485, -85.59248020156484, -85.57279213641954, -85.58853240176492, -85.60796040693796, -85.59430891202508, -85.56980813858725, -85.58389587422394, -85.56414189505266, -85.59275879300444, -85.55339506208611, -85.58353200148001, -85.57854763692414, -85.57054574210653, -85.60277911478998, -85.59989023260374]], "boundary": [[42.31763906340025, 42.31763906340025, 42.27257253659975, 42.27257253659975, 42.31763906340025], [-85.6092253425881, -85.54850245741191, -85.54850245741191, -85.6092253425881, -85.6092253425881]]}