{"center_point": [42.2951058, -85.5788639], "sample_points": [[42.303307707994946, -85.59559977456072], [42.30247459050868, -85.58881073080454], [42.2757609468172, -85.59604897519255], [42.27770748902868, -85.55226704520956], [42.29713078065491, -85.5508670471275], [42.31489829208724, -85.59084863450562], [42.27818769909235, -85.56407304953112], [42.31373296155575, -85.57083792241698], [42.27581396660953, -85.56334011169105], [42.27805722617661, -85.575440726765], [42.30651443347039, -85.56787369209681], [42.31083292987373, -85.60509023325751], [42.28988678135882, -85.60906849693063], [42.283452498437825, -85.55837202701171], [42.3163033117021, -85.56107496262412], [42.27883550435608, -85.58006460018994], [42.30958372873406, -85.59819564146859], [42.31488438622192, -85.60920776837945], [42.288959609572906, -85.59717966795073], [42.281554526946195, -85.55660822152545], [42.30124242938483, -85.60694987169511], [42.296773690597796, -85.59582368867201], [42.315144355339015, -85.59336122238135], [42.30502235274505, -85.57561803334058], [42.29149252614915, -85.57389681304402], [42.31058007114745, -85.55582999197254], [42.301188576019165, -85.60575351558808], [42.28046236301708, -85.56769739061932], [42.283183959761026, -85.58961830720973], [42.295626134821234, -85.56170944215701], [42.3090211468127, -85.58862426492172], [42.27520805252808, -85.57790658610321], [42.30243762760599, -85.5780200476353], [42.28730363013101, -85.5864303939916], [42.30886780302857, -85.54910527387668], [42.28442431378399, -85.58418450900948], [42.30479959956281, -85.55069473803806], [42.28823023042264, -85.5872865895345], [42.28039948135266, -85.57879025946808], [42.29654601523975, -85.55820242330827], [42.284200341328045, -85.59393057043803], [42.276030003723776, -85.56152665561376], [42.30088138023535, -85.57147785119153], [42.28046330363662, -85.55124534834097], [42.280325782520144, -85.57497762654768], [42.28746503397152, -85.59268659590946], [42.31480412934353, -85.57693297346053], [42.29005956237926, -85.60630273793682], [42.301757049577006, -85.57980963261035], [42.28279857949354, -85.55223008225845], [42.304348338379924, -85.58439631361041], [42.29514653546896, -85.56976916769327], [42.31146198410744, -85.5901913604332], [42.279553523545324, -85.59885328574337], [42.29804832510567, -85.59665571249094], [42.31157849323971, -85.59511008529216], [42.2941834483976, -85.58730588977657], [42.28340022124721, -85.5770861884232], [42.294335614189905, -85.5720386925256], [42.284433426419284, -85.60408437977209], [42.2847716169447, -85.57208174654124], [42.316471382440824, -85.5904322457786], [42.31525314781229, -85.60627179936655], [42.29774277123942, -85.60301355662632], [42.31443548369362, -85.57942212846922], [42.29131748196888, -85.56109422788097], [42.30722330725366, -85.60078381830786], [42.273240287790834, -85.57506754790799], [42.31640074011754, -85.55767103101081], [42.311831172983126, -85.5669551602357], [42.28313683249721, -85.60126176731248], [42.30868564842932, -85.60612583260904], [42.30306400069942, -85.58037661940645], [42.31511816790983, -85.5904354799477], [42.297656779362065, -85.5544472423417], [42.31682938651255, -85.59351300475062], [42.28533604380064, -85.5751155202258], [42.30235977380658, -85.59428805545846], [42.28924005431548, -85.5717355559464], [42.299573349293105, -85.60583268789973], [42.282387630573595, -85.56529136727971], [42.316995518645896, -85.58664904249402], [42.28218241744483, -85.5845601659836], [42.28133856082082, -85.5713362996437], [42.31488474298493, -85.59136934232691], [42.30678862324267, -85.59691890489368], [42.29647822138458, -85.59520304719658], [42.305936380981876, -85.57484149872658], [42.272585785584674, -85.60277436575815], [42.30039189816933, -85.59920511244333], [42.276475040765696, -85.56209454674378], [42.30869619846286, -85.57526310304902], [42.30162144428555, -85.59371016249527], [42.2743488665639, -85.55773590269911], [42.30281800911409, -85.55006687036831], [42.29328015583967, -85.60478160139749], [42.29802576699408, -85.58068084506772], [42.29084415905557, -85.56556160086474], [42.30570654214842, -85.59423890725797], [42.280035005471476, -85.5698913133156], [42.31413883312197, -85.60198143969335], [42.30543819705549, -85.58492485834648], [42.307353812035785, -85.60359764068866], [42.30404199994099, -85.56024602021107], [42.27840444841312, -85.59126142192443], [42.31172852865841, -85.57954752804415], [42.27872976215729, -85.55266750764217], [42.30550647263432, -85.57163300740268], [42.288421304511076, -85.55341406241155], [42.30996205004166, -85.55072174396004], [42.287491119247534, -85.55126246575381], [42.30937104414575, -85.58479456694397], [42.30829391845188, -85.56851626152978], [42.313040785412305, -85.5496782036545], [42.28048744140018, -85.5696123968119], [42.309333691570316, -85.56868513342286], [42.29558175910477, -85.55904616270642], [42.304268891593445, -85.55875867614381], [42.29827087809336, -85.55026594133528], [42.30910305718398, -85.60062708160464], [42.28255186678705, -85.55703798085788], [42.273603144460495, -85.6084832977584], [42.287166038534735, -85.59787047819933], [42.30275061556969, -85.55457362421406], [42.27850713074156, -85.57703780214163], [42.30916445078032, -85.59226658816875], [42.31487837421655, -85.56236813957382], [42.294566408663634, -85.59638030487818], [42.31329357540403, -85.55926759373594], [42.28918243152781, -85.56530235967995], [42.280102835688176, -85.60530090444308], [42.315633958259944, -85.59608345883412], [42.30554249206794, -85.58905325050759], [42.282406096578605, -85.5824742193865], [42.31179212761338, -85.58114088393751], [42.273906655242534, -85.58562548384415], [42.31185150410922, -85.56717729662365], [42.282300490192235, -85.60092437597336], [42.2789690538602, -85.56044373352795], [42.298141405596205, -85.5527078958215], [42.31281577310842, -85.58741472069553], [42.29141307721664, -85.5736548309543], [42.273717997049445, -85.58300812540365], [42.279333086611494, -85.56373221669762], [42.27899363094735, -85.57060447685717], [42.273217187569465, -85.5699248297061], [42.30196611168224, -85.59183455891933], [42.30044519517728, -85.58242852159061], [42.27791806117022, -85.56863089141], [42.28306016974853, -85.59027358431436], [42.31044317467366, -85.60112610798285], [42.31236683653573, -85.57859608765781], [42.31729585966412, -85.5781317939745], [42.28888760396298, -85.56327333780804], [42.3075698476469, -85.5903317624051], [42.291503834844114, -85.5502283155815], [42.29789187378588, -85.5619833044627], [42.27974175157633, -85.55408892216516], [42.28926468886686, -85.58703833410601], [42.296125131523745, -85.59895363358414], [42.28850868197547, -85.5747047320507], [42.30017145056828, -85.59411255068557], [42.31465575942498, -85.55441398694654], [42.30194231367388, -85.58107198015072], [42.30975563953375, -85.56977550491496], [42.2807445483967, -85.59284282406298]], "boundary": [[42.31763906340025, 42.31763906340025, 42.27257253659975, 42.27257253659975, 42.31763906340025], [-85.6092253425881, -85.54850245741191, -85.54850245741191, -85.6092253425881, -85.6092253425881]],