{"center_point": [38.899994, -76.986572], "sample_points": [[38.890417448185, -77.00212241818635], [38.90007838313991, -76.9651405390619], [38.88764000816777, -76.97986203822761], [38.88993602045871, -76.9748998218838], [38.895834239689066, -77.00252248465722], [38.88684719487704, -77.00347884909502], [38.880923762475234, -76.99670985738561], [38.89516031274252, -76.99093648435367], [38.91156897827183, -77.01069181197235], [38.902246224898455, -76.97658913084011], [38.92093718436566, -76.96671104540766], [38.91017233640632, -77.00896924404432], [38.903260762278265, -76.98806479670101], [38.91942186895306, -76.96156316540211], [38.906121333304014, -76.96550933822903], [38.88778982400574, -76.97737758537292], [38.921071105743806, -76.99704401956492], [38.887773520036355, -76.98091613389543], [38.91356783620529, -76.98109759271388], [38.90199056158127, -76.97769015783861], [38.90887976378118, -77.00437447159256], [38.90209710919514, -77.00601081024935], [38.89637713934624, -76.98051952629963], [38.90345877788199, -77.01401654602824], [38.881657555640714, -76.9608197350362], [38.90182247321637, -76.96576787743551], [38.91623639374955, -77.00101627203239], [38.903571557105025, -76.96826355878197], [38.898255345456, -77.0098829175263], [38.89850514355408, -77.01478898045012], [38.91594903534767, -76.98083245511009], [38.90547125377816, -76.96642414963601], [38.911328416425214, -76.9965604903196], [38.900536426606195, -76.99522760164649], [38.8918716744116, -77.00270343685354], [38.89697609845278, -77.00743414924902], [38.90574578978772, -76.99016237714827], [38.89795100101349, -76.9755800632545], [38.8888824898446, -77.00354517556929], [38.913829602328796, -76.98898964799554], [38.893047630869546, -77.01021718850537], [38.91626140013057, -76.97884996931131], [38.9060578090241, -77.01154317797541], [38.89357772790822, -76.9665618145501], [38.91748691484961, -76.99636268635581], [38.91781800953327, -77.006129874702], [38.90373516640809, -76.96559270828241], [38.91306403433815, -76.97665302954893], [38.89974888260057, -76.96739236164765], [38.90706693154678, -76.9810959566358], [38.89786346976175, -76.99764375754447], [38.897790931292555, -77.01139439766588], [38.87794296059018, -77.0078678570257], [38.906454070627916, -76.98619703889887], [38.91406440637355, -76.97736525391944], [38.88077753839531, -76.97505747592952], [38.89304669700426, -76.96197747005742], [38.910007200980665, -76.96491346937007], [38.88334563473016, -76.9882419057944], [38.889127308440834, -77.00891285345872], [38.90574811177213, -76.98196733829054], [38.90530623313388, -76.97575240132856], [38.91141744001615, -76.96576688019745], [38.90314754372068, -76.99981130257156], [38.8920271725939, -76.9827483043171], [38.89750037252406, -76.96183015776542], [38.8920234936111, -76.991681854951], [38.92147152446899, -76.9765914183704], [38.89205427414409, -76.99311182391864], [38.9126607688833, -77.00054192739596], [38.91885341793585, -77.01382499170195], [38.88448263327438, -76.96198548208439], [38.92024219399688, -76.95865759193632], [38.89503519596161, -76.99402973417159], [38.9173291743169, -76.97040933807529], [38.91239840996251, -76.96759204946751], [38.917899620913786, -76.97836535979619], [38.87771063548476, -77.00233528108484], [38.91105765196538, -77.01213532447002], [38.90889248547316, -76.96828952521524], [38.91077325766909, -76.96030877288653], [38.89790578006707, -76.96579383112181], [38.894677249699356, -76.95805531399203], [38.915285284406174, -76.97364558055067], [38.902554510232214, -77.00612598608859], [38.89184386531749, -76.98321914576313], [38.91666883069829, -77.0075287506448], [38.902989411607656, -77.00915544920508], [38.89809559800746, -76.9589579125628], [38.90624585530991, -76.96675718767916], [38.88452681179543, -76.95956392041238], [38.90306410171801, -76.99390046284933], [38.91455233267147, -76.96147264935682], [38.878772904866345, -76.96522899262592], [38.88529344406991, -77.00410591647494], [38.9167530344718, -76.97070972552632], [38.884504787813896, -76.96031210651948], [38.88361929380288, -76.99116647340068], [38.87826188099424, -76.9825164177103], [38.895432492541445, -77.01496901900855], [38.89853492144191, -77.0083001054502], [38.899827353618086, -76.96476232346957], [38.91417795244849, -77.00166696982139], [38.89411549228161, -77.00418120471018], [38.8866850035236, -76.96886692694694], [38.91781029638316, -76.96755353891427], [38.906118809425195, -76.98909159866932], [38.89451170099381, -77.00264664591705], [38.919096444836676, -76.99656513669048], [38.92204413148672, -76.99416187394257], [38.89774597127423, -76.9972588477074], [38.894958599418175, -76.97805869834202], [38.88027466042693, -76.97931579964828], [38.88268940481053, -76.99976417227492], [38.89789125144768, -76.9943007816754], [38.89647445488758, -76.98489325843786], [38.91467203559453, -77.0122357982931], [38.90280224831199, -76.97879592838349], [38.88958235626623, -77.01313767424695], [38.90952668129055, -76.98976417556212], [38.88146056934112, -76.96818870715748], [38.918455527699834, -76.9667105356192], [38.92150603603372, -76.97333501851807], [38.912903932431725, -76.95879830583752], [38.878418653999034, -77.00018635494526], [38.882720878545115, -76.97371512143445], [38.908920894457495, -76.99552239615618], [38.89229489169658, -76.98814222220525], [38.91128607696786, -76.9928499618188], [38.9200335849518, -76.99450988475633], [38.892240165852385, -76.981175170644], [38.915326571797245, -77.01131060344747], [38.91279670686665, -76.98561605238758], [38.91710562021788, -77.0001567117613], [38.88286702569549, -76.98856859951174], [38.89655673391069, -76.97569512677863], [38.899844750013074, -76.99112557818903], [38.91208312997462, -76.98286426853166], [38.896744799286395, -76.97165824041188], [38.90657155144818, -76.9621254529973], [38.90366305616075, -76.97020195678445], [38.90846225571925, -76.97378701427995], [38.895371670134644, -76.9857567168016], [38.91076547435618, -77.01375953886298], [38.9097951019136, -76.99033983256072], [38.89905210462396, -76.97853573058215], [38.88613100674167, -77.00138320824705], [38.89236677231888, -76.9607188807956], [38.91191349536812, -76.98253258131578], [38.90096748643286, -76.96278226014793], [38.88995080929561, -77.00877519381247], [38.89168083648537, -77.01146277747243], [38.914564278494176, -76.979913005113], [38.88490578601908, -76.96561626027628], [38.891803727660644, -77.00467500811999], [38.91607141423274, -76.99852921584528], [38.88682771947519, -76.99801304921263], [38.90932466326039, -76.95782604807042], [38.911777745509994, -76.95991739799555], [38.90735172906916, -76.97713676985515], [38.892190850264704, -76.97702827509276], [38.88525460937021, -76.99661203427132], [38.88202198448456, -76.97201578841201], [38.917070245622625, -77.00317429204325], [38.90039726145081, -76.96454990607721], [38.90593416281266, -76.98579728958607]], "boundary": [[38.92252726340025, 38.92252726340025, 38.87746073659975, 38.87746073659975, 38.92252726340025], [-77.01542931860061, -76.95771468139938, -76.95771468139938, -77.01542931860061, -77.01542931860061]],