{"center_point": [29.226998, -81.010542], "sample_points": [[29.23734172679588, 29.212020824210477, 29.207761857988697, 29.233722161856196, 29.2376868460067, 29.24064656383057, 29.204998284258558, 29.209410720842232, 29.227833426905157, 29.24933677017337, 29.23341922617441, 29.22673571433475, 29.212436247283563, 29.228581840305683, 29.21543944541941, 29.21977882128857, 29.234546503412137, 29.234688789694445, 29.236540665700467, 29.247359114880275, 29.228566785150633, 29.21929389977163, 29.22945220156485, 29.21301419295062, 29.23927982490477, 29.22990141915839, 29.220691043159402, 29.234227156023543, 29.21566996479036, 29.205742523692226, 29.238672973883215, 29.20607565800305, 29.244381707002276, 29.226209110207026, 29.228865329057594, 29.22795709455771, 29.23913553604971, 29.205027983276302, 29.238274925485857, 29.22116032269931, 29.22720411520474, 29.208808169132368, 29.219390474707904, 29.243929724743715, 29.240583312851903, 29.237806414468018, 29.226968768673213, 29.23896805168968, 29.20482100822728, 29.23294679807024, 29.220673593892077, 29.240550763400357, 29.214490881999467, 29.246339648549945, 29.232980620811105, 29.205595962449866, 29.208834490384834, 29.235222230353948, 29.214642811462262, 29.24156291208196, 29.210353040223993, 29.225613342733258, 29.211864281304994, 29.230087361223347, 29.248535356794687, 29.235201906699672, 29.22699935405754, 29.223624399216828, 29.207983204979012, 29.225633521986286, 29.21226809939005, 29.228782767099354, 29.214865556963083, 29.22541277723821, 29.238868822669424, 29.212544889834035, 29.207559298585203, 29.21062094189759, 29.206236445577016, 29.212010143299175, 29.227074007405985, 29.24491235333959, 29.23415711664548, 29.22061084718693, 29.22945534179798, 29.214263868394003, 29.213904574641642, 29.246565648875606, 29.206106003934842, 29.22051906112215, 29.237579210695, 29.205712716313805, 29.22658282475597, 29.21432367219221, 29.229541530572675, 29.234778817985617, 29.22196022635253, 29.211498472099933, 29.216501633749903, 29.234594838849343, 29.20640367591218, 29.244857112135538, 29.226010304863493, 29.23895336040021, 29.210713733403747, 29.230385061055266, 29.208804341291604, 29.24236625377017, 29.213742428650896, 29.212721960233047, 29.222036370145265, 29.215879021003175, 29.243577353440866, 29.228706277762562, 29.227308562452215, 29.24233039498543, 29.211214386128606, 29.223036312320033, 29.21215286232515, 29.24552069170748, 29.241353561556092, 29.244782047435844, 29.2442974193456, 29.233435513994458, 29.205469539879353, 29.218054988395775, 29.217646241454336, 29.211146126001204, 29.221934305894187, 29.227176142862426, 29.22245335416888, 29.214214683312175, 29.241837122057134, 29.209039901782234, 29.242474918936338, 29.20626188816231, 29.233341375674204, 29.22733092014968, 29.217625691814522, 29.211768599427515, 29.231123878251783, 29.214229524685667, 29.225561036847754, 29.205462802821696, 29.230598088342905, 29.221810237122636, 29.211035705553893, 29.225787739700284, 29.24619986816879, 29.209632576891163, 29.23980281191423, 29.21302689269581, 29.220174950809636, 29.22094465930285, 29.215890557133513, 29.206233040595507, 29.207922936668446, 29.21505619536955, 29.22777279430543, 29.242583251337038, 29.247935093605673, 29.206813319675963, 29.2349212210993, 29.21876081072644, 29.23184610269038, 29.21618945137916], [-81.01938327147717, -80.99004108358002, -81.0059113572592, -81.0344704485872, -81.01483665182889, -81.02318505070374, -81.0131209690031, -80.9851897199833, -81.02423222857057, -80.99881508805923, -81.01084781178518, -81.01656676725086, -80.99237873244549, -81.00627130381373, -80.99367987133395, -80.9941854580358, -81.03123519287546, -80.99680058897953, -81.03264236704047, -81.03117879706443, -80.99355886773273, -80.99831570070458, -81.00532643237945, -81.02815009314168, -81.01168365598473, -81.03478344519652, -80.99003563540391, -81.00807795950836, -81.01677543271495, -80.99439905978556, -81.02555308695233, -80.9905046161315, -81.02524136377156, -80.99216745473952, -81.01700197073315, -80.99790187237777, -80.99917785080464, -80.99141201286147, -81.02135461130793, -81.03513577551152, -81.0344696666989, -81.0212518981667, -80.99596573341515, -81.02649094278267, -81.03080839710644, -80.98510130021447, -81.01099200189194, -81.01577982360745, -80.98691455472914, -81.00563572126585, -81.01407805450827, -81.01176866571235, -81.02362758485636, -80.99802699855478, -81.00309126575885, -81.03174235830221, -80.9896585977064, -81.01963741290729, -81.02136322724434, -81.01411976415784, -80.99961550673592, -81.03553199782412, -81.00304289598041, -81.03217125412664, -81.01213167215201, -81.01850921410221, -81.0289528971461, -81.02992199569427, -80.9877880920924, -81.02050802867069, -81.01564245403941, -81.02529562357225, -81.00180352242579, -80.99264527489521, -81.00732407215466, -81.02062327973734, -81.01305373212503, -81.00785886686188, -81.01129265050591, -81.03034247461109, -81.02196255843371, -81.03223326309735, -81.03143027888446, -81.03394346003734, -81.00474530134616, -80.9935599705553, -81.00296296128704, -81.00098588542077, -81.00757749913133, -81.00274886423422, -80.99658853424346, -81.03430559742435, -81.00791930326189, -81.03443023630942, -80.98823408774786, -81.0320220868851, -81.00826262083837, -81.02605348954228, -81.0007418950167, -80.99803960808708, -81.00360309579408, -81.03335797299935, -81.00874154866486, -81.00190885872878, -81.01199632397397, -81.0191591445103, -80.99866804208794, -80.9953583279414, -81.00397011388976, -80.98780525529395, -80.9876815369589, -80.98859987217118, -81.0360533654398, -81.0248997586311, -80.98876153173188, -81.00498897236743, -81.03369144250088, -81.01195523495079, -80.98792041089217, -80.99853586564576, -81.00886878521415, -81.01830049458133, -80.99227606512258, -81.0139836258557, -81.0334686270266, -80.9923657129922, -81.0154540855164, -81.01199128080275, -81.03377491006951, -81.02490049744559, -81.0028414839009, -81.01597469450472, -80.99334102286106, -81.02307984266142, -80.99583749173802, -81.00616508633274, -80.99737388216832, -81.02733231157684, -80.98506373202774, -81.00692791632784, -81.00233311962832, -81.03597498422562, -81.00193146634261, -80.99368707785061, -81.03002962514246, -81.02658469798584, -81.02814577934714, -81.01164078452743, -81.02963749959783, -80.99422119431563, -81.02468438203306, -80.99243894260702, -80.98735326234721, -81.02073862116657, -81.02509925720243, -80.99990886120084, -81.01381525291659, -81.0322762384993, -80.98489737917153, -81.02686178311556, -80.99860315431964, -81.01186886582467, -81.015427842288, -80.98645531635965, -81.00641964464886, -80.98981329922763]], "boundary": [[29.249531263400247, 29.249531263400247, 29.204464736599746, 29.204464736599746, 29.249531263400247], [-81.0362761763612, -80.9848078236388, -80.9848078236388, -81.0362761763612, -81.0362761763612]]}