{
    "boundary": [
        [
            29.249531263400247, 
            29.249531263400247, 
            29.204464736599746, 
            29.204464736599746, 
            29.249531263400247
        ], 
        [
            -81.0362761763612, 
            -80.9848078236388, 
            -80.9848078236388, 
            -81.0362761763612, 
            -81.0362761763612
        ]
    ], 
    "center_point": [
        29.226998, 
        -81.010542
    ], 
    "distances_to_center": [
        2201.3268370596506, 
        1483.9735553242992, 
        2158.380072935685, 
        2345.2835049900423, 
        1603.466190486396, 
        2525.120705421239, 
        872.4155081085318, 
        1259.559744062346, 
        954.380489427724, 
        478.99140761208406, 
        2184.704565140173, 
        1526.5317237417473, 
        2386.384877165341, 
        1858.4698197550106, 
        2835.6537286963553, 
        3219.505117743777, 
        1919.3156001835785, 
        1841.0862249382565, 
        2383.3309284278803, 
        2789.1004749068607, 
        1253.888803465597, 
        2446.960591944294, 
        2010.9324364333436, 
        1069.3481118900397, 
        1779.2424919703908, 
        456.8067046010883, 
        2519.9137106864896, 
        1748.9551009611805, 
        1373.2435732446436, 
        1248.1094538912423, 
        2647.561235218056, 
        2507.0491540277353, 
        544.8660461425804, 
        2538.131554511653, 
        1373.4931867357627, 
        162.85597679626392, 
        1969.7682112063337, 
        414.7525207556491, 
        398.7054556242527, 
        879.7172839253219, 
        2337.723827663785, 
        3255.8948884551355, 
        2204.8713170558, 
        2260.3578393605953, 
        1931.117811738133, 
        2397.589324448164, 
        1800.0699554983498, 
        1628.2182814619446, 
        698.8967201676742, 
        508.2295751214815, 
        1058.6363183038693, 
        1110.9870456497185, 
        1718.1673286782705, 
        1650.0172345626663, 
        2196.9642160531494, 
        2500.7308164233887, 
        2578.3035001554495, 
        1837.9024871893487, 
        3194.5398996332406, 
        2115.833724045679, 
        2874.6095066059056, 
        1964.3771610289596, 
        2021.9086711915631, 
        1391.3442076139993, 
        3476.0386566537322, 
        3014.2527522675523, 
        1748.4248264425814, 
        2530.8078556674145, 
        2241.443212389644, 
        362.9943189082996, 
        2200.469320987163, 
        125.33878651633687, 
        1278.7386186986932, 
        2149.128113511286, 
        2364.3425474389005, 
        2019.3415274470149, 
        2614.946076492513, 
        1519.3769150613252, 
        1144.3129665152335, 
        2453.306049410726, 
        898.9833388936866, 
        1456.030885005255, 
        1550.4228468457989, 
        2493.2799241496336, 
        2018.3860047132187, 
        1768.4174922475972, 
        1188.57995983747, 
        1249.0038324066934, 
        2324.527235292208, 
        1255.6276287554315, 
        2388.4997734770855, 
        2611.584803992639, 
        2606.71676221457, 
        2078.617558358815, 
        2878.696691384507, 
        2296.3325924136943, 
        2808.457467618582, 
        1687.4967261537374, 
        2241.461093447066, 
        3221.149642803398, 
        1230.2742471316692, 
        2304.0297025115315, 
        892.878820198552, 
        1698.4191218414478, 
        2563.6708997029514, 
        2297.418825782416, 
        791.2065490732513, 
        2932.7748222640666, 
        1278.4018942081302, 
        2800.819613653394, 
        2684.6563822519915, 
        2381.929785139294, 
        1647.9800446321378, 
        2544.44545852055, 
        863.3938007589416, 
        625.5589257832272, 
        2170.052193074856, 
        738.2717377174084, 
        2346.62306542818, 
        1837.3031774755927, 
        1061.0506468394544, 
        1447.229834564967, 
        2079.603415828739, 
        1582.4866019123785, 
        1440.464410213206, 
        2530.4658401446586, 
        2635.882513339711, 
        1181.7283699436434, 
        2276.354679084981, 
        1935.2684242347884, 
        2709.5873485726356, 
        1693.608797360192, 
        2373.4870569618565, 
        2155.5388227371645, 
        363.19897485118213, 
        1513.6996666866578, 
        692.0531078392402, 
        638.5260559323132, 
        1840.5933190572673, 
        1694.6196783112596, 
        2282.459819263319, 
        824.0887876555387, 
        559.4333733037823, 
        2441.807055776258, 
        2942.1627450021965, 
        2464.841044808346, 
        1922.7371245390539, 
        2601.7304324586094, 
        2654.1364751775977, 
        1875.2838445892573, 
        550.4934266388152, 
        3093.310579908374, 
        2623.5580826052997, 
        2351.384011526718, 
        1971.4939295623221, 
        1340.63322227902, 
        1378.1810834732862, 
        2032.7813723149761, 
        917.5788222781379, 
        2052.7038429725512, 
        2542.9758268862424, 
        2305.651121142393, 
        2728.5288136548334, 
        1494.7112651871091, 
        1617.2421234326603, 
        2165.405689552999
    ],