{"center_point": [39.3566081, -74.4358653], "sample_points": [[39.349473301914095, -74.46113113996616], [39.35654001278489, -74.44696451968586], [39.35680627476944, -74.45035205661975], [39.3755124435221, -74.46110061288745], [39.362673547493166, -74.44641242233851], [39.35738915114162, -74.40870013451512], [39.369047997332025, -74.46342953303682], [39.36468676873343, -74.46434989011391], [39.34778443129325, -74.41943814212523], [39.369687260141504, -74.44044318035198], [39.36864249723605, -74.42037840027291], [39.3714955242648, -74.43323885323728], [39.37547187238148, -74.43453802897767], [39.37094694431358, -74.46059071014759], [39.37719554492529, -74.42671566579637], [39.37443940071324, -74.44286650336589], [39.3508893849452, -74.44675417995761], [39.35881288802884, -74.45578909477942], [39.374372754512414, -74.42767427627714], [39.36824680142721, -74.44165870158209], [39.36288845523889, -74.46056893358008], [39.33976102645818, -74.43478974500093], [39.34701856408883, -74.42673630924604], [39.3609587995545, -74.43153916586174], [39.36732715397943, -74.40915879021884], [39.37408810869154, -74.42778254830512], [39.343977022382205, -74.4568094000518], [39.34679403129834, -74.42608606276085], [39.33794840961453, -74.43769096100404], [39.34711635115473, -74.46327230470693], [39.33636955547192, -74.43691935629417], [39.339811958153355, -74.42289439464056], [39.33887953576871, -74.45230696760758], [39.367770108356076, -74.43055715269433], [39.34290015331298, -74.41219842668497], [39.34863348710671, -74.46205525887375], [39.34020138058302, -74.45589428261812], [39.36752973421984, -74.40719876202671], [39.355524712571594, -74.46192470130451], [39.36312236053436, -74.42283721886638], [39.3397133630112, -74.45644198532828], [39.3535913150862, -74.44122915838912], [39.35886148656937, -74.4357380558082], [39.33805387672064, -74.42495147674653], [39.378172912269655, -74.45743646641775], [39.35971420149693, -74.44162447170662], [39.34786197517715, -74.41456866732905], [39.37321776439074, -74.41955548706964], [39.37027938528422, -74.46167244629262], [39.3761188220763, -74.42363398473158], [39.34830586100018, -74.4496870751989], [39.349384261245994, -74.44547677747522], [39.33856915085583, -74.41776978243144], [39.347027247581515, -74.4250248493768], [39.369698518316255, -74.44448276769022], [39.36324076681499, -74.4174660899172], [39.362236244294046, -74.41972844147841], [39.37510155623771, -74.40855706981381], [39.36344369255317, -74.4388440448553], [39.364766683662964, -74.42084097382329], [39.34528867531237, -74.43804090448465], [39.35652509214467, -74.45711497730673], [39.355837901955816, -74.4458416721858], [39.37804861504362, -74.45112738748522], [39.36143558586518, -74.45059018474076], [39.3677152421009, -74.43573933816418], [39.36704370393504, -74.45125108771823], [39.36416031621133, -74.40905499980614], [39.3645918695192, -74.43750107112359], [39.378600031175864, -74.40708535804352], [39.34642991460885, -74.4586845826237], [39.374871265223554, -74.42101489164291], [39.36289813531568, -74.46001354056064], [39.33690718871864, -74.44799863124288], [39.35168211387346, -74.45077499415503], [39.37621621116273, -74.44417933331671], [39.35058855535712, -74.4141796582951], [39.3367599486894, -74.43291702587014], [39.3366910433355, -74.44628963102294], [39.34474906960223, -74.42940226803675], [39.356792903404944, -74.41602260447186], [39.37062216431226, -74.43755390134974], [39.33797725400381, -74.45640896020898], [39.340352133006256, -74.45415559060821], [39.346547914342565, -74.45532962931257], [39.34259516792588, -74.44333888177488], [39.36705025364885, -74.44162147042194], [39.35091273959648, -74.42541795142351], [39.37154580056505, -74.43293925158967], [39.37758611336145, -74.40927403983252], [39.3565818425765, -74.40967526931004], [39.345872670004994, -74.4133250061947], [39.35227582566222, -74.41764261107328], [39.378261937949425, -74.43597692292147], [39.34572621707176, -74.43545642031947], [39.33551144704138, -74.43179860698638], [39.34870985029702, -74.40934507652794], [39.35276839550701, -74.44475521024908], [39.37057399818997, -74.44228544431476], [39.373542484453814, -74.41527995253668], [39.37287295032897, -74.42621995486563], [39.37402403191273, -74.45680822087006], [39.34797448915018, -74.42847847428932], [39.349841697132156, -74.444135198365], [39.339617590452704, -74.43950453092583], [39.34158605363359, -74.42305596890485], [39.33800409475653, -74.4431869732319], [39.35580454456747, -74.46225189168547], [39.33630870131982, -74.42456636716042], [39.35332408087918, -74.43861108651083], [39.33603552509429, -74.45323469269663], [39.3517841393108, -74.44592196671765], [39.35019384104328, -74.46045444332707], [39.368283090006436, -74.42991063398252], [39.34044104206619, -74.40723249612137], [39.35989025646117, -74.43547917354972], [39.3735190388224, -74.41099385192584], [39.33937043671244, -74.44208741631806], [39.348446066887526, -74.4390347449594], [39.3749350066536, -74.45297959397485], [39.34689478542052, -74.4197458627215], [39.36726444632796, -74.45342294504485], [39.339314954709046, -74.43738830926301], [39.37633507573847, -74.40722987901565], [39.33767688696408, -74.43944567218743], [39.342387679101755, -74.42150621253721], [39.34140718048759, -74.42113641730141], [39.366453456719434, -74.44233435871102], [39.34728986461695, -74.43610742747035], [39.36373603195223, -74.42806986876428], [39.33969805052287, -74.42598299296854], [39.35418987839877, -74.45745910704521], [39.346605507447684, -74.43013212475317], [39.36240458839595, -74.43410734854045], [39.36307162818901, -74.42080975755184], [39.37185581335578, -74.44481664154212], [39.372525052551936, -74.44418405265299], [39.358243242630536, -74.46030415708118], [39.34958385709277, -74.4266511998697], [39.367273973507274, -74.45807274619635], [39.34406939813978, -74.44984803163486], [39.36466677824877, -74.41502288648726], [39.34658899030567, -74.45544348370295], [39.335287177536316, -74.41839695260877], [39.36807086730889, -74.45903818660312], [39.374123309944565, -74.42074599580896], [39.34414269377077, -74.4112470553064], [39.36450339380633, -74.42871879699105], [39.360623607307325, -74.43468583199504], [39.3589899362564, -74.44263535977939], [39.362200114468365, -74.42054286201906], [39.37044962993574, -74.42732794368492], [39.353161324158904, -74.44143757445656], [39.37376996997182, -74.44071658750414], [39.35197869774476, -74.40749728084889], [39.37637795727539, -74.44613969106388], [39.3516482916102, -74.43504293931204], [39.33788136423525, -74.43501482787188], [39.364438409854095, -74.44913980452176], [39.336653722902156, -74.44633256070986], [39.35724859342068, -74.43650621846855], [39.33817127220494, -74.4147722809553], [39.358645555481914, -74.4358328447309], [39.375863667318825, -74.4506893482079], [39.37409039163565, -74.41874748667247], [39.34479354191137, -74.42074254287004]], "boundary": [[39.37914136340025, 39.37914136340025, 39.334074836599754, 39.334074836599754, 39.37914136340025], [-74.46491031319944, -74.40682028680057, -74.40682028680057, -74.46491031319944, -74.46491031319944]],