{"center_point": [39.3566081, -74.4358653], "sample_points": [[39.33447557410972, 39.35262470409179, 39.34067164491995, 39.3680678501525, 39.376082422742364, 39.352284851572236, 39.36123391194795, 39.356587525750285, 39.34733906881565, 39.379029083768145, 39.3710915714902, 39.36380603266713, 39.34250090623097, 39.34954092895655, 39.37705281089945, 39.3518453210106, 39.36138849651038, 39.334292679918306, 39.34735500841305, 39.36448469826241, 39.369388784101716, 39.346499189686234, 39.35116332799026, 39.36886504213834, 39.355769574760444, 39.368317845132424, 39.33535797751291, 39.35505798412319, 39.3377527559309, 39.33533105128179, 39.35032712276361, 39.34223626463169, 39.33511014202652, 39.34322008574977, 39.35765543212879, 39.35354245760567, 39.3506686667155, 39.356700934046096, 39.366618150861555, 39.35407416102758, 39.33536564616756, 39.35495552376554, 39.366030211976636, 39.35518763691716, 39.33549414646084, 39.34126783402636, 39.35993466030767, 39.3350937151607, 39.3677342828265, 39.35911787617847, 39.33700266395771, 39.360620818466636, 39.34898510915799, 39.37473252064869, 39.34040954445835, 39.339897565525106, 39.36380591410855, 39.36148278764663, 39.353428119467125, 39.34855292772381, 39.373925889381965, 39.373451534268, 39.374398772507284, 39.36588751819165, 39.337861098302014, 39.36469165256264, 39.35484203521314, 39.365903233285174, 39.36582668853149, 39.34234687127987, 39.34174740276288, 39.36829283067009, 39.35248911607341, 39.350345753438916, 39.36595510672103, 39.34581546731233, 39.35269894735625, 39.34766399880676, 39.37383556751129, 39.37194262506413, 39.335040708685554, 39.357015140631965, 39.36729328374162, 39.34439833807349, 39.36406255232096, 39.35883197743429, 39.343786791903575, 39.37566071248785, 39.355530340940255, 39.37904864700434, 39.33811850501861, 39.349648485135404, 39.363346981760024, 39.338801516280895, 39.37413600936998, 39.36215813525456, 39.336336661746444, 39.36981218147692, 39.36947668569261, 39.3501624737988, 39.3722155708768, 39.35930159804413, 39.34949089944209, 39.36012101376724, 39.37758308035726, 39.36624156340397, 39.337424989610795, 39.3783776245701, 39.34882181581913, 39.37389277453161, 39.37158529391664, 39.36836483386607, 39.348566887886726, 39.351429442063704, 39.34963536362621, 39.33569515357585, 39.3655827026312, 39.35831753657771, 39.37371790997532, 39.361737339946494, 39.37353245374949, 39.3609600714645, 39.374461751444954, 39.36716192448582, 39.36560898018243, 39.36638601119311, 39.34414680303045, 39.35221174979788, 39.36319054313395, 39.36397779496231, 39.33448767116881, 39.35015667282569, 39.34578191051223, 39.35945370617171, 39.378595012916435, 39.36840391398551, 39.37259461923075, 39.37615877921565, 39.36743201145879, 39.35936661499641, 39.37592170792493, 39.33908408562665, 39.355695386743534, 39.361196466617095, 39.33477555016762, 39.36117308701659, 39.338967509212765, 39.344224871350484, 39.3663543209648, 39.34638073199433, 39.34800191378705, 39.36168866425323, 39.34566846295718, 39.365150874699545, 39.34064052970249, 39.33721479794941, 39.337909420409474, 39.33769766829845, 39.35935530807844, 39.33681617026982, 39.375753496542465, 39.34114882933761, 39.3667932068653, 39.345567772276134, 39.357239802772305, 39.345341392349525], [-74.43980605850888, -74.46192810007855, -74.42563415784986, -74.4231624208118, -74.46238262211965, -74.41703898721732, -74.43488995204255, -74.4533757230668, -74.41871879002781, -74.41488446334624, -74.45569761261734, -74.41636800148719, -74.40763786608672, -74.43794155177369, -74.41098026531972, -74.42799963427748, -74.4529781535996, -74.45995464034986, -74.45669555293034, -74.42873764401108, -74.4226465806643, -74.43782615262451, -74.43530908934277, -74.46038642036129, -74.45542333978543, -74.42930447619864, -74.42626307644697, -74.43450162307965, -74.42923921993744, -74.45660362905252, -74.43168802432109, -74.43728824121943, -74.43504490871686, -74.4594656659643, -74.41001797591788, -74.44422156187802, -74.42100576279475, -74.40771028331318, -74.44335212249136, -74.44837755958837, -74.41373693803747, -74.4320837418978, -74.44661718458218, -74.41493209692264, -74.46199992723272, -74.41225798951609, -74.43773997253193, -74.4285623434183, -74.44869189190312, -74.4520460002547, -74.4258707416393, -74.4334057640996, -74.46253574700337, -74.43414792123406, -74.45674712584294, -74.4409416680458, -74.4350441994585, -74.44624501655335, -74.42741123878078, -74.4490489985346, -74.42083345337036, -74.4576386994304, -74.4513908354986, -74.44023630973246, -74.41600411344103, -74.41199063282819, -74.45669622331836, -74.45113261152527, -74.45584080387646, -74.41718081966702, -74.44604934945215, -74.4253552685855, -74.42351525555735, -74.41845714757467, -74.45245220058973, -74.4595079723076, -74.43646563171671, -74.42156909174417, -74.42913756227784, -74.42806516359421, -74.45205029828757, -74.44635014152094, -74.42765023923592, -74.42352115990305, -74.46002711207402, -74.43535797529408, -74.4398314831132, -74.46195612217164, -74.44373800898013, -74.46385122469981, -74.42560003663468, -74.41436634801393, -74.4625441333116, -74.45285458598822, -74.45719558798645, -74.44266348487973, -74.41256918093696, -74.45323708704642, -74.44209939003512, -74.42623446747676, -74.44926977508914, -74.42468475492687, -74.46330429861952, -74.4209549892443, -74.4629468974006, -74.41782045325596, -74.43120494916006, -74.41625253087281, -74.45658078910415, -74.4549078060018, -74.46123003463454, -74.45545817750747, -74.45776753757701, -74.42293986423488, -74.42119473122322, -74.45734557621807, -74.40979243989408, -74.45793051870636, -74.444055330375, -74.41325299194118, -74.4512764139706, -74.40724467236917, -74.4380510767857, -74.44602125216312, -74.44456425834369, -74.44500821080516, -74.42913465954078, -74.41367519693672, -74.41476039294278, -74.42966696546188, -74.41310176763966, -74.43024876320199, -74.45723131593385, -74.42643679647114, -74.44640669637968, -74.45170831367916, -74.42140344942291, -74.40840703884061, -74.41307324742237, -74.46447487233708, -74.44000062994579, -74.45178860153779, -74.41227487071744, -74.45471323445027, -74.4647448328089, -74.44490896856655, -74.44774293848924, -74.45163893093911, -74.40912366102413, -74.41528802529513, -74.43777493263941, -74.42443626821202, -74.45001381192819, -74.46155193289637, -74.41792370687284, -74.45481289763771, -74.44967967275356, -74.44564527903759, -74.41139364297692, -74.45406422226068, -74.43191113155098, -74.44614502821959, -74.44015101279498, -74.42285223509265, -74.4093804510849, -74.41933378501588]], "boundary": [[39.37914136340025, 39.37914136340025, 39.334074836599754, 39.334074836599754, 39.37914136340025], [-74.46491031319944, -74.40682028680057, -74.40682028680057, -74.46491031319944, -74.46491031319944]]}