{"center_point": [34.144004, -118.7551541], "sample_points": [[34.164359069008725, 34.12787153478788, 34.14801057141121, 34.16601728033601, 34.14972872230542, 34.143524951999574, 34.12247888191037, 34.12242855781472, 34.14183732789966, 34.14331796676223, 34.145113112495224, 34.14515382911803, 34.13220037639278, 34.16325381552667, 34.15013268308924, 34.14804806303491, 34.14574715319533, 34.12830067107358, 34.12216786766118, 34.132852477684104, 34.14051446449152, 34.13444649567211, 34.14982694217442, 34.14558017088678, 34.14784339663591, 34.16447435633547, 34.14307667028078, 34.152240470925946, 34.15617369166558, 34.12742664273932, 34.12447009822583, 34.13993001292638, 34.13643588876035, 34.15075580483698, 34.1627467298394, 34.1429580210475, 34.15519439185687, 34.12370057501695, 34.154030914402504, 34.130455433490106, 34.15917599316227, 34.16318614113389, 34.121598978463766, 34.13103909089475, 34.130906208188534, 34.159553289671614, 34.132184490087994, 34.14437471746096, 34.137588095685935, 34.126481111412666, 34.132413250341564, 34.130155651378715, 34.12815597862581, 34.130740048592465, 34.12798511988792, 34.123289705531, 34.12553989609151, 34.12280406096533, 34.13205061588011, 34.139891000677885, 34.12904168121963, 34.1570523961278, 34.14269066471897, 34.139401529661136, 34.139520144558944, 34.165071018504094, 34.1635975490645, 34.13667876092469, 34.128620255168514, 34.161739959353774, 34.12804743580366, 34.15327038912117, 34.14808278166439, 34.131788473631964, 34.146560159410456, 34.1467865264701, 34.161251350184195, 34.16362995776758, 34.13258373314502, 34.155898797831725, 34.13321574901494, 34.14098812741619, 34.16237623413768, 34.12778376216417, 34.13018500830153, 34.13973001401657, 34.14843645255458, 34.128360144532465, 34.134077354214114, 34.132918641269974, 34.13293404261308, 34.14352221481902, 34.154935963780986, 34.13963588152806, 34.16564348564693, 34.142261320787206, 34.14353860817241, 34.12750590017983, 34.14199441799053, 34.1473136972322, 34.15122891858016, 34.14166756853686, 34.15634568224012, 34.16541045230672, 34.154147360291745, 34.16044631722976, 34.14767199471919, 34.137160280980915, 34.165440017452134, 34.12365227402155, 34.12711800012877, 34.14940617996244, 34.160925071955724, 34.15221445276614, 34.131436130830394, 34.16498268135568, 34.127139564079215, 34.162548513234796, 34.12391436156214, 34.14092996441025, 34.12279297690944, 34.122636674781546, 34.14977673614926, 34.137088527181774, 34.15649616553117, 34.16364538012642, 34.12835354433492, 34.15908769375327, 34.12418640960855, 34.126137890553906, 34.14554005669612, 34.16379037587479, 34.148610950311436, 34.125647328438745, 34.148823684425096, 34.160173843661966, 34.152767100756336, 34.156518917009514, 34.12912404737454, 34.12485754425338, 34.12717632592111, 34.13463292685149, 34.12943793843061, 34.14435618734466, 34.16308199794133, 34.162334627224006, 34.165803677249805, 34.15835317363584, 34.12994711686492, 34.12537317972805, 34.14390303790929, 34.13817331486213, 34.14003261346147, 34.13151522182521, 34.13853416718551, 34.125392448636205, 34.15815366927914, 34.15426605301759, 34.136036539938075, 34.1557591606962, 34.15333317920354, 34.12383325916204, 34.13776926071827, 34.14748439433204, 34.163257101276606, 34.14097007599959], [-118.73828098178996, -118.77142817556545, -118.76602679694763, -118.75182987306322, -118.76385031921092, -118.76055247481445, -118.75941883969296, -118.73377242024713, -118.76101901063635, -118.75217098010896, -118.76309428792501, -118.7582985827927, -118.76107751955033, -118.7763906823927, -118.74155019483716, -118.73574149779172, -118.77449489049184, -118.7707069400698, -118.76911498465492, -118.77819460645107, -118.77245942231322, -118.77030485789018, -118.7362817980883, -118.76464369976426, -118.77741228597507, -118.75092497039735, -118.76813419150069, -118.7713636141554, -118.75451740468294, -118.7479315216713, -118.77575550044648, -118.72853999132465, -118.74116509626303, -118.74932471923537, -118.74148891265396, -118.73307628594992, -118.72837647474792, -118.75912696342868, -118.74554180587384, -118.73622701715196, -118.75944392375301, -118.7366012279873, -118.77147218408638, -118.78071700577273, -118.7504645973828, -118.73997289578219, -118.73123013989037, -118.75549585208859, -118.74786988202155, -118.75074093510867, -118.74699471293295, -118.74826313195233, -118.7351966310307, -118.75705811122877, -118.76960617032196, -118.76964742163393, -118.76352164125682, -118.73417787528616, -118.74892847052674, -118.78162874385264, -118.72915782324837, -118.77074715740962, -118.73882342037564, -118.73263618490422, -118.75192371194854, -118.7388011928102, -118.73115368381939, -118.73651876377991, -118.73027433772624, -118.76932784141579, -118.73204485798955, -118.7357596242154, -118.75587987237378, -118.77356506737395, -118.7572684352093, -118.7502434783375, -118.78177678787777, -118.76234035573917, -118.76394378740754, -118.77659113248632, -118.76182916305225, -118.73542919154815, -118.7299935004773, -118.74922384529715, -118.76026703657958, -118.76358967705137, -118.76169511161146, -118.73169427478412, -118.7491486013245, -118.76899904625597, -118.75674546491538, -118.77386997581948, -118.75588672940485, -118.77639980490682, -118.74059870065307, -118.7321852013193, -118.77381131899995, -118.76229252239118, -118.76482008167275, -118.75971613867108, -118.74886330813446, -118.77879628198541, -118.76013774870992, -118.73430374281004, -118.76408631563272, -118.75236130862658, -118.76605663975813, -118.77753683446231, -118.7782854681143, -118.74140483972293, -118.74787861743272, -118.7737839134697, -118.72812327259572, -118.77316268614621, -118.75799997955946, -118.73781822136422, -118.78011756179478, -118.75978964373543, -118.7291466918016, -118.77473694492517, -118.75741082034398, -118.77760195660555, -118.75698089591558, -118.76823830005405, -118.76423790426946, -118.73885137787127, -118.76668030416145, -118.7736396523915, -118.75061965854539, -118.7634119983342, -118.74013767759182, -118.75022123145426, -118.75188881135745, -118.73845912260687, -118.76737370528087, -118.73558189394402, -118.7469555702741, -118.74408150251806, -118.76495104682597, -118.75596178515491, -118.74174843546545, -118.76203999916038, -118.73796301134887, -118.76719363373319, -118.74438416857234, -118.7441133281647, -118.74935785447818, -118.73113094914642, -118.76061773702797, -118.74633490795071, -118.7800586972799, -118.73013206283306, -118.75255508865142, -118.75348023601114, -118.76827130461413, -118.75621521284695, -118.77879838549637, -118.7708665598993, -118.75588404050411, -118.74617003664814, -118.75193176127668, -118.75848398064919, -118.76116203430605, -118.75460942268312, -118.74501175872346, -118.74957246713362]], "boundary": [[34.16653726340025, 34.16653726340025, 34.121470736599754, 34.121470736599754, 34.16653726340025], [-118.78228944506947, -118.72801875493053, -118.72801875493053, -118.78228944506947, -118.78228944506947]]}