{
    "boundary": [
        [
            34.16653726340025, 
            34.16653726340025, 
            34.121470736599754, 
            34.121470736599754, 
            34.16653726340025
        ], 
        [
            -118.78228944506947, 
            -118.72801875493053, 
            -118.72801875493053, 
            -118.78228944506947, 
            -118.78228944506947
        ]
    ], 
    "center_point": [
        34.144004, 
        -118.7551541
    ], 
    "distances_to_center": [
        387.99883836413466, 
        587.5566305158503, 
        2775.2652327511196, 
        1460.3536738081173, 
        3157.536257693145, 
        2421.500735567067, 
        2088.516790862027, 
        2051.4696017830915, 
        1361.665290053674, 
        2878.6878655998858, 
        1500.8728171552168, 
        471.44444308696643, 
        2691.439849151584, 
        2300.222611760088, 
        1441.1831596225218, 
        1451.995155980926, 
        2301.5341348870197, 
        1121.5952389333654, 
        573.2934445925941, 
        1590.8913011996492, 
        2267.775004231155, 
        3014.510408870355, 
        2178.3679739887907, 
        2354.6530375712364, 
        2547.11707046208, 
        3099.7093847499923, 
        2513.022418762036, 
        1396.4934389725504, 
        2329.465246827014, 
        762.7914376244519, 
        2518.166527438539, 
        1459.55720972114, 
        1298.4416226584212, 
        1316.683846782998, 
        880.1653367690559, 
        2082.0598581513896, 
        2736.5937126352264, 
        799.2496679480473, 
        2891.752032368872, 
        2844.473897060992, 
        1529.554442031646, 
        1156.710862434622, 
        2696.7731402445215, 
        2000.234458041679, 
        1271.9834313392043, 
        409.5959232806449, 
        2376.3743218904433, 
        2781.9710205058386, 
        1971.3198585823025, 
        898.8167749725438, 
        1534.7548749921048, 
        310.13798159744135, 
        1116.4701304196306, 
        2622.76706251345, 
        692.5267259493309, 
        1977.800475258507, 
        2543.018609713113, 
        2786.107858412887, 
        2736.97368330705, 
        1972.453321326433, 
        1001.2602872204303, 
        2436.8223359582976, 
        2210.623519330458, 
        1252.5934801562958, 
        1841.909727424565, 
        2248.5960028155037, 
        1790.7714925138782, 
        2529.384402030126, 
        2814.2882134039005, 
        2134.143558836193, 
        2521.294897535824, 
        2767.4984471987286, 
        2634.596419187537, 
        2409.957456348312, 
        2277.973423358245, 
        2739.477562753349, 
        2256.9970722580956, 
        2147.4051687704105, 
        3139.546406197553, 
        2240.848679717914, 
        1427.886037092191, 
        1227.4990704719098, 
        3084.6471547914616, 
        1757.3685736960392, 
        955.6858473315322, 
        1304.305185596563, 
        3355.776960875499, 
        2534.826252522619, 
        1154.7928598265432, 
        2339.255048835282, 
        1815.7425931803105, 
        842.6693003163736, 
        2542.249492152403, 
        2499.9894553918866, 
        1854.4192107801932, 
        2443.8669869365453, 
        631.6477546782597, 
        2055.2692588267346, 
        2643.0502677889976, 
        2355.2913815054408, 
        1211.9336860781557, 
        2119.4303093528247, 
        187.36703030062873, 
        1743.6378158140449, 
        2376.7085217289336, 
        362.7692768005505, 
        1378.1876654738617, 
        2407.978347412126, 
        1565.5689221431792, 
        1665.800816725908, 
        1919.1154176179016, 
        3167.8689721510223, 
        2988.4595023799016, 
        1851.096739001813, 
        563.8295298778096, 
        2461.213240011155, 
        1921.0584612839764, 
        2441.283230389628, 
        856.8562916646521, 
        1939.5521764303817, 
        2103.2381907775107, 
        664.1252305466679, 
        2580.5514682917087, 
        2080.951116671397, 
        2463.6302410600224, 
        2444.828651711836, 
        2368.1066384939886, 
        1404.11802430647, 
        1846.6170329202066, 
        2279.1005917088482, 
        3046.1698356724364, 
        1109.0373591081616, 
        2768.096974754429, 
        1256.651493143051, 
        2615.6665334931677, 
        1925.2739254659596, 
        2551.504915907029, 
        2079.0869401874033, 
        2398.8326202473986, 
        1667.0002942423303, 
        2537.378824248464, 
        1617.9392775191232, 
        2173.597155244048, 
        1096.4261002465928, 
        1611.0761124941782, 
        1689.8720786509352, 
        2689.148871676181, 
        2367.1885682957472, 
        1592.7977708472004, 
        2309.617491333946, 
        932.6244887245068, 
        2510.349788340743, 
        2657.310083288474, 
        1682.3512188956872, 
        1618.3465240815774, 
        2369.731431324674, 
        646.2447825176025, 
        2448.7953122437893, 
        1135.7104433716224, 
        1727.9224029740615, 
        3094.0990135024495, 
        2058.245179621469, 
        2826.7100038219646, 
        2612.6539532360875, 
        2330.718940408801, 
        2085.4415176855696
    ],