{"center_point": [44.0224878, -92.4586301], "sample_points": [[44.030029254516364, 44.007405413906696, 44.02344859283062, 44.034973630150674, 44.02420431845158, 44.037504662334285, 44.0406474785315, 44.02688738195227, 44.02649337367908, 44.00112774258958, 44.01462985593316, 44.00013983114098, 44.04391608405512, 44.01722090154631, 44.03473042939576, 44.029949230482025, 44.027273908589976, 44.02778436754669, 44.025785774119505, 44.02584348426261, 44.02353475470643, 44.02093437498649, 44.04074778689283, 44.02653796838994, 44.03300757311772, 44.032926634490906, 44.043603336367696, 44.03380286440811, 44.02048195591611, 44.03249562884372, 44.034026999513046, 44.03317700877677, 44.03406801400789, 44.03373069810101, 44.002888092251666, 44.004219799201664, 44.03320493525048, 44.012188500762875, 44.008879917913475, 44.001123135234366, 44.01620659775098, 44.02493387906871, 44.03903460865051, 44.02925425593641, 44.0108817023053, 44.04031791443586, 44.026991034666, 44.00456357439706, 44.0326631866356, 44.01526438451886, 44.012457797950326, 44.04044997534704, 44.03321347764512, 44.01058400646181, 44.00784945367116, 44.00466648093143, 44.01300410248621, 44.00977314047195, 44.01871966192814, 44.03665941931222, 44.01590917488412, 44.03553391576776, 44.037223651967494, 44.03482656274896, 44.01569569428679, 44.02937380078239, 44.02940483067893, 44.01731256956729, 44.00503918101473, 44.03496387597227, 44.038125760178694, 44.00907424906938, 44.025595603927286, 44.005154321732725, 44.030159810645884, 44.02416050350349, 44.02335759467991, 44.03956148006417, 44.01062507921637, 44.02286611871369, 44.03271454290545, 44.02982259649293, 44.02222625801035, 44.04387696268392, 44.003570454641235, 44.01427118613097, 44.01004447423862, 44.00658892986418, 44.0152607123227, 44.032324537538656, 44.026945113723386, 44.00109672128283, 44.0086391190405, 44.02277054845224, 44.012532449058405, 44.040376587371554, 44.0181819847067, 44.03634460303585, 44.03370025185012, 44.037265216749205, 44.0433810145815, 44.0237775271782, 44.004264486412225, 44.04436174226123, 44.019034633526125, 44.004062216379914, 44.04072872327343, 44.025531451341024, 44.00918870382856, 44.00688854594384, 44.02492882620953, 44.01750946358006, 44.029511435260716, 44.021099182316725, 44.0375616704842, 44.018892528237174, 44.002980221405686, 44.03576436033026, 44.03435063274242, 44.04497459425403, 44.03243714128929, 44.006413832615856, 44.02482956625821, 44.03243352717805, 44.00707286766742, 44.0360374983157, 44.007069903187464, 44.013935325060984, 44.040237708911505, 44.04000373495007, 44.034227419153495, 44.00071148150642, 44.02290058926408, 44.00303542421328, 44.03807155685545, 44.03078737138652, 44.04355613914476, 44.02297886747424, 44.04476373452833, 44.02468738816826, 44.01441069975018, 44.014654274514335, 44.006087397404166, 44.03848237646493, 44.000687761990704, 44.0035544379745, 44.01425749295354, 44.03481481310647, 44.0353120609832, 44.01420491321179, 44.00863219885848, 44.00344588288247, 44.01030073408352, 44.02550844778188, 44.00465316183829, 44.03882176777494, 44.032901491237865, 44.008523679966714, 44.04111102334576, 44.03242807131818, 44.013585802280225, 44.017031039357256, 44.03784008644828, 44.00907704858293, 44.019238484806976, 44.00560704018315], [-92.4622197072038, -92.48867134848994, -92.43563467649867, -92.45281103551916, -92.46190013288272, -92.4619501883207, -92.47010177646852, -92.4782586410938, -92.42966416529897, -92.44010298888288, -92.47947194496867, -92.47896392175367, -92.47723588160736, -92.43331171569159, -92.46718338573183, -92.42814089947149, -92.46737054941553, -92.47715494792264, -92.48982629872694, -92.4818836904539, -92.46285637891467, -92.4799700524055, -92.4447565043583, -92.4741018022355, -92.4436532008583, -92.47716589938351, -92.43915804832726, -92.45276059444726, -92.47474621951301, -92.48733878237495, -92.43925616079746, -92.43134009389499, -92.44214095423185, -92.48461089264912, -92.47582803478255, -92.44511435105775, -92.48290316986294, -92.44342335872771, -92.44663355516863, -92.46734845721721, -92.43829161200193, -92.43229887284797, -92.48202399013918, -92.48911736317848, -92.46180399996578, -92.45945354063146, -92.48670326889476, -92.45855941944994, -92.46900016415405, -92.43304225045574, -92.44650304084008, -92.47519831412224, -92.4576102447936, -92.43442741824454, -92.47056015304679, -92.47416903319903, -92.44106270734294, -92.46380980268012, -92.44488790754555, -92.4718908729943, -92.46735147238893, -92.44034593742205, -92.48080697366892, -92.45950629448942, -92.46111687080449, -92.45268888117702, -92.44312364479542, -92.459419741923, -92.47588429204012, -92.42842609469771, -92.47164410250716, -92.45737200849415, -92.44492116402238, -92.43591794748774, -92.45788488182609, -92.46550146622882, -92.44431329202597, -92.45439326503329, -92.4391365861848, -92.4522595993162, -92.46289319568437, -92.43454521095603, -92.43767198210254, -92.4760064452384, -92.46590400279767, -92.45580833951679, -92.48902450032126, -92.46009662439279, -92.4489643210384, -92.43786823184344, -92.43652199408461, -92.44003063941119, -92.46541238086405, -92.45354754366122, -92.455638569097, -92.43793944948617, -92.47431158765669, -92.4520035848794, -92.4538617139414, -92.47267221714961, -92.47396827724884, -92.43676689757392, -92.48686885508857, -92.4504603079765, -92.46801494000819, -92.45494125303063, -92.449809375576, -92.4884307029013, -92.47084436663094, -92.4403689948741, -92.43539257144343, -92.45815245877671, -92.48228326889645, -92.44999791122704, -92.47393334146531, -92.43363879904358, -92.47262291652385, -92.43411748776313, -92.47692479458145, -92.48035630826665, -92.44830900801274, -92.48603393345803, -92.48583999277704, -92.45586522969538, -92.43377755638039, -92.48648252207286, -92.43285010657868, -92.48623992130476, -92.48858747870055, -92.44762599488033, -92.43374477383762, -92.43479302853731, -92.43587714308015, -92.47209039585469, -92.4275764760503, -92.47408659002151, -92.46139835148095, -92.42870747703492, -92.47865699438105, -92.45922715073331, -92.45458823133734, -92.44139666802026, -92.43978827816967, -92.44193599919156, -92.48128674477165, -92.43109566812115, -92.45346077051995, -92.45857657448322, -92.48183938870673, -92.452939334593, -92.43555765195568, -92.48266486881303, -92.45721924347598, -92.45076021134781, -92.42931469468265, -92.43079821033815, -92.47970992087228, -92.43170926668988, -92.47436219865436, -92.43476082084207, -92.46912535018393, -92.46131999569462, -92.44276545673357, -92.44113279388691, -92.47151430300487, -92.44480203832747]], "boundary": [[44.04502106340025, 44.04502106340025, 43.99995453659975, 43.99995453659975, 44.04502106340025], [-92.4898622511407, -92.42739794885928, -92.42739794885928, -92.4898622511407, -92.4898622511407]]}