{
    "boundary": [
        [
            44.04502106340025, 
            44.04502106340025, 
            43.99995453659975, 
            43.99995453659975, 
            44.04502106340025
        ], 
        [
            -92.4898622511407, 
            -92.42739794885928, 
            -92.42739794885928, 
            -92.4898622511407, 
            -92.4898622511407
        ]
    ], 
    "center_point": [
        44.0224878, 
        -92.4586301
    ], 
    "distances_to_center": [
        890.5251722943144, 
        1490.7631258747958, 
        2543.1687423034423, 
        2453.4043511508335, 
        1936.3658601753402, 
        1045.6262480324203, 
        2711.33099431109, 
        1593.1447079034456, 
        2909.0046693982313, 
        1981.0663070242567, 
        3423.1403802807567, 
        2529.4979701893767, 
        2430.7140206583204, 
        1749.6903265622352, 
        2215.4182234337745, 
        2827.4039902027216, 
        2330.6911507270584, 
        2026.241083368216, 
        2297.312164159856, 
        2390.837714556344, 
        2333.659933647487, 
        2501.2315157524276, 
        2490.6541213790233, 
        2460.7638162016838, 
        2146.1894572044903, 
        2566.6621470263185, 
        2179.288748645155, 
        2718.081686813717, 
        1566.86633419528, 
        1617.9363848526439, 
        2527.890221560053, 
        3029.4882721224935, 
        2278.2122946769523, 
        1507.1233648042285, 
        1663.4452047908776, 
        1516.8732469542765, 
        1928.159038540417, 
        2273.58394932873, 
        1581.0381568339014, 
        1887.272295617125, 
        1548.1684389786578, 
        3256.583632918365, 
        2005.1261096883359, 
        3358.3805669376984, 
        2266.0705750982893, 
        2055.8394085308105, 
        1204.867237006743, 
        1924.9730412731055, 
        1908.9438587524855, 
        1198.1922178182663, 
        2187.071564221703, 
        2174.7993575947303, 
        1935.6788808117594, 
        1507.393352717349, 
        1754.6127996537127, 
        2345.886924873824, 
        3057.595323825504, 
        2954.8579760028038, 
        1217.7457836049111, 
        1219.4427328352874, 
        892.2857836881407, 
        2309.511962220618, 
        1617.7094061844741, 
        2035.323957226598, 
        2547.7264967686483, 
        2273.2113492483013, 
        688.0407584942064, 
        2587.0222835610266, 
        2380.6107928821966, 
        1353.909178198694, 
        2474.437763537975, 
        1608.886086762041, 
        1888.4558278552222, 
        85.20249432477415, 
        2362.5235985685877, 
        1498.0896567781147, 
        2306.4928785065886, 
        2707.6181132867455, 
        1867.0821857214848, 
        1552.1819854607993, 
        1089.7602341545883, 
        2385.3739243793134, 
        2291.835767540675, 
        1712.0533404081282, 
        1239.3621270974122, 
        1965.8568826287976, 
        3007.6034747774142, 
        1010.6386847181801, 
        1861.4428822731606, 
        2617.8189960176114, 
        1633.9802337877327, 
        2489.438299013814, 
        1871.3831801194256, 
        2103.424238777881, 
        3061.013261436919, 
        1050.3094357071634, 
        1770.394859131265, 
        169.95991939773504, 
        2103.079289285195, 
        2481.4522066815166, 
        1949.6095393644491, 
        1920.4460979613684, 
        2289.5098649647794, 
        1744.0602651006054, 
        2310.581359481941, 
        2194.3446742369288, 
        1602.8166181837412, 
        2932.972932141285, 
        2065.4479510174615, 
        2314.179483859031, 
        2547.5766661859407, 
        1708.6794030735955, 
        863.9043643374416, 
        2761.128790484585, 
        785.0240830607293, 
        1041.9233163105032, 
        2805.696241969194, 
        1765.8371704232502, 
        687.8450997758763, 
        2495.839353778288, 
        2346.98920903825, 
        1604.8386447475991, 
        2891.8116443944386, 
        2537.7339412139254, 
        1358.8579065349033, 
        2360.337948978831, 
        1668.0723233764875, 
        1106.275551400892, 
        2057.63676063426, 
        2027.0403744191312, 
        1968.7268749366117, 
        2720.7958179876177, 
        2390.090961695045, 
        2583.894339222432, 
        2288.2180118243828, 
        2558.437720761152, 
        1078.2728300817332, 
        2363.701386393015, 
        2556.4685917398106, 
        1907.7412838378555, 
        2166.272882111253, 
        2893.3677532438005, 
        1956.85849316263, 
        2565.9506587918995, 
        570.3635023871946, 
        1839.677156287339, 
        2363.037614349902, 
        992.7344792598404, 
        2141.58880052258, 
        1452.9478786000568, 
        1474.8292918020622, 
        2173.3998903124384, 
        2139.7014535845315, 
        3127.2079122412883, 
        1814.794227813356, 
        2242.103432999248, 
        2286.2124584516446, 
        1288.869010551791, 
        2557.3476927095953, 
        1688.3312308755608, 
        1482.9289523126865, 
        2713.3223401632954, 
        1355.9877921733198, 
        1916.497959899022, 
        2758.7469611873835, 
        2043.5575836519595
    ],