{"center_point": [38.7802226, -84.9407285], "sample_points": [[38.76516271132334, 38.77763739173373, 38.80206746614938, 38.76303149180731, 38.801303123110664, 38.75852544252033, 38.77762092694718, 38.798151766573305, 38.799140926121666, 38.766609857997864, 38.78685578067897, 38.794204764576804, 38.76553070730138, 38.79833479433184, 38.790815825436646, 38.76065929833179, 38.770380219100915, 38.78340684176089, 38.786157051451255, 38.758222645665924, 38.788392482853574, 38.78855169280801, 38.79409760399898, 38.76843258241156, 38.77484806770151, 38.77699598984434, 38.77546235731697, 38.786220699455946, 38.79668213100917, 38.763702076277625, 38.76967348060942, 38.79926917582481, 38.767137088786235, 38.764414994833636, 38.79718559658047, 38.772076355462985, 38.793384369937144, 38.79400575492414, 38.77531385428345, 38.792141223835095, 38.77621973385593, 38.75928379324556, 38.77716809669621, 38.7808707506559, 38.80016719299643, 38.764508826559144, 38.79090937102555, 38.79774944402474, 38.79280579314506, 38.80218562403362, 38.78993365441927, 38.80114307536665, 38.7976516943804, 38.777691868340305, 38.772878510170074, 38.769662206645044, 38.76242782905611, 38.771794348052765, 38.760007169073546, 38.78974821450958, 38.77307515896257, 38.79323256608248, 38.7915260532301, 38.77415673778748, 38.80069752468614, 38.79954800706732, 38.76686800173194, 38.79138548028782, 38.78156440479717, 38.79946800326838, 38.7938890163578, 38.79367911890899, 38.78368677687831, 38.78732129247231, 38.773128212934935, 38.76080803822129, 38.80219498720322, 38.77765932576383, 38.763860132587745, 38.76720865746036, 38.79182193562032, 38.78096337596856, 38.76454232669806, 38.770938763512156, 38.78124268223052, 38.784570138266865, 38.75958901158138, 38.75773330381879, 38.7797488124293, 38.766381300959175, 38.786415477647836, 38.775824313765256, 38.80140866362701, 38.774305281701984, 38.78130457646253, 38.797273659752484, 38.77812101485415, 38.77284638323318, 38.771894489159656, 38.781064471035286, 38.793465145581614, 38.77842714907232, 38.776809331020594, 38.77150664819707, 38.798820942228815, 38.7964703959913, 38.80062050611585, 38.758401472770636, 38.76532466895498, 38.78542801520272, 38.76756056285486, 38.77897353036638, 38.80024687006231, 38.77424204406637, 38.79840206590453, 38.77775289496364, 38.76748194888537, 38.77870146650179, 38.774779837180915, 38.793852812074775, 38.790192047708864, 38.769579763461635, 38.79885303427417, 38.76748005005198, 38.78016904320273, 38.78163958631767, 38.800336824518624, 38.77886720807224, 38.78244043720721, 38.77541047583127, 38.79677222401616, 38.76793115991969, 38.786453207879696, 38.7871168871449, 38.79157825489257, 38.79356068095146, 38.79678948322566, 38.758140428871954, 38.758002090120165, 38.76433174996299, 38.789794533369516, 38.76813723785529, 38.79368838918596, 38.79759624371012, 38.764341449745636, 38.77338050535832, 38.79437824867983, 38.7952572070693, 38.801547324237845, 38.766025568616165, 38.79104791110272, 38.78082678235118, 38.7966248757112, 38.78761642708067, 38.772480438829426, 38.78832391660802, 38.784084918848606, 38.789403370193455, 38.76756805893832, 38.79845691230173, 38.779811532112696, 38.7807118560163, 38.78472024625395, 38.78928966495648, 38.7713461465295, 38.76433189207204], [-84.94725094620166, -84.94814307871269, -84.95052800156873, -84.91520577828881, -84.93552739984989, -84.9464651228867, -84.94764560908729, -84.91628991623543, -84.91883547525647, -84.935128069728, -84.94396436496866, -84.93066552251491, -84.91877161864107, -84.91849951016833, -84.91504612717152, -84.94078469436249, -84.9433207396094, -84.92201497758316, -84.94640484103992, -84.92615096000928, -84.91291423478688, -84.92329434400236, -84.96034935548016, -84.95211562167744, -84.95684143245072, -84.91583410208277, -84.9288365055433, -84.9561137846611, -84.95634144663418, -84.92690985638103, -84.95279327358057, -84.93622814283955, -84.9145824336543, -84.92658244646218, -84.9176098651282, -84.91513207762293, -84.91798393709881, -84.95755281639134, -84.914226975579, -84.94898970765263, -84.9250676947533, -84.95505959369733, -84.92651423725859, -84.96168133113662, -84.93534517339256, -84.95249253479413, -84.94861843485205, -84.91421477355466, -84.96137882629418, -84.96134928638125, -84.94825490836658, -84.96279070027609, -84.94292400101874, -84.92792359511185, -84.95653041153143, -84.95777304251138, -84.9570618973314, -84.91676028950471, -84.91753662210057, -84.96867772320681, -84.92690448288624, -84.9586669522658, -84.96848615986167, -84.92441499170324, -84.9513652039329, -84.96657983897623, -84.93242384674474, -84.96390166505572, -84.94479498109429, -84.94618590183003, -84.95068484173932, -84.91706364350068, -84.91906486702892, -84.93411467505308, -84.92186260850858, -84.93765475691117, -84.9322654063825, -84.95836901988228, -84.959585415321, -84.94678870864402, -84.94845151909156, -84.94477855348686, -84.95897405445551, -84.94571309901353, -84.95233758173164, -84.93540013068316, -84.93295751055673, -84.94856175048119, -84.91596583258317, -84.96057539353252, -84.95564855927371, -84.95326739697094, -84.91901124852181, -84.9236984918332, -84.94998712489097, -84.95347538580094, -84.93380003275767, -84.92520193682161, -84.93304136712266, -84.9674100031679, -84.94467913217156, -84.94837729065738, -84.95378134061673, -84.93842610622141, -84.9409842057625, -84.94558822395337, -84.92983045802076, -84.95649942822432, -84.93978862972564, -84.92100363375418, -84.93907163812926, -84.93593839483432, -84.93472958051655, -84.91470544761488, -84.95040141580387, -84.92027711590825, -84.95253653243195, -84.96322556443464, -84.95059468804769, -84.93904514964642, -84.96176274172429, -84.92329209803998, -84.93481994037315, -84.95542428850011, -84.9318963791365, -84.91833728468193, -84.95582482843173, -84.9281318801839, -84.95077204414433, -84.96045027241895, -84.96944919294444, -84.94034215342018, -84.96165911958991, -84.93305045354288, -84.93522864170528, -84.95270508970596, -84.93694103714542, -84.93440442890068, -84.96253454702732, -84.95398300994817, -84.95458619711373, -84.95583224368676, -84.93969566737296, -84.94899013051719, -84.9646928993981, -84.9308920166349, -84.94078451448344, -84.93472208784837, -84.95981602352772, -84.94224685034114, -84.9644377942569, -84.93189236228655, -84.92163640085295, -84.96525475831979, -84.9620129484521, -84.93860425821518, -84.94028055182707, -84.92490048457536, -84.93038391259024, -84.91445902338698, -84.95015334794918, -84.9182321274348, -84.92968320414036, -84.9504660175845, -84.94347447982844, -84.96737687898064]], "boundary": [[38.80275586340025, 38.80275586340025, 38.75768933659975, 38.75768933659975, 38.80275586340025], [-84.96953728852723, -84.91191971147278, -84.91191971147278, -84.96953728852723, -84.96953728852723]]}