{
    "boundary": [
        [
            38.80275586340025, 
            38.80275586340025, 
            38.75768933659975, 
            38.75768933659975, 
            38.80275586340025
        ], 
        [
            -84.96953728852723, 
            -84.91191971147278, 
            -84.91191971147278, 
            -84.96953728852723, 
            -84.96953728852723
        ]
    ], 
    "center_point": [
        38.7802226, 
        -84.9407285
    ], 
    "distances_to_center": [
        2688.4712566883527, 
        2242.8317292476763, 
        1268.6070701264518, 
        2046.8751662566444, 
        2163.978357704122, 
        980.878874573649, 
        858.453441658694, 
        920.5965136145765, 
        942.6841042270715, 
        3104.745827018412, 
        1934.1198707585, 
        2523.8820078866074, 
        2504.592101554932, 
        2330.4232777755788, 
        1675.9648203786442, 
        1654.0343566183374, 
        2434.272901909235, 
        2217.9774185432125, 
        2371.9047917422677, 
        570.922662262585, 
        977.2873950491345, 
        1716.2689351041267, 
        2363.3426741789735, 
        1501.000787568782, 
        1624.3878837121056, 
        2227.8458032369094, 
        642.215206755943, 
        1697.522053174661, 
        1832.8683022399466, 
        1785.6954101209142, 
        3121.2881506551, 
        2187.8240023157323, 
        2413.9037520064385, 
        2215.9975638035507, 
        2180.5581111561332, 
        2250.790167659985, 
        803.1206535569096, 
        1544.0161413752035, 
        2915.214377508072, 
        2360.6876370244763, 
        1542.8381695978892, 
        2042.7201438840657, 
        1165.558848983355, 
        1828.2716318159792, 
        1742.217742422098, 
        2404.110579828057, 
        1019.6624826577263, 
        1734.9069299428356, 
        2956.224270340033, 
        2890.0108468470776, 
        413.4112842124558, 
        2574.3859131433046, 
        2422.299840301957, 
        1991.001971485172, 
        2704.375142893593, 
        2528.0829630759163, 
        884.1755323071889, 
        162.52696093755713, 
        1458.637237033146, 
        1471.8857187911685, 
        2653.857590796468, 
        1108.8778135602392, 
        1327.7380732671083, 
        2512.611617132835, 
        951.4484188217119, 
        2044.7849044738505, 
        1788.781597266084, 
        310.28150428224495, 
        2091.38682436271, 
        2979.48994079998, 
        2615.446560314131, 
        1272.1796026222983, 
        2576.822987115339, 
        1717.8923730655538, 
        2673.9816471500158, 
        1072.0061277595353, 
        2021.0293330877246, 
        2199.466366848104, 
        1672.1849194197407, 
        1100.33702743649, 
        2755.301628202795, 
        2942.615432056625, 
        2699.8866525466374, 
        1510.867260965429, 
        1943.537285253213, 
        2303.7666238070346, 
        1868.2381497250874, 
        2351.4810112557802, 
        1066.2232684208611, 
        2419.373631276511, 
        2806.823591650609, 
        1609.7877918349823, 
        1963.3240060606472, 
        1804.0006582661963, 
        2613.280333806975, 
        2091.83740907948, 
        403.98179350278605, 
        1250.1945372033636, 
        2915.902381439441, 
        1960.9438187731103, 
        3186.088404507043, 
        2824.57597142127, 
        2316.925148214887, 
        1069.9462323243329, 
        1947.7235825762082, 
        2896.1176817088012, 
        2686.7366532668657, 
        2179.5166185567255, 
        2469.8720447372443, 
        2504.9098584752314, 
        2773.3898522436607, 
        2414.484866303871, 
        798.6392240092094, 
        2077.6799349968783, 
        1956.5059267693323, 
        1373.6386379216306, 
        2082.9581708082874, 
        1695.6822461127178, 
        1296.1581536501128, 
        1827.8024701001057, 
        2346.553104624697, 
        1945.8082561884244, 
        2180.9754688741627, 
        3121.9465873190875, 
        2591.177082897671, 
        1966.1219378301862, 
        1287.758193033466, 
        1991.7914925069608, 
        3198.2380680297542, 
        2043.391073608929, 
        2522.9588432088563, 
        2233.069884647026, 
        2189.617279275676, 
        1279.7521154137587, 
        2923.99590507745, 
        2561.755168959335, 
        2413.7077276090167, 
        2577.3567946104044, 
        1898.990031826386, 
        1718.8907767368219, 
        1921.6845104058966, 
        2057.332012781684, 
        2539.9249510122704, 
        1624.7418669133492, 
        1604.9813389226945, 
        2423.1504364336292, 
        1210.6931017926656, 
        1010.4773938600802, 
        2323.1463300618525, 
        1855.7025578949574, 
        2549.637060210248, 
        1226.919953166252, 
        1925.5521270809706, 
        703.909603609771, 
        2333.946171775457, 
        934.9332148964593, 
        2561.263289775871, 
        1987.5526297199792, 
        1348.5391938795522, 
        2194.455090855491, 
        1910.5960284317696, 
        2420.003093610538, 
        1461.6573782747346, 
        2441.474069405146, 
        2250.7566787536407, 
        2894.2325118806325
    ],