{
    "boundary": [
        [
            36.12216816340025, 
            36.12216816340025, 
            36.07710163659975, 
            36.07710163659975, 
            36.12216816340025
        ], 
        [
            -115.19915278861875, 
            -115.14356321138126, 
            -115.14356321138126, 
            -115.19915278861875, 
            -115.19915278861875
        ]
    ], 
    "center_point": [
        36.0996349, 
        -115.171358
    ], 
    "distances_to_center": [
        1829.7284584386257, 
        2788.3202169036763, 
        2007.7330209676218, 
        1280.2404267030947, 
        1153.7824898880713, 
        1114.7185420690516, 
        2998.6845000475487, 
        2424.433266358071, 
        3083.599851980782, 
        989.0194520253333, 
        992.8944800888954, 
        2841.2173157006914, 
        1135.0770349313743, 
        3228.734459227664, 
        2102.9854309272364, 
        1884.804866014373, 
        2622.1350172974285, 
        2106.0594439215, 
        534.5612460759871, 
        1674.5276026015663, 
        506.79293445657026, 
        2938.5538686284463, 
        2077.5307609574147, 
        2548.5076816347387, 
        2558.7212554766265, 
        2328.2372129640808, 
        1406.3696331121546, 
        2075.930601925139, 
        816.4818166855994, 
        2364.0337469859924, 
        1968.0336930857613, 
        2235.36601581754, 
        2191.49936590349, 
        1700.9565825200318, 
        1617.50417663843, 
        1398.4095815162061, 
        886.1866315997399, 
        973.0919644204378, 
        772.325819835238, 
        1817.3360296189562, 
        1680.1552544536987, 
        2886.22539206553, 
        373.27754549099257, 
        2380.0287115726237, 
        1669.8104842716652, 
        2553.460369268523, 
        1431.8198385331534, 
        1088.869282372761, 
        2558.596406099538, 
        494.638785296377, 
        1304.41827749057, 
        2921.0901727351957, 
        3225.6789150230625, 
        2558.781918346773, 
        3064.2230835731375, 
        1514.1755235925702, 
        2098.921268742103, 
        1403.1487985021847, 
        2647.5903856629197, 
        1961.8081532077006, 
        3326.152791481288, 
        2210.0184373687703, 
        2766.5135117631958, 
        2045.90925997993, 
        2232.659787078141, 
        1797.7203083860284, 
        2987.3541937791892, 
        2461.685181439861, 
        575.209941331725, 
        938.7877222606018, 
        1004.9210598330052, 
        1083.9566277220545, 
        2928.016630768038, 
        2369.1008398604304, 
        2644.20515585387, 
        2470.6631257624754, 
        2747.9648853733747, 
        2500.4663743979545, 
        937.3151822228679, 
        1886.5747855925765, 
        1180.676618868794, 
        1470.2766573356282, 
        3421.067576467215, 
        2135.3221123730254, 
        2727.732000142461, 
        177.73536310149996, 
        3058.6086719982604, 
        657.3469338248858, 
        2435.3524984054447, 
        708.0333780341223, 
        153.3805874359388, 
        2089.1579618593146, 
        1537.9406994860678, 
        1193.2820981058364, 
        1446.0446738758385, 
        2081.513495455339, 
        745.9989143938005, 
        2639.359043800718, 
        2475.719145495013, 
        1383.5124668747744, 
        1127.5911610273383, 
        898.1992846705919, 
        2727.060229062535, 
        2255.48498602528, 
        1816.4904183562398, 
        322.0521981377004, 
        1078.8566072958863, 
        1756.8220237300295, 
        1121.429102021327, 
        1636.7063011409232, 
        1770.8599731314878, 
        2667.7792806924017, 
        1481.6726707197613, 
        3389.38403706259, 
        2646.4034651434376, 
        2546.0861595567285, 
        2224.0633822373634, 
        2079.634628219442, 
        2377.4457823773137, 
        1686.4382961152055, 
        1329.5026295218222, 
        2824.6602873305965, 
        2831.194021975026, 
        1434.4299675656441, 
        2271.365529668022, 
        2047.1524813579958, 
        2800.8021287317065, 
        3154.914100694228, 
        2376.6648455162017, 
        1635.2683634592977, 
        2409.806733611155, 
        3166.322944948391, 
        867.4838239418225, 
        1742.6824311755308, 
        1755.726537289236, 
        2177.3619351199436, 
        2551.639734217525, 
        2639.399092963613, 
        2396.004114068218, 
        747.376910964495, 
        2036.1022187890444, 
        735.064419504468, 
        2787.9661488458246, 
        2742.3418154455594, 
        1929.1922515381455, 
        1246.672075497812, 
        1899.5535161884463, 
        2403.1852120528038, 
        174.4807311903323, 
        1855.7920138466611, 
        2528.107351192146, 
        2024.8137744957905, 
        427.27070464367455, 
        2313.8202009643096, 
        2584.1374771510227, 
        2726.523082757301, 
        2358.542737603267, 
        1175.6990010907848, 
        1496.0047736073823, 
        2276.151841560572, 
        2566.5312910851335, 
        2880.996518324146, 
        1335.6863045738946, 
        736.893761419147, 
        2481.671532671605, 
        2975.8264436050295
    ],