{"center_point": [36.0996349, -115.171358], "sample_points": [[36.097969068148046, 36.085184225612466, 36.11839613336723, 36.11681443534468, 36.103110240064154, 36.08927074375334, 36.101904275543525, 36.10441716889199, 36.10788492915732, 36.10513611374996, 36.10412255265337, 36.11067089738913, 36.07833912421169, 36.08937319722746, 36.08561350500401, 36.109099578539485, 36.120258942361374, 36.08682895603908, 36.104653849407605, 36.117455935464825, 36.093485529366944, 36.087609399167185, 36.10526991059825, 36.115630347255234, 36.10590784317905, 36.09350133543837, 36.093130861842845, 36.09073026719962, 36.109093669916305, 36.07717566692649, 36.115127180133506, 36.11371830423142, 36.08375220124241, 36.116107443019374, 36.10833576925579, 36.09604516961575, 36.10189527799771, 36.08702336493568, 36.1043534657792, 36.11841840017015, 36.09453329420835, 36.09251730442085, 36.11903046527339, 36.10747397879407, 36.0865067528358, 36.079424021013416, 36.11888299277304, 36.09472928261938, 36.08442921829928, 36.114234677271135, 36.084037758234786, 36.111539988317915, 36.10399230846385, 36.09088799715762, 36.093233098068644, 36.08417783136565, 36.08517185154227, 36.09208809689622, 36.11901091053585, 36.11874280236201, 36.084425855403346, 36.08438447165178, 36.08161621868548, 36.11979844807068, 36.078260129879936, 36.12033282359544, 36.10160944805497, 36.096396309891105, 36.1052215670682, 36.09223378447324, 36.107114766549216, 36.110493627132804, 36.08300167738513, 36.09047886420651, 36.092008759851204, 36.08674879679886, 36.11933603709721, 36.09366581174648, 36.11566476955575, 36.09278556372059, 36.096440688182454, 36.11016615682553, 36.09714749621407, 36.12162618814448, 36.10058234045442, 36.121855946571635, 36.105933256264706, 36.09034893586282, 36.07728355833141, 36.10103464000209, 36.10271932330271, 36.10941276911172, 36.11453272462553, 36.10171062544075, 36.08138364536126, 36.10146757223185, 36.09118048636554, 36.10196649503577, 36.10930950490808, 36.119724500705814, 36.099746092806775, 36.101522225189896, 36.10296660385697, 36.10067637649767, 36.11319310851132, 36.10096933967208, 36.09957997292971, 36.1076989575791, 36.121411509745606, 36.1049099878842, 36.08450096664462, 36.07775426729428, 36.117649845523054, 36.08301859541279, 36.109670991816984, 36.09304550889745, 36.078494211606426, 36.08415960887767, 36.08220180628497, 36.11469491898477, 36.11385824111787, 36.08766477580956, 36.095385903187456, 36.08741680479616, 36.094454615576154, 36.085514164325346, 36.09686227450204, 36.08821790965979, 36.08125140955123, 36.11647852669361, 36.08123872500455, 36.09079574654784, 36.11162567772254, 36.111925960607444, 36.07955097106817, 36.100681285016734, 36.08944071916467, 36.09834431843601, 36.11022001239305, 36.112946322189295, 36.090075736900005, 36.08441100892302, 36.11875412875286, 36.07869766819527, 36.095488945566764, 36.080266923238916, 36.07973662282157, 36.10925019626053, 36.093201995375594, 36.10630650747498, 36.12127550798123, 36.097640476718276, 36.10487730139214, 36.09490007721726, 36.088349780084165, 36.0802239302936, 36.1094850125073, 36.102931902186924, 36.10039056840283, 36.07951903605788, 36.10714814869147, 36.121536756314846, 36.11153462951905, 36.09085358191955, 36.080749612231735, 36.115226645573266], [-115.18675180057343, -115.18565253655939, -115.15122460173373, -115.15636587596842, -115.16590377566777, -115.16328792407685, -115.16056342914527, -115.1666459681109, -115.14561044938515, -115.16091712872593, -115.15194047329861, -115.1649772652891, -115.18111927605818, -115.16619713551557, -115.16658282328314, -115.1555055853165, -115.18692872645575, -115.19711736442565, -115.1977448367024, -115.14486073131452, -115.1753520063566, -115.17711416866229, -115.19152063042928, -115.18752525509801, -115.18914108908982, -115.16493305818246, -115.18537374425959, -115.15711071781224, -115.17026814093423, -115.16240054538339, -115.15788910820795, -115.16198634711228, -115.17305881696419, -115.19684362250673, -115.15492714016743, -115.19779086868802, -115.17381224346191, -115.15706975926365, -115.17803134026798, -115.14412258815307, -115.1921667081651, -115.18935060381203, -115.17987516666119, -115.1563651051283, -115.17533174128279, -115.18653669595469, -115.18831265755567, -115.17410577558651, -115.1977893302759, -115.15800119359739, -115.19683664567337, -115.16707177094493, -115.17126735750527, -115.15883461720976, -115.15142708161292, -115.16541987674786, -115.15815282716765, -115.16993721190943, -115.14746245824593, -115.16755822687738, -115.17250022426144, -115.16645454165196, -115.18403623076814, -115.15961728039258, -115.17768253744133, -115.19388724257311, -115.19127557570121, -115.16894127625129, -115.18313594285165, -115.1969565147519, -115.15281414619011, -115.18694199391342, -115.14630602482617, -115.1643727709025, -115.19159825014034, -115.14557578892291, -115.18284825348181, -115.16599282824133, -115.19379064254714, -115.171364805343, -115.16366688013606, -115.16040820785868, -115.18308456078093, -115.18307885783274, -115.17779872470071, -115.18130972690324, -115.14522123363558, -115.17759631056798, -115.16579502690072, -115.18588610744676, -115.16163282865723, -115.17836756536545, -115.16323306937899, -115.19650718924728, -115.18373267353547, -115.19358575422194, -115.1786882865128, -115.17851189223035, -115.15120112130371, -115.17752748649339, -115.16256466541105, -115.16034326094068, -115.19790996306627, -115.15657529456124, -115.17098815004586, -115.15556741402018, -115.15624942935942, -115.16198925934025, -115.14739336438033, -115.18821773222909, -115.17597265869844, -115.16829295243892, -115.16775059888904, -115.148008014595, -115.15233665699381, -115.16277601295421, -115.14421805127986, -115.19441463836202, -115.18967714149875, -115.19876078854081, -115.15533470111237, -115.18193479629596, -115.16172187539637, -115.16564185894472, -115.15006314160898, -115.17032442655545, -115.17746925022544, -115.15668393362473, -115.14656317835494, -115.18886586090098, -115.16463115993176, -115.18612841622067, -115.1755072143278, -115.19880205333143, -115.19656212737395, -115.17191844186387, -115.15080805786816, -115.15678392431975, -115.17818374140587, -115.17969770379882, -115.17973062974814, -115.18790465588089, -115.15720458070477, -115.1796148405742, -115.1592800898296, -115.18994604736304, -115.14393155785748, -115.17589118431718, -115.17668562467529, -115.16078109771476, -115.17780994614573, -115.16820300449699, -115.18728261538814, -115.17964985990935, -115.19180503223997, -115.18916884863316, -115.18285699717605, -115.14970049705029, -115.16735360052985, -115.16291737148315, -115.1812181121315, -115.15649431423768, -115.19139576697533, -115.18557858732397, -115.16802292127896, -115.17675252630998]], "boundary": [[36.12216816340025, 36.12216816340025, 36.07710163659975, 36.07710163659975, 36.12216816340025], [-115.19915278861875, -115.14356321138126, -115.14356321138126, -115.19915278861875, -115.19915278861875]]}