{"center_point": [36.0996349, -115.171358], "sample_points": [[36.089778905804955, -115.15985858048602], [36.09946921393109, -115.15444012533992], [36.11749458593155, -115.19088688411577], [36.07851210877598, -115.17069294982545], [36.09072498885353, -115.17599107174085], [36.11602887945687, -115.1656899681512], [36.115092662747315, -115.19647197461909], [36.086381446297864, -115.19770268593597], [36.11795522335679, -115.19279479377262], [36.08279229659709, -115.14365506479714], [36.11324164898584, -115.1673468115309], [36.07821294805331, -115.19542301383848], [36.095273194207635, -115.14569594555084], [36.11621173290639, -115.16690894977978], [36.1118161636722, -115.18450814924664], [36.10894588968292, -115.170395322225], [36.10602513720831, -115.19424668053932], [36.099491904754395, -115.17386458255545], [36.080972979731854, -115.15535291259133], [36.08968234701871, -115.1652758734614], [36.095891900825734, -115.17305680437985], [36.10486142471381, -115.15243848885075], [36.100841086741305, -115.1941586754164], [36.11993045591048, -115.1446673717286], [36.10152112618958, -115.17518923090184], [36.077194290077685, -115.19444613678726], [36.086529353071654, -115.17674687110006], [36.09699719564577, -115.16162712522964], [36.0794600962306, -115.197470903115], [36.08722148638302, -115.18181149620433], [36.095597772241085, -115.16210716328676], [36.084651194240905, -115.19632944390506], [36.07899645503879, -115.1766983938311], [36.09503081629748, -115.19312550509136], [36.09092049887504, -115.15561560133932], [36.11284701306045, -115.19661378267605], [36.09599585924019, -115.18794107846145], [36.10211539403372, -115.15755733453315], [36.09278742690945, -115.19125418845493], [36.10059201214745, -115.14587265978945], [36.10782513585468, -115.18233951568276], [36.109601884092164, -115.17460052940878], [36.07941026981657, -115.1926887448102], [36.0901691063027, -115.17780328322287], [36.07955547585756, -115.18789806817823], [36.103083745704346, -115.17541598254633], [36.09424233801249, -115.16092970447586], [36.11777293786268, -115.19326245415985], [36.08270870236408, -115.17631612768035], [36.1162878491342, -115.19268524194825], [36.11759203726697, -115.1531528817753], [36.09453385984935, -115.15213585711939], [36.104598089389235, -115.18056093007867], [36.12053654154888, -115.17541429444151], [36.12190123809169, -115.19905069407123], [36.08208632239032, -115.18626843316638], [36.12156883047644, -115.16408169794958], [36.121687980987865, -115.1870317713223], [36.090834328259874, -115.18168884402598], [36.11732474358663, -115.14850304490902], [36.08438020363526, -115.16663846147117], [36.08074460291271, -115.16214905056965], [36.07910274465736, -115.16039995358359], [36.0968557506253, -115.16189323198405], [36.07889137930751, -115.17099809536684], [36.09089355901268, -115.15579499367108], [36.10717455834831, -115.15215326220334], [36.09366517365722, -115.1649557618985], [36.09720640156104, -115.17731645400107], [36.12159058207076, -115.15796532392379], [36.084930456012586, -115.19701779219321], [36.10132994565882, -115.14901721462559], [36.11994263021529, -115.14776386335592], [36.114548701150156, -115.1713969673954], [36.10275116117255, -115.16524235977631], [36.10254221942151, -115.15749432231227], [36.11229100123972, -115.18188128812947], [36.1001803489724, -115.16800233412745], [36.11516170829979, -115.15166983134829], [36.109969573930755, -115.17362614496881], [36.08207060863022, -115.14836366715448], [36.087476045098065, -115.16964765372781], [36.09718799926417, -115.15241641125957], [36.11719262406031, -115.16781935655037], [36.07786505698916, -115.17284791532566], [36.1212771270803, -115.1559651389286], [36.102716568177755, -115.18726762679701], [36.09294077450643, -115.16044989916726], [36.08611836958584, -115.16882154986048], [36.11846623895513, -115.1466840808415], [36.12035667209608, -115.1600576151494], [36.09442457901232, -115.17441489919732], [36.12193771611385, -115.17387527188562], [36.09408445917707, -115.15002836953185], [36.08156933051647, -115.17391192736018], [36.08443524389954, -115.16095352555939], [36.10085548758448, -115.16022112956999], [36.086353042191256, -115.15530735860453], [36.10126046621114, -115.17674898027843], [36.121354824274995, -115.1837234856996], [36.120708955816184, -115.16753348078932], [36.1171915369492, -115.18292462035714], [36.085867565442925, -115.16495741569008], [36.08809937159552, -115.17075454690584], [36.08855404443969, -115.15434109132924], [36.1050104366672, -115.14464742017353], [36.11044474519911, -115.17729638987693], [36.1200867607651, -115.15807218189643], [36.100371397050026, -115.15194239580889], [36.11026399008951, -115.17516819897959], [36.116988682611385, -115.18200297727333], [36.08788251528466, -115.17078693650231], [36.115336987999385, -115.16890606741688], [36.097663261568655, -115.18175761467253], [36.11910067849438, -115.14807888118196], [36.10065590646501, -115.18583415560849], [36.091738819519556, -115.18811756094986], [36.10965008290641, -115.1592655035802], [36.10946170090722, -115.16033642259431], [36.08041233479418, -115.17124846661221], [36.100620472446195, -115.1975399250854], [36.08732398866882, -115.19664024172873], [36.114719813066195, -115.15474467033576], [36.10003571969581, -115.15529871660495], [36.104229280563715, -115.16630606008992], [36.10707481539592, -115.14426646379565], [36.10525673381316, -115.15917455207064], [36.119895922320765, -115.19144388657136], [36.10826533653388, -115.15286168317348], [36.10970474103129, -115.16998184604195], [36.08603202528258, -115.19298054145742], [36.09622873524662, -115.16476830608984], [36.0830139665293, -115.17892271294903], [36.10026589719899, -115.153158592148], [36.09533812797201, -115.18223267329296], [36.110783854304444, -115.17337740479901], [36.110981845051434, -115.14730563318302], [36.081953659970544, -115.15743480537333], [36.10188404055209, -115.15602234301674], [36.083296903967984, -115.17584263755786], [36.094007893709254, -115.17803907220973], [36.103359390215836, -115.19289112188206], [36.08025072804567, -115.16893589793824], [36.078065907130494, -115.19061214252524], [36.112883253426524, -115.14438825038025], [36.08903994172163, -115.16109272111066], [36.07872745085172, -115.18927504591342], [36.07788242667139, -115.15093217207982], [36.08566095401832, -115.16883377150971], [36.08272803133339, -115.16077933447117], [36.09170490783788, -115.1708174454017], [36.08711704840701, -115.15053463087834], [36.097066208224575, -115.14691100371284], [36.117956324247245, -115.17485926928661], [36.082959987466715, -115.1959340497167], [36.09763794881362, -115.18581910289275], [36.1011950966633, -115.19559939806223], [36.11729797828505, -115.19277875644862], [36.107951016851295, -115.1480390736342], [36.10808801173208, -115.17505761801681], [36.11242877069479, -115.14915371809887], [36.0989984527167, -115.18567670855795], [36.12041822803925, -115.15821382832802], [36.07999681362601, -115.15863023765945], [36.10433549333054, -115.1962860580805], [36.0919898227938, -115.1552873569667]], "boundary": [[36.12216816340025, 36.12216816340025, 36.07710163659975, 36.07710163659975, 36.12216816340025], [-115.19915278861875, -115.14356321138126, -115.14356321138126, -115.19915278861875, -115.19915278861875]],