{"center_point": [41.880875, -87.631752], "sample_points": [[41.87588316805031, 41.87535515645765, 41.86618250197818, 41.88578466843557, 41.873686907415056, 41.88440039584413, 41.89689657447308, 41.88551388046902, 41.85844794208804, 41.88364949604309, 41.89995103858685, 41.8996387277049, 41.878767212652804, 41.884503352542296, 41.862422020448605, 41.88959117917311, 41.878788586065546, 41.8964430287682, 41.89832823217932, 41.89426334830033, 41.89298728654789, 41.90143417528038, 41.85852825296812, 41.87307863204688, 41.8811021577407, 41.866449425263795, 41.892983627179326, 41.8602706076767, 41.86334681696004, 41.89499618245499, 41.86015354257644, 41.88203233067719, 41.88490348546486, 41.868731607736905, 41.89291745602281, 41.903022802320386, 41.86196020194625, 41.88102059935078, 41.89641622330388, 41.865160931570074, 41.887504521495764, 41.8917439825658, 41.88401223223513, 41.866391114476905, 41.86181267148152, 41.90260093893, 41.87910079010141, 41.86500419778797, 41.88184443684419, 41.86257718472354, 41.86091626885432, 41.87408922759321, 41.87548746434323, 41.858991908231914, 41.89034065337072, 41.87431052573073, 41.87090470223319, 41.872090318287285, 41.866767980855094, 41.85957073321061, 41.86278090625166, 41.89666814107111, 41.89918985759166, 41.88193546627057, 41.90087754274905, 41.87710082004748, 41.88997137071924, 41.893330071435486, 41.87401205868052, 41.892849105121016, 41.86080423080776, 41.881512218764186, 41.88828117326912, 41.89230641655987, 41.89365550413491, 41.866192009371204, 41.86385899491206, 41.875429610226746, 41.90289126835112, 41.90150861215201, 41.86341209407804, 41.87518665156331, 41.8889567893991, 41.86921107309302, 41.874341285636646, 41.90192838856858, 41.872318272629016, 41.86711765709309, 41.898103044820836, 41.871188578867, 41.87455252164444, 41.894616009946546, 41.86624827915786, 41.88883131324986, 41.87463141680253, 41.872258343646855, 41.86060979410074, 41.89390642033289, 41.883529427563495, 41.858637081706505, 41.90308596406172, 41.89030884128295, 41.887953691908265, 41.87630343188175, 41.88972667015684, 41.89749005794521, 41.894554997309434, 41.900993472182634, 41.86739165490797, 41.87687735500956, 41.87495337395173, 41.874907116589256, 41.88417045606252, 41.896624213882546, 41.87180926538848, 41.8941950603916, 41.87147123597153, 41.87985616026996, 41.893989059939116, 41.89668526889172, 41.8628144823129, 41.8934485148605, 41.89938172280691, 41.860308838538025, 41.88335460483011, 41.900369130331434, 41.87142222842431, 41.86149798928152, 41.89266923558043, 41.87404020222217, 41.861184152787644, 41.89152118065763, 41.86612007324859, 41.86885517278069, 41.90228734643143, 41.882393078117104, 41.8779301433043, 41.8589828715308, 41.89457567299722, 41.878967879189645, 41.87243416071402, 41.88377556536238, 41.87516281712957, 41.898978464973446, 41.860068698458996, 41.86323166715707, 41.86053311077533, 41.88723079814181, 41.890154326700156, 41.89918997282435, 41.897752860131085, 41.87338046595166, 41.86646655545262, 41.889220917504474, 41.88407525161122, 41.875487627119696, 41.8636793328234, 41.88046707150526, 41.887315145339805, 41.862917958412176, 41.88559274599562, 41.90081332156706, 41.88428145598669, 41.897029291078745, 41.8693423868085, 41.8923018964151], [-87.61082236447058, -87.65367128903432, -87.6295463224364, -87.6042292262151, -87.64306067517128, -87.64879950690832, -87.64387293992905, -87.63598995924771, -87.6043331820032, -87.60725541476755, -87.63734314785444, -87.60490478852581, -87.62004918196816, -87.61295527936784, -87.60562699566775, -87.64684433843995, -87.65570610798646, -87.6492177399563, -87.61294620289232, -87.65695347324606, -87.64418766271848, -87.61162765320265, -87.66170588544098, -87.60284962770544, -87.61864542099242, -87.64456617358819, -87.64799315250328, -87.6077649809192, -87.63695559289984, -87.65378673785105, -87.61370055667842, -87.62681076418225, -87.61160179703117, -87.62581237969786, -87.64505821928607, -87.62435483636283, -87.65119626797605, -87.62993920228047, -87.64414570588356, -87.60859152163947, -87.63348353076181, -87.63910841936199, -87.64419868959666, -87.61553588588156, -87.64149217374631, -87.62589650526655, -87.63569474273875, -87.61645578380143, -87.6253075307582, -87.64219373012352, -87.61882541060648, -87.62198487384178, -87.6571467879515, -87.65553377602244, -87.64742253489298, -87.64373409485084, -87.6189594262998, -87.6233513506184, -87.65022103914642, -87.63613884895166, -87.62330147102746, -87.63398592101272, -87.61542120621465, -87.62030306430134, -87.60564359833627, -87.65640113097061, -87.62734143664696, -87.60532076335754, -87.62096193312479, -87.61450957007278, -87.62569184520464, -87.65885426501612, -87.60557439767541, -87.65891794603095, -87.64402924038713, -87.6249970531767, -87.61334823315507, -87.62412428752504, -87.65121757235015, -87.64098251327839, -87.6314311408341, -87.64034706575077, -87.64263287947435, -87.60830783325827, -87.60455350014242, -87.63125173606352, -87.6241616485823, -87.61485954417739, -87.60179624663161, -87.61709439353855, -87.6577168193623, -87.6313600403143, -87.65340588793161, -87.63410808453241, -87.62472514519249, -87.61340219583161, -87.62240919368271, -87.60246224619785, -87.62448645706465, -87.64741826067302, -87.6181344919162, -87.6122856987243, -87.60348908179833, -87.60730869216844, -87.65663637786638, -87.61102163195106, -87.63734271256276, -87.60807636766485, -87.61729438813641, -87.62835543000313, -87.60400805865244, -87.6032754640916, -87.60901313645834, -87.66055306106286, -87.62017379593871, -87.6050406744834, -87.64488321519191, -87.61189349870506, -87.62500145596672, -87.62539044308483, -87.62834847408783, -87.65068608307234, -87.61950416874622, -87.61761399179736, -87.60503471271556, -87.61476663484983, -87.61432348255705, -87.64856385736137, -87.65387659568798, -87.62571118686704, -87.64814453933906, -87.62491633416047, -87.65960905346182, -87.6163225279376, -87.61370883076604, -87.65079344765691, -87.61218071438145, -87.63396192596981, -87.62379489805822, -87.6498541670047, -87.65225071410607, -87.65073409156004, -87.62339207380342, -87.6182887380444, -87.6522532944825, -87.63966815470168, -87.6607960237896, -87.64914975269956, -87.60543080067438, -87.61143589532605, -87.60506612708677, -87.60464391512846, -87.64355337369847, -87.65168627871125, -87.64826070735027, -87.64028846519189, -87.61130534955677, -87.63382836897384, -87.61131713550911, -87.62032595958794, -87.60647522670018, -87.61763602515593, -87.65427243413983, -87.65134942879685, -87.63172863290545, -87.64027376195222]], "boundary": [[41.90340826340025, 41.90340826340025, 41.858341736599755, 41.858341736599755, 41.90340826340025], [-87.66191583350096, -87.60158816649906, -87.60158816649906, -87.66191583350096, -87.66191583350096]]}