{"center_point": [41.880875, -87.631752], "sample_points": [[41.86392139240665, -87.63931738687778], [41.89808597522398, -87.64870288490178], [41.873611999130155, -87.64662994097661], [41.87361230798623, -87.64337385154474], [41.893378537652595, -87.61436096807995], [41.871560214746125, -87.6326413472045], [41.90340485163771, -87.60917203880915], [41.88995584066208, -87.61588674848021], [41.86023202264582, -87.64473594825229], [41.868249843000875, -87.65805285704538], [41.88110218781643, -87.60635268189722], [41.873196950845966, -87.65437152374137], [41.881281781214156, -87.64763640354475], [41.881988859504574, -87.66008992441223], [41.87869314489607, -87.63502711500428], [41.8635052059647, -87.62876670686101], [41.860253731361084, -87.64626398109284], [41.8652822775977, -87.64548986186101], [41.87130789128611, -87.65942221066506], [41.8637444696593, -87.62203748831602], [41.86319389672371, -87.62227303648919], [41.88673831542872, -87.6380289570899], [41.870963571944394, -87.61183546551125], [41.87365076224229, -87.61863258498427], [41.87316242731227, -87.62290027768823], [41.87283526408718, -87.61681707287337], [41.867951576762536, -87.64805594565097], [41.86083286265927, -87.63274751585016], [41.8745874773398, -87.64998299845088], [41.867951694520656, -87.63433995288987], [41.89864145461908, -87.65207593184638], [41.8625415878338, -87.65146103677516], [41.88476193003533, -87.60995442361342], [41.874409928066406, -87.64708454437452], [41.89477881968434, -87.65025901557844], [41.8759601896161, -87.6540528130839], [41.8638597582172, -87.62804048047201], [41.87595930028754, -87.64901598479123], [41.899373956150235, -87.6574216047323], [41.86775458601903, -87.61772691155795], [41.870343297504895, -87.64642572354735], [41.90248615273832, -87.60728157584714], [41.901486532503995, -87.61003230780811], [41.85881752962374, -87.65465028939803], [41.880985221535695, -87.6348245983205], [41.8806716995983, -87.6308479226842], [41.88043114228977, -87.62551786860928], [41.87118095908283, -87.60694931181875], [41.88202622819893, -87.62321336342723], [41.8656436116789, -87.62141339861638], [41.88207120562846, -87.61173055240488], [41.86063165665856, -87.65171264984151], [41.874745889309466, -87.60257710191591], [41.86216106567536, -87.61346811016097], [41.880981051031455, -87.6360072623853], [41.86839414355226, -87.61605974576298], [41.89340541449957, -87.60566959541482], [41.88611817169308, -87.62795939262736], [41.902529035615466, -87.6191720290282], [41.87451686589889, -87.65267741593566], [41.86051446899487, -87.61569679896374], [41.86720621942223, -87.64634042976321], [41.890361575041084, -87.64089833736548], [41.88930991882416, -87.61181781573073], [41.87722339508271, -87.64342993680695], [41.87076644868336, -87.62220703235887], [41.88367026338384, -87.65607164171098], [41.861161069958264, -87.65243585601733], [41.88350694430393, -87.61757163610325], [41.890151687910105, -87.62791109315255], [41.891706249135304, -87.61243893288297], [41.891735291613635, -87.61554327608167], [41.887256863481184, -87.61721412836769], [41.903035969003795, -87.61638631440518], [41.89250654022078, -87.61470970908742], [41.87376110577338, -87.63302625237247], [41.8838516171816, -87.62309018295859], [41.8933848214274, -87.66053627572006], [41.89038817311229, -87.64357053126876], [41.89928966571192, -87.61346290411836], [41.879627150310384, -87.62697851892479], [41.87375365977312, -87.62896930219256], [41.87122844670723, -87.64888370025157], [41.88750959785412, -87.62463855259774], [41.89280500478146, -87.61344178697608], [41.87281460006376, -87.62243794116486], [41.8812224823425, -87.65816043834052], [41.89093067689956, -87.62548943736637], [41.85835347193567, -87.61656387511447], [41.892181385090645, -87.60410507487397], [41.898932936815825, -87.64584158841676], [41.86364021658468, -87.63087922196398], [41.870337085212114, -87.6416734089422], [41.89739824552236, -87.6438834756145], [41.86167893376772, -87.64934037851292], [41.87397080555601, -87.60781148169553], [41.884290713263766, -87.64399177840943], [41.86417366006197, -87.64964361638091], [41.895721993671756, -87.60610263857811], [41.885539766114135, -87.65517929845441], [41.895937671549, -87.64115688168906], [41.87199907454632, -87.65815273622056], [41.89783582086725, -87.6444376030038], [41.8596544919701, -87.63975874692701], [41.87053416846564, -87.6150351119153], [41.867159607743304, -87.65557476672525], [41.88631155088022, -87.66072125645479], [41.87203305249062, -87.6161596459486], [41.88908745980786, -87.65672049218327], [41.883209809503384, -87.63932654246173], [41.90325311353866, -87.64779076886444], [41.89111701027333, -87.60962863181709], [41.892572714257874, -87.66168879999285], [41.87408847972678, -87.62068030362748], [41.89317677288541, -87.63848150070082], [41.883307055917804, -87.63522861285237], [41.86730189589621, -87.60482693490975], [41.90122479179981, -87.6354405030638], [41.90014721913839, -87.6320589758232], [41.88534621615166, -87.63593725165784], [41.88918562698272, -87.6554228660691], [41.86856897882754, -87.63247893488995], [41.901506516707684, -87.64642646881589], [41.86574603727958, -87.64136115406012], [41.859739479207846, -87.60673088866064], [41.86120919165644, -87.60716642568117], [41.8872321568221, -87.61570902219738], [41.86344894157421, -87.65168054280117], [41.890716040401884, -87.65946339007341], [41.887519090092425, -87.61974490670423], [41.865853074305605, -87.6297386383714], [41.86799183172051, -87.65163388053676], [41.87496444719352, -87.64300984071566], [41.87240883861401, -87.64782776527908], [41.88819325445097, -87.65118159413075], [41.88899039906166, -87.65200360514908], [41.88743702874748, -87.60507935583227], [41.87775058492558, -87.62085398885327], [41.88399776615047, -87.63725183109068], [41.87455105104545, -87.63248809128999], [41.873722389611046, -87.62771602805707], [41.88826694256354, -87.63018748482807], [41.86524569430559, -87.64783407347744], [41.89951771963311, -87.65296026299697], [41.87016000789334, -87.60954872816916], [41.883675022871884, -87.61468240603027], [41.8861620738338, -87.62307862528786], [41.87008307968747, -87.6099749818153], [41.8788250852597, -87.61513404773505], [41.87605990545491, -87.64356202602002], [41.89923141934893, -87.63701880425972], [41.88562361063655, -87.6533939443716], [41.87784857805584, -87.62444719786606], [41.86651151994683, -87.61146031978093], [41.872216066662816, -87.60735837173287], [41.89022522166076, -87.60774275030964], [41.86169648358159, -87.65265901799395], [41.88954161697643, -87.60302845365358], [41.8693504041449, -87.61555634268625], [41.86712841650085, -87.61887659941499], [41.881639711933246, -87.62978859301197], [41.885705981039145, -87.65619415120854], [41.88294436230603, -87.60608077391856], [41.90199435556213, -87.6204625664897], [41.877653505903886, -87.63632376532702], [41.89140882013504, -87.64931662771896]], "boundary": [[41.90340826340025, 41.90340826340025, 41.858341736599755, 41.858341736599755, 41.90340826340025], [-87.66191583350096, -87.60158816649906, -87.60158816649906, -87.66191583350096, -87.66191583350096]],