{
    "boundary": [
        [
            41.90340826340025, 
            41.90340826340025, 
            41.858341736599755, 
            41.858341736599755, 
            41.90340826340025
        ], 
        [
            -87.66191583350096, 
            -87.60158816649906, 
            -87.60158816649906, 
            -87.66191583350096, 
            -87.66191583350096
        ]
    ], 
    "center_point": [
        41.880875, 
        -87.631752
    ], 
    "distances_to_center": [
        1286.5873108717592, 
        2736.2607727821805, 
        1314.2243921298175, 
        1907.7181099106003, 
        1028.4709806648748, 
        2234.1288442898667, 
        2124.9661738248546, 
        1917.810431039774, 
        2035.114993145113, 
        2503.627864787466, 
        2276.811214553073, 
        1876.1082840452004, 
        2458.2069975209465, 
        1400.2892521373592, 
        1725.1144020393424, 
        1144.5119131346692, 
        1852.2490139316276, 
        2891.979616373603, 
        1760.2665264546674, 
        2596.976391859717, 
        1578.7746512062897, 
        1354.772254938436, 
        280.724776268773, 
        2794.214843088063, 
        3245.022122075361, 
        1290.8255177029555, 
        1255.343654892906, 
        3501.850759061718, 
        2926.6132856349195, 
        2698.987893429795, 
        2067.32655370293, 
        2761.8235247026364, 
        2278.139683481257, 
        2091.1302853384063, 
        2304.5252976311804, 
        2579.1223900307323, 
        1250.0397400911552, 
        2157.2882609369226, 
        1436.3364802116355, 
        835.5800476954815, 
        3204.3481678023168, 
        1268.119803234456, 
        1719.3360611728574, 
        1699.277282302196, 
        2242.4804338815666, 
        1939.2014395794517, 
        2531.884413739935, 
        1803.121778218652, 
        1984.6018624170206, 
        2865.2618593684624, 
        2756.6138353375472, 
        1664.9808989922715, 
        938.2217781368821, 
        2084.5824679154134, 
        2104.901600442056, 
        1066.4784537882567, 
        2767.58283362567, 
        1131.7176247683885, 
        2195.9897849191143, 
        2433.8381235943016, 
        1739.4624685522497, 
        2413.184611577299, 
        1942.6367309788186, 
        1477.7587683520014, 
        1897.6129225029679, 
        1389.869613740015, 
        1184.8790543506866, 
        1730.3092124408467, 
        2705.8207360618794, 
        948.0074928768695, 
        711.7097105449955, 
        2902.5054876370946, 
        875.7415421727376, 
        2704.7967094593323, 
        2000.120788816889, 
        1128.9484431331143, 
        1710.2548763120803, 
        1029.1513714018708, 
        2595.3353086243515, 
        2197.249008504367, 
        2560.08924620687, 
        1089.2943398970417, 
        1760.4942050567497, 
        787.2470277896363, 
        3190.7412188723943, 
        2680.567219959056, 
        2206.0893560639065, 
        2028.5704810871548, 
        1613.6524891317383, 
        1105.784122363041, 
        2459.1550779725253, 
        3077.293707388544, 
        1974.7589960208131, 
        2752.875693959779, 
        2468.5965998608895, 
        2484.0264282056955, 
        1248.7613959290345, 
        1309.2531045884593, 
        1853.324297308146, 
        912.1114286372213, 
        2352.8472308601445, 
        942.9985946861664, 
        1393.9633024370592, 
        2177.5386171245827, 
        2231.1591002205782, 
        2436.481554011438, 
        1576.1136697570057, 
        2438.6134144650414, 
        356.0598594442963, 
        1769.0306937497912, 
        2142.4314057197857, 
        1763.7894028117678, 
        1151.8214786960968, 
        393.8034422678328, 
        3010.3519855216623, 
        1895.070786180863, 
        1302.0297751505555, 
        1319.9502946135856, 
        2811.6060333201954, 
        1788.034275496514, 
        1437.1825675008424, 
        3090.3788397897715, 
        380.5915347885592, 
        1922.4180292000424, 
        2285.30149116111, 
        2608.9968291831337, 
        2347.193705035801, 
        1212.5204879988726, 
        3307.1802300679187, 
        2488.113983176608, 
        2296.6735905489063, 
        2163.6766605439216, 
        2159.5449058280255, 
        932.5667575259736, 
        2716.0345164706555, 
        1342.4382627471007, 
        2821.1961175699635, 
        1464.4523836215737, 
        745.4747051551358, 
        2372.903794350688, 
        1866.8651589761885, 
        2484.4822838851737, 
        2765.4145230923127, 
        1959.9260796408585, 
        2738.6116626980615, 
        3146.8872333074455, 
        2704.538854574103, 
        1798.2826249835905, 
        1811.543963923552, 
        1066.3324878047886, 
        2423.613777328363, 
        2303.8008189401817, 
        1707.4508177229552, 
        1323.8592619246854, 
        2539.2605945585096, 
        1541.2294473599964, 
        2752.508586925081, 
        2110.3581143787974, 
        1429.3232385927834, 
        1888.4213046211362, 
        809.100114688567, 
        3042.610610792489, 
        3003.1917992403214, 
        603.5636399408749, 
        2759.062465212885, 
        1160.4625586609986
    ],