{"center_point": [34.1746778, -118.8486221], "sample_points": [[34.15724536894475, -118.84473830210149], [34.184921261734694, -118.83051664960404], [34.19269419152664, -118.86742293078483], [34.19472741267927, -118.8397672438732], [34.16343475128114, -118.84917840176492], [34.19460832879996, -118.83595689963073], [34.15354969603035, -118.83455358893652], [34.15732480118258, -118.84339745554045], [34.1746542222849, -118.85840576987866], [34.15909090012652, -118.83716289346728], [34.16521017465407, -118.85017700227263], [34.166425454083004, -118.84118322524812], [34.16608473208729, -118.84358502337021], [34.16331698774236, -118.82361651147262], [34.19189317183892, -118.86898474626192], [34.17791050974086, -118.82374942214658], [34.162655357290305, -118.86356596440065], [34.17721534414638, -118.86405108140153], [34.17679018620467, -118.83230445023868], [34.189868918693, -118.8479741213882], [34.193210862010076, -118.86811772382782], [34.166463672004774, -118.85093573430822], [34.1661267754027, -118.84561017723182], [34.18760674226071, -118.85882847446503], [34.178584408395395, -118.86064849730353], [34.15916030790422, -118.84862281328351], [34.15497063162887, -118.83235736854138], [34.154272035222185, -118.8265804411498], [34.1585723870502, -118.85693568954481], [34.1789753874243, -118.84091869441386], [34.158025472181365, -118.83260097515355], [34.18649426437275, -118.84436326048663], [34.17578149062198, -118.85700586263984], [34.15264628938398, -118.85853128416309], [34.192320352662044, -118.84035334656765], [34.19232810120349, -118.82374321925143], [34.19564409635368, -118.85040231980288], [34.187906346383485, -118.87503399153698], [34.16686744193293, -118.83415588766184], [34.17850318792043, -118.83007634793208], [34.15567522100765, -118.83968702495032], [34.19048401756271, -118.86055234949545], [34.16407515267841, -118.8357081750586], [34.16762473285924, -118.85414960924844], [34.17907451124121, -118.8346085193112], [34.183376002540896, -118.85402898859067], [34.1522986031407, -118.85060824864537], [34.18644213209959, -118.83426440546032], [34.159655410280834, -118.85919526923071], [34.173312445923486, -118.8733107803444], [34.19628986357957, -118.83645282171145], [34.16638227729252, -118.83749167299335], [34.16129850664849, -118.84336105227138], [34.18565590992308, -118.85289660331782], [34.18675932282119, -118.82364322922933], [34.16372471945296, -118.84782071485996], [34.16538138118723, -118.86014362203689], [34.161810991420516, -118.85833169439537], [34.169773571911385, -118.85952590046864], [34.16388399848379, -118.83081464059994], [34.1679792108148, -118.86833142300743], [34.168030591913585, -118.83296103253046], [34.19051487217754, -118.873362828112], [34.153927522149615, -118.82150972098991], [34.17855814775945, -118.8724379260012], [34.1837004121732, -118.82755500393664], [34.175981201715715, -118.87351034907793], [34.18702475601916, -118.85807092854246], [34.18748236991212, -118.84883654605177], [34.16648230321484, -118.84222678832437], [34.17080816763763, -118.86528271573404], [34.17310409906827, -118.85600147584265], [34.17509064749706, -118.85267252083187], [34.15785461151497, -118.85532376061583], [34.168724373137195, -118.87045297747154], [34.15889891008459, -118.83274426070969], [34.16769260848531, -118.86616278946408], [34.155290142318464, -118.86516245920976], [34.153070713250315, -118.8417014759025], [34.159106588676906, -118.84975985652198], [34.17298202349373, -118.85068653196868], [34.18797636150276, -118.86756238138346], [34.18419239440993, -118.83342665587018], [34.18574903666117, -118.82148962669741], [34.159737117195114, -118.85402454724994], [34.18700715280602, -118.85351152621145], [34.165765519969135, -118.83716683079166], [34.15963883334984, -118.86043677789817], [34.152688288548, -118.85253780985387], [34.153408851116865, -118.85475862917953], [34.192541533064, -118.85422128024592], [34.18016255944436, -118.82671535346199], [34.16885950549206, -118.84282209689526], [34.175831883455864, -118.86789988734614], [34.16085641797346, -118.82409492649305], [34.165451246017206, -118.87518025133373], [34.1837076609787, -118.82398982744438], [34.154065212263, -118.85906288468233], [34.1540733694101, -118.85114201050081], [34.196187128009775, -118.84256122827284], [34.18530739768767, -118.86441553985844], [34.16126819581536, -118.82525840684713], [34.18944748544533, -118.8673171003485], [34.15504794990963, -118.86571429705957], [34.152615406127765, -118.85019555390221], [34.1794018188055, -118.83048867492133], [34.169966439722735, -118.85698470534749], [34.16948529031589, -118.84480963158687], [34.170674017985434, -118.85992485616552], [34.16816676165098, -118.85139372681977], [34.189482883283084, -118.8477126570538], [34.164324649856795, -118.867186215264], [34.18398952951292, -118.82382959219402], [34.19605670411876, -118.84861609587229], [34.19218755617872, -118.83441088964086], [34.187962297114645, -118.86845539738296], [34.19446924884326, -118.84800395275632], [34.184817254488415, -118.84877329758682], [34.158346777395785, -118.82207844343372], [34.17627788665392, -118.8552312566808], [34.19680866442645, -118.82653611950815], [34.17326960357484, -118.86941458352632], [34.19169741712609, -118.87513064977324], [34.188172198701295, -118.85370255049988], [34.18886250460542, -118.84372357160483], [34.18885154690401, -118.86691725184431], [34.19466904011959, -118.84434066933675], [34.16141221766665, -118.85215072578244], [34.17566919909025, -118.87415124465592], [34.186098987781186, -118.87300883845771], [34.1964522827348, -118.84010661777836], [34.15688005693566, -118.83419563721822], [34.19332144793573, -118.84534655561089], [34.197078411696275, -118.84391019973903], [34.186356100495686, -118.8727356027286], [34.193716665606, -118.84455545658838], [34.190461332796716, -118.85197421757645], [34.16872338344841, -118.84193039118473], [34.17551049823507, -118.87326118317232], [34.169765726419385, -118.82506072784923], [34.158604600835375, -118.85047059020637], [34.152284178379254, -118.8322133455686], [34.19214968972944, -118.83903681464369], [34.15439439785671, -118.83818223078839], [34.17144591997668, -118.82248679507853], [34.166347061816765, -118.8330014621732], [34.17314575802361, -118.84245275900012], [34.162680209727014, -118.86608415736029], [34.161650951007886, -118.82435277294637], [34.18371729979531, -118.86972248602872], [34.18721048218169, -118.87302090187264], [34.153728273716226, -118.86613403510484], [34.16963590935872, -118.87092111336054], [34.19109355040242, -118.8574746285694], [34.18538185357013, -118.82505613278866], [34.153165423185484, -118.83152233322134], [34.15229743955109, -118.85158782670783], [34.18003422568418, -118.82448049030165], [34.15401956622584, -118.85982660721004], [34.16527715786897, -118.86603368256878], [34.18878540278551, -118.86911379139963], [34.17026107918389, -118.8447214311387], [34.171214068080026, -118.82803574218624], [34.15516731038493, -118.87141067238963], [34.15769533120108, -118.83985967218335], [34.1925626029263, -118.83196279608103]], "boundary": [[34.197211063400246, 34.197211063400246, 34.15214453659975, 34.15214453659975, 34.197211063400246], [-118.87576730443571, -118.82147689556427, -118.82147689556427, -118.87576730443571, -118.87576730443571]],