{"center_point": [36.11791238873262, -115.17495678440855], "sample_points": [[36.12155332436035, 36.1035814293569, 36.12184939928947, 36.100206014978696, 36.11341940037705, 36.12012627065056, 36.10041451490868, 36.121310998480695, 36.126446864854096, 36.11836874026634, 36.138309104281205, 36.10410288488279, 36.106327293392475, 36.10165534973237, 36.10228771273427, 36.11489823677555, 36.100009798811705, 36.13163300747158, 36.13443063508953, 36.1122547714538, 36.12912803199308, 36.09960667846576, 36.13244820226174, 36.102741170593625, 36.12540615378079, 36.13049054179215, 36.12304299552495, 36.129582420838204, 36.139332390427306, 36.10593078332356, 36.098021780727336, 36.129604398947876, 36.13191626530478, 36.11313025856316, 36.11109870997889, 36.12187176801617, 36.11477207937291, 36.10785189157293, 36.13547504119903, 36.111987243675735, 36.11229994868679, 36.13275898102916, 36.121260920062014, 36.11887105371793, 36.10846442681095, 36.09648990811318, 36.12502126607332, 36.10129731987541, 36.12896635277361, 36.106831576332965, 36.13459821710716, 36.1126151838929, 36.134174311067035, 36.10752416194643, 36.139466488930324, 36.1027211665338, 36.1000678675945, 36.11731777329556, 36.097516827306364, 36.13093772560495, 36.131263503301234, 36.11673156773714, 36.11770784294505, 36.096745596816014, 36.09826718835772, 36.12888884746453, 36.10078104644136, 36.09663413906422, 36.13284725524578, 36.133090421411694, 36.12641726989439, 36.112337760757285, 36.1189291254088, 36.103356079110576, 36.102093221074476, 36.131669084415854, 36.12690186566975, 36.11262336502776, 36.12553819190214, 36.10646126476501, 36.12799558736055, 36.10922648675251, 36.10110025305242, 36.12029000797623, 36.13464308329235, 36.1043089876723, 36.12333115350815, 36.135594296297405, 36.13035320245965, 36.11081195652075, 36.11209820928724, 36.1233905204414, 36.12666497379046, 36.12373565669294, 36.12780283666555, 36.11133205998141, 36.10729780713302, 36.10934501612274, 36.12899779520253, 36.13166279880903, 36.13840860706924, 36.1331254487194, 36.11999296814558, 36.11278612889606, 36.13174672890124, 36.10415587445765, 36.135468082606394, 36.11615407674446, 36.097390386826305, 36.09943692946215, 36.100473399847985, 36.1206383304953, 36.10667510047317, 36.124459349747916, 36.13941926912522, 36.13301001098983, 36.13126664943053, 36.10479199208703, 36.12209763969926, 36.12079326975614, 36.115966541368145, 36.11852617836816, 36.10328230276444, 36.13087800348596, 36.118180843509705, 36.12332662774241, 36.124305683890626, 36.13267631154686, 36.128339041892396, 36.12451304960491, 36.10412145911462, 36.109363447560966, 36.111498221123924, 36.106678890838786, 36.13611645668004, 36.11144796712325, 36.1211313926049, 36.10394115494223, 36.12489284421636, 36.108570954924474, 36.13229380211849, 36.10715638046912, 36.119551975189495, 36.13983345913933, 36.09879073664393, 36.12039399309808, 36.09997454622322, 36.10786744201949, 36.101691085056615, 36.12490438066161, 36.12758949222064, 36.1087226440481, 36.110484497068185, 36.13657713371674, 36.121706261598106, 36.10964136013736, 36.12961578009304, 36.09668055853801, 36.112248391586746, 36.120135051347916, 36.12726607837018, 36.106109368409776, 36.1135673585745, 36.138790780576585, 36.113557172748365, 36.10387161381232], [-115.15156258016295, -115.16150416807255, -115.15890601078247, -115.20181909460607, -115.18249448419954, -115.15788400305779, -115.15643734220602, -115.19111621578917, -115.19593747853712, -115.1961981735935, -115.18487545691937, -115.16740352846004, -115.1771615729283, -115.18084229864533, -115.16154169497254, -115.15783898761823, -115.18099033455844, -115.15426360897202, -115.20167511527883, -115.18137544445281, -115.18479500275853, -115.17642894766291, -115.18132119390336, -115.1918855740211, -115.15842109140459, -115.14744557541533, -115.1885817331308, -115.16869425048928, -115.15300090772045, -115.15349371826946, -115.15959590635036, -115.18056449514516, -115.15005841234164, -115.18169132593405, -115.18252402794514, -115.15418451739909, -115.15805080778341, -115.18063985217324, -115.1732185574157, -115.17822284668198, -115.18694285013838, -115.1835450066258, -115.19036695460203, -115.16263834431258, -115.18243360520448, -115.1690615300258, -115.17239507703806, -115.17514351265095, -115.19322734314747, -115.1595614394952, -115.1703818526258, -115.1830649619626, -115.15084695694895, -115.16584509233351, -115.17592000983993, -115.15005975234396, -115.18565182463826, -115.19164504359726, -115.1993381052642, -115.18760641626818, -115.19701713089944, -115.19009983094855, -115.1808301416872, -115.16403272310657, -115.188616426419, -115.1898485481991, -115.1803429099154, -115.19012192836094, -115.17171531683209, -115.15183531071168, -115.200272396066, -115.16714121947278, -115.18572477301156, -115.16872989654092, -115.1919505027063, -115.162695842283, -115.18798195601116, -115.18345899545692, -115.15892234583478, -115.16547725168863, -115.1703483376122, -115.1696219322078, -115.15357461565635, -115.16372603191557, -115.16988611023919, -115.17311219152218, -115.17137519853868, -115.18730793203152, -115.18842062187915, -115.15484429582135, -115.16197026491606, -115.14759856251102, -115.1989724183907, -115.14801208708134, -115.20234144115334, -115.16488739631592, -115.15972344337806, -115.16779614047034, -115.15312310166786, -115.15380315702203, -115.17735680983209, -115.1696003093033, -115.19357506821933, -115.19610949880585, -115.15250470162577, -115.16499621441481, -115.18146102921843, -115.15749807151333, -115.15412591102093, -115.17551102515338, -115.18628712871191, -115.15787194271606, -115.1642816592423, -115.15602424366523, -115.17951142792553, -115.18501731487554, -115.19646989141744, -115.17035671716519, -115.20043714450617, -115.17097258801036, -115.18285640012867, -115.18287187998617, -115.17531947942688, -115.1930378204667, -115.18636410338615, -115.1512763276094, -115.17648009861841, -115.19520991462439, -115.17774208569308, -115.20056737324346, -115.16925476962999, -115.16121939273947, -115.17850353211044, -115.16892022159628, -115.17785300578453, -115.16531640252062, -115.15693852984812, -115.16010287164916, -115.14975041526041, -115.14968477875571, -115.19950845883524, -115.1857797332384, -115.1522367969055, -115.16666481942306, -115.18259161590139, -115.18748579885909, -115.1503180043605, -115.19582516166811, -115.20237128196511, -115.18658339795485, -115.1994719919616, -115.15937649371865, -115.19263053529716, -115.19249663433999, -115.17657043198534, -115.17444778595504, -115.17914477230507, -115.16216524164923, -115.16090311562259, -115.18308569099695, -115.19667812260118, -115.17010993058193, -115.1841187072211, -115.20196874952865, -115.15941723024245, -115.1803185435259]], "boundary": [[36.14044565213287, 36.14044565213287, 36.09537912533237, 36.09537912533237, 36.14044565213287], [-115.20275804149807, -115.14715552731904, -115.14715552731904, -115.20275804149807, -115.20275804149807]]}