{"center_point": [36.11791238873262, -115.17495678440855], "sample_points": [[36.125722052466124, -115.19293977924052], [36.12461944031411, -115.18388591686846], [36.12096857670434, -115.15224178810207], [36.13981188661082, -115.18969130059097], [36.12141798365872, -115.18559197012645], [36.1271209840011, -115.16539540246812], [36.13420454173244, -115.16209704316692], [36.102867496343336, -115.14853644988081], [36.119728591996015, -115.1540609627566], [36.117200938357826, -115.17930548799073], [36.127939062936605, -115.16735719678394], [36.13001088923053, -115.15139747519267], [36.11481448931056, -115.17600890941364], [36.09897966457759, -115.20056908801016], [36.11820401048114, -115.14862998680293], [36.12663514665645, -115.1526617945158], [36.134081728353095, -115.15596180824062], [36.12148733781709, -115.18307517882732], [36.109562123552244, -115.18239659207188], [36.09556142315969, -115.1894025762081], [36.138601210061154, -115.20190876654944], [36.13718413307322, -115.1846668226915], [36.112175459645954, -115.17698859760485], [36.137774397893196, -115.17416979980301], [36.106963892963506, -115.16923389027967], [36.11472745321561, -115.1591273902617], [36.140208728703335, -115.19818902073467], [36.10733912546014, -115.15528023646672], [36.138305630048606, -115.1970759692258], [36.12859429456258, -115.20102786485174], [36.13332524551418, -115.1638909713177], [36.118326335333165, -115.15751144318502], [36.12851118966804, -115.1690619589741], [36.099826286310076, -115.17165168872259], [36.122705589039775, -115.1721055145738], [36.113070004755514, -115.1551812267163], [36.1361477177701, -115.16027055591498], [36.10112545447169, -115.2026972542637], [36.099254078717074, -115.19417762516703], [36.13981274407351, -115.14899511691397], [36.12909082855786, -115.18441461811501], [36.10116995106096, -115.17753035133725], [36.13312385901801, -115.18690669478836], [36.107231555158975, -115.1556686242508], [36.11916193634649, -115.15593316240988], [36.10443905118558, -115.19068827083993], [36.13448889902021, -115.17354287038147], [36.095583774386824, -115.1760730988465], [36.11064178630813, -115.16480767482165], [36.114309702539266, -115.18565723409148], [36.1200358645202, -115.20019700258668], [36.09723577345025, -115.19511592436146], [36.131832745091565, -115.17815098864817], [36.1093995529838, -115.18076408013148], [36.13037684016336, -115.15334086277626], [36.13633175236052, -115.19026358164096], [36.114529032930534, -115.16665122447776], [36.1165212288782, -115.19013254666433], [36.12411945206507, -115.18471954452154], [36.13187828428693, -115.1922840390681], [36.11967003209956, -115.1561113780374], [36.114668907965374, -115.17063420906955], [36.120515936546965, -115.20256754294844], [36.10267294628377, -115.18222119497783], [36.12732951815439, -115.17503011555085], [36.13850555173633, -115.18489118735293], [36.11532816983589, -115.14881337740904], [36.10099733775363, -115.20113477919395], [36.12059569444032, -115.15720901921894], [36.10325748461738, -115.18314161034512], [36.13968958376392, -115.16173863854334], [36.11864799905595, -115.183828518449], [36.11519091304385, -115.15176988152442], [36.09735002423377, -115.18157566586933], [36.11220636828447, -115.1936681629437], [36.110983378783224, -115.17539479005463], [36.13661426667174, -115.19645969111912], [36.102452864279435, -115.16695698058129], [36.1009635646772, -115.14768778224622], [36.10975033510299, -115.1540092568875], [36.098675880776206, -115.18884418449551], [36.13385635833795, -115.19603927456488], [36.13084189944435, -115.17923014945796], [36.10435941213962, -115.16959220381264], [36.11958186297379, -115.17753433149879], [36.11922202424407, -115.16065003912504], [36.119450826645924, -115.1818100673008], [36.13646901561315, -115.14867704507697], [36.12205178461753, -115.16004598725519], [36.11885354800146, -115.17669976370118], [36.13208738820747, -115.14741566014601], [36.133614253617694, -115.16972150718645], [36.1371822548933, -115.18071049502323], [36.103409877886925, -115.20214758209941], [36.10537959421747, -115.18421676687372], [36.138428139654444, -115.15202404900307], [36.108755203827904, -115.19437655629442], [36.09660669520935, -115.18613415341936], [36.12139109042942, -115.19470041633507], [36.10380422068404, -115.17113186498273], [36.104452469475945, -115.15280627609238], [36.1118722224558, -115.1548162119022], [36.11099739316503, -115.16251543813263], [36.10377581492493, -115.18444557154727], [36.12669937759072, -115.15832572510975], [36.130219821270394, -115.17818215022241], [36.12198985446195, -115.14939113080517], [36.099267371978, -115.16917088424825], [36.13972177135423, -115.17828316750698], [36.12689954119325, -115.19032271651447], [36.13682663835281, -115.17920469537947], [36.11212599845392, -115.17169843122777], [36.10444064547201, -115.19195971645523], [36.11860755080193, -115.17690438013221], [36.09640909657234, -115.19332348293176], [36.10569840416498, -115.19073690473667], [36.112169637090595, -115.17918457752066], [36.11381515778847, -115.1822373052959], [36.131386881404495, -115.19821171877757], [36.13718630831353, -115.14768906471419], [36.11723798635603, -115.20103133803315], [36.09970806318353, -115.16094935826953], [36.11613688348788, -115.15697433855081], [36.103756915844016, -115.19831341625604], [36.116777739921716, -115.17541022078369], [36.122352696475616, -115.15003526398762], [36.13626194281909, -115.15607978614399], [36.11466359441505, -115.1747115101267], [36.099191547706745, -115.16774872497687], [36.11289203222322, -115.18586512149614], [36.133019566561984, -115.19718346494773], [36.13257800297819, -115.1542224466126], [36.11122019137652, -115.16995495299567], [36.13622065585361, -115.17559656091629], [36.10618678375708, -115.16752995412432], [36.139725699790446, -115.1549752123845], [36.117695938165824, -115.1673906969369], [36.12857534451297, -115.20196252160618], [36.10480511699515, -115.16078258135121], [36.12718930332881, -115.15021028842047], [36.10853745688152, -115.18329822612729], [36.11451518998311, -115.19492259536548], [36.10224033816873, -115.15534297926035], [36.09958488675078, -115.19266142213029], [36.12155061907886, -115.19310739421213], [36.09542689220382, -115.18584495099572], [36.112740733317324, -115.15164107620768], [36.114507632709014, -115.1933031296498], [36.125968946172634, -115.16400110605453], [36.10346377891165, -115.16815936008787], [36.12014712317941, -115.18139366869087], [36.13255608482813, -115.18176450419203], [36.09640409518186, -115.16036572878954], [36.13129923491636, -115.16573330960786], [36.11898540042095, -115.20212678611213], [36.12301981416854, -115.15209525268266], [36.1296737789845, -115.15512308494327], [36.12629734821917, -115.19897332852547], [36.11536528886699, -115.19987100060403], [36.124346393601414, -115.19537553751249], [36.11715501563008, -115.17800906445505], [36.12218492592721, -115.18712778000167], [36.1087174687422, -115.17039899809846], [36.12144956034241, -115.17547143797897], [36.09742778148701, -115.19773535132543], [36.11373314839515, -115.18364967852918]], "boundary": [[36.14044565213287, 36.14044565213287, 36.09537912533237, 36.09537912533237, 36.14044565213287], [-115.20275804149807, -115.14715552731904, -115.14715552731904, -115.20275804149807, -115.20275804149807]],