{"center_point": [39.767724, -86.24897], "sample_points": [[39.75097414088745, -86.22296951059408], [39.77814118212768, -86.25129379424827], [39.788210853399434, -86.22074908716428], [39.78928658632981, -86.23346016182514], [39.785915598413624, -86.25313586751686], [39.753989471768875, -86.27369829986944], [39.775850840892666, -86.2701219275729], [39.75899281921549, -86.26336991405823], [39.770123749676735, -86.23144744151111], [39.76999972599914, -86.2210771967939], [39.76125654948015, -86.27625496933146], [39.78158264303048, -86.26168549201805], [39.78275675330609, -86.23033208134673], [39.7728847441245, -86.24313227830861], [39.77301142591398, -86.2208711358539], [39.77930780718856, -86.24483843036934], [39.76884580806543, -86.2372095915522], [39.77697959142001, -86.25965836159247], [39.78447606845943, -86.24491169108809], [39.77165049614849, -86.22874228108577], [39.757925329894576, -86.25536255432883], [39.778939431496646, -86.27648520765464], [39.753168609739625, -86.22990515272444], [39.786727796937534, -86.2226232515686], [39.783784942968516, -86.24308995531098], [39.770945707544115, -86.23501079137895], [39.78096966837209, -86.25519217252761], [39.78871022785095, -86.2349946917888], [39.771278188622894, -86.24907679503397], [39.77397475344396, -86.25101742743945], [39.77183262164966, -86.26799640983168], [39.754546708865334, -86.23045915615954], [39.78103472196444, -86.22997785037738], [39.78224030827022, -86.25800130368272], [39.765389517756866, -86.25773268175276], [39.77876165932072, -86.2327385407189], [39.75375373644432, -86.26635529526688], [39.781694307115714, -86.25955248895082], [39.77539235588859, -86.23572414725597], [39.783349559919614, -86.27482555546868], [39.75679624756439, -86.24265213921929], [39.77432780110826, -86.24041357262792], [39.750002488361815, -86.23592678040981], [39.77229718724378, -86.2702999762704], [39.74800588649939, -86.24254568580133], [39.78579757687498, -86.2743779226796], [39.771935702379416, -86.22537690342696], [39.76347136137641, -86.26663608171675], [39.77065900609388, -86.2484707065593], [39.76649643940506, -86.23565781975697], [39.75959749497043, -86.25206583512157], [39.771445653057434, -86.23854486357992], [39.77361927625886, -86.25063044937637], [39.75954823124756, -86.23481669720316], [39.784732619205066, -86.25680537474952], [39.763452165181796, -86.2532878439514], [39.76561826880592, -86.27277300978777], [39.782423902846965, -86.24421360144744], [39.78635259110469, -86.24934089141874], [39.777697015600054, -86.22065210107577], [39.78438003448071, -86.2324131354241], [39.768329135926514, -86.25378391370448], [39.7762517924548, -86.26022945920771], [39.76219086231454, -86.25321565806142], [39.77838721753284, -86.2759066458364], [39.757924959487454, -86.24696203154892], [39.76536078904511, -86.2205906941069], [39.78971803661621, -86.24569750983471], [39.758293636408624, -86.22835547917202], [39.7631514783752, -86.252342837556], [39.758231598498156, -86.26556221487762], [39.78723682895922, -86.23733879268818], [39.77471732270122, -86.25414008726648], [39.74760431637451, -86.27325870840473], [39.78736905917243, -86.25488562603218], [39.75680231852425, -86.22171407883374], [39.764270159193885, -86.25334734781445], [39.78584847395576, -86.2676207476651], [39.78267329975329, -86.24815348835911], [39.76275588064196, -86.23539829937803], [39.750781684398845, -86.23192913195368], [39.75273205195921, -86.26435283001229], [39.7621654019076, -86.23551642925935], [39.75492223102366, -86.23448747590534], [39.775593877109245, -86.2662049080945], [39.74983890712694, -86.23848178755702], [39.74734752448114, -86.26237010521378], [39.78436161991388, -86.24838021535935], [39.78410931439205, -86.225414610167], [39.77255121693003, -86.27792302587312], [39.75828430193525, -86.25045540259717], [39.780549700522585, -86.23710518029631], [39.765574965218924, -86.25167720935667], [39.77341605906584, -86.26019994764896], [39.7553252222814, -86.23111169907267], [39.77743423888718, -86.25476962510432], [39.77089315286198, -86.26607086714242], [39.74690344223268, -86.27805803194943], [39.751624498149376, -86.23319815463074], [39.75269250919584, -86.22930271493732], [39.781918822172024, -86.25220581415456], [39.75420145923443, -86.22770326136062], [39.77465154910977, -86.2619163470795], [39.7611722615983, -86.23763502906922], [39.7594882965093, -86.27729292847222], [39.77237588499501, -86.23770330071025], [39.77564600675437, -86.23031871800912], [39.74755985349184, -86.23213127579628], [39.76310606969861, -86.26864669900871], [39.781292823318736, -86.25960474205112], [39.78330147423252, -86.26180840512765], [39.74865826761235, -86.2451210503725], [39.75432932985453, -86.2213315345934], [39.752483566669156, -86.22621161396698], [39.750488011148114, -86.27761710123855], [39.775859740700305, -86.26693228651196], [39.778377123127434, -86.24278351496017], [39.74908812064097, -86.22090423828193], [39.7874862852641, -86.24403825875682], [39.776690143077055, -86.26226222453302], [39.75421178486606, -86.23365956937391], [39.76694889477952, -86.24239934089002], [39.75962352430775, -86.23848073131454], [39.75335724075458, -86.2214107333132], [39.77436837588993, -86.27698034281968], [39.777232277628855, -86.25515313298972], [39.778725832526774, -86.25873033264917], [39.774738604422225, -86.24436553570588], [39.76039747906233, -86.26021144820251], [39.764766984236026, -86.24187248748342], [39.779659609249066, -86.22732138050588], [39.74771335534319, -86.23441730364618], [39.77541851822954, -86.22640119716347], [39.78666444911226, -86.24573266293656], [39.77051219755364, -86.26535396208558], [39.758169075795436, -86.26020603978132], [39.79020121800543, -86.27117148140991], [39.77877602618596, -86.2757341856667], [39.77483741950232, -86.26422954524443], [39.75252528468949, -86.26922442858941], [39.77219590786405, -86.2650942839769], [39.77748280461331, -86.22911080998124], [39.757317539577315, -86.27504174975086], [39.785907825245005, -86.23460596679828], [39.75416724911385, -86.23203375256881], [39.77058087515656, -86.23988515122112], [39.751169776894024, -86.22181659121314], [39.784828328137564, -86.276898189276], [39.77988237079187, -86.22943602186858], [39.78703194654573, -86.24428574085015], [39.74909035726906, -86.23601681109604], [39.77339566019734, -86.2616904338476], [39.754589734498666, -86.2220495154658], [39.77071636248566, -86.26448607857856], [39.75623372774483, -86.25375522587957], [39.75651439884805, -86.26598424692348], [39.772781293814354, -86.27587553600083], [39.769893678629074, -86.25475946546746], [39.78850857650659, -86.26334437736527], [39.77844663937113, -86.22671798310574], [39.75019894830531, -86.2216203031982], [39.76670331524098, -86.23192728976065], [39.781932995817854, -86.25680599809311], [39.75094297317378, -86.25296914249043], [39.758529463040134, -86.25677276819741], [39.778656268382655, -86.22373371009493]], "boundary": [[39.79025726340025, 39.79025726340025, 39.74519073659975, 39.74519073659975, 39.79025726340025], [-86.27818770374837, -86.21975229625161, -86.21975229625161, -86.27818770374837, -86.27818770374837]],