{"center_point": [39.767724, -86.24897], "sample_points": [[39.753997675896706, 39.76000162892351, 39.76998848778122, 39.75820122255947, 39.772898889286594, 39.75523789260909, 39.7871545708866, 39.754491235008615, 39.775246436605904, 39.770051834596906, 39.76863966461273, 39.775349867115665, 39.756996192050295, 39.75133464206371, 39.75005506103944, 39.754294314138434, 39.78096583104324, 39.75495841134108, 39.749906401717475, 39.771568965523144, 39.770903376862634, 39.771594048946945, 39.760644243520034, 39.77762348385699, 39.763211821486884, 39.783409319509985, 39.788180022334096, 39.74549850558103, 39.77927213738718, 39.7746297512519, 39.76031850684132, 39.773195762046534, 39.77558395502985, 39.76606588737288, 39.756836867152224, 39.7890003863576, 39.77053635610102, 39.76632374152059, 39.769804063753185, 39.75829708945959, 39.75244712549748, 39.74974440490748, 39.764396472110356, 39.7585420649069, 39.765022718377374, 39.76251576587628, 39.75696148263441, 39.77549383863625, 39.76562087025257, 39.7793614649859, 39.74862847062713, 39.74995967441683, 39.770572798698, 39.78052871471711, 39.75252088723402, 39.757062381334954, 39.75797156978823, 39.76868530349345, 39.77294578651427, 39.76471692499745, 39.750107935659024, 39.7755469113806, 39.782024779137316, 39.760428471773146, 39.773281427717535, 39.760146936178984, 39.75105095612909, 39.76390928779634, 39.75340699519297, 39.785182760461645, 39.7499592695992, 39.77140097323436, 39.77159993321252, 39.7762735811563, 39.768597534903705, 39.762855292786206, 39.77805944032568, 39.77825966168858, 39.779695563097484, 39.783663736904614, 39.75605822825569, 39.76312953284446, 39.76405606808293, 39.7710692142782, 39.763210650462106, 39.779262038756286, 39.76079238444921, 39.77428385782368, 39.75573978496574, 39.76357350621313, 39.78423101872297, 39.78957074951957, 39.76222698080154, 39.763077973232576, 39.74679686560944, 39.78260176497473, 39.77887788935216, 39.77619256422399, 39.749619220563865, 39.78012885358337, 39.777980040835615, 39.7791189704647, 39.775169519488, 39.756571515490485, 39.76621508550552, 39.784865983432816, 39.754977439872654, 39.75299145480215, 39.78588344527316, 39.76344622706778, 39.75621189015298, 39.76079952078118, 39.74564185433774, 39.75715101336855, 39.754946306270526, 39.7546643732736, 39.77800381184223, 39.7458178774197, 39.77869215990586, 39.74907671333741, 39.76834134232625, 39.7765629720251, 39.77412488939446, 39.77623721967728, 39.750220050767375, 39.758121481370445, 39.75541559219385, 39.75230857539488, 39.756724843682434, 39.75807610449693, 39.77317416695395, 39.75162620979717, 39.78971176254392, 39.78588400888291, 39.77205342865518, 39.745323080633035, 39.78180588855288, 39.77147237762107, 39.789080889376585, 39.785187568104504, 39.75806933877455, 39.756867561738254, 39.78001889128218, 39.76149645116943, 39.75111655315074, 39.75346757352776, 39.78759326717941, 39.770865813387175, 39.78071519828195, 39.75682267540371, 39.756152475469506, 39.74692860126488, 39.78630390031479, 39.78972154193788, 39.78422208831483, 39.750498192043835, 39.77548169885927, 39.77009901438212, 39.7777102346517, 39.775636098569954, 39.764142672640524, 39.78668329407734, 39.76059597405518, 39.74693283195317, 39.75129788602487, 39.76693014213003], [-86.24162703174251, -86.23819099543665, -86.24109430287675, -86.27083274712115, -86.27333733252566, -86.23205867880971, -86.23833624013068, -86.26242685405695, -86.26700202024094, -86.2352364085015, -86.25899790397298, -86.25854860173482, -86.22224522672212, -86.24688787010768, -86.26602618562555, -86.23338281773576, -86.23843840670548, -86.25417488232306, -86.23683707225291, -86.24330716602094, -86.25188444470278, -86.26155113486526, -86.27737170237123, -86.26663135253385, -86.236223689226, -86.22795465747453, -86.26648456634035, -86.22976513964083, -86.2397345773902, -86.24610663263246, -86.26589553611, -86.26481968910431, -86.26206451655597, -86.26447211487526, -86.24171501485917, -86.22014629157923, -86.22415916238873, -86.23780430557508, -86.259634362424, -86.23730156559206, -86.23448736654488, -86.27197577391944, -86.24403252927797, -86.24923275814109, -86.24717652448919, -86.2736548118932, -86.25508402118675, -86.25510978093541, -86.25337910475808, -86.26867907043652, -86.25381053608696, -86.24790583677218, -86.2427295255452, -86.25299765592924, -86.25782496977105, -86.24236031314231, -86.22690836769915, -86.23239934336536, -86.23966032058138, -86.27717412888083, -86.25164997518677, -86.26325297471304, -86.2626755672679, -86.25855641435251, -86.24116016597527, -86.22346475013329, -86.26485206216219, -86.22412565944752, -86.23928708631901, -86.27366349942785, -86.25639697896311, -86.23248537601988, -86.27446279799051, -86.22511259000217, -86.2496021441267, -86.23348347695119, -86.25894805339912, -86.26011532953588, -86.22179149701758, -86.27229038374234, -86.22514337461212, -86.26219374537555, -86.23106727435255, -86.24632163253783, -86.22179913300742, -86.22721464196204, -86.25444938573966, -86.25530854374523, -86.24480521141929, -86.26021688296233, -86.22830438327703, -86.22362610168955, -86.23592752888645, -86.2509742058109, -86.22591207345448, -86.26471170918516, -86.23228769173267, -86.22679030355266, -86.25277295696758, -86.25055325912554, -86.256975793125, -86.23526567006668, -86.26471782171974, -86.27774124093067, -86.2606442156778, -86.22063861928102, -86.23613288022969, -86.23785957966234, -86.23219748288908, -86.26616347838512, -86.24098473773175, -86.2647816434308, -86.23339673273512, -86.22567596581463, -86.24219702600791, -86.27568644345504, -86.23331447787353, -86.22122705170821, -86.25544805123731, -86.23580539320194, -86.26106008806819, -86.22043471869559, -86.25521283577946, -86.26987630686465, -86.26404983338587, -86.25429715383764, -86.22459883876219, -86.26592879698737, -86.23456653659531, -86.22506306331725, -86.22486752308343, -86.2764646355967, -86.23577727042527, -86.26748385962613, -86.23294414992289, -86.27527289972393, -86.27141519542604, -86.23692999175742, -86.27650638739028, -86.27221095782544, -86.27365353144516, -86.24577181424118, -86.25318583058771, -86.2594344513446, -86.27706324938728, -86.27300338557575, -86.26748101490685, -86.27354483568959, -86.26587851605811, -86.26035182154244, -86.233639104584, -86.25034058950621, -86.27597389618433, -86.23894884999949, -86.2668368382761, -86.25159364413918, -86.23935825156357, -86.25577561630155, -86.2636261521994, -86.25002461005353, -86.27758160348795, -86.22506617506924, -86.23615820512033, -86.25098396212186, -86.23398203426234, -86.26941858972657]], "boundary": [[39.79025726340025, 39.79025726340025, 39.74519073659975, 39.74519073659975, 39.79025726340025], [-86.27818770374837, -86.21975229625161, -86.21975229625161, -86.27818770374837, -86.27818770374837]]}