{"center_point": [32.3001314, -90.1719577], "sample_points": [[32.31633058357443, 32.27810253743149, 32.320049369514955, 32.319097980167776, 32.30917173152352, 32.32129231658778, 32.31184774570804, 32.307041050011605, 32.30059628510314, 32.301268432279336, 32.311373671525644, 32.28579703109139, 32.28202823437841, 32.294777595342445, 32.313750447973185, 32.312250396945075, 32.32050868093965, 32.288271495976346, 32.29739829405621, 32.29141045056029, 32.287517074593474, 32.317026733569556, 32.30263427533511, 32.31350775929718, 32.31839598870212, 32.306368569225306, 32.293632060766754, 32.31138864032987, 32.29658040878088, 32.28981885631239, 32.29751638394488, 32.321488052402415, 32.28952896757023, 32.306728997065704, 32.31709008420608, 32.3022342158325, 32.30046167601611, 32.31233845849891, 32.299770382891694, 32.305207448409, 32.2901779791876, 32.28240048700814, 32.28382073295918, 32.284170650652015, 32.289960472717496, 32.32062932406991, 32.289324668329805, 32.31883695663815, 32.32086149854923, 32.29848616939161, 32.293909603183124, 32.303561361026205, 32.29198757213814, 32.28714510263837, 32.28353460079393, 32.320846947626485, 32.27880657449144, 32.30880985805414, 32.284684550487256, 32.30615290472413, 32.31674002847151, 32.282019642147795, 32.3138049577076, 32.28574877217224, 32.29355428447599, 32.31529494477614, 32.29170332366922, 32.294538411228785, 32.27825712057134, 32.315643283409315, 32.30705754523506, 32.282764472225416, 32.295696146036086, 32.30034522827244, 32.32097384779483, 32.30508253868133, 32.29052996286939, 32.30913690456014, 32.32066681938611, 32.3016863104669, 32.28451709939797, 32.29305294250864, 32.29485761106529, 32.304349755193336, 32.32084089497688, 32.32239491624728, 32.31981398316269, 32.30378257230546, 32.311015476366784, 32.278299366155736, 32.32140044695095, 32.3092928905033, 32.29737885191193, 32.31265087324082, 32.31697779719106, 32.315631264041, 32.31624191310495, 32.32099389525554, 32.29651232717433, 32.30314260580832, 32.30012250491193, 32.28046030370736, 32.30038762633667, 32.311964087252065, 32.31473998736057, 32.28806729815539, 32.313566273752286, 32.304269300973864, 32.29694640009657, 32.27912955904575, 32.31827260350267, 32.27802734105117, 32.31648358841715, 32.28097371725211, 32.283645722912645, 32.28725659340917, 32.285328724763005, 32.285724101114226, 32.322092732254475, 32.320273593612185, 32.28622911945336, 32.304430998123344, 32.29383078661251, 32.31264695145879, 32.29466205686674, 32.30682844194477, 32.29742993754815, 32.29201116684653, 32.29222343174382, 32.31490920411449, 32.296414063427186, 32.31520809880183, 32.316086075803774, 32.317361848683134, 32.2844695764067, 32.30567988689393, 32.30419844842683, 32.318292115038886, 32.298200548835375, 32.286964954955245, 32.31045496566955, 32.2929212092134, 32.32040830308632, 32.30856642942368, 32.28487059252497, 32.291821845290954, 32.31591627364045, 32.307942502514415, 32.305059564657775, 32.27774717771482, 32.30656471924655, 32.2847613532739, 32.28706406536049, 32.29081710674133, 32.27882251607439, 32.285848178076414, 32.31036418482916, 32.31663910955115, 32.28145294620769, 32.32092993696106, 32.28385766001082, 32.304302099564666, 32.282415452637466, 32.28895621123605, 32.30316052667642, 32.319739592612414], [-90.14942235671695, -90.1688015485535, -90.1880048472874, -90.15476708391944, -90.15928663354963, -90.16140132217494, -90.173875527177, -90.18853869803849, -90.16820067276396, -90.19749704167795, -90.19385366896115, -90.17442245704153, -90.19119590830256, -90.17809312402802, -90.15161696354178, -90.14699601978599, -90.18629707103963, -90.18936653070419, -90.18478313212975, -90.16945391644025, -90.1523120562817, -90.18387283637948, -90.16882084695663, -90.14911134201834, -90.18903656590025, -90.17811574486117, -90.18655415007736, -90.19248912179582, -90.17532448300494, -90.16684205027614, -90.15235727169396, -90.15233247341413, -90.14896256936805, -90.18843564152125, -90.14980280747393, -90.16569766784092, -90.14546649027247, -90.16900437588386, -90.19342964482958, -90.16960767547684, -90.18630734809834, -90.17091033586865, -90.18655640023248, -90.19018600943957, -90.19190222879307, -90.18669237035444, -90.19140031568436, -90.18989224821225, -90.16014461556667, -90.18002790943432, -90.15679891623552, -90.1770089265931, -90.15374548925546, -90.18831389813785, -90.15367693006331, -90.17955825013941, -90.15635715510938, -90.15898827192336, -90.15249962184198, -90.16876236850162, -90.18527147626813, -90.1643006629044, -90.1501237851092, -90.16875005322083, -90.15771377926765, -90.15709288467887, -90.15304957226674, -90.18230906976851, -90.1872984543929, -90.18415353645166, -90.1657230969973, -90.18652078324816, -90.18791036026063, -90.19326235293555, -90.16372004765769, -90.16366219849765, -90.18037502488784, -90.1620623923531, -90.19292258945822, -90.15304720765543, -90.17384816384745, -90.15340875077946, -90.19655800364481, -90.14624825994802, -90.19795439917098, -90.16779872100857, -90.16041407596342, -90.15159881174776, -90.15581303636566, -90.15259224788083, -90.18915119156658, -90.18667277797276, -90.19653309681483, -90.17966500197498, -90.17694094483036, -90.1982305712339, -90.17660688432657, -90.1830187020962, -90.14986996118789, -90.16620683021195, -90.18738752203019, -90.16684991339487, -90.14942566804653, -90.16076430848038, -90.19164376035967, -90.1756062374691, -90.19463147718307, -90.19428205388716, -90.191445813058, -90.1666183226175, -90.18997510286648, -90.1555317327112, -90.18420242439659, -90.16552800878966, -90.19316406352868, -90.1911966805669, -90.18411821388784, -90.18539824102987, -90.17475037607082, -90.16236485555284, -90.17930000906195, -90.14894385775042, -90.14898406793405, -90.17062764828849, -90.17764818387337, -90.15751119175583, -90.17453266570543, -90.1945028389544, -90.1909769792761, -90.14910448883307, -90.1506200513548, -90.17734366099512, -90.16948335119584, -90.18589966696437, -90.1838368134089, -90.19260582344516, -90.1923596948335, -90.17895563010985, -90.19835112223383, -90.15409325231758, -90.14844826245438, -90.16012956353853, -90.17730074936078, -90.18407440066987, -90.14953684190279, -90.15623592232116, -90.1837221305437, -90.15942260984167, -90.15044763718925, -90.15601522776865, -90.16533185589248, -90.17199689018969, -90.18848611149737, -90.18958340853753, -90.18813030220068, -90.17109103112814, -90.17207372482967, -90.18509034875274, -90.18421928133927, -90.1679751109834, -90.17603179748764, -90.18330809015029, -90.16397024108919, -90.15209347403265, -90.14921850681556, -90.17928650576296]], "boundary": [[32.322664663400246, 32.322664663400246, 32.27759813659975, 32.27759813659975, 32.322664663400246], [-90.19852703515811, -90.14538836484186, -90.14538836484186, -90.19852703515811, -90.19852703515811]]}