{"center_point": [32.3001314, -90.1719577], "sample_points": [[32.285806047003966, -90.16992170908061], [32.318385256058825, -90.18130006540243], [32.28341834093786, -90.17372013353511], [32.28068009452327, -90.18688026975047], [32.27806948132886, -90.15744385929405], [32.31487065051576, -90.19020796354951], [32.31009469628957, -90.15299020682383], [32.303074988963466, -90.17470475559261], [32.29066342577308, -90.18772782370414], [32.288048807818015, -90.18708702484867], [32.294521298303664, -90.17593861675526], [32.31138551222923, -90.14590565327663], [32.31957002578937, -90.17250861329987], [32.32163724651687, -90.1864275073727], [32.30804744825941, -90.1563615953815], [32.30148653360149, -90.15917839717238], [32.29133784724867, -90.17064465544293], [32.30246250880844, -90.18525568508916], [32.29725334916638, -90.1646469471368], [32.31801428077453, -90.17337584501531], [32.30364903643221, -90.17556059804866], [32.291895657406705, -90.18696248386802], [32.290720467075175, -90.1521445994104], [32.31335389579188, -90.16855843946935], [32.303492640845796, -90.1816292176781], [32.31233450509331, -90.19024326587369], [32.287871147943605, -90.14663858853952], [32.285102356339785, -90.16692131439243], [32.28487364246948, -90.18605099524143], [32.29601468201591, -90.16711901312415], [32.321591323477826, -90.16281784869523], [32.32012270080254, -90.1957174458497], [32.30429853894488, -90.18736403177913], [32.29403241837504, -90.19109282667051], [32.30598135172151, -90.19577598802796], [32.30558629581528, -90.19001155438706], [32.30962107427572, -90.15940470206371], [32.316799482771444, -90.17403216071318], [32.29754957099706, -90.19179479410515], [32.291428248733844, -90.1771610527002], [32.29614213735499, -90.15129695913282], [32.31653590809271, -90.15671473896664], [32.29493969770647, -90.16412326037769], [32.291081352229604, -90.16115665636094], [32.28825123455477, -90.18719141629396], [32.310853259848045, -90.19095557938407], [32.307649057149746, -90.14605103280941], [32.28678419752991, -90.18080493468587], [32.29361034406507, -90.17171223635543], [32.32030114289606, -90.15535474540927], [32.31480599365851, -90.15485782129707], [32.31228698946353, -90.1539167577326], [32.282739158152054, -90.161812844101], [32.293693884501906, -90.14689194611161], [32.291295552207494, -90.17799898753066], [32.320901651403396, -90.14685098624585], [32.301343834793165, -90.15895014722645], [32.322318294526525, -90.14554758460494], [32.2918519349044, -90.15446336234682], [32.315068283915885, -90.17402063999138], [32.30792485452118, -90.15414837959851], [32.29770938326632, -90.17437025143504], [32.281399622465806, -90.1688462095115], [32.30475279221688, -90.15957810527422], [32.283137139469154, -90.17768572099575], [32.288983110556586, -90.18179072511498], [32.31775205667989, -90.18283116453053], [32.30160067309487, -90.15566909816742], [32.28616126360004, -90.18671134686691], [32.30315865862343, -90.15937332051251], [32.30959099868927, -90.17879852127882], [32.29825924640865, -90.1770513187462], [32.309355769416115, -90.17592591006078], [32.31026478058292, -90.16341226799128], [32.29795470291787, -90.15619497941326], [32.28216005673908, -90.17494705562297], [32.30083151794633, -90.19279195881353], [32.29347595552835, -90.18339198077554], [32.27920568921226, -90.18634935263702], [32.29933545085312, -90.17469547673655], [32.27926586691673, -90.18793420269192], [32.3201513650849, -90.1982594185785], [32.28471670115887, -90.18579369238037], [32.30749565529026, -90.18276327835805], [32.286944788372, -90.18033017963941], [32.28430632238976, -90.16734480713208], [32.31374793176084, -90.19606854901507], [32.28904272151484, -90.16034545978836], [32.301161770043244, -90.17553280691297], [32.29088192266879, -90.15244626665064], [32.30391844251458, -90.19347877013219], [32.31053510778563, -90.18027560555205], [32.29601987163392, -90.16370945175387], [32.32019322444019, -90.16744776141165], [32.31133718714353, -90.17478070864229], [32.30512831270709, -90.18222626153982], [32.304944802001586, -90.14668763755901], [32.29466054218728, -90.15233539520113], [32.27790870696341, -90.15510910701504], [32.30082065935497, -90.14691790081902], [32.31375635927574, -90.1502789750385], [32.29653236824411, -90.1654795518491], [32.299870774955636, -90.1479200602892], [32.283691263496266, -90.18839456368836], [32.316623103262025, -90.16916596232464], [32.29287506321215, -90.17470148019531], [32.320054785094385, -90.18328461267971], [32.30177536997209, -90.19651806987619], [32.306236554421474, -90.1884192408406], [32.280933167161926, -90.16887454081049], [32.30359031560704, -90.15238439042687], [32.296654569282246, -90.1484760877981], [32.28971516621341, -90.17721177128105], [32.318448899610544, -90.15013257771496], [32.29511154985758, -90.15282957010433], [32.29269077619616, -90.17346666521219], [32.288659928689846, -90.18347168629408], [32.29524061857498, -90.18905049703507], [32.30374900849242, -90.18450449350448], [32.288364897710984, -90.16931556034741], [32.29599541502312, -90.17713118884619], [32.29885196103138, -90.19065545864959], [32.304064411935805, -90.19073389888287], [32.30888037704938, -90.17135934743781], [32.29983894656209, -90.15722206913348], [32.306877127283826, -90.19283792636145], [32.32225119046061, -90.19824879192382], [32.30352492489162, -90.15251071639717], [32.281469752918966, -90.14910437975063], [32.316528936900205, -90.1835728696051], [32.294645900104236, -90.18059907831211], [32.28706859718177, -90.19472463902724], [32.278674491939945, -90.16940154124866], [32.30482400302895, -90.1638251757192], [32.28639679118602, -90.16832477624943], [32.30560111072061, -90.19691646318071], [32.295001874376574, -90.190888723125], [32.29931865002191, -90.1472029475019], [32.28231518839634, -90.15619834461447], [32.30625226291707, -90.18210152121476], [32.30443238383043, -90.179564945727], [32.31752780796853, -90.18752503775546], [32.321488173855876, -90.19425956760166], [32.31584224829732, -90.1844024207622], [32.29119416883466, -90.18628672053822], [32.2973034129186, -90.18066263427059], [32.29453948687871, -90.1606095630077], [32.281675879784025, -90.1858278065148], [32.307016019436254, -90.15382729044644], [32.27780558932009, -90.19505451034186], [32.29852664401601, -90.17120308114465], [32.297276007166154, -90.18070301579846], [32.32259556590861, -90.19770439305942], [32.29882842538149, -90.15874083456052], [32.30520318630019, -90.18288729855689], [32.290305452696124, -90.18681264684882], [32.31057342848479, -90.1900863230287], [32.316374261965265, -90.16123764602695], [32.29759202522038, -90.15730936752335], [32.30879377312565, -90.14662273416874], [32.28048155271322, -90.19789856219741], [32.289854212870246, -90.15537580618434], [32.30146811956616, -90.16161592921671], [32.311726247231086, -90.16413764079623], [32.29280993325116, -90.18508655512996], [32.317838975785335, -90.17556734030427]], "boundary": [[32.322664663400246, 32.322664663400246, 32.27759813659975, 32.27759813659975, 32.322664663400246], [-90.19852703515811, -90.14538836484186, -90.14538836484186, -90.19852703515811, -90.19852703515811]],