{
    "boundary": [
        [
            27.99860126340025, 
            27.99860126340025, 
            27.95353473659975, 
            27.95353473659975, 
            27.99860126340025
        ], 
        [
            -82.73013862675374, 
            -82.67927937324625, 
            -82.67927937324625, 
            -82.73013862675374, 
            -82.73013862675374
        ]
    ], 
    "center_point": [
        27.976068, 
        -82.704709
    ], 
    "distances_to_center": [
        2577.698930798985, 
        1711.262233098428, 
        2203.2467333865843, 
        1348.8981461124483, 
        2363.2184312584222, 
        1464.9976995360869, 
        2309.142062538211, 
        1382.5008125740487, 
        3306.2666708043384, 
        1636.8615148646802, 
        2298.368387478832, 
        817.4839447355, 
        2302.901486022885, 
        1688.717367512465, 
        429.0671941843958, 
        1278.9170793818382, 
        2048.3085311509253, 
        1858.5839566993768, 
        2875.2472876022653, 
        2030.0868826882067, 
        2055.6847199631243, 
        2541.3285700709926, 
        1964.5548192762928, 
        3384.379531338196, 
        3419.372083570369, 
        1675.4213853823019, 
        2530.6538550743303, 
        2395.104177389044, 
        1556.1235725252754, 
        2329.2078701620203, 
        773.9451052444945, 
        3316.9943680675788, 
        1740.1386254873105, 
        1329.547566584341, 
        1272.4554449973468, 
        2456.7977210791482, 
        2934.6223343106844, 
        1308.1700947277034, 
        2467.6764248346694, 
        2121.035978642881, 
        1931.7969161238277, 
        1988.4329270893968, 
        2663.968367701306, 
        1324.008281374629, 
        2459.7733400164743, 
        1888.3674994740873, 
        1381.6042959988295, 
        787.3180979866113, 
        2019.526294687176, 
        1714.1853770172615, 
        1568.1235302110274, 
        2360.2019236288097, 
        1759.9067850289466, 
        1445.752691649792, 
        762.5687341107283, 
        3293.617052839445, 
        2798.835057729407, 
        1445.6150137854788, 
        565.9039001776536, 
        2492.2107646944246, 
        2239.8087237295153, 
        801.9075969308265, 
        1872.5921435389098, 
        1140.2287617967788, 
        1134.7167866233904, 
        2915.5809101265595, 
        2842.4230120523157, 
        597.6723005993899, 
        2853.032033714114, 
        1194.3739888953671, 
        2206.8698060439356, 
        2366.6074667152743, 
        92.6635906742695, 
        1915.088039672439, 
        2474.5541245565064, 
        2356.4628202223416, 
        2166.527873743346, 
        2361.0698580333383, 
        2359.421735407551, 
        1930.117178449615, 
        2237.674686732837, 
        2158.0434273324904, 
        2155.6466286636323, 
        2645.0619033660837, 
        2318.9780928304713, 
        2176.3335056370374, 
        260.71424387429676, 
        690.5890451667045, 
        1812.9409468884828, 
        1387.9524102902571, 
        2025.1005464588786, 
        1066.600229200065, 
        2943.804158607497, 
        2526.3741109384473, 
        2258.854428634668, 
        2128.0409273522173, 
        2125.3375726003037, 
        2464.450244282743, 
        1639.1119560751201, 
        543.3707962218837, 
        2534.0747095429506, 
        2248.190373963029, 
        2802.0350849931388, 
        1108.5437935409768, 
        581.3900539651708, 
        1636.9444757753597, 
        1841.471548137268, 
        1831.8487474378603, 
        2243.635151757067, 
        2341.2236453977907, 
        1467.5612863764136, 
        1849.703476220352, 
        1405.2824238458923, 
        2144.837567413153, 
        2392.512924374634, 
        2273.4302484299587, 
        2359.567497884093, 
        914.4349139234861, 
        2424.8207432032527, 
        1758.2766252387808, 
        1527.8374023192587, 
        2468.136363666238, 
        2158.4720107772905, 
        2822.2387751263695, 
        1305.7635487281011, 
        1763.466003186829, 
        1197.278152342527, 
        2396.741975124521, 
        2257.217536223602, 
        2133.708091656697, 
        1946.1329708359328, 
        2199.464388155441, 
        1078.8115089122023, 
        1874.0515186518094, 
        2065.591775484959, 
        2456.7739466931725, 
        2470.7644774010946, 
        2828.915047108127, 
        2295.1681506846057, 
        2451.1323474459855, 
        399.77712571656934, 
        2294.9475677848873, 
        1792.670746612074, 
        1098.3741896000583, 
        352.9028185605456, 
        2697.620328237246, 
        1245.9041399949167, 
        1853.139910369898, 
        1987.58737563689, 
        746.9674073374078, 
        1674.8356953006598, 
        1689.423716278106, 
        1001.1171173849651, 
        695.3395410662406, 
        2810.3114677499925, 
        1390.9645829405292, 
        259.0218150967277, 
        2066.7273276767655, 
        928.7026871963055, 
        2108.969043632884, 
        2563.7071116541947, 
        3308.7237826487985, 
        2549.3013613897833, 
        1258.8909984477716, 
        439.30705830744165, 
        1772.4610160688478
    ],