{"center_point": [27.976068, -82.704709], "sample_points": [[27.958609327619847, 27.972990932719227, 27.953597469787116, 27.962949944983635, 27.989613452300574, 27.963476385725947, 27.967027287132733, 27.97212431698356, 27.9833016847387, 27.987050927578302, 27.970909222970157, 27.97577847096618, 27.96401625971907, 27.998180624870713, 27.9959396673685, 27.98573687409009, 27.956300195846655, 27.961142543188753, 27.965395262029553, 27.95968102260194, 27.99755496531742, 27.970632618064606, 27.975869721077228, 27.991330474740195, 27.97488244374314, 27.96461216208083, 27.98024819160261, 27.986690297345778, 27.969193038558902, 27.977598319656913, 27.960857610280982, 27.99855225393466, 27.994141173059045, 27.988061453109427, 27.954753087161606, 27.9721840795853, 27.96152774744234, 27.975774118518633, 27.99040788072824, 27.975334566472775, 27.984057159668495, 27.954126635971022, 27.99020169271111, 27.971408187242236, 27.978325504755134, 27.973608207814515, 27.97713722169368, 27.963725888211787, 27.99381822144474, 27.964118878262163, 27.976941307006854, 27.996683061360116, 27.982318536771988, 27.972787556935895, 27.961476985120385, 27.984641998824387, 27.966520888834545, 27.97448928459414, 27.995232847104585, 27.96868740905085, 27.973627609160705, 27.97121604159719, 27.986882028562448, 27.966048379900524, 27.975462531893168, 27.993860695908836, 27.99266111622654, 27.96735825788311, 27.97218271976883, 27.967481626932543, 27.995804839136074, 27.989980983549017, 27.979801230636856, 27.95671080873146, 27.97406914583893, 27.95515179284231, 27.96740591892255, 27.97044166045481, 27.981392937400376, 27.973203586600007, 27.980423285017334, 27.98357633729448, 27.98220670375048, 27.988383024410773, 27.97646749659226, 27.965066911127778, 27.973305856797804, 27.966092608206786, 27.99255303546136, 27.966495756885166, 27.99661918352442, 27.97420295858029, 27.978543353806618, 27.973211179075335, 27.960011661568323, 27.95514380557154, 27.987754711670593, 27.97085605745385, 27.954192970504025, 27.97801816527231, 27.9937432526888, 27.98193524955527, 27.96527166299245, 27.995067693235534, 27.960959037417986, 27.971186226932506, 27.96036838601608, 27.990502039449847, 27.996315241224227, 27.981395566199772, 27.95561718320331, 27.967434562248393, 27.979639682422775, 27.95522901672445, 27.96644801391935, 27.98090597400638, 27.99618684836788, 27.99233521634713, 27.982227650163782, 27.97594608079499, 27.961369246475414, 27.97871907732729, 27.958878256330244, 27.976466495351627, 27.986701119817795, 27.98564580941272, 27.98331588490736, 27.998564624680263, 27.95384605817279, 27.972975322490893, 27.996264641346386, 27.972216925602915, 27.996225239949663, 27.984807418295023, 27.966117085237638, 27.957060613869285, 27.97430553781969, 27.973345086848443, 27.971167484735236, 27.965021700432906, 27.99234971366133, 27.956286577446484, 27.983984048956454, 27.961653990875973, 27.966577677331458, 27.9890581986085, 27.99452117963819, 27.990494442885186, 27.98974473823466, 27.97183984657484, 27.995122438932725, 27.977861296048264, 27.97064553504926, 27.96879803449245, 27.960483449664892, 27.996734710792033, 27.981661743766537, 27.96800741539371, 27.970282284117186, 27.97313055177648, 27.994764914001372, 27.98862758941865, 27.960801274848876, 27.978319886233052, 27.99578296286488, 27.991881151984856], [-82.69735692360985, -82.71385833109188, -82.71139551994783, -82.71763030541723, -82.6920078674964, -82.68483198070537, -82.71634993165627, -82.69985819829105, -82.70097941744339, -82.71261723632182, -82.72409418000689, -82.70725217375819, -82.68025985231539, -82.69991251327896, -82.69411212418319, -82.71944150837363, -82.70335301757711, -82.69006451395289, -82.70572163919972, -82.72510778898099, -82.7131358562959, -82.70738995026377, -82.72539377948559, -82.70652529714177, -82.69964174525869, -82.69589656258158, -82.72529824065823, -82.69297290607383, -82.70783618167597, -82.71085549341207, -82.69875535429236, -82.70061813775773, -82.68518060701749, -82.69604007136158, -82.68928881087838, -82.69645985806547, -82.69942610191671, -82.70118592171286, -82.68095218695021, -82.71201928385852, -82.7267593704419, -82.6979935103248, -82.69942640081364, -82.72057343000291, -82.72011437442326, -82.71163997023011, -82.72689940912433, -82.68117452373382, -82.72037850230049, -82.7165185677589, -82.72080472685626, -82.72529127823852, -82.7066416748279, -82.71973790680886, -82.72902701767684, -82.6892919478338, -82.69183203679589, -82.7192765688404, -82.6996553307987, -82.6904549704876, -82.70947264565838, -82.70247544997396, -82.69568647145108, -82.68247320039114, -82.71435867745126, -82.70492510847765, -82.70978179522172, -82.70690102956216, -82.70312868588375, -82.68155273384777, -82.72935979675856, -82.69556500987991, -82.71468260189161, -82.68700108349509, -82.68424496403705, -82.68841734699984, -82.68016394749476, -82.70112392337607, -82.68146154170783, -82.72917764892964, -82.68744064312544, -82.71275715547381, -82.70357428183476, -82.68858002877029, -82.6929474445184, -82.7116399204944, -82.70816384341873, -82.72210652135333, -82.68244040342086, -82.70321444396767, -82.71363460899292, -82.70967807472522, -82.72705649907705, -82.68053481102301, -82.71844118882967, -82.69353772122281, -82.69841034445037, -82.72803673927714, -82.70132811849462, -82.71700566361604, -82.7271236781996, -82.71410585701358, -82.70161880121185, -82.71122559423686, -82.69738300147564, -82.72727129904192, -82.71394853481486, -82.70743947052367, -82.69498163433465, -82.71416828595044, -82.72240972524473, -82.69460981489156, -82.69935404736209, -82.72538150895925, -82.71032740464638, -82.72480581063962, -82.70766223124794, -82.67991399606824, -82.6900616136299, -82.6999124692615, -82.70932247411355, -82.70440914216653, -82.69495870489135, -82.70856746784119, -82.71428509281557, -82.70527205460532, -82.70041966325878, -82.71869229160495, -82.70455503687602, -82.68205706188823, -82.68684799731946, -82.70060581973402, -82.685121041278, -82.722915342666, -82.69683407785229, -82.70310709087629, -82.68586282856273, -82.70699150528581, -82.68848093443329, -82.69747036852938, -82.69408472102575, -82.68579096791667, -82.69822911766023, -82.70037605436643, -82.71600510685963, -82.68939366289526, -82.68250221650673, -82.71597085709004, -82.67963308807171, -82.68275230069642, -82.68381427892032, -82.68951512509796, -82.72382251900203, -82.72950319201988, -82.7087783914807, -82.72687857994336, -82.69012539865538, -82.6870175048147, -82.6818400588012, -82.69259978531369, -82.70766393194735, -82.6866806834247, -82.70148075634674, -82.69722616353936, -82.69780327619553, -82.69605353906837]], "boundary": [[27.99860126340025, 27.99860126340025, 27.95353473659975, 27.95353473659975, 27.99860126340025], [-82.73013862675374, -82.67927937324625, -82.67927937324625, -82.73013862675374, -82.73013862675374]]}