{
    "boundary": [
        [
            41.93472306340025, 
            41.93472306340025, 
            41.88965653659975, 
            41.88965653659975, 
            41.93472306340025
        ], 
        [
            -87.67837932730953, 
            -87.61802207269048, 
            -87.61802207269048, 
            -87.67837932730953, 
            -87.67837932730953
        ]
    ], 
    "center_point": [
        41.9121898, 
        -87.6482007
    ], 
    "distances_to_center": [
        1499.8287227362332, 
        289.78995068177073, 
        1739.6897627705655, 
        1525.44039632576, 
        929.0768692242345, 
        2445.225129003689, 
        1002.3601134947959, 
        1952.3665249953601, 
        1001.8840783962642, 
        2667.9058449476365, 
        2239.964905317347, 
        1704.168402192018, 
        3143.593266089258, 
        1629.9168222559608, 
        1475.7995921118063, 
        2337.0796619555185, 
        2683.854874116382, 
        1877.519737141614, 
        1429.0052282367387, 
        3171.099368468922, 
        2685.0511622017166, 
        1036.7617790142676, 
        601.469030857255, 
        692.1562289366576, 
        2487.887163886305, 
        2114.9733011142125, 
        1847.8811860490962, 
        1908.1637243555606, 
        1813.6750781555925, 
        2257.902328988447, 
        3010.1758733666466, 
        2473.8403193475083, 
        1221.2274020631012, 
        790.4021877453782, 
        1602.379509163408, 
        2238.5339002944443, 
        2198.9439437958795, 
        2476.6595548792084, 
        2464.3761236368046, 
        2120.1963530473595, 
        1188.4192323080931, 
        2377.5323578009748, 
        2266.2501012527937, 
        1006.2652522777804, 
        1942.195054716851, 
        2244.3090450959953, 
        2125.112249547732, 
        2839.227572345094, 
        2690.924695809164, 
        1896.5178024819768, 
        2902.0792715805583, 
        2744.791482020045, 
        1951.7456154913423, 
        2542.655058852961, 
        2923.5529295429405, 
        2436.679371048632, 
        1952.5612699389762, 
        2241.4278222298944, 
        2639.315154599244, 
        1158.1165517451457, 
        1926.568900300671, 
        2860.809064416307, 
        1523.0491910021071, 
        2783.6206089389552, 
        2342.592731748048, 
        1897.7673594409803, 
        2112.4568610688816, 
        1529.973082529504, 
        2444.81579730337, 
        2282.457741395738, 
        1686.893147856195, 
        1219.1588234636156, 
        1669.6062291820015, 
        1628.9158001886672, 
        1832.0011882944436, 
        56.14495797580856, 
        1700.545356875437, 
        620.212898248106, 
        2024.748451815234, 
        2153.4622998949885, 
        666.3311656704875, 
        1420.9999479418204, 
        613.2549564084946, 
        1852.9110650427892, 
        3226.4234633114174, 
        1880.482131347048, 
        2352.7571314148527, 
        1449.7238427607806, 
        419.7894677914317, 
        2127.441692507875, 
        2936.165731164267, 
        2243.144225139478, 
        1218.0556616573929, 
        2139.600052291172, 
        1221.8781595833375, 
        1446.4770915104118, 
        1528.8901764980374, 
        1794.1241745189996, 
        1331.318437853444, 
        2625.1261165204915, 
        966.1043546068377, 
        430.5980649360988, 
        1607.781744927892, 
        2288.4307903119716, 
        2111.284357993223, 
        2099.6873189431367, 
        632.4654991323962, 
        2425.5594537168045, 
        2232.943401194298, 
        2234.35765463802, 
        1694.2324599594808, 
        149.77367973419558, 
        942.096049112997, 
        589.2961692817418, 
        2340.4923703315308, 
        755.8769991804073, 
        2478.7943547269997, 
        2123.7669246383352, 
        2799.0882490722415, 
        2725.75426449976, 
        2561.9604586349315, 
        1802.2651227956537, 
        880.9541429809709, 
        1119.3684677006847, 
        2862.7431709748084, 
        2549.7445040483735, 
        2166.5272407687266, 
        3246.7616409786815, 
        1878.166102325651, 
        3101.0496209526236, 
        2369.1070107195324, 
        2176.897943592875, 
        1758.0390659219331, 
        140.70963234057135, 
        1100.1277943871626, 
        2931.8800360725777, 
        1482.9974001051396, 
        2231.8670469063286, 
        2047.4975751704537, 
        2677.9166085488578, 
        1008.651180605362, 
        3038.344055397183, 
        710.4339680778927, 
        1897.0886688763667, 
        2463.639079215715, 
        2454.8865584407845, 
        1382.895057308815, 
        1810.8014080785972, 
        2724.0588083089656, 
        746.7407242956438, 
        450.71049690462485, 
        2462.776257005785, 
        1051.011980901869, 
        2100.79919442064, 
        1694.8259243239934, 
        2446.7857546162622, 
        1967.755979527441, 
        1138.5404960313417, 
        1613.8805641102074, 
        2552.059032552185, 
        2306.2413623923326, 
        1347.8487870997985, 
        1524.4969546956193, 
        2528.0180661659197, 
        1840.4660677024592, 
        2789.2590946321952
    ],