{"center_point": [41.9121898, -87.6482007], "sample_points": [[41.90433871184006, -87.63209358472099], [41.91847316369406, -87.67342710557291], [41.904742873596945, -87.65538438002035], [41.91030547025454, -87.64195970127227], [41.90793515362603, -87.64840825436849], [41.92210868939435, -87.62524371506261], [41.92319759646133, -87.67777294156758], [41.92974149047291, -87.65351463145151], [41.908580122257746, -87.63849686982658], [41.898855646969025, -87.61944447152092], [41.89636570237718, -87.6226053120235], [41.92127333317185, -87.66725195986092], [41.921786838968934, -87.64216666267478], [41.89386691449926, -87.6390070274206], [41.919564285015305, -87.66226843428541], [41.915513348296194, -87.63821448684341], [41.92702182112003, -87.63112546069019], [41.89627956679677, -87.64137241164661], [41.91358344303933, -87.6315101541966], [41.9095549977226, -87.66356179657473], [41.9038726710023, -87.62101508330677], [41.927689506913126, -87.66509949983323], [41.932185298166814, -87.6521265427516], [41.897510644113964, -87.65257007841838], [41.89111683073399, -87.66878962830165], [41.90521115857813, -87.62753815194066], [41.91828078856815, -87.61844503138757], [41.91728740032044, -87.65637431934825], [41.9299412891727, -87.63463946474977], [41.92353335911558, -87.66720477559096], [41.90547058421669, -87.63183923977905], [41.91723762668652, -87.66351471961279], [41.89300338549388, -87.66982334993384], [41.93024651630959, -87.66679661218444], [41.924147290745836, -87.63821183010442], [41.92109069984063, -87.64380923093618], [41.91898846066422, -87.66015057516081], [41.91732662960343, -87.62091797516162], [41.90081100780589, -87.66154907628352], [41.8919472863899, -87.63439990212822], [41.9078479868801, -87.65620553542196], [41.93205488432706, -87.62294453517146], [41.8971446842739, -87.67323835070813], [41.890097494730895, -87.6523064433108], [41.91853625670467, -87.63609552202904], [41.92445569836712, -87.66194760654402], [41.89760093515183, -87.66527860949812], [41.92289531096012, -87.66023525247941], [41.89568756653919, -87.64040135539962], [41.93247231137424, -87.64054830590247], [41.892845897760154, -87.62376810228606], [41.92144925197894, -87.67773763227446], [41.91053781304763, -87.66899220901757], [41.93014501385298, -87.65600851488739], [41.898310914306045, -87.62060356081724], [41.91072453854914, -87.65328283266055], [41.92952394956104, -87.62277937956254], [41.892166000066034, -87.65213375480161], [41.9238393419231, -87.66523610950954], [41.92348135128995, -87.63915957062896], [41.923232601571236, -87.6336477501408], [41.90522261773922, -87.63169212555033], [41.90720557255606, -87.6241547402139], [41.910614358376044, -87.63129708791456], [41.934064090693994, -87.65456349086116], [41.902095876689465, -87.646463998698], [41.896027129468365, -87.62081824797706], [41.93360726353462, -87.67029795183437], [41.902690399178965, -87.65769707786383], [41.90843769177179, -87.6240991025456], [41.91146042208445, -87.67294766655766], [41.91526142418853, -87.65643684338602], [41.92328665306202, -87.66599817384234], [41.92231366115382, -87.67679350793603], [41.92957248450215, -87.62981683761666], [41.91064166735446, -87.62061379491895], [41.929993801664196, -87.64421367088464], [41.89298686549591, -87.65746258372398], [41.9285359654958, -87.64391998084332], [41.90435561625411, -87.64042869095891], [41.90593010121683, -87.6660001925346], [41.911260424383784, -87.63107937896123], [41.89911581735559, -87.63384174758683], [41.90452593871031, -87.67783772780923], [41.92524299075296, -87.6204633627333], [41.92239704778064, -87.65711700006773], [41.90831958421511, -87.63313938852654], [41.90814545967063, -87.64587360984494], [41.8947334357314, -87.65186824080337], [41.93205413935842, -87.65235802345266], [41.91482160488933, -87.64618454628314], [41.89601635582142, -87.65548978092848], [41.921196736817116, -87.63420531746709], [41.89581353503542, -87.62982295400964], [41.91429863756942, -87.64406435611478], [41.91119758490575, -87.62287387052174], [41.90158284304961, -87.62490490974925], [41.916781188550225, -87.67172747573862], [41.89278536651161, -87.63023310699243], [41.895921709699195, -87.62709867224318], [41.89476650950766, -87.63576235109653], [41.92300303708211, -87.65891357002893], [41.917392778408285, -87.64475256287045], [41.91169410241237, -87.65909611327649], [41.93049548570211, -87.66217646610447], [41.891060232319056, -87.64260242635], [41.89179655756719, -87.65870473154423], [41.909900776441866, -87.65185915878963], [41.89887786580876, -87.67446400216002], [41.899071433413944, -87.62018274201672], [41.9090851750401, -87.66027209139865], [41.903021200716594, -87.6648797540097], [41.91031899786243, -87.67191093128805], [41.925828695153385, -87.62289821868927], [41.89388347351914, -87.6378882060189], [41.93345310474014, -87.62775893488194], [41.90316123881863, -87.63925721658714], [41.908912987894084, -87.62855563991926], [41.921359961922875, -87.64152289843507], [41.90679080245665, -87.6253034476816], [41.91298274228492, -87.65190063490923], [41.92196666377616, -87.65724962328568], [41.910368999722756, -87.66488582152918], [41.89472280079478, -87.66984639006719], [41.933999209356834, -87.6378738007672], [41.91878134404754, -87.63499404234656], [41.92862350725974, -87.62354289730982], [41.92398073080377, -87.66215084637949], [41.921945825314815, -87.63566225313794], [41.89855627856251, -87.62257833165009], [41.89740649099734, -87.6326429052477], [41.90480203488744, -87.62732654986706], [41.896547161611565, -87.62921113412422], [41.89760028723898, -87.65003835441105], [41.91851771987804, -87.66374924599192], [41.89144970597137, -87.67352582111735], [41.93053157709373, -87.64928501185], [41.925125220450376, -87.63638279550207], [41.933417072091004, -87.65322266492869], [41.91895504221481, -87.61935796457884], [41.92246952414296, -87.6733355308483], [41.89598402983711, -87.66730213446237], [41.90269820499893, -87.66674601107829], [41.89322550838981, -87.61891310374459], [41.93425019558695, -87.63453455404503], [41.90464296248595, -87.6434090030683], [41.893133447986536, -87.63945898503519], [41.9176950140221, -87.64629321388338], [41.92418403184738, -87.65735676569551], [41.905317831231834, -87.66432209993313], [41.926591141623945, -87.65038983994131], [41.90536253827132, -87.66964339589865], [41.926387124367274, -87.63534121887567], [41.933435243130035, -87.67819969025014], [41.89366902955127, -87.65324581844112], [41.9211455896577, -87.6533271982809], [41.92573050982688, -87.6371319237938], [41.90822019339392, -87.65790616493977], [41.922777845245456, -87.6307357047151], [41.90938414620499, -87.62795801407378], [41.89018731347289, -87.63223147850675], [41.906322444762026, -87.64833611604077], [41.92123292651789, -87.67375258361318], [41.91042440872933, -87.65676263347679], [41.892960360481474, -87.66320501831251], [41.901808863408895, -87.62246029390755]], "boundary": [[41.93472306340025, 41.93472306340025, 41.88965653659975, 41.88965653659975, 41.93472306340025], [-87.67837932730953, -87.61802207269048, -87.61802207269048, -87.67837932730953, -87.67837932730953]],