{"center_point": [41.9121898, -87.6482007], "sample_points": [[41.92630479572344, 41.90939134548381, 41.9195819654509, 41.88999130522238, 41.91420183585338, 41.92679344017144, 41.89934609466902, 41.925138829332944, 41.91979874079375, 41.92353814738419, 41.894067454733126, 41.890607118532614, 41.913117950233996, 41.914503741797425, 41.89627969106413, 41.913399257880975, 41.91225624655423, 41.922971145442396, 41.89835628360659, 41.932440303505466, 41.93110455742625, 41.92671235407013, 41.93278254056861, 41.925951920136974, 41.91132651481387, 41.91663158208886, 41.930615958951726, 41.92930910344286, 41.92940616596649, 41.900427829777286, 41.89652678344774, 41.90747973935947, 41.91839220752861, 41.8953110861455, 41.89800734329683, 41.92556713941987, 41.92522703009469, 41.90064850353735, 41.90952822166674, 41.92491843303917, 41.92701194855974, 41.8978153331774, 41.90607352002887, 41.91857963373205, 41.915234738384356, 41.89287582827981, 41.90057510186241, 41.91754626989038, 41.916806870042606, 41.89954525955221, 41.91094794966057, 41.91835614532713, 41.918064248977664, 41.91428861252893, 41.92769521100684, 41.92110540201548, 41.90795201435246, 41.93329741621156, 41.91569334161348, 41.89075316587586, 41.895726452761124, 41.91332490808163, 41.90868841870729, 41.931060357261494, 41.90906446351595, 41.91718597446158, 41.89861829292627, 41.892297897517786, 41.91846557623728, 41.926935973992094, 41.89204760007378, 41.898233290012634, 41.916071013541426, 41.90932583391183, 41.912422639336455, 41.89267238123617, 41.93288021114378, 41.91094166735611, 41.89151873960282, 41.897175659753366, 41.9006372534887, 41.91342411101451, 41.92231320533717, 41.925423323170335, 41.89041199997579, 41.93104991786752, 41.89641142139561, 41.931336000477344, 41.90088321409543, 41.923425942898305, 41.91201704798377, 41.907200996850634, 41.91209975908521, 41.92132337117971, 41.92203440639832, 41.906135949814384, 41.89847087065166, 41.91507991050103, 41.92379659846539, 41.917853456310716, 41.928074205233095, 41.89630527091988, 41.9075586802683, 41.894182015063606, 41.90712917363223, 41.92354919811748, 41.89923950824853, 41.89139597014488, 41.89888237992144, 41.901515558974786, 41.9146574275695, 41.91161496203249, 41.896729161787434, 41.89268914702946, 41.89566881015556, 41.918861226011884, 41.89001155459475, 41.91510628594123, 41.910092099076415, 41.93165053995521, 41.92158513238738, 41.891486992826636, 41.92725667922158, 41.90711739506591, 41.89956658444682, 41.89144820777934, 41.91099334002924, 41.90055780255848, 41.89370088568171, 41.898582909868786, 41.8909730494414, 41.913602949585034, 41.924869563996225, 41.9299413682357, 41.914414408856985, 41.89545521695289, 41.91310303474939, 41.934481528902104, 41.89295672037795, 41.91531036319714, 41.9125288925805, 41.90979540846002, 41.900434151823234, 41.912977985928464, 41.922125019793945, 41.90865445498978, 41.90308710557524, 41.925205766513855, 41.89776554081851, 41.90674553409486, 41.89140201757392, 41.91123955882013, 41.91953270506736, 41.933249917344455, 41.893515361164106, 41.8951309249355, 41.933677354244246, 41.91056558743488, 41.9112034533093, 41.900012730524224, 41.896882495345864, 41.92617685060835, 41.893324906691326, 41.910563803953096, 41.925372000199836, 41.892217741445705], [-87.66970150546634, -87.65135709363565, -87.64546443418372, -87.6437193834894, -87.6529917030933, -87.65225044686147, -87.6670535635996, -87.61927754699097, -87.62560649064672, -87.64564618710868, -87.63412706578914, -87.63924784250283, -87.64361000750667, -87.64204363265753, -87.62484773089518, -87.65382238735211, -87.62368411120077, -87.67016749232452, -87.65777582500674, -87.66327959370187, -87.63249591334223, -87.62696737928034, -87.65750307659502, -87.6203514658391, -87.66161261425869, -87.63260102123911, -87.66493348487163, -87.62877509942416, -87.62610193670012, -87.65191540484305, -87.66098032334935, -87.66858612483489, -87.67385441629436, -87.6435084381803, -87.64671918842274, -87.620856682357, -87.62115144698402, -87.65053115731655, -87.62228914809867, -87.67275470230727, -87.65537488807422, -87.64180369170823, -87.67040765705823, -87.63904065706028, -87.668755489807, -87.64064474109693, -87.65948223754134, -87.64840968876621, -87.62189896328246, -87.67443119849322, -87.63564820667087, -87.62929659810932, -87.63244235902863, -87.66188092253317, -87.6193365944107, -87.66063704575316, -87.6425669641135, -87.62885156194226, -87.62074032402828, -87.66735749507957, -87.6448532584838, -87.65553838679935, -87.64770999663295, -87.64760545639159, -87.63175054413853, -87.64506480512502, -87.6220260434376, -87.63386126963871, -87.63629792118161, -87.64235035600713, -87.65928465283203, -87.62521195064738, -87.63958098270547, -87.62896724293711, -87.64306331264606, -87.62362561254172, -87.63385209730475, -87.67427378554513, -87.66047368054312, -87.63937946333516, -87.65063120220013, -87.62889954881216, -87.64295253706167, -87.66944658164853, -87.63350815810641, -87.6264539206453, -87.62276258473936, -87.67707009161822, -87.66564220964871, -87.67515453815592, -87.6333834093553, -87.67429126826984, -87.64065523831184, -87.6726635563009, -87.61820807512217, -87.61818785225488, -87.65801695474173, -87.6190000295184, -87.62177525714843, -87.64394201278769, -87.65478253056196, -87.63012928446142, -87.66713174934611, -87.67822273096795, -87.63299792201144, -87.67034158688453, -87.6608268875453, -87.63945236423389, -87.6516575646597, -87.6455741847013, -87.63289737660811, -87.64800749594255, -87.62070755368694, -87.62407225341724, -87.64154182976543, -87.64421645487619, -87.64477630286103, -87.62989611987133, -87.62404494739401, -87.66151070937524, -87.65896281556422, -87.66309892809004, -87.65562192001087, -87.64014736270475, -87.64394155518796, -87.64083042153233, -87.642428328198, -87.64941511204822, -87.64088372183525, -87.62692139153506, -87.6188319105058, -87.63816400831499, -87.62339564623149, -87.66482373686826, -87.64089224905815, -87.62397023274002, -87.65364568161037, -87.62521639851633, -87.6238130482032, -87.6316974056356, -87.64124505562813, -87.63496684916355, -87.64547956232308, -87.67115927314474, -87.62340873027729, -87.67716225898877, -87.62914220404434, -87.61916559040303, -87.64705520706123, -87.64653403526975, -87.63846242722697, -87.62283064885348, -87.64948010137664, -87.67648175463937, -87.6776680308373, -87.6753249785873, -87.65673302571463, -87.66355570306952, -87.67756886905488, -87.67108573485154, -87.63854272517851, -87.66612095190824, -87.65012002628704, -87.64207659773516, -87.67046538896562, -87.66531909620412]], "boundary": [[41.93472306340025, 41.93472306340025, 41.88965653659975, 41.88965653659975, 41.93472306340025], [-87.67837932730953, -87.61802207269048, -87.61802207269048, -87.67837932730953, -87.67837932730953]]}