{
    "boundary": [
        [
            32.89627006340025, 
            32.89627006340025, 
            32.851203536599755, 
            32.851203536599755, 
            32.89627006340025
        ], 
        [
            -96.9716704069394, 
            -96.91819059306059, 
            -96.91819059306059, 
            -96.9716704069394, 
            -96.9716704069394
        ]
    ], 
    "center_point": [
        32.8737368, 
        -96.9449305
    ], 
    "distances_to_center": [
        1761.2680961456476, 
        2509.9240086206896, 
        1858.2543254881662, 
        2336.0662746762555, 
        886.7403047391306, 
        2874.2125718457896, 
        2132.5994567043986, 
        2515.466014551034, 
        1309.2649876035016, 
        2677.872303460628, 
        2423.4827204236226, 
        2417.197193440029, 
        1667.0614448380043, 
        1658.7092872502433, 
        2095.8295302415518, 
        2689.932681223344, 
        2523.9550275787333, 
        2152.532234618917, 
        1049.562388900632, 
        358.6173278608268, 
        2748.1567602379437, 
        2329.7709689793905, 
        1134.1752481353863, 
        1505.81971688009, 
        2106.6803041441713, 
        2239.8317171284525, 
        2060.8485647203456, 
        2207.215168299221, 
        1037.8931128295335, 
        2599.2813398533585, 
        1927.1385083992336, 
        2880.469416183139, 
        2814.4927272576806, 
        1841.753403828518, 
        1446.5421720389895, 
        795.8983309473507, 
        2591.7350670605833, 
        3028.2215329427418, 
        3204.3561170487646, 
        1980.0221774057493, 
        1912.5121291709413, 
        1821.3695913124334, 
        1909.462016694034, 
        1999.523081235609, 
        1797.4126672362568, 
        2463.413980914052, 
        2336.421115389204, 
        1450.948746954671, 
        1049.8163515517435, 
        1486.5130988356486, 
        1175.1815792957777, 
        2749.5649224696854, 
        2300.7025492866087, 
        2170.5534593260195, 
        1269.3090686030475, 
        1502.3613448820854, 
        1363.2571864590543, 
        2171.873565237985, 
        2442.4696589040295, 
        1527.8248087827158, 
        1285.794425466889, 
        2916.33199247524, 
        1996.9055249495116, 
        528.7826796966284, 
        1438.316919530908, 
        2157.9752600940396, 
        1730.2201437178776, 
        1227.5099797933076, 
        1822.5000668914338, 
        2189.433491575689, 
        891.9973070675806, 
        2698.7468823303234, 
        2720.308152618684, 
        1865.182387532032, 
        974.64599521947, 
        2206.122241453405, 
        2582.8714406512986, 
        1178.376585656822, 
        2376.892945230494, 
        2458.155756497117, 
        2440.735716432821, 
        2246.5444388544424, 
        640.1070998190359, 
        1716.4352889110742, 
        1909.9288969488848, 
        2316.813597140198, 
        2548.876803208313, 
        2545.342413460704, 
        1954.824285796009, 
        3121.067674186473, 
        1586.8186622441208, 
        1382.0807501931508, 
        1958.2928866205734, 
        1457.9937615143103, 
        2414.3156041015886, 
        1917.4442235543463, 
        1927.7913970706613, 
        1172.0464937966688, 
        1632.9354744022871, 
        3071.0734231311, 
        2274.399158773309, 
        47.72555695016594, 
        2183.4087779489364, 
        857.4251045861328, 
        135.0960064985025, 
        2423.8870178781635, 
        796.7216293054255, 
        2531.6189238101165, 
        2713.3719473857873, 
        2511.8843917793197, 
        1222.8863315100557, 
        1788.6257376593976, 
        2585.5841831150988, 
        2156.0708197414074, 
        2547.3030690281894, 
        2090.6725826730235, 
        2331.9289532328394, 
        1927.5256229594083, 
        561.4855567328619, 
        2201.603778492064, 
        2757.9372317821912, 
        3071.803357558657, 
        1895.801295928966, 
        2545.2807591818937, 
        769.9037008662383, 
        1281.3269732975525, 
        3253.573963599017, 
        1295.3594419877084, 
        2017.9784576372515, 
        2237.6944274277607, 
        1987.9651813553094, 
        2337.23712347932, 
        2331.0293775871082, 
        2335.99243417995, 
        2086.4439818479545, 
        957.1081835732961, 
        796.9811162639269, 
        459.9036077491904, 
        1211.9325944543457, 
        2247.531998951683, 
        2325.64439287291, 
        1337.632771379318, 
        2259.373890204549, 
        1459.4717965679272, 
        2449.850090086509, 
        658.9530554728536, 
        1854.3669041263622, 
        2534.4820038813014, 
        2009.6809790546572, 
        554.8833661372369, 
        648.7442454999397, 
        1626.1801690320174, 
        1934.6939779679963, 
        2048.2327480407994, 
        3010.8935588216013, 
        2833.203717061431, 
        1252.7811184128286, 
        715.4601494243304, 
        2688.455247014112, 
        3183.154510893076, 
        2237.3918992209624, 
        2899.5825843856874, 
        1502.2636591235237, 
        976.3212610676011, 
        1970.3100305334426, 
        2190.931011843924
    ],