{"center_point": [32.8737368, -96.9449305], "sample_points": [[32.878144601840795, 32.86838119705431, 32.893376983333184, 32.86133736279281, 32.88298079271846, 32.865338799464844, 32.8594176092823, 32.85862755370884, 32.88908252392804, 32.893518489544256, 32.893241016187545, 32.87749430301646, 32.87922248812254, 32.880780246547026, 32.86234339769137, 32.85878619404244, 32.8693785742463, 32.858515251683215, 32.87648834577117, 32.8929632671495, 32.87093917776612, 32.87318323790829, 32.87196514204319, 32.859904878663116, 32.86373075350914, 32.880291597229906, 32.88748642992883, 32.8707781667172, 32.86382763616134, 32.86058659780464, 32.894737093778616, 32.860592729774666, 32.8576356973329, 32.8787155123468, 32.85367390848647, 32.8909004791759, 32.86889522706218, 32.89192798098018, 32.8577281986731, 32.870210607911694, 32.88121950963028, 32.874236521142436, 32.85872722160543, 32.85840304668574, 32.89060126805543, 32.88178106310151, 32.870298738162, 32.872522804276336, 32.878789188021926, 32.88991555539155, 32.886491507938565, 32.86843427837977, 32.856595048466865, 32.85993195905267, 32.86796324655981, 32.8754206330377, 32.87801642048473, 32.85316978378289, 32.86732031962738, 32.864529120018766, 32.867268635380384, 32.88684107588352, 32.889327898154114, 32.86315633012323, 32.88765226316875, 32.860773840339476, 32.87111274336897, 32.867784643922434, 32.85261478968408, 32.87818062446602, 32.85698414490292, 32.86162855646097, 32.86298428533893, 32.881358460584764, 32.894966246174135, 32.86436886861152, 32.89532934797403, 32.86051255811647, 32.8761530324091, 32.859524701243004, 32.86172676007894, 32.86570256937055, 32.887491695787126, 32.869859769612084, 32.86774544415236, 32.88860638454735, 32.85173708519106, 32.87436664658631, 32.890576970185826, 32.89375116990431, 32.87631668066587, 32.86278903699909, 32.87339681081148, 32.863111715545365, 32.892231217864655, 32.8644937679731, 32.854985727755555, 32.89097639146279, 32.87895683315155, 32.87403394183858, 32.87521027313269, 32.86633638203246, 32.853519603046635, 32.86194420865059, 32.87705277926996, 32.871952411065486, 32.8673235950096, 32.892232216498286, 32.85689146316549, 32.855061309871886, 32.878499729042225, 32.893363704552605, 32.857450971593025, 32.88358744082154, 32.869548156753886, 32.86807768048871, 32.85986907404941, 32.88275737191305, 32.8741866149425, 32.874552545592444, 32.85683670437498, 32.863696793551796, 32.858710816245065, 32.88524858244655, 32.863645453470646, 32.866190582482886, 32.87516597432381, 32.87882180337048, 32.871623613620855, 32.8712664956087, 32.86351891298945, 32.861837925255344, 32.85528980215171, 32.87554727109007, 32.87839828228099, 32.8667940515912, 32.85550859516814, 32.86168474756972, 32.88934800098878, 32.895045234777804, 32.85803717120386, 32.88779949927132, 32.89318294716839, 32.88114275689161, 32.85983847322257, 32.88295594432936, 32.86504958273618, 32.88602711936147, 32.89570821298798, 32.87068161429709, 32.88640742168273, 32.89585943923059, 32.8695357279123, 32.85499395669057, 32.85382646740893, 32.852392046733144, 32.85616592476583, 32.85724827381529, 32.86241639433325, 32.8535228613045, 32.890919286806145, 32.85944431970207, 32.863824289585544, 32.86457221475639, 32.85558590502379, 32.85300504845965], [-96.94075710169318, -96.91902985914957, -96.95452652665918, -96.96243496855618, -96.96507763187648, -96.9531355073273, -96.9475199781812, -96.94573876478421, -96.93389706880252, -96.94106791621375, -96.95861278244543, -96.92978121094409, -96.97007624444063, -96.9226407731062, -96.93666338075465, -96.92009814617583, -96.9250633927229, -96.94605301379839, -96.92294418723547, -96.96739990431917, -96.95282547167633, -96.93273364997748, -96.94708340297713, -96.9396128713875, -96.92664521524065, -96.91988619664993, -96.96056016060874, -96.9404635444357, -96.94089146866251, -96.92328043161528, -96.97015075591344, -96.92575891910096, -96.95817897017011, -96.95702901381324, -96.94901690827433, -96.91965049334304, -96.92247900568611, -96.93837118155045, -96.92607859329131, -96.94570073745447, -96.92972011696949, -96.9284990210849, -96.95350410160573, -96.93763329764835, -96.93282449799511, -96.97090874935849, -96.93355918945252, -96.92030531664369, -96.9457061266571, -96.96187166121189, -96.96136509071336, -96.97034751299297, -96.93733508338096, -96.95879108008798, -96.95647410926323, -96.95236020857314, -96.95083396450285, -96.961824100458, -96.9264728823522, -96.96346781354292, -96.94164508048021, -96.91849384710898, -96.92619699757567, -96.92948548737456, -96.95462491423694, -96.9267854776628, -96.94390895701524, -96.95617479323707, -96.95449744082912, -96.93024274499487, -96.93828749466253, -96.94072070118891, -96.93772583344034, -96.94230106966566, -96.94253345954424, -96.95154287221817, -96.95725587901211, -96.9619703456051, -96.94877740338701, -96.94815738567067, -96.92735116932072, -96.923310754865, -96.95947217357207, -96.96730282833146, -96.92115185884494, -96.97131335961812, -96.9436080697536, -96.95072535653705, -96.92673807776211, -96.92557613175963, -96.96751665813134, -96.94015751853051, -96.9329056250194, -96.96111244958448, -96.9688251104822, -96.96674932703529, -96.93909092554661, -96.92924480150103, -96.9642710803158, -96.92089333544419, -96.94703334577383, -96.93199139963201, -96.93202917681494, -96.94779251430096, -96.94444773893578, -96.91943028695593, -96.94748400119975, -96.95633172340922, -96.96202822228761, -96.93491465194555, -96.94512143283599, -96.96911266382024, -96.95513148064818, -96.96253645073334, -96.94404782806416, -96.9304976675368, -96.93337150185111, -96.93288875732365, -96.9367254080012, -96.96834017746325, -96.94380267464578, -96.93228576757744, -96.921246861093, -96.93767880242694, -96.93641863765941, -96.97122175415826, -96.92128614309242, -96.93291210779928, -96.95988988016609, -96.92736564119656, -96.91885956396663, -96.95064953342644, -96.91841825948572, -96.94969908987837, -96.91976217970736, -96.92153533099619, -96.96143450486282, -96.95523853191672, -96.97119826893453, -96.96533669135086, -96.932345073158, -96.97148616879777, -96.96488836355623, -96.94954090593174, -96.97085932717324, -96.92859834130059, -96.95810666256725, -96.95610591627043, -96.92141763670246, -96.91875659729281, -96.94058498953282, -96.94258652835246, -96.92452583346257, -96.9700815069039, -96.96807010425033, -96.97035925268287, -96.96197938869373, -96.91922975715372, -96.96402723237355, -96.96177667786736, -96.92980540537089, -96.92588157112351, -96.95010623907392, -96.93433956500351, -96.9359613932594, -96.94203425331031]], "boundary": [[32.89627006340025, 32.89627006340025, 32.851203536599755, 32.851203536599755, 32.89627006340025], [-96.9716704069394, -96.91819059306059, -96.91819059306059, -96.9716704069394, -96.9716704069394]]}