{"center_point": [32.8737368, -96.9449305], "sample_points": [[32.85939190410481, -96.96394696094212], [32.879245450818125, -96.95674571956596], [32.89098195653139, -96.93918841981417], [32.88659943890266, -96.93108827090214], [32.858776145145455, -96.93564925321826], [32.88193549432014, -96.94264264652634], [32.881717429293786, -96.95361296740084], [32.861319880880835, -96.9346977044658], [32.87322022865621, -96.93206512073928], [32.85370315241038, -96.96918516259308], [32.85247252411294, -96.95374317847362], [32.86447150479541, -96.93505014094052], [32.89589084262541, -96.95749241299647], [32.89348175143188, -96.95682436510552], [32.85429683230768, -96.92195484647819], [32.879345503163925, -96.94784414065828], [32.86299199384459, -96.93919941338275], [32.85595763866791, -96.91907021771215], [32.88525263455666, -96.94085589010487], [32.85564897766833, -96.97114148306808], [32.85273334902816, -96.96716619870008], [32.87311433110604, -96.94063269483026], [32.87485919858167, -96.924970607003], [32.88378794731665, -96.96835503131952], [32.85795266324775, -96.96106768635511], [32.87184545336647, -96.95265770278743], [32.8792324471707, -96.9631942886372], [32.890092847688585, -96.92534126998456], [32.88104898122011, -96.96704496176652], [32.86382612601027, -96.9404577692812], [32.87105104775752, -96.92043622335298], [32.85773645865163, -96.95520006534117], [32.89206994438258, -96.96241625179928], [32.86829377138384, -96.9616951274521], [32.86617286870724, -96.94541517400573], [32.87296496965036, -96.95882168213971], [32.87686877837138, -96.93455277571681], [32.86756921960835, -96.95988834044267], [32.89442100080524, -96.93721558953081], [32.87758992690893, -96.93093265419411], [32.85634010480126, -96.94108895585184], [32.87743794090713, -96.94027480986576], [32.88485049166433, -96.94454172251902], [32.86472675527857, -96.92904933486211], [32.852513116224934, -96.94700205618336], [32.883726461876634, -96.92495695260405], [32.89615760542574, -96.94378393514454], [32.88254507656145, -96.93091909582232], [32.87806857787944, -96.9278169135846], [32.857672417918984, -96.9443783409645], [32.877939511391574, -96.93691802856384], [32.85869960413994, -96.94843707272226], [32.87262782776145, -96.96687672544637], [32.89274675204038, -96.94777521469616], [32.86690133283247, -96.92687678845334], [32.893152976397324, -96.95342734571679], [32.877412067967086, -96.92040348171894], [32.8937244998329, -96.97135785839981], [32.88928931045896, -96.9546769231848], [32.87184612068403, -96.91932270248658], [32.88641826385557, -96.92746945823329], [32.8936572990781, -96.95716123939259], [32.86529897656631, -96.9673147917676], [32.879557860171474, -96.96909705289741], [32.85205740191298, -96.9597274729083], [32.88192361309571, -96.92051042452161], [32.87847024659921, -96.96814546072918], [32.86348357576747, -96.94864033740633], [32.85509221201795, -96.92299130296081], [32.87532867369044, -96.93080850656123], [32.87252577632306, -96.95566176754191], [32.893114641330975, -96.9286492401362], [32.88367016844067, -96.95355302262698], [32.886460962010744, -96.9413808269452], [32.85836551708209, -96.96430522123391], [32.86536910298946, -96.94504337957156], [32.88791579448914, -96.92397201618886], [32.88469158918601, -96.94737300430789], [32.890066206823846, -96.94138556908835], [32.85723633919095, -96.96899828028857], [32.89243279357496, -96.95500930517986], [32.859927825539216, -96.96108336723195], [32.860707895710185, -96.92159998705328], [32.89478906045599, -96.94788597211068], [32.86791762712704, -96.96865658736972], [32.86756488374557, -96.9540825159695], [32.88257252167594, -96.93419031083354], [32.88906424335134, -96.96720673705622], [32.86149537533765, -96.9596391010694], [32.880322793984185, -96.94294876314981], [32.88050223402782, -96.93075708260108], [32.88800318095226, -96.96100818408901], [32.86119160347032, -96.9608204218992], [32.85123625200055, -96.95646883815743], [32.86830094460179, -96.96144209854968], [32.857777236677116, -96.91826011522443], [32.8569451845477, -96.95956321299204], [32.8908926679099, -96.9711967419246], [32.85544207805208, -96.95880701167846], [32.89463820450009, -96.96665440786772], [32.87484976916211, -96.93206378150205], [32.8795783926821, -96.92495822683033], [32.871417704874474, -96.9219184948702], [32.85191892653836, -96.92367302216725], [32.88585452449587, -96.96971944230368], [32.88641342630111, -96.94649166418274], [32.867241144140976, -96.9403842653356], [32.88503974578011, -96.95931338033002], [32.86787724898521, -96.96908248669155], [32.8589843180351, -96.9522832212481], [32.8527996730518, -96.93506201572545], [32.88125794245463, -96.93224579189629], [32.874899527154675, -96.91858291331816], [32.853738534610656, -96.92446048175297], [32.86955853523157, -96.95227417919583], [32.855420681660476, -96.93577435642634], [32.8684971107494, -96.92616227185837], [32.86309558857438, -96.92126568552538], [32.878200883183155, -96.93632672349563], [32.88404991177394, -96.94132310530416], [32.885429363138, -96.96935389326408], [32.870431627947006, -96.9616918774843], [32.88725042860863, -96.92340697720736], [32.88234590249922, -96.93171354625316], [32.85138453190405, -96.95399491571192], [32.863360757806674, -96.94243300661722], [32.86860842568858, -96.9449052066727], [32.88877822437794, -96.93339907291067], [32.86935333367864, -96.96532510353634], [32.85915843600949, -96.95758981031602], [32.85519607331564, -96.96715595406661], [32.85365360847679, -96.96132793408736], [32.85796158263224, -96.92472390806151], [32.8835371955718, -96.94012868800222], [32.89424421144121, -96.93133475504581], [32.86454822013782, -96.92992650530442], [32.8541113718886, -96.93406108615628], [32.8903617535506, -96.92789007535147], [32.86524285992351, -96.92122937394736], [32.88403592319316, -96.95768973108946], [32.88595991177089, -96.9264340488615], [32.87435694198659, -96.92687242087855], [32.85458457396241, -96.95098209341174], [32.875261984100234, -96.92862684074], [32.88078131744809, -96.96055093131436], [32.85478916030247, -96.92284779186332], [32.866153060874744, -96.944942174288], [32.89111090556236, -96.96257055761488], [32.89079329847571, -96.96863802728832], [32.858107165158174, -96.95951272342887], [32.886917268009235, -96.9645968069111], [32.87975132787784, -96.96752208061093], [32.86635179638369, -96.92775866106996], [32.871588128369694, -96.94872975573628], [32.89436848017448, -96.95891074574925], [32.894783868578045, -96.9690130140116], [32.88798379463239, -96.94423077464457], [32.88096347516042, -96.94029549582908], [32.88587059188261, -96.95587381133626], [32.891371380705394, -96.95425622882124], [32.886423551318686, -96.91819235592648], [32.895224569402515, -96.96655475688375], [32.886117000491865, -96.96745577664501], [32.877656413651756, -96.9366815960752], [32.859652922813865, -96.95431696175856], [32.8532075046164, -96.94950995056541]], "boundary": [[32.89627006340025, 32.89627006340025, 32.851203536599755, 32.851203536599755, 32.89627006340025], [-96.9716704069394, -96.91819059306059, -96.91819059306059, -96.9716704069394, -96.9716704069394]],