{
    "boundary": [
        [
            38.67563326340025, 
            38.67563326340025, 
            38.630566736599754, 
            38.630566736599754, 
            38.67563326340025
        ], 
        [
            -90.27225759530329, 
            -90.21474240469671, 
            -90.21474240469671, 
            -90.27225759530329, 
            -90.27225759530329
        ]
    ], 
    "center_point": [
        38.6531, 
        -90.2435
    ], 
    "distances_to_center": [
        2035.7642730787036, 
        2509.246469710897, 
        942.0676295189655, 
        2283.5893283227842, 
        1721.7033718824473, 
        2109.5791340968726, 
        934.0125300820388, 
        2480.7412878078994, 
        2874.5060922235425, 
        3028.410403326634, 
        1343.618441084159, 
        1430.0316817627481, 
        1529.0258015766958, 
        165.54949524500014, 
        373.35075222263254, 
        1444.2728542585837, 
        1296.2744208247207, 
        709.280826707725, 
        1128.8538881666807, 
        1006.4928905444331, 
        2776.7223345027223, 
        1243.7975579150689, 
        1025.6624617391658, 
        2292.9258218732043, 
        1636.1046760826987, 
        1986.6236762270582, 
        1193.8519534881937, 
        1436.1284334535749, 
        3429.926980050019, 
        2368.289963860737, 
        1284.7893981295442, 
        1778.8123242469153, 
        1948.785859661011, 
        1407.9230478554111, 
        1301.0070160595508, 
        1281.9344478564435, 
        432.9301343455905, 
        2409.6537050239353, 
        351.2475945559315, 
        1533.845506229883, 
        2358.2432532969347, 
        2250.9149074026923, 
        1505.788328629384, 
        1664.301928608492, 
        2670.278927427092, 
        2660.2052216771176, 
        1521.6816889328347, 
        1923.4322236582507, 
        1991.7865828027304, 
        1927.381429511264, 
        1813.9880704780771, 
        2081.455473879669, 
        2438.162541391353, 
        958.768916293991, 
        1547.5147485437965, 
        3090.9910719151508, 
        1044.7583270490877, 
        2859.1245180463625, 
        1855.4674666281514, 
        1968.8189809939063, 
        536.6783421819123, 
        893.8223889212085, 
        2412.2339697378097, 
        2595.623062036943, 
        2475.2370151955683, 
        2913.577743838263, 
        2665.8214670330726, 
        2191.1019865591566, 
        429.00162990832234, 
        601.6811303350311, 
        127.50840218480435, 
        2409.388001543471, 
        2688.3562521420267, 
        858.6378485706473, 
        1672.2600643100227, 
        2295.5300986219804, 
        951.2109528304493, 
        1263.4056184670255, 
        2937.842876797833, 
        2756.7202279057205, 
        2720.8074234264586, 
        2241.333415765213, 
        2336.672764750098, 
        1377.673170357215, 
        1963.7054772826305, 
        2318.778099825294, 
        1416.04912846415, 
        1959.2246684301358, 
        2149.7569257293076, 
        1424.198565552078, 
        2820.8999450489055, 
        2577.6344018119503, 
        1209.688381702129, 
        2049.7055119811484, 
        2480.0800481727224, 
        2634.2038916427077, 
        1447.9510456426117, 
        1351.8380606635926, 
        1308.8356509225002, 
        1934.4725584327648, 
        2102.4461834128415, 
        1898.3672057401534, 
        2026.0968447795062, 
        1141.6807412945407, 
        2432.9110569429486, 
        1954.0470902866307, 
        1793.3982347693704, 
        3140.467042869741, 
        2650.913510697086, 
        2142.461410717623, 
        2651.260092671643, 
        2613.896589068545, 
        2506.765162325349, 
        2435.7537231364345, 
        2560.6409135521867, 
        3220.2032754786, 
        2579.539500216246, 
        972.7590980088148, 
        2572.2537889168366, 
        1293.0788054787004, 
        2034.3992808512278, 
        2284.642615836851, 
        2090.409855010732, 
        2027.874341462617, 
        2935.370060050784, 
        2438.687248038477, 
        1110.9993044898004, 
        2636.0856985874757, 
        2364.4856573733996, 
        1186.963799814893, 
        1145.6799768916276, 
        2758.397588792213, 
        2158.298899603768, 
        1743.5362680445994, 
        2264.6026644160725, 
        1039.911602941319, 
        1769.5067156771145, 
        1057.854562826978, 
        1792.9808179832212, 
        3455.2470385784663, 
        1759.0980265648539, 
        2902.9307219661705, 
        212.15366690386452, 
        1880.4751864012403, 
        1908.737185121602, 
        2041.5517372995166, 
        1604.2699808438415, 
        1699.0269206748185, 
        1725.7559024982534, 
        1028.3254515388091, 
        2155.0582658813473, 
        2327.7770507376363, 
        3081.2737717173177, 
        1951.3659020718615, 
        770.873825486184, 
        1151.228248578089, 
        1736.0004016848773, 
        302.07967171142366, 
        2579.0269369425373, 
        916.6427142458839, 
        2109.9687390405284, 
        2679.3573830487794, 
        1959.5693445825655, 
        1556.5808919564688, 
        568.6890202417993, 
        1794.6254325322495
    ],