{
    "boundary": [
        [
            21.32247216340025, 
            21.32247216340025, 
            21.27740563659975, 
            21.27740563659975, 
            21.32247216340025
        ], 
        [
            -157.87494655565226, 
            -157.82673744434774, 
            -157.82673744434774, 
            -157.87494655565226, 
            -157.87494655565226
        ]
    ], 
    "center_point": [
        21.2999389, 
        -157.850842
    ], 
    "distances_to_center": [
        1784.318671434244, 
        1646.3226647993326, 
        2164.4029439397136, 
        3058.2788094493335, 
        449.23452897589164, 
        885.2777819281234, 
        1365.8724397898602, 
        1031.381726966054, 
        3098.8451054947836, 
        2530.0567240249834, 
        1295.0209523305894, 
        1932.3471227591754, 
        482.7430047421479, 
        2086.760701033371, 
        1878.7043932911258, 
        506.3844516316198, 
        2178.786104015982, 
        1562.0363992100627, 
        1026.766435739421, 
        1817.7805678299208, 
        2142.569711609106, 
        2324.605056508898, 
        2254.8453241260745, 
        1378.1184665388741, 
        1910.6607473143754, 
        2931.2925277124855, 
        2932.2656432969893, 
        3074.4228291764894, 
        1715.8841337307308, 
        1448.6528682563371, 
        597.8658475150189, 
        2865.0959174751174, 
        2016.8077298020964, 
        551.1575536087996, 
        2807.1200210655857, 
        1019.573010019458, 
        2343.6132094402415, 
        2075.3438365666284, 
        2262.923552743472, 
        1030.1262526557516, 
        1620.057827118507, 
        2876.401018850204, 
        1473.5410694228108, 
        2594.920918461129, 
        2133.1792929049416, 
        1595.8424259215953, 
        2578.0042398022274, 
        2162.387288461531, 
        2430.86085278199, 
        2154.2464621954045, 
        728.365413786284, 
        2682.870461547441, 
        562.1588433582949, 
        2961.3938710171915, 
        2435.2383306356455, 
        1999.6493528554977, 
        1896.9756600918606, 
        1814.6563649310726, 
        2128.9504027418416, 
        1751.5848824235968, 
        510.5025985275111, 
        1934.2479784514821, 
        2256.439861539458, 
        975.7484900314945, 
        1334.9505848684207, 
        1293.7377548365812, 
        2457.852938832433, 
        1486.7483976139279, 
        1630.3375803447843, 
        1292.3239859923208, 
        2140.973973317308, 
        850.1012591565556, 
        1174.6148090699326, 
        2510.3663799476353, 
        708.2382699084517, 
        2598.7003894714326, 
        2045.033271672394, 
        2159.9486408993494, 
        1745.1206034874936, 
        2862.3203739369196, 
        2531.3929056292563, 
        1507.6255610579635, 
        1580.020383895074, 
        2315.059436604519, 
        1614.1211289001271, 
        1396.735388060018, 
        2692.6746242297068, 
        2177.5047077437994, 
        1569.0563483746462, 
        3161.2473452979657, 
        2522.1702922589157, 
        1882.7679950336194, 
        2450.638684848413, 
        2027.7923838615995, 
        2130.876951974001, 
        1795.4534096883651, 
        832.9874518492904, 
        2061.2622293250906, 
        2501.10771834106, 
        2714.31925612354, 
        1737.939303264396, 
        2531.3038710930573, 
        2244.1199075475724, 
        885.5024629001774, 
        421.7110064139299, 
        215.64015293127673, 
        1232.856600142588, 
        1096.4213033924627, 
        367.6022621847645, 
        2573.893552590329, 
        3038.244371060228, 
        2663.550854212476, 
        2297.0240618397897, 
        523.7172470255526, 
        2429.0795635900586, 
        848.8159320586171, 
        1422.4190030784714, 
        2352.6530644016816, 
        2313.485004685922, 
        1781.8791519205263, 
        962.5320773561998, 
        2231.3660256920757, 
        2014.1234997005517, 
        1057.4308453740048, 
        2116.3599510659546, 
        2403.932355271055, 
        964.0336998076596, 
        1415.8061765583911, 
        1980.6971790599907, 
        944.3235824154302, 
        1768.1938871556147, 
        2124.8950907494673, 
        2073.4500732722677, 
        1996.7209707028574, 
        850.6279773033015, 
        2332.472374620124, 
        2560.5689643623227, 
        2611.21701552437, 
        695.2058731368929, 
        1379.4846593880713, 
        629.3561481252432, 
        1782.0835172822153, 
        327.9437567102101, 
        854.7518067537117, 
        745.3990553650242, 
        920.8035303446303, 
        1438.2336449876475, 
        214.1409929090878, 
        2835.7100243250434, 
        2025.2714833327973, 
        754.104694232604, 
        2256.857815890775, 
        2624.238682376954, 
        1435.8956302737101, 
        2021.4470663849636, 
        2967.481184832848, 
        1519.8541598021702, 
        1163.295708127967, 
        2210.561225009946, 
        2409.398816265152, 
        3132.7325575664854, 
        2171.493469435185, 
        2189.193079888918, 
        1271.7041512367307, 
        2769.215065161764, 
        2199.667705266849
    ],