{"center_point": [21.2999389, -157.850842], "sample_points": [[21.2952703145511, -157.83181428397558], [21.30529080639173, -157.8580874875467], [21.321307184080496, -157.86304787763032], [21.28288326728594, -157.84589498242318], [21.311121994623655, -157.8676654783593], [21.27938383893129, -157.82963071684122], [21.282077600889227, -157.83170128010912], [21.321962675824462, -157.85290841405637], [21.315679625780543, -157.85704196006733], [21.281405511836535, -157.87305123241367], [21.315230391344283, -157.8549273674635], [21.313459578958128, -157.84599356169952], [21.3120892948235, -157.86809884271443], [21.283893853022388, -157.87093979356735], [21.31637745009625, -157.84793654166054], [21.282348984395743, -157.86092182634442], [21.29966305860495, -157.84539381655972], [21.308715710856255, -157.86834061762957], [21.28851462662954, -157.83612059232962], [21.31980366098186, -157.8383733894172], [21.294183994829478, -157.85410080761628], [21.281289754269157, -157.8552599929431], [21.30579203994003, -157.83678542679579], [21.30030216562764, -157.84375508152334], [21.304980050630473, -157.8538452227352], [21.29913670394975, -157.8296754853762], [21.28060129237175, -157.83777945486543], [21.321620867097923, -157.84054852198108], [21.297649787881497, -157.85834565129684], [21.291008071898723, -157.84193548909366], [21.322288015215676, -157.8408762134048], [21.299712774335447, -157.86974982082154], [21.314888367094266, -157.83948658631473], [21.28584634921072, -157.86512239475584], [21.29371983502993, -157.8484313543632], [21.32180191412407, -157.86008722973426], [21.289489320702764, -157.8509833479829], [21.310580001097854, -157.87177388801862], [21.27741639461835, -157.83632016812533], [21.301759426574392, -157.83162193835355], [21.32245780160475, -157.86329332306045], [21.301347528383626, -157.84067522553005], [21.28306293591078, -157.85978264597574], [21.283673631565794, -157.86264773053128], [21.310667545217807, -157.83238328651458], [21.282393556438407, -157.85134305898208], [21.29344608513127, -157.83963703481962], [21.285975136875507, -157.85030743158458], [21.28946379580058, -157.86429201639075], [21.27786604033532, -157.86421172550752], [21.30486329125862, -157.86681645043706], [21.319395996385637, -157.856334802906], [21.28909659282025, -157.85703273154385], [21.28466655896158, -157.8649183885516], [21.312157569271985, -157.85740549544386], [21.298363057950084, -157.82842766044516], [21.307544834713227, -157.83344477370923], [21.3139271855603, -157.8527598481759], [21.301380638371068, -157.83468894507422], [21.306575541189087, -157.84737014501562], [21.311978480344855, -157.84365453807067], [21.308362762755383, -157.87173724628772], [21.293609068613605, -157.83507502769595], [21.28991465828729, -157.84336616203186], [21.313716461711902, -157.83077006511667], [21.317750480320022, -157.8323376877177], [21.310383767536223, -157.85773656777164], [21.28232217418426, -157.83801577738257], [21.30190401849355, -157.8281805239283], [21.315286725692996, -157.83485116127346], [21.31985418580581, -157.8375935379156], [21.29805962791592, -157.85872359202858], [21.30080962890203, -157.82744355502308], [21.31830983347647, -157.83845926473515], [21.321042971193105, -157.85937511348428], [21.299860424664516, -157.84503895420713], [21.279850411396104, -157.85227733062092], [21.290143464122885, -157.84496188661979], [21.280031115923876, -157.82995790417596], [21.307111718534927, -157.85798191765306], [21.295647490165894, -157.8495981033381], [21.292037365932817, -157.84544505351647], [21.281453618460123, -157.86721273057495], [21.31525456354621, -157.87357259869344], [21.28973089632347, -157.84969550750844], [21.310126854161254, -157.87147171879718], [21.301326841228672, -157.86787884298514], [21.3024174316521, -157.8729954943693], [21.300505697665038, -157.86334986350536], [21.27911924306812, -157.85222512362336], [21.29324161366556, -157.86182712388742], [21.320267152264726, -157.8608450088094], [21.3071231537078, -157.84865045850145], [21.28821419311148, -157.8484462277805], [21.321916043829034, -157.8444661527836], [21.318899458199716, -157.8460394923091], [21.29548640746844, -157.85141636679327], [21.306268021550075, -157.8500729581396], [21.296005213017747, -157.86543100569511], [21.32000189080077, -157.87224360999986], [21.31838799628779, -157.82776426897777], [21.317980455555382, -157.86583078498808], [21.292135207503435, -157.86544498803875], [21.292578181774683, -157.85576471555547], [21.280833327566828, -157.8288205130552], [21.31914275649876, -157.86540136969703], [21.300573982011866, -157.86605145893634], [21.288026820909508, -157.83588481771775], [21.300386011533607, -157.86613781590816], [21.29112272719751, -157.86598165438778], [21.278283176401885, -157.86220424586168], [21.30174667428158, -157.85767633548008], [21.288378439849577, -157.8297521956744], [21.310976495759718, -157.8505356290705], [21.277780339933678, -157.85656982883117], [21.302499048515838, -157.8284426702097], [21.305781626226334, -157.8585180604778], [21.299867807595067, -157.84049984814504], [21.292969922457104, -157.8357921890075], [21.302601999738375, -157.86919969749195], [21.280979987954872, -157.84618516894298], [21.29042377771626, -157.86664774947167], [21.29932896289064, -157.86882610385663], [21.315522234139042, -157.83770686215556], [21.298132621904124, -157.82783514410065], [21.294614040349067, -157.84032902209697], [21.318195202321732, -157.85536955720667], [21.286721628722127, -157.86858643810768], [21.280690141261687, -157.86851151965686], [21.29243078001866, -157.8465812537147], [21.305850319561593, -157.82976738838195], [21.30713868276069, -157.86940035752684], [21.290987988518722, -157.8507202055146], [21.291123482186194, -157.8627050510958], [21.284678879267563, -157.84214966044968], [21.277738859442387, -157.83877723103876], [21.31058905614715, -157.865762010071], [21.30764799275562, -157.85260317907805], [21.3085457586192, -157.87477407677198], [21.310656090569815, -157.8533654824756], [21.2977108483057, -157.86780060095057], [21.287197061910415, -157.83087349310037], [21.31634368519601, -157.8400223814196], [21.28725479471361, -157.83724298704473], [21.313144446462786, -157.83353864417697], [21.28616695128451, -157.83678892262427], [21.28669203924258, -157.84384159090865], [21.282583921287586, -157.84216818015716], [21.30564427596704, -157.84595579912718], [21.2951503034995, -157.86641453578304], [21.28161140103798, -157.8331361745584], [21.27914753447918, -157.84532186739608], [21.31244947786194, -157.85081733024083], [21.319249649698676, -157.83183237914253], [21.28980271471149, -157.8554817212089], [21.315066396502957, -157.83883825825686], [21.28876101711212, -157.86700119571267], [21.286879043605644, -157.8406848988794], [21.317410952264478, -157.83852858008234], [21.31673446409252, -157.8504218709369], [21.292024903912186, -157.8572450172289], [21.3021343527923, -157.87011301377083], [21.28622279816731, -157.8706494191389], [21.284571085757204, -157.84144211021754], [21.2970262063998, -157.82968199418127], [21.299915355427746, -157.86657611868011]], "boundary": [[21.32247216340025, 21.32247216340025, 21.27740563659975, 21.27740563659975, 21.32247216340025], [-157.87494655565226, -157.82673744434774, -157.82673744434774, -157.87494655565226, -157.87494655565226]],