{"center_point": [36.1209, -115.149], "sample_points": [[36.126009500042585, -115.15522372154201], [36.09956745555102, -115.13812374651032], [36.121128464942736, -115.16874248996827], [36.102088781361154, -115.16284945606405], [36.12681641117114, -115.13141352121075], [36.114437628868636, -115.17238932893987], [36.10357100100135, -115.12153646914078], [36.10202220042631, -115.14675734993764], [36.12230052930253, -115.13520044609528], [36.10585165311334, -115.17436047186332], [36.11113550616865, -115.1620083566306], [36.10153950001239, -115.17662454513328], [36.1163967752237, -115.1424044684695], [36.13078078659389, -115.16387362785902], [36.137967201235526, -115.15274066990402], [36.13599276767012, -115.14776061474197], [36.13591782654693, -115.12936944999372], [36.12341480812159, -115.13808701846462], [36.11467664265662, -115.14131895517042], [36.10123500621564, -115.16228650315139], [36.13060190321786, -115.12510412140253], [36.112474627795656, -115.13881289309188], [36.120327004848356, -115.13888436919517], [36.13715333442714, -115.1569199373284], [36.11694269926137, -115.16398156329682], [36.10707146797091, -115.1625866976108], [36.13119699349657, -115.12191784179377], [36.108948827720795, -115.15133900739134], [36.11923799496016, -115.16048252726189], [36.116904068090776, -115.16801302005892], [36.10304144920048, -115.14183242207912], [36.13446256467418, -115.12436827572354], [36.11947940343983, -115.17431036298304], [36.1226960243819, -115.1517344633733], [36.11037371920632, -115.17220104286235], [36.140953079144914, -115.17253822665367], [36.13558463932538, -115.15601842985136], [36.13204718705511, -115.15812795578957], [36.12386224881482, -115.17410362638331], [36.13976675965014, -115.16475762350223], [36.11821083630555, -115.1625492007016], [36.13500267761096, -115.17672559237703], [36.10382562737744, -115.13218768629581], [36.14296624658646, -115.14887658025631], [36.13825238924635, -115.16936972282231], [36.12970964944392, -115.17585144414053], [36.13206120911536, -115.14602976575975], [36.11566703323322, -115.16104931294251], [36.134946056356256, -115.15908921830761], [36.10938715741985, -115.17113950652468], [36.13302192153441, -115.1729766306282], [36.141612908414125, -115.14642444344405], [36.12289979459375, -115.1539147482301], [36.10283255267778, -115.13853997421366], [36.1133248280083, -115.15376117812143], [36.10039406353679, -115.17366394065438], [36.12328171436235, -115.1228676297844], [36.13651029028615, -115.15510666375933], [36.12017001157702, -115.1565632028117], [36.1295056484875, -115.14304036516504], [36.12565015814185, -115.16002744583199], [36.1063198128701, -115.12163666903493], [36.10145694594675, -115.14938321891746], [36.09993664597849, -115.1683324766024], [36.10533423840885, -115.17232924438298], [36.113485943794565, -115.13138395699475], [36.11142724273233, -115.16642046728707], [36.1100162225662, -115.1307987290744], [36.13683575206479, -115.14354015362645], [36.140351407769415, -115.16591769629576], [36.13195635006904, -115.14319107698438], [36.108682932099796, -115.16120072544307], [36.11465066296067, -115.13048191511277], [36.121844955979554, -115.17486049528097], [36.125472580161905, -115.1217250859656], [36.103143515525694, -115.1319727644588], [36.1384230537838, -115.13026939708251], [36.10123588843213, -115.1730101582606], [36.12491811959391, -115.12457741595945], [36.09965516364515, -115.14031724967936], [36.100561054056996, -115.16392742307876], [36.13510716335085, -115.15145067114577], [36.13120291097356, -115.12417248163679], [36.13621187662971, -115.12904559847924], [36.10721067802843, -115.16610440612153], [36.1362442707754, -115.16473999577232], [36.110679258537786, -115.14268312384169], [36.102701908431904, -115.15508606026785], [36.107735013001054, -115.16658769848252], [36.10853752764715, -115.12813639512495], [36.13675972122433, -115.17172527581877], [36.11382761792423, -115.14268821064294], [36.130175032055405, -115.12274719047228], [36.116084302716736, -115.1747239819732], [36.11777880343604, -115.17291680541419], [36.12613123233549, -115.16435626482846], [36.128932222645076, -115.16059568146608], [36.10949790866047, -115.16198151700902], [36.106553203140926, -115.1687452991742], [36.11304471716486, -115.12895176316646], [36.14217579501941, -115.16284986798117], [36.12072945636472, -115.16867488111839], [36.11325263939167, -115.14022744890597], [36.1105923752532, -115.166358114843], [36.12881579699288, -115.16655170334319], [36.11998946301228, -115.1674652879412], [36.121867017935976, -115.1747078793107], [36.099979813694446, -115.12852382724549], [36.12750739972545, -115.17440358308693], [36.130277059756864, -115.17075248737795], [36.12736469424988, -115.12581659981085], [36.11425425756766, -115.15013356207871], [36.13523287410323, -115.17390428730388], [36.10275121144311, -115.1242843506931], [36.10392368599913, -115.14243283417981], [36.11270347268428, -115.13467877578849], [36.11902213925424, -115.12595354495501], [36.12439826774577, -115.15295327138425], [36.12551082963325, -115.13135966978952], [36.13252084163795, -115.15823408168393], [36.111901517925375, -115.1254166156053], [36.129300240121346, -115.14265103586209], [36.1208143871505, -115.16549266666891], [36.10081806831151, -115.15193848109016], [36.115392195784786, -115.16833496956689], [36.10944660831163, -115.17072701034573], [36.11905095988259, -115.17306273816368], [36.10788522556692, -115.14243428798561], [36.10815164754037, -115.1678616474782], [36.12033165907794, -115.1536655071532], [36.12578081595711, -115.13695032874485], [36.14275361131739, -115.14315482873228], [36.11012291510385, -115.16133948935408], [36.11521292777113, -115.15341736177078], [36.099555667941786, -115.17669806900338], [36.12704789534777, -115.1747928693981], [36.10453051543512, -115.14043046416876], [36.13604188058411, -115.17399889457096], [36.13520280879805, -115.15096723933137], [36.119555964531344, -115.12263482460993], [36.10512428047665, -115.12231117473341], [36.14171128779967, -115.14223720443368], [36.107602354577786, -115.16419754633854], [36.10192501642671, -115.17575737803966], [36.12783099796445, -115.15454477673386], [36.111179267085376, -115.16181923224657], [36.14284841987235, -115.16878163266652], [36.12359470328581, -115.15471755206104], [36.12234128557034, -115.12232971291061], [36.14168357926176, -115.13286808762544], [36.10923836881106, -115.12536795676554], [36.13249324652905, -115.17178461804046], [36.10449757063697, -115.13739706848132], [36.12858836947973, -115.15099458396394], [36.12606363090741, -115.12247730423499], [36.13026994582384, -115.12788043757189], [36.10745569933946, -115.14317500687709], [36.141067477035584, -115.16972292561633], [36.11107558209025, -115.15688580442031], [36.13500191013409, -115.17231019605487], [36.13606982860515, -115.1580993281035], [36.1296433014858, -115.12728970160343], [36.13057620880072, -115.170975651896], [36.10594181079572, -115.17211038955026], [36.10423560995051, -115.13231004162313], [36.10180024883394, -115.15988425305615]], "boundary": [[36.14343326340025, 36.14343326340025, 36.09836673659975, 36.09836673659975, 36.14343326340025], [-115.17680231497152, -115.12119768502846, -115.12119768502846, -115.17680231497152, -115.17680231497152]],