{"center_point": [36.1209, -115.149], "sample_points": [[36.11071186140438, 36.1364283982431, 36.10370567184938, 36.140716436958414, 36.13426964060831, 36.112753358516706, 36.131075666092705, 36.110695019345854, 36.13372441820923, 36.12824371190702, 36.12814367143001, 36.10802757488551, 36.140298330905736, 36.131111648412386, 36.12584308313506, 36.10930173666231, 36.10944178974945, 36.113018138144575, 36.112693333073004, 36.133039569438665, 36.1384654880317, 36.119193615856354, 36.117315250868415, 36.10314972060134, 36.13979021696754, 36.14222360463173, 36.10856671274622, 36.10773389730898, 36.142171354428505, 36.10161522867334, 36.10343388218995, 36.101504563945824, 36.110404098126935, 36.114401135710565, 36.100844580994355, 36.121232757260096, 36.13719768752833, 36.10431989237718, 36.118911066671174, 36.12487081938078, 36.120516492367464, 36.12317426561862, 36.14016438364129, 36.12783887640085, 36.119133482579656, 36.11602567300486, 36.13862619569776, 36.113347649586125, 36.11128826321052, 36.108233052928156, 36.1020414822496, 36.11147785388414, 36.099311459761374, 36.140787397729085, 36.11814324071754, 36.123543140916524, 36.109707135475844, 36.14247273743636, 36.12768603768831, 36.12302093627378, 36.114773052275225, 36.10263917410103, 36.11055121298736, 36.116496299141936, 36.11324841964128, 36.12488775639175, 36.127150392262884, 36.10964554855171, 36.1185421851291, 36.12011654285338, 36.13020383595411, 36.11709957203705, 36.13469767853509, 36.108545655746795, 36.137456444919984, 36.10558496823338, 36.098710959752395, 36.116985966492805, 36.11452315898497, 36.118922779550346, 36.103474535174435, 36.12301708637107, 36.131186003626894, 36.136806863561375, 36.114444485260606, 36.118158413674685, 36.141858693672454, 36.10157457503334, 36.10110644747238, 36.14077572985656, 36.1198971945989, 36.11421641774481, 36.12902029996451, 36.14091167807136, 36.142350473127436, 36.122036067991026, 36.125996555177615, 36.100623983005676, 36.10035905958317, 36.12787494324163, 36.116996999764716, 36.12996212166588, 36.10755086654591, 36.12230650025324, 36.11177815704858, 36.10136967424892, 36.101356550598524, 36.1156926777484, 36.14268065706268, 36.10371341681265, 36.1237960415234, 36.13666428311572, 36.10576709872992, 36.131958819183104, 36.11898213844288, 36.12936191117221, 36.10439745481462, 36.11911776687782, 36.13190136334561, 36.09962975509625, 36.13471786000296, 36.0998695885649, 36.11386148330197, 36.13934671002859, 36.113654467108, 36.12541521427913, 36.14248846386737, 36.10454225214054, 36.11674197814837, 36.123060963419206, 36.136116683943726, 36.09912652271381, 36.12600026595081, 36.10845732757178, 36.117042318003634, 36.13138599874043, 36.124529277380695, 36.13059861847986, 36.12748815424429, 36.1344647655746, 36.143266911584405, 36.14079590026474, 36.12293984125582, 36.14208893608375, 36.120586335164944, 36.10704276496166, 36.13083916678482, 36.10495039203254, 36.119942230080575, 36.12679402339295, 36.108119430515224, 36.13661947348377, 36.1310327488443, 36.13214285048465, 36.12713936037631, 36.12361951312217, 36.140860218169365, 36.13320677415794, 36.13804854890959, 36.134638501749215, 36.14287410429279, 36.11464268945591, 36.13634957931697, 36.14278687501435, 36.128404007426134, 36.129614236318936], [-115.15618723711962, -115.12968823742929, -115.12521638747549, -115.16715439217866, -115.14216008028409, -115.12806033145502, -115.15920126498541, -115.14907846750619, -115.1503032558244, -115.1329976830543, -115.13005736603863, -115.14503806522266, -115.13338077865365, -115.14145435505878, -115.14146700643565, -115.13018757954865, -115.16438474179932, -115.13877120887572, -115.15717547185952, -115.16866036458671, -115.12944312318025, -115.12265098346096, -115.13606112064548, -115.15580410852755, -115.12203181556748, -115.16476602911375, -115.16650624978612, -115.14056866338053, -115.1248352786908, -115.17267720186744, -115.1347945197718, -115.16241831380181, -115.17004241090099, -115.14224329385479, -115.15645243694514, -115.16528512077981, -115.13835705315257, -115.12861943992921, -115.1664750429435, -115.15800270628966, -115.13373797188764, -115.17161156717435, -115.15541295225995, -115.14773478766416, -115.131733335748, -115.134318293415, -115.17498997265301, -115.15603207586823, -115.1611481690839, -115.13679058726993, -115.1525097852242, -115.14258314029762, -115.14062267604687, -115.13829994760079, -115.1328552370512, -115.12610926650004, -115.13092557171888, -115.15694018097156, -115.1724596750066, -115.15460766037661, -115.16460977879508, -115.15431433310252, -115.17665402123075, -115.14322061394319, -115.12642049965993, -115.16554653452707, -115.15378577234573, -115.12767309932933, -115.13004193375107, -115.1368517996153, -115.17559574988354, -115.12937749992788, -115.13608312821698, -115.13454393536459, -115.14993849407868, -115.14907691213001, -115.12436473374085, -115.15246066770105, -115.15197884744136, -115.16325834653196, -115.14151904682835, -115.17204367560252, -115.15983758610874, -115.17138918897574, -115.17418314066919, -115.1389892440509, -115.13580337921778, -115.14573715750348, -115.16585791472767, -115.14069478487025, -115.15756525766166, -115.1304781127588, -115.16712924508225, -115.14224884043749, -115.1225445750172, -115.1400392780089, -115.12837249364264, -115.1448463797212, -115.15543307649153, -115.15924242049253, -115.1505305815925, -115.13095022517086, -115.13623310746262, -115.17339711153122, -115.12234489878308, -115.1629913631443, -115.14276224038882, -115.15305141257883, -115.16777338887702, -115.13122139766709, -115.15433324804425, -115.1241229751407, -115.12332328560919, -115.14853895286085, -115.12293271569578, -115.13823452828314, -115.15453698738408, -115.14169404215365, -115.15137477515917, -115.1332554530367, -115.12238372326455, -115.17281731193764, -115.13831272936541, -115.16055405715116, -115.17571311666926, -115.14733824083616, -115.13447244854042, -115.14576566907618, -115.16995496924278, -115.13566211771405, -115.14330204526314, -115.17428020344157, -115.12802445527915, -115.1436657074658, -115.16269438754962, -115.12292810448488, -115.13643446750648, -115.15754796970204, -115.17002883643866, -115.12234770191047, -115.15059143987081, -115.130384910683, -115.15806359068881, -115.13949563844054, -115.16907577953154, -115.16532583906533, -115.13256865763002, -115.14743020581776, -115.12381219239126, -115.16282719565737, -115.12692514678682, -115.13510561115817, -115.13029219226448, -115.12624480403042, -115.125645320729, -115.14311161458984, -115.15566204391494, -115.15816988137713, -115.15846035117278, -115.17327738857817, -115.16362204201918, -115.14264585863684, -115.1527210376946, -115.12657356324873, -115.16112250486592, -115.17227517264986]], "boundary": [[36.14343326340025, 36.14343326340025, 36.09836673659975, 36.09836673659975, 36.14343326340025], [-115.17680231497152, -115.12119768502846, -115.12119768502846, -115.17680231497152, -115.17680231497152]]}