{"center_point": [42.1280011, -80.0808889], "sample_points": [[42.14124382126603, 42.13348895142755, 42.148460641205176, 42.13667990222767, 42.12883667880786, 42.130034180845044, 42.114134871756306, 42.12984601289888, 42.11145049277868, 42.1412392657083, 42.13768710534134, 42.13472828906796, 42.11601375135019, 42.13338113523035, 42.12063905764257, 42.126073104122824, 42.10633722918032, 42.11474988623286, 42.118712219137414, 42.105942104664294, 42.12897759620254, 42.1483976403694, 42.106909329977825, 42.1116694807037, 42.13141067712387, 42.14650784459746, 42.14142112054512, 42.13183433606304, 42.1164282162839, 42.12769082579888, 42.10832852224082, 42.134153845368644, 42.12845008416824, 42.11374120576674, 42.12107055513761, 42.11976775671547, 42.10893404233816, 42.11001929455616, 42.12509595676999, 42.13293702152822, 42.14175791536703, 42.14922492315813, 42.10722894287276, 42.12218564314, 42.14080734620392, 42.1160458369124, 42.13717557059339, 42.1062539682532, 42.1238991879301, 42.131399796811706, 42.111600249263354, 42.146533859001366, 42.11148292663212, 42.14834694188477, 42.115650398831846, 42.13549341487924, 42.12442594248796, 42.11074896888204, 42.13816298493641, 42.12567784555335, 42.10876589503662, 42.11075905365595, 42.141501558531345, 42.11114306299182, 42.14661076797972, 42.12941641345713, 42.115615670214915, 42.120810484230454, 42.10885440560265, 42.11368970962232, 42.10956906986737, 42.10727167265621, 42.13685083764999, 42.13468762048611, 42.145903621807925, 42.10591649004741, 42.133646869270486, 42.123715817682466, 42.13159353105546, 42.14374930051607, 42.10881041327694, 42.14158587258005, 42.15051794535637, 42.12492063974034, 42.125900914018516, 42.1157906563744, 42.140920028354934, 42.10789965691948, 42.110385814666, 42.11015713289094, 42.11000140181292, 42.13645429722729, 42.11652174050404, 42.13879259605, 42.146193033456804, 42.14819454681391, 42.1056654810677, 42.12149606710384, 42.11118947692628, 42.13988431169404, 42.146179750939204, 42.147121444762085, 42.14331095266352, 42.14220045792114, 42.13471092665353, 42.12480617400019, 42.12373310126921, 42.149964631494065, 42.10625800153725, 42.13317767349607, 42.126310690336986, 42.131826460568924, 42.14162226749278, 42.11281181628129, 42.109067840554665, 42.12800345442186, 42.13184025711305, 42.11547623681837, 42.14868831776656, 42.12450382759483, 42.10607576342237, 42.1248960146832, 42.1330691957809, 42.13630659802623, 42.13298156201496, 42.13154416010898, 42.14029701362593, 42.11408747328723, 42.140700944026044, 42.114419980234096, 42.12633049075302, 42.11267914005334, 42.132922651173914, 42.11016242982375, 42.132310881050294, 42.13382747037768, 42.10566337428213, 42.149323125774494, 42.13054891596896, 42.108729900874515, 42.13510447905509, 42.11562573618232, 42.108916789053126, 42.14457859807103, 42.13629521627517, 42.13316469190951, 42.110069832422575, 42.12501291390051, 42.13259030785873, 42.11050333101674, 42.107535678055314, 42.111455902129386, 42.12498887938695, 42.11839291793531, 42.12926474229556, 42.1083385342103, 42.1160480581899, 42.13330459104435, 42.10992073764049, 42.14266953614208, 42.128243282149576, 42.148499773074214, 42.108664565876225, 42.1439462599251, 42.14830259645133, 42.132725450874744], [-80.10508946862504, -80.06976283529814, -80.09346483592094, -80.0647939134156, -80.06555509523821, -80.07087220129533, -80.09564843457663, -80.10985720995751, -80.09334216934879, -80.09137257747462, -80.05588253791758, -80.07877675228553, -80.10128048308141, -80.09409025528933, -80.10965897163587, -80.09297585196224, -80.09269425250444, -80.05372638813593, -80.08444320930359, -80.09919533479811, -80.10267231072527, -80.10007646483459, -80.0999168432075, -80.1073804444989, -80.06333506693431, -80.10245360753812, -80.09252029740448, -80.08814664648479, -80.05818838086707, -80.08709778536826, -80.08141427337647, -80.05642570307592, -80.0790609250173, -80.07029011758624, -80.0878331757852, -80.10415382334897, -80.07767573389789, -80.06950700296284, -80.06692295121448, -80.0635165066084, -80.09967783980483, -80.05205408487167, -80.10886014633918, -80.10483969913479, -80.05141741285448, -80.08491054647173, -80.08242098369797, -80.09795229313158, -80.08503976553334, -80.06355513599475, -80.09257052624132, -80.09281689575499, -80.09192216278396, -80.08378344160201, -80.0652604284315, -80.08712317210752, -80.06793070565028, -80.06732270005719, -80.07238608724695, -80.10780126606166, -80.08808264409474, -80.08566999721828, -80.10650669421834, -80.08193399586449, -80.0520058673198, -80.10430636797142, -80.10411224495202, -80.07341511347346, -80.10023614825849, -80.05987719019285, -80.09625426760553, -80.07167765362577, -80.10909570857767, -80.05312233381346, -80.0925385890044, -80.10336933306438, -80.08085715838065, -80.10822561283882, -80.07857408111362, -80.0583071041441, -80.10292848446143, -80.05791464285528, -80.05523362751707, -80.0677500237279, -80.0780941391315, -80.07024265282027, -80.09833476906593, -80.10309388004491, -80.10554513310721, -80.0548786331262, -80.06643177711602, -80.06176968531243, -80.05679166636068, -80.07302673657628, -80.06552655159349, -80.10391090129504, -80.09170914148898, -80.08870495286766, -80.06806347936451, -80.0632451185491, -80.07369514802056, -80.0768039805292, -80.0655298983534, -80.09319315479158, -80.0912996318583, -80.05729089526898, -80.06825195838364, -80.05809778648985, -80.105860581106, -80.10371113940957, -80.05258811653599, -80.07657262171277, -80.06374686235152, -80.09793416428747, -80.0888258924706, -80.07980267995883, -80.1046979614572, -80.06792134037609, -80.09573894121122, -80.10968338804156, -80.10349604636554, -80.08206058000088, -80.08152262459828, -80.09490004233382, -80.06760104401721, -80.05214362397248, -80.06416149183086, -80.07449253680572, -80.08743701184915, -80.05199570457897, -80.09505770113199, -80.06094601425373, -80.05350221777451, -80.08524903983222, -80.05445974476741, -80.09203324516767, -80.10857265025429, -80.1051663045124, -80.0895635469566, -80.09115888854201, -80.08826801273416, -80.05671184394325, -80.08304030071844, -80.05681991032854, -80.07088286405109, -80.05848184341868, -80.09798983949278, -80.0526630093874, -80.09269032125279, -80.06606581466696, -80.07655698874915, -80.06294974057981, -80.0975551715085, -80.09633542977829, -80.11061227789922, -80.065027349898, -80.09882282620174, -80.10208635077298, -80.09072822950554, -80.08935861368916, -80.10031515222903, -80.08961389725779, -80.09253243909657, -80.10731414300989, -80.08166402388089, -80.09326255182235]], "boundary": [[42.15053436340025, 42.15053436340025, 42.10546783659975, 42.10546783659975, 42.15053436340025], [-80.11117012388993, -80.05060767611008, -80.05060767611008, -80.11117012388993, -80.11117012388993]]}