{"center_point": [42.1280011, -80.0808889], "sample_points": [[42.115804477593635, -80.07265495150929], [42.137634312042735, -80.10908342905887], [42.11136200219954, -80.07553063339], [42.110307389022125, -80.08384348125847], [42.14208700237352, -80.07492932034293], [42.12292803008394, -80.06923167378692], [42.14773209922208, -80.10993032714073], [42.10848044870918, -80.06145455878197], [42.13695040472835, -80.108241053042], [42.139177064916666, -80.05633604999342], [42.14845554242748, -80.07000911443802], [42.1364852995743, -80.08040144824254], [42.14644434072148, -80.06848787399333], [42.11776257102764, -80.05444946702583], [42.11048733536352, -80.10162668874821], [42.11233702982185, -80.08021044872957], [42.12665159817127, -80.09049838670244], [42.10666403911487, -80.09660230564221], [42.13277436988827, -80.07011968296467], [42.128048769674194, -80.07762637100882], [42.10962554883842, -80.0553391015785], [42.147832869501265, -80.07963375780933], [42.11678757519908, -80.10810116457804], [42.124734198802244, -80.092604290121], [42.12299682819363, -80.07277027292835], [42.129243145505235, -80.05587091963872], [42.10633704519556, -80.0908495745297], [42.14425387029995, -80.05143966417056], [42.11038534949641, -80.05428227744785], [42.10962492479724, -80.08800111699556], [42.12941382185579, -80.09466950946661], [42.14436012221575, -80.09008545794941], [42.138175939931884, -80.09497131841712], [42.13603753166045, -80.06132350648855], [42.14715127445417, -80.10493307984446], [42.144343100511044, -80.09947713388661], [42.1451023562555, -80.1078588850519], [42.142541735388654, -80.08697365868888], [42.1444021683871, -80.10720637110943], [42.14488604982342, -80.06617627412504], [42.14031464409166, -80.10791625714475], [42.14824624871408, -80.09445576026492], [42.10928393157492, -80.10066472668045], [42.12030261563063, -80.05781624732529], [42.137998157140665, -80.08554221329658], [42.11375463154948, -80.058745406794], [42.110637847341216, -80.06689083148953], [42.14147048272129, -80.10639514018659], [42.11367809161395, -80.08317180975624], [42.10922848348694, -80.0775283008945], [42.13024182973599, -80.07153211190207], [42.13805937486764, -80.07580917154488], [42.108837978811245, -80.10876368376452], [42.13871943203216, -80.06228346529396], [42.11362078077796, -80.07250327993445], [42.107842514103154, -80.06705978370968], [42.1147710135895, -80.09249201556092], [42.105804338674965, -80.0964843013666], [42.13915710127281, -80.07742270161702], [42.11528764237838, -80.10865565173528], [42.132653225400674, -80.0923813203639], [42.12691418913775, -80.05160258242715], [42.12003869872162, -80.05944374207003], [42.128188121393904, -80.09644920215452], [42.13706578275129, -80.07398040016085], [42.1210842901474, -80.09397502359475], [42.134664386402875, -80.1100688447405], [42.10662544499119, -80.09019298927998], [42.14239518293577, -80.09624832606193], [42.130078532747184, -80.07781834813073], [42.130202533691524, -80.08181237513222], [42.12988608197228, -80.07092950606271], [42.12483045769894, -80.07369362397469], [42.13954635532156, -80.0824486211789], [42.13734024691743, -80.10464233610996], [42.10650218740625, -80.08981070443554], [42.12306323893804, -80.0850159070205], [42.12610208234473, -80.10041608358645], [42.11998475236005, -80.09887994986411], [42.12852960354399, -80.09144779437065], [42.144521814548725, -80.08958426845014], [42.13202251315924, -80.07791212812222], [42.12474249173726, -80.10652980789153], [42.131504981231174, -80.05946392690566], [42.11902842347855, -80.08580619971336], [42.12066187878717, -80.06505705054427], [42.134003771039986, -80.10961508756353], [42.14394243751549, -80.08470113233903], [42.13839754277069, -80.05260543775077], [42.13953385278886, -80.0819351435005], [42.113679559232956, -80.08679777816303], [42.14668255884386, -80.05153939476102], [42.11771395919537, -80.08204211811848], [42.13412216845161, -80.0907061713437], [42.11706313783543, -80.06023071773976], [42.141451845868346, -80.08384232783203], [42.12821924777535, -80.05987954458708], [42.14177581384059, -80.09440467252685], [42.10832497994186, -80.05082511863341], [42.14803906401261, -80.05218671488022], [42.145732212479004, -80.06862731675928], [42.131564609847835, -80.06068309973254], [42.133076752837106, -80.08615887977255], [42.14520096805312, -80.08362697588969], [42.109998286036976, -80.11074615984347], [42.148008690167686, -80.06559633997966], [42.13357948913433, -80.10887754550532], [42.121098345126846, -80.08698862045443], [42.11600922467759, -80.09927695738399], [42.11946802296234, -80.09710901101808], [42.147642700687754, -80.09223935841642], [42.142082184981525, -80.07290924069548], [42.12570851902798, -80.1029019042652], [42.117306611555996, -80.09997200199273], [42.124236777819696, -80.09371658074633], [42.12176261051639, -80.06058085830169], [42.11641518142746, -80.0663397101365], [42.11650969697906, -80.08106466800304], [42.13555133016861, -80.06924472119715], [42.14379034155846, -80.09570364782294], [42.10907607972724, -80.08828435287089], [42.13131987011802, -80.08862984480945], [42.122608882496124, -80.10882002615786], [42.10880251161563, -80.08149904853076], [42.127296426219075, -80.0852008636671], [42.12019105223234, -80.11098428118599], [42.12172373434997, -80.10281781823905], [42.10757339978747, -80.062020315395], [42.114201657348076, -80.08493318892603], [42.109146911063604, -80.0976537687259], [42.113077721918344, -80.09694989163671], [42.13249531633132, -80.05758067959252], [42.11790316193978, -80.0693547846317], [42.12530708884402, -80.09235636963486], [42.10640182085547, -80.10566815808144], [42.14715796569116, -80.05645949486777], [42.147032114424775, -80.08709619162198], [42.117254435166664, -80.07758807378593], [42.146192225096506, -80.06139128745062], [42.123527781233754, -80.10418868862273], [42.125888214065654, -80.06480968138516], [42.12957911786715, -80.05489735664035], [42.125367683839265, -80.09685111408109], [42.112576771916444, -80.07646931173426], [42.105938082453584, -80.05290084463644], [42.14167344860842, -80.06517273075728], [42.11596323981174, -80.09368207161427], [42.108011389675106, -80.05458796928527], [42.12082600591183, -80.10742648367508], [42.1130453250142, -80.10512761622553], [42.143455565236025, -80.081704418506], [42.131722616040406, -80.06510111644474], [42.10634250310408, -80.05906712034233], [42.12402892799062, -80.10327211828375], [42.13903641456792, -80.08338056062432], [42.14883201817774, -80.05353281582246], [42.11938770096994, -80.06025533415102], [42.12816459112573, -80.08435636345617], [42.109500664617286, -80.08195432647368], [42.1303482150211, -80.08796408535753], [42.12412715370265, -80.0527922791588], [42.11826482155702, -80.0702897132299], [42.12470081409432, -80.09407870779712], [42.12777164577822, -80.09616781520137], [42.14717474048223, -80.08351441641784], [42.145688605114586, -80.0533476125325]], "boundary": [[42.15053436340025, 42.15053436340025, 42.10546783659975, 42.10546783659975, 42.15053436340025], [-80.11117012388993, -80.05060767611008, -80.05060767611008, -80.11117012388993, -80.11117012388993]],