{
    "boundary": [
        [
            35.10983046340025, 
            35.10983046340025, 
            35.06476393659975, 
            35.06476393659975, 
            35.10983046340025
        ], 
        [
            -106.67714098296462, 
            -106.62225001703538, 
            -106.62225001703538, 
            -106.67714098296462, 
            -106.67714098296462
        ]
    ], 
    "center_point": [
        35.0872972, 
        -106.6496955
    ], 
    "distances_to_center": [
        1949.9027667786502, 
        2155.3702919779234, 
        2752.55652745676, 
        1811.3032372847017, 
        1451.1381778146324, 
        526.9625550008665, 
        2424.9556181306934, 
        2753.5238160014414, 
        532.3767665631744, 
        2458.560666589027, 
        2845.809751879846, 
        2810.349071459728, 
        1684.4290310779627, 
        2483.827181411941, 
        831.9857635149134, 
        490.8591274473071, 
        1754.1886446786175, 
        2524.1158206183595, 
        2700.8686820738526, 
        1676.9494771404754, 
        2234.1720479113224, 
        613.7165904927643, 
        2289.1373688359686, 
        1650.3669234779102, 
        1180.4610309865157, 
        1816.4779001610825, 
        2188.209199456084, 
        2022.3001955122438, 
        2538.287121599988, 
        2429.881619629189, 
        2246.1183801112466, 
        3312.3455566544217, 
        1744.9657055886507, 
        2697.056640586181, 
        2119.0859581358404, 
        973.0558336903997, 
        1260.2577216465424, 
        1229.5804313485833, 
        1907.2760708781043, 
        2230.3119197020605, 
        2255.345933542424, 
        333.07115003853113, 
        1813.518009668617, 
        767.6757347165282, 
        2374.829596783216, 
        130.41550522844486, 
        2393.8952155646266, 
        1774.7216956668203, 
        1298.1211146717303, 
        1376.0327741997069, 
        2640.0319462333937, 
        1781.6515498077954, 
        945.4296136588557, 
        1396.0820089990336, 
        2640.5235526282763, 
        2029.040396523492, 
        1425.4611828931108, 
        2954.625211758918, 
        2573.1150395759996, 
        2169.841203110318, 
        1039.1644669771263, 
        2355.1993818360074, 
        2082.053510088218, 
        1124.1251852955497, 
        2994.121235007592, 
        2610.461226181437, 
        874.8364171071483, 
        1997.9669972901995, 
        1876.8378734385753, 
        2432.8646104307036, 
        1361.4223022148751, 
        1710.8052570545055, 
        2745.8199099695034, 
        2778.9372379887236, 
        2420.3155001083114, 
        3017.7688290299325, 
        1886.652400056208, 
        338.69080697763945, 
        1093.5872325330479, 
        2124.0767360513573, 
        2158.851659139957, 
        1884.3169275873433, 
        2339.248448261862, 
        2854.9973278204143, 
        2488.200601962125, 
        2642.9867481185265, 
        3236.909428336482, 
        2371.8391424636334, 
        1344.585418627801, 
        1145.9411027692481, 
        2568.7509512938786, 
        2406.485499758827, 
        1209.5303307797521, 
        1785.9363424881833, 
        662.0450440073867, 
        1516.5786065627444, 
        2346.9926036301067, 
        2030.4572814069477, 
        2430.596375622275, 
        2340.1328823776194, 
        2015.367734689395, 
        1258.5240750857056, 
        2790.329374490445, 
        1227.0351907791808, 
        898.139479069828, 
        1033.2895415919988, 
        2141.6543838371754, 
        2259.463366278368, 
        1224.3204110809272, 
        2497.3582301865013, 
        2262.3079521500417, 
        2496.0073679766742, 
        2721.166345070018, 
        2117.014290842381, 
        1918.706312220222, 
        2348.0626726588725, 
        2419.778641588142, 
        1117.317289780339, 
        696.4486407344434, 
        1810.2033832213608, 
        2205.548239095331, 
        2054.892823680809, 
        2965.70584898968, 
        1351.1409849208144, 
        1724.370506434961, 
        1549.3885475961476, 
        749.7003788229248, 
        2455.647889931951, 
        1993.69979194932, 
        2145.081537332245, 
        2311.1459021589835, 
        753.4641887899122, 
        962.7711921889482, 
        670.078455811061, 
        1474.7247968741046, 
        1979.2626848542461, 
        2323.9243357791697, 
        2456.4421050943824, 
        1096.3918058325532, 
        973.4820119991714, 
        1143.3768660151907, 
        2354.3085581856053, 
        2663.733400193025, 
        2284.7678909260894, 
        468.9659637083663, 
        641.6993535064325, 
        2441.3787239142193, 
        1687.9263153098032, 
        3084.781254330588, 
        2371.5615677299797, 
        2650.196201627553, 
        1957.9717247880933, 
        2506.154278184102, 
        1314.3153763849675, 
        1548.1466271227143, 
        2279.3918465156107, 
        3017.2213261256375, 
        3180.137941589527, 
        1450.8573938569702, 
        1538.8251163522566, 
        1892.964314830285, 
        2678.6518066968724, 
        2558.791637692229, 
        1123.1660173387809, 
        1643.8960054778229, 
        1891.811330113349
    ],