{"center_point": [35.0872972, -106.6496955], "sample_points": [[35.100809725418316, 35.07603253153561, 35.095184376580384, 35.085001645257336, 35.080646806442594, 35.066821264564005, 35.08203149229365, 35.10568323462596, 35.07433756335931, 35.07431498833889, 35.08045638643925, 35.07903635681952, 35.07380250751558, 35.09466643515016, 35.06669916081254, 35.10861746936244, 35.09801039097211, 35.072871611350465, 35.08932843900381, 35.08083907054624, 35.10284168959544, 35.08039079859195, 35.087193226393914, 35.09470356775156, 35.07460883337085, 35.09604520061948, 35.06611930080039, 35.08301722850066, 35.08398997819235, 35.101679392784014, 35.071186788327765, 35.076625729282576, 35.073299664809504, 35.08082054384836, 35.09565575913796, 35.08301500961395, 35.10031991463719, 35.101332131265224, 35.08598163352839, 35.07879167883717, 35.076004594079706, 35.08883751266036, 35.079426173369804, 35.06618202493635, 35.084114682837374, 35.10699978347804, 35.08565832635065, 35.101530128629435, 35.097772144232025, 35.08365061251493, 35.079503313117634, 35.101113433002745, 35.09378466339369, 35.10276868100563, 35.10705896001502, 35.09402972838419, 35.064874193324854, 35.07385428224811, 35.071032520204014, 35.09264028453936, 35.06729659615614, 35.07884342183122, 35.09314425717906, 35.10798509263412, 35.102261401447834, 35.09868021177098, 35.08787239931744, 35.09605118833885, 35.09450380562511, 35.070460397014976, 35.0702105406938, 35.06768639846005, 35.084176998639236, 35.07128167688474, 35.0690341384071, 35.10647496359504, 35.07244099553847, 35.101938445466565, 35.07234682330902, 35.10321745336594, 35.081680762333676, 35.10366777691174, 35.08513003105526, 35.06624051537055, 35.066088529069006, 35.08113162791471, 35.077247352709605, 35.10785092360817, 35.10757961502957, 35.101365007808816, 35.08206280266892, 35.09350967594309, 35.08029640903798, 35.098238258630985, 35.0910008074852, 35.09495870317548, 35.06700886191159, 35.08175671354239, 35.10890856164398, 35.097237542090554, 35.082854818293164, 35.07079594799261, 35.091803633114885, 35.06631256584063, 35.076671030489734, 35.09285597204371, 35.07249943347658, 35.067904556342235, 35.07715877436029, 35.0790995747618, 35.10132333885212, 35.06633690787612, 35.06901046499327, 35.106858010318014, 35.07320388256663, 35.07471463681718, 35.07409571805701, 35.10571301993889, 35.099642022265876, 35.09745673076346, 35.0741720987903, 35.10797419885697, 35.09305138259527, 35.10136177193004, 35.09945109730272, 35.105476156746896, 35.06935933293918, 35.103862050342094, 35.08885226996835, 35.08855668305746, 35.06571114127664, 35.081911997624985, 35.06853080040729, 35.10819767675835, 35.06845199779594, 35.10438521008148, 35.10451503289099, 35.06619762290989, 35.08081423689329, 35.08074959979337, 35.06841150625663, 35.10506937004074, 35.06834612945507, 35.107594990007605, 35.09496215904785, 35.081993057278716, 35.10396388430275, 35.08107699126256, 35.083582018961515, 35.076998603841815, 35.101784387743855, 35.06960513496522, 35.10369080092442, 35.08879920012498, 35.095823468137716, 35.100160822916415, 35.08890521272065, 35.10294244627359, 35.08076862341222, 35.0755257024839, 35.070398247610754, 35.067404913974094, 35.08451658040609, 35.10779974202108, 35.08293940825041, 35.08906238885851], [-106.64534343870648, -106.67427685149197, -106.65547671729793, -106.63239299415608, -106.64084000594292, -106.64897001281456, -106.63135542670497, -106.62961766372018, -106.63193555493567, -106.63210043575602, -106.63639788039221, -106.65383446322437, -106.65321091403392, -106.64661015774773, -106.65281832083315, -106.63159611615697, -106.63574407734131, -106.63443829297371, -106.66815239940456, -106.63446606019032, -106.6246688375269, -106.6277200740092, -106.67183778455379, -106.66397870106834, -106.67221975350951, -106.6443296183755, -106.66434476940188, -106.64535864051028, -106.65030796726832, -106.62747172864313, -106.63418717366675, -106.67303147840794, -106.67023741876321, -106.63534533888591, -106.65001525710991, -106.67255366820882, -106.62611552301875, -106.65474175977977, -106.62465500814606, -106.63803239006745, -106.6345920523281, -106.66391460572423, -106.67091395580808, -106.64966534064143, -106.66351001488627, -106.64174440582042, -106.62742247563143, -106.6286943193822, -106.66425560619842, -106.66210995068501, -106.64367861027333, -106.62682648345506, -106.6639673186352, -106.62875057743535, -106.6314051106845, -106.67600695697291, -106.65164879434654, -106.64426864096816, -106.64382885063806, -106.62478179561272, -106.62372190348025, -106.64285727046845, -106.63803726523837, -106.67209542553739, -106.65939999304447, -106.64337092483791, -106.67224246343949, -106.67590289812694, -106.62521282868359, -106.63072133958414, -106.6390202839189, -106.65064031481491, -106.62611090438502, -106.66250446116454, -106.66286195446925, -106.6483632788164, -106.64336945679939, -106.64106003943812, -106.64059770430875, -106.6565894986818, -106.67106304410343, -106.62975564883544, -106.62597693648405, -106.6650651415067, -106.65496520009847, -106.6636011905391, -106.66570241847714, -106.6516594326073, -106.6423013282604, -106.62229750725747, -106.66892645055941, -106.66842954675441, -106.6665709545292, -106.63469888677818, -106.66645793573454, -106.63551772250703, -106.63171010716732, -106.6587748312414, -106.64912165233284, -106.67647147148222, -106.67137033475146, -106.63176130201853, -106.67599440537721, -106.6693497700188, -106.64320902950779, -106.6659146477259, -106.62316446873179, -106.62990260944854, -106.62903642383759, -106.62384478237539, -106.63195986231852, -106.649469975028, -106.65823236978207, -106.65663909191332, -106.6362223918884, -106.64289927319219, -106.66391316824647, -106.66847659236059, -106.66713043821238, -106.62818185957687, -106.64955209536268, -106.64305707373677, -106.65362136833977, -106.65949088701501, -106.63584092198718, -106.67211186405642, -106.67315339077021, -106.66783141827558, -106.62777614692348, -106.63805824974601, -106.64223880012453, -106.6331018593171, -106.63781196293114, -106.65136414870862, -106.65897763994319, -106.64031940470578, -106.65533752294984, -106.65592358517404, -106.66918114064923, -106.66380220312864, -106.66675429974991, -106.6499382919311, -106.64904581781404, -106.67494970407559, -106.64820472840653, -106.66381456281682, -106.6417506271575, -106.67254672783591, -106.65304390781327, -106.65962169208545, -106.63116035862605, -106.65847873401906, -106.62313666183718, -106.66363710453894, -106.64269469373752, -106.65257279893916, -106.6754194469274, -106.6756976437836, -106.66589822806873, -106.63779939721722, -106.63739948732423, -106.67549015368901, -106.62268230142158, -106.63705818443466, -106.63722032660688, -106.65974979494004]], "boundary": [[35.10983046340025, 35.10983046340025, 35.06476393659975, 35.06476393659975, 35.10983046340025], [-106.67714098296462, -106.62225001703538, -106.62225001703538, -106.67714098296462, -106.67714098296462]]}