{"center_point": [40.7583523, -73.9881953], "sample_points": [[40.76751386962352, 40.74299699492139, 40.7783394640294, 40.745516581310746, 40.78077863803619, 40.75570899041337, 40.76232231100585, 40.764053123485354, 40.73645963331008, 40.757634900279704, 40.7559585964594, 40.7635946590639, 40.75576765481122, 40.77043629955236, 40.76659806164334, 40.74323507754341, 40.764730824858475, 40.77871067931802, 40.73622173483217, 40.75616756019251, 40.7643458724835, 40.75540154597563, 40.77648149558949, 40.7782097864914, 40.7507798591491, 40.74180598548591, 40.768497433240576, 40.778681623138276, 40.76047540544254, 40.76193186423311, 40.75967537941933, 40.749123467414876, 40.743219370891254, 40.74041301445949, 40.750843951970026, 40.7740452283705, 40.76711372174725, 40.77203705413216, 40.77925189809772, 40.77818348169179, 40.76283001157184, 40.763203997459286, 40.750481630548315, 40.74269286808875, 40.75092737378912, 40.74383657564328, 40.768863439826895, 40.74339544869542, 40.76903019048886, 40.754726432519575, 40.73763498553027, 40.74865717725251, 40.7638447605895, 40.767470535321166, 40.76768493560476, 40.745649041764054, 40.757309153313244, 40.75159166836042, 40.74527433391513, 40.74341727357308, 40.77590121349384, 40.758138520590094, 40.758481311744525, 40.75806860060858, 40.73793502950259, 40.76763905147825, 40.7665673073028, 40.76480899978833, 40.78069567047273, 40.74879111937018, 40.760252732195234, 40.750867639601665, 40.74091543848888, 40.76714857378512, 40.75528770820296, 40.75201623081871, 40.76535258240718, 40.74196756798621, 40.75081201420946, 40.77450783021, 40.736523167517376, 40.76706562015922, 40.764882243273334, 40.74433781120171, 40.76086575739231, 40.779644252980134, 40.775206644619104, 40.738975088157034, 40.73729893524628, 40.757780303919915, 40.77435999705613, 40.74392372213315, 40.775624216717, 40.76677040049042, 40.77871517914661, 40.77077436254393, 40.752244130284474, 40.7445765353065, 40.76341420051421, 40.746723686010576, 40.777914105903776, 40.75825709483093, 40.7480122135053, 40.75471527430378, 40.75128740440066, 40.74749103955201, 40.76162397905127, 40.73756797266068, 40.77149052020866, 40.77570783383629, 40.77677344530451, 40.74619253490987, 40.774687108498895, 40.75448805473383, 40.742550821368056, 40.771202463608866, 40.74574532964207, 40.74663980308201, 40.73633849395254, 40.74281939919047, 40.76901979244586, 40.73886522738229, 40.77355039942791, 40.767190117180974, 40.778478559739604, 40.73855754766402, 40.77740885096593, 40.759541760424696, 40.778014264956276, 40.778507465260176, 40.75349934941754, 40.780122087732266, 40.7603204448585, 40.771979921936, 40.742308734468374, 40.771183710223646, 40.77028980999166, 40.75231921242614, 40.743806147093075, 40.74993199028054, 40.76211626309707, 40.74384086446899, 40.75569497472009, 40.74354663232523, 40.77700967262922, 40.73649213351027, 40.77250826976872, 40.770334963525826, 40.75912149021662, 40.77312486557306, 40.77558295839909, 40.7790227140721, 40.771630378547975, 40.76044700476308, 40.771159620445786, 40.77674410102871, 40.75663091008223, 40.77942731546164, 40.747795013393144, 40.771185845478165, 40.76685042711329, 40.77391981671258, 40.74814016969128, 40.752380926427016, 40.767265960391995, 40.74118953301991], [-73.98676466957208, -74.01105057838323, -73.96442902493759, -73.9908322106293, -74.01703866543764, -73.97325680162764, -74.00883726355295, -73.97685860239106, -73.98703169713075, -74.00811992853404, -74.01298125445759, -73.99922408753336, -74.002736913763, -74.00937657733886, -73.98078772821779, -74.01217337215138, -73.96882198110495, -73.97375039117985, -73.96589200478245, -73.97766196000582, -73.96526353243357, -73.96198949308219, -74.00440530916998, -74.00668245902078, -73.9732845562892, -74.00632622759684, -73.99238628078946, -74.01517508292646, -73.97603539167835, -74.01749665937048, -73.99017915132589, -73.98821077580988, -73.99254846141409, -74.00496699729011, -73.9647871572499, -73.98611680072622, -73.98683006157525, -73.99808120259927, -73.99807855980082, -74.00804233893574, -73.99345179497023, -73.97788757961173, -73.9672104639747, -74.00686807493113, -73.98861878662191, -74.00752517987432, -74.00091593820794, -74.00314932660163, -73.9902000269875, -73.9883859693784, -74.00406665838403, -73.98444933710171, -73.9970235546563, -73.98921579025787, -73.97296524498671, -74.01238078607835, -73.98826902037733, -73.96093097767891, -74.01112083956014, -74.01018741533893, -74.01656658502728, -74.00750913662318, -74.01105547149972, -74.016718357376, -74.01590287354362, -74.009277582355, -73.98159555894705, -74.00835344216415, -73.9659037203494, -73.98893053787755, -73.98804859603054, -73.95855520565662, -74.00672615720319, -73.98122870860047, -73.99110110084229, -73.96637913297111, -73.9832931047125, -73.97618569778743, -73.96315964707426, -74.01122564706861, -74.01304326238385, -74.0174205068021, -73.98455663701453, -73.98513528466744, -74.00493547850681, -74.00701056668596, -73.98070590910963, -74.00770072970582, -73.97013436494983, -74.00108176115086, -73.96639807503446, -74.00484103080481, -73.9907755469204, -73.97639594210781, -74.01476012273538, -73.99591022034822, -73.97727934147618, -74.00124058080243, -73.9923060693433, -73.96627730219684, -74.00293831617695, -73.97317911981516, -73.98898489587853, -73.99616271526972, -74.01144153793061, -74.00518168980038, -73.99497362056387, -74.00324896686737, -74.01468588884168, -73.96080268667188, -74.0009915556447, -73.98287234204444, -73.98216117081738, -73.98762967535694, -74.0106242590727, -73.96594392869108, -73.97427316228028, -74.00740288729986, -73.96259450759463, -73.98086664571991, -73.97932827874979, -73.98203142424403, -73.99218560712322, -73.96719696371615, -73.97884308991658, -73.98731689059245, -73.96066855677586, -73.99117877480239, -74.00409308620279, -73.97211906363736, -73.9649243171304, -74.00936672946013, -74.00842853100949, -73.99156338997535, -73.98080121331323, -73.9878049312685, -74.01285880768903, -73.99035465911572, -73.95856969752978, -73.9800602026376, -73.96582959992288, -73.959580196925, -73.99557521691553, -73.99751435187211, -74.00466082534714, -74.00460944323521, -74.00997490441846, -73.98086685153125, -73.96950121915503, -73.96481117523746, -73.98098369891972, -74.00508466225315, -74.01080022471965, -74.01546768704448, -74.00857721917681, -73.98443266862483, -73.98794072033479, -73.97657326963264, -74.00535936198787, -74.01249661464485, -73.95923298037279, -73.9594779619316, -74.01157981306902, -73.97931274042169, -73.9990784058526, -73.98459050187941]], "boundary": [[40.78088556340025, 40.78088556340025, 40.73581903659975, 40.73581903659975, 40.78088556340025], [-74.0178440223447, -73.9585465776553, -73.9585465776553, -74.0178440223447, -74.0178440223447]]}