{
    "boundary": [
        [
            40.78088556340025, 
            40.78088556340025, 
            40.73581903659975, 
            40.73581903659975, 
            40.78088556340025
        ], 
        [
            -74.0178440223447, 
            -73.9585465776553, 
            -73.9585465776553, 
            -74.0178440223447, 
            -74.0178440223447
        ]
    ], 
    "center_point": [
        40.7583523, 
        -73.9881953
    ], 
    "distances_to_center": [
        3235.754934530271, 
        1000.702178721499, 
        1636.937943611505, 
        1098.0602751235901, 
        2302.999502726785, 
        2183.516111330432, 
        1865.712679307004, 
        372.35358343671396, 
        2830.1051690682307, 
        646.7896554000395, 
        2162.8744137734147, 
        1796.1964569318536, 
        2150.26697752947, 
        2414.761444613293, 
        1795.4561302751674, 
        2405.13037867973, 
        1102.7600621029492, 
        1175.838298545069, 
        2694.5413109460546, 
        2981.5549040449155, 
        2581.5959059699117, 
        2740.4290958207685, 
        1396.868563949336, 
        600.7655413172176, 
        2585.9714504353856, 
        328.07570166450864, 
        2194.480486005486, 
        3157.711946473024, 
        1737.783740587546, 
        2239.409649620293, 
        1509.2996641538216, 
        2172.8741658135, 
        1724.3186840787928, 
        2213.4534861542747, 
        2385.888729753172, 
        1994.8695151198729, 
        2832.1096086113557, 
        208.4628810031559, 
        2803.5676889066362, 
        2745.0794442562346, 
        1608.6935346377813, 
        2260.5950765228113, 
        2127.5484756940023, 
        2260.8675451938097, 
        1368.2749558683763, 
        889.1371054653382, 
        464.2597046945514, 
        2501.4552825061933, 
        2235.338845506114, 
        2515.7709842547197, 
        1842.8202010063064, 
        1748.5016186349771, 
        2309.679072846203, 
        1159.6598457776165, 
        1755.716507493134, 
        2352.6007172641625, 
        1351.0547708645097, 
        1939.4271701442347, 
        387.2596165175215, 
        1772.276701220789, 
        2294.358221065264, 
        2842.3508919914157, 
        2185.3443180645495, 
        2147.237397182122, 
        2858.2716824519603, 
        1822.7501470539169, 
        1291.454469207694, 
        2116.505296572829, 
        1511.531347791831, 
        1465.2979318244802, 
        1562.7948016577584, 
        1906.2032202885198, 
        2123.924548902718, 
        2315.5804816809537, 
        2500.385654031718, 
        2681.2361605756705, 
        1279.14009915651, 
        2332.409932074643, 
        1546.9979113476338, 
        1725.1317598083936, 
        2620.4195520795433, 
        1657.5999727414512, 
        1034.1010648060933, 
        989.4824663363692, 
        2278.150758594293, 
        2476.8244627757044, 
        1284.2246113818799, 
        2126.6416538468548, 
        1271.0764524112135, 
        2400.042908898097, 
        1549.526567521362, 
        2623.0834652160274, 
        1799.7722654042764, 
        2720.096598600295, 
        1263.7205687192986, 
        2250.89525114406, 
        2866.050361139251, 
        1862.6044675858727, 
        1435.710589646383, 
        960.0303037997859, 
        1852.53471026269, 
        1650.1773119182178, 
        2383.2032945112546, 
        883.0944126565792, 
        2474.357418948523, 
        1455.5753627588463, 
        1610.3517127374075, 
        1503.746180806764, 
        1820.2669267168646, 
        2478.8300572242365, 
        1383.254728674491, 
        1355.476311266907, 
        757.382275099094, 
        1544.718572062492, 
        717.3778357309546, 
        1390.7678213196893, 
        1269.272020540279, 
        2543.5093916909937, 
        2371.1979547677533, 
        1986.836745018954, 
        2337.259952127074, 
        216.43158990507987, 
        1108.428811320512, 
        2546.8361113343244, 
        1884.0367777843326, 
        1815.6201242814107, 
        1453.7753762999605, 
        858.6449571520592, 
        3252.756847087237, 
        1553.369579718484, 
        696.5222979688017, 
        2380.8968065278455, 
        2577.8754097212895, 
        2071.0589586666697, 
        2399.8955264221263, 
        1576.3692331321106, 
        3098.8267375829228, 
        2501.7266318233246, 
        2935.615606240221, 
        3272.7537244292807, 
        2648.3911101860517, 
        1243.0404006510641, 
        2062.6743003806887, 
        2287.575072604024, 
        3004.0164140387615, 
        2116.6315420399237, 
        2196.3127806616067, 
        2996.171571067369, 
        2680.222351311212, 
        1350.0374079296635, 
        1305.516551336442, 
        2753.1997360733535, 
        1182.2958294885445, 
        2299.765246667024, 
        1372.696010834184, 
        2068.4757714397606, 
        1727.3125551930868, 
        2799.2561952300593, 
        1848.4071063569352, 
        3294.0273649035335, 
        2155.4800376776047, 
        497.6381656825602, 
        2203.799837665631, 
        426.3435792076538, 
        1143.2765582085592, 
        1918.9056775200602
    ],