{"center_point": [36.1277077, -80.2574934], "sample_points": [[36.12541466383777, -80.24220405180029], [36.12507284608338, -80.25866489414305], [36.10604228904268, -80.23663701861643], [36.126055663260686, -80.28430208202663], [36.14599362915337, -80.24618413167849], [36.12984724218532, -80.28501885193565], [36.14528105185161, -80.26990422217752], [36.10776337656273, -80.25913830338288], [36.13081389086155, -80.26858366233175], [36.11578739950642, -80.2455803666573], [36.130050409518574, -80.26136407215878], [36.1407095107221, -80.23741588855765], [36.13752944070335, -80.2736577068254], [36.13881942788059, -80.27037060859584], [36.14159695340322, -80.27451500332772], [36.13340912832198, -80.25994171530044], [36.115201998122956, -80.25833290361595], [36.11489537875235, -80.28318911288417], [36.149650626975095, -80.28061306619064], [36.119649414334404, -80.2455968071793], [36.108442288495006, -80.25795066612825], [36.14836750476714, -80.26429146412586], [36.120461571863764, -80.2588137342222], [36.12920561213852, -80.27488917552067], [36.12125920696867, -80.24922294916861], [36.107931886616434, -80.27743154277823], [36.13939766188836, -80.27531424407836], [36.14863332313376, -80.23778523550328], [36.11068038367339, -80.28249164241535], [36.13700644263124, -80.25971763807496], [36.14217121798912, -80.25157516089565], [36.13469374542645, -80.27115059289923], [36.11115231243249, -80.26531247055772], [36.11564639792796, -80.23246000489635], [36.14252432215998, -80.25792636227], [36.12541310512272, -80.2710659862296], [36.11167550677727, -80.27608601935393], [36.12986336194836, -80.23717805426806], [36.12019913971428, -80.27716293059102], [36.14415523387694, -80.2374276668708], [36.13962507114963, -80.24411232491882], [36.12012688481203, -80.23815305986338], [36.12737914313598, -80.26867263794837], [36.10562591175063, -80.26255767575599], [36.12269015938369, -80.25690737078861], [36.14493960790496, -80.28290565184074], [36.14059243845318, -80.2726251061471], [36.132962817948815, -80.23071203449918], [36.12279800960644, -80.25730071861274], [36.114901570213505, -80.23794259598483], [36.11072763359114, -80.24408167169582], [36.113126613261244, -80.24746315447308], [36.125235035812906, -80.23105190559075], [36.11815714397127, -80.24830479925359], [36.117517339414974, -80.26391459859664], [36.11027867702034, -80.27064353690456], [36.12560849018581, -80.2681712802892], [36.12964925133341, -80.25049221506615], [36.12499178789412, -80.2699675489238], [36.113504328556914, -80.28208796458074], [36.130040645293185, -80.2533401437591], [36.12102061794113, -80.2769660828099], [36.13771889190649, -80.23551511154542], [36.1381557470212, -80.26469625956018], [36.134139749239345, -80.23572079569522], [36.14991277462175, -80.27972170254152], [36.11052752960927, -80.28449186661629], [36.14108918778747, -80.24044550098527], [36.13746174155653, -80.2426115254001], [36.11995246035618, -80.2786051115984], [36.10527233079444, -80.28333761320356], [36.12895041765738, -80.25748574511846], [36.13175256688116, -80.27786277304578], [36.10767414614977, -80.23228989544093], [36.12888860780666, -80.27813020344112], [36.14112934981071, -80.26790120765706], [36.130549860865, -80.25374455124697], [36.14680668986493, -80.27187749716609], [36.11242553975402, -80.25017326843506], [36.1353552972464, -80.24263317189349], [36.147067008034625, -80.24234802995149], [36.10558574179506, -80.2750385900575], [36.10614395743225, -80.25308235667423], [36.10664774617175, -80.26179924798504], [36.11289061273953, -80.28306426948323], [36.121169855247594, -80.27001036380463], [36.12138042112087, -80.2537324211633], [36.139466899333485, -80.25322404609626], [36.13513957291637, -80.25418038149563], [36.11591975746914, -80.25380358441927], [36.13324577026085, -80.23517425604304], [36.134007242017766, -80.25810542417487], [36.11713628785457, -80.25697827566005], [36.12327723505974, -80.24484080955047], [36.10575140056215, -80.26470683325226], [36.118415702387246, -80.27656013861794], [36.10698606062279, -80.26177159309171], [36.12111176161854, -80.28425867746854], [36.112981137984875, -80.2341939503993], [36.14289664163989, -80.26319545781674], [36.13612538322843, -80.26568187435375], [36.14556478355863, -80.26606184563754], [36.111500322793056, -80.27952923163396], [36.137317170395384, -80.23256062225519], [36.14359230822329, -80.2491469401556], [36.10904548708149, -80.24722146025373], [36.13107445294816, -80.28318722820745], [36.14075044196136, -80.24543697519952], [36.11724002677623, -80.23198209250954], [36.14244882384034, -80.24483621145005], [36.11611506942783, -80.26972876475288], [36.107879577522695, -80.24912652794393], [36.1201349412563, -80.2553958117223], [36.128186798132745, -80.24588002609694], [36.1215732651975, -80.24761053911982], [36.13581277241097, -80.23187451491954], [36.11390506549362, -80.2700785049422], [36.13049984953768, -80.2695787698657], [36.14625156908999, -80.25580370174852], [36.14637294920127, -80.26427345304005], [36.12798339289074, -80.24162089698588], [36.14475463030007, -80.27758267382502], [36.12292538262411, -80.24951071488468], [36.14831085017051, -80.25935354573461], [36.11185981428193, -80.26561177811627], [36.11122559062566, -80.26299136948616], [36.11208874989762, -80.26390350814117], [36.13683115122355, -80.28210888722344], [36.15006157316047, -80.27579843516536], [36.109218892159596, -80.27806387840721], [36.12413665072389, -80.26447951334593], [36.127422214822786, -80.24245293441956], [36.13936657407136, -80.24018569218758], [36.12154550896812, -80.27981764011714], [36.11981638948593, -80.24601701776518], [36.143349062286674, -80.25338697657169], [36.108221139265545, -80.28484876674057], [36.129510441792995, -80.24455418143067], [36.11966777215315, -80.23028489503955], [36.135363432290994, -80.24752001556773], [36.12973031755395, -80.25265884957697], [36.1188579832625, -80.24058527427168], [36.11558166708221, -80.23658822659401], [36.12445483614551, -80.27402141562145], [36.12252781201698, -80.26443994049193], [36.106535889142855, -80.25115552886271], [36.13564605591943, -80.24444319799667], [36.12235128362779, -80.27874645316962], [36.144883607794654, -80.26547643250956], [36.148918248524474, -80.2791423946907], [36.12992578295565, -80.24534130248755], [36.1474268993468, -80.2338446587293], [36.123851576288466, -80.26049346275856], [36.10848792411841, -80.27139175890312], [36.12974491222489, -80.23750237739745], [36.14160095296025, -80.2666022985384], [36.127783457037815, -80.27481779517134], [36.11698710147379, -80.24289131894716], [36.126972314129496, -80.27206006423614], [36.126400373076585, -80.28427454434669], [36.11869022293499, -80.23180711768117], [36.116830319739805, -80.23900915180394], [36.12425429693954, -80.28455788883606], [36.1081539381063, -80.24963802399414], [36.11412203147449, -80.27359418615681], [36.13936148123597, -80.26003741061892]], "boundary": [[36.15024096340025, 36.15024096340025, 36.105174436599754, 36.105174436599754, 36.15024096340025], [-80.28529812609032, -80.22968867390966, -80.22968867390966, -80.28529812609032, -80.28529812609032]],