{
    "boundary": [
        [
            41.91076626340025, 
            41.91076626340025, 
            41.86569973659975, 
            41.86569973659975, 
            41.91076626340025
        ], 
        [
            -87.65929730747031, 
            -87.5989626925297, 
            -87.5989626925297, 
            -87.65929730747031, 
            -87.65929730747031
        ]
    ], 
    "center_point": [
        41.888233, 
        -87.62913
    ], 
    "distances_to_center": [
        2236.095353191755, 
        2282.9547937739685, 
        1570.0675804461544, 
        2414.205720764337, 
        2065.7482075609055, 
        2406.3098864071744, 
        2740.4322283374595, 
        2895.177911526769, 
        2020.03954746458, 
        2426.8394968565453, 
        1065.1599936678035, 
        1190.5289890269028, 
        2519.0277253955605, 
        2008.340684490586, 
        2272.896281135262, 
        2128.7586238126423, 
        2088.7732354727136, 
        2360.7649344945476, 
        1557.265725711588, 
        3008.2719085314643, 
        1532.4145458329162, 
        2428.5494936495797, 
        1866.756843434786, 
        1076.466678124925, 
        1216.2589244514922, 
        1540.9630416029954, 
        2452.339506138031, 
        1716.9314467495374, 
        827.9800253048953, 
        996.3179216157243, 
        2421.4695672468656, 
        559.685840317477, 
        1931.9998362091426, 
        2167.526692771802, 
        597.895382333508, 
        2993.6629921682265, 
        1243.007259870478, 
        1724.5321442584127, 
        1134.4520594183361, 
        768.6000720940779, 
        2814.2158239237033, 
        2449.594677194541, 
        1298.8700265459645, 
        1760.8084145935695, 
        3067.3738609519273, 
        2487.8098782299826, 
        1994.1663491706563, 
        1105.8154416180864, 
        2904.7779764966276, 
        2471.71651750116, 
        2955.804944072346, 
        767.3176457858931, 
        2346.1657490955945, 
        1346.5228472247245, 
        2368.1870830837124, 
        2576.1452143252527, 
        3331.782184656884, 
        1259.2813691967658, 
        2128.3420735447908, 
        1910.9712708747475, 
        2126.0054369124587, 
        3277.6975213767782, 
        2808.1133637337603, 
        2429.1417523638584, 
        1680.1565255718347, 
        1529.8677297448412, 
        1758.617241922399, 
        2534.006795052343, 
        2443.1157335037738, 
        2294.575324346074, 
        1535.7906547271855, 
        529.9384421397227, 
        2466.5471260821246, 
        2203.067782160774, 
        2270.3752144400833, 
        2700.738953637887, 
        1808.09288571599, 
        1186.595030262768, 
        2515.0513457240545, 
        2608.87806951252, 
        2338.274120630719, 
        1620.4434047232169, 
        1561.0453079119195, 
        1211.759326705551, 
        2020.8385922817026, 
        2462.3338348372504, 
        1973.4686907468388, 
        2662.6600043712883, 
        2371.5203662692857, 
        2412.878260303295, 
        2319.2381628167245, 
        2984.0319313130685, 
        2783.8184105261957, 
        1909.1619967834893, 
        327.23278698023586, 
        2339.1954728294563, 
        2719.131193644859, 
        1977.3167198133067, 
        2407.042310629257, 
        788.6770410692186, 
        1226.0660536712371, 
        1700.4706930786251, 
        873.0963695192486, 
        1299.7806892291194, 
        1886.9378286350175, 
        1186.176832240876, 
        1160.48041000262, 
        2091.7174576257344, 
        3224.5721210970964, 
        1855.1208873726246, 
        2990.383701369008, 
        1651.3582907973387, 
        2058.6082939725015, 
        1956.8220206640076, 
        1799.2434417317538, 
        1757.0716691835391, 
        1509.7957547604183, 
        1982.4251466022706, 
        1767.2306557362228, 
        2394.1634113993655, 
        2476.819354642285, 
        2608.502174136231, 
        999.444306165851, 
        1553.1079220954082, 
        1650.378438850811, 
        1197.6829052271548, 
        1249.7527845174686, 
        2608.866717940734, 
        1116.0060437532038, 
        711.6522521290991, 
        2006.8982013529046, 
        2336.5169218917445, 
        2109.2318842998084, 
        2108.658338112302, 
        2057.8616941174805, 
        1197.9619424218317, 
        2916.4953840125554, 
        1752.2374091726158, 
        1451.4834203842713, 
        1871.4173168738807, 
        3302.2274196684593, 
        1963.8350176624238, 
        978.5635266007806, 
        1179.401166948906, 
        1737.3393409652472, 
        2416.037612596435, 
        1719.3847968939713, 
        832.5407894440896, 
        856.8735157130368, 
        3204.6058692170063, 
        2632.0267685847202, 
        2065.802467042557, 
        986.5030415994333, 
        2481.3812731749827, 
        2710.840840954636, 
        1319.5110079702906, 
        1788.2369765348215, 
        2992.381917287622, 
        684.9407062423019, 
        2125.5813750410225, 
        2297.956324636667, 
        1743.4140457481988, 
        1640.0476277038836, 
        1774.6116557834669, 
        1645.711492364834, 
        1279.366280124522
    ],