{
    "boundary": [
        [
            39.188133263400246, 
            39.188133263400246, 
            39.14306673659975, 
            39.14306673659975, 
            39.188133263400246
        ], 
        [
            -94.47876597775635, 
            -94.42083402224364, 
            -94.42083402224364, 
            -94.47876597775635, 
            -94.47876597775635
        ]
    ], 
    "center_point": [
        39.1656, 
        -94.4498
    ], 
    "distances_to_center": [
        1815.829080968661, 
        1586.9313059562203, 
        2466.927612683979, 
        86.93828777686198, 
        612.1671138923385, 
        2096.7479152980236, 
        1320.204606281754, 
        2175.2447098685466, 
        773.6947502075573, 
        2443.603379897426, 
        1841.1673313302838, 
        2734.41090663694, 
        2056.470572087005, 
        3221.8700412433004, 
        1778.7146718269923, 
        2091.37136168527, 
        1549.5428984099278, 
        2097.254199367309, 
        2901.528243979531, 
        1930.380579290466, 
        2635.221479154858, 
        2069.926700137349, 
        2235.768079169228, 
        2150.0296359705844, 
        3028.533274802265, 
        3245.128009904781, 
        1170.4281142808898, 
        1845.2480257253746, 
        1638.3043005670822, 
        1590.467409069537, 
        2493.3876753909226, 
        757.4599995946902, 
        3135.279866976563, 
        1297.7716689550546, 
        588.1466518690927, 
        2349.975881963343, 
        2708.14212534967, 
        2378.1232808453524, 
        2651.957382275055, 
        2600.3412986289622, 
        778.1603824299956, 
        2206.416411560961, 
        1140.1756026088576, 
        1985.7231740931431, 
        1161.5054066596801, 
        2769.161885865743, 
        2411.9402786730348, 
        3189.7798192301116, 
        2877.9897638340362, 
        1370.1119059352818, 
        1926.3294111012817, 
        1557.0762737180141, 
        2443.5804591865403, 
        1155.3405696469792, 
        1235.1164750710593, 
        1953.901885846496, 
        1067.0111415595939, 
        2408.7121310111797, 
        2084.1740757584653, 
        1444.8239318956084, 
        1152.178401537305, 
        2492.966485667301, 
        1921.5575763941, 
        1469.6411602129165, 
        2966.4569119814987, 
        1544.812936892629, 
        546.8807803663676, 
        1866.1822933365584, 
        399.21247923900864, 
        3102.6126380892724, 
        2165.474493323034, 
        1583.0584485593074, 
        1848.4362624642708, 
        2360.409755438916, 
        1478.9367578289082, 
        1701.3158170497943, 
        873.9997518304795, 
        2042.6312680649196, 
        1473.833378664108, 
        1321.1924501933888, 
        1798.7825407633745, 
        643.6554227425191, 
        2455.20108902625, 
        2299.8077757729807, 
        2719.4402164871844, 
        1882.4004898597168, 
        1463.7598933508173, 
        3093.643983213411, 
        3299.0831295143466, 
        1499.852015368102, 
        944.5544995677908, 
        1667.7314048309238, 
        2269.3102512449013, 
        2020.2442195014569, 
        1538.2936021872642, 
        1777.3038675519342, 
        2035.8394176736017, 
        1774.3204706847448, 
        2688.209618337267, 
        2261.174835589941, 
        2228.9838600971325, 
        2485.3370203454892, 
        575.1373927102633, 
        2702.5991151938783, 
        2543.2531880093575, 
        1466.669180137701, 
        1567.2292835678238, 
        1964.9820497717058, 
        1586.1937089264202, 
        2633.6477052233913, 
        2275.7455155262646, 
        1505.6812145083904, 
        2515.3716829688924, 
        488.9830798538765, 
        1248.6443195285406, 
        1683.3040332041435, 
        3166.74375994668, 
        2513.1650000938084, 
        2024.6602184586284, 
        1036.958874756853, 
        438.5025919470383, 
        2601.6247009472586, 
        2581.9189321222184, 
        2825.1259380941633, 
        2813.7198183004975, 
        97.68191508833289, 
        1933.8888622464194, 
        2393.8848599662483, 
        2231.744141049372, 
        1173.9228498331847, 
        1629.3042367547746, 
        1537.8695714189728, 
        2326.170394274896, 
        2434.7786248557586, 
        2201.5004060170895, 
        174.63185687516474, 
        436.89663783674735, 
        2127.181738836363, 
        2424.5996679307777, 
        379.02698155847725, 
        445.94078046640925, 
        1848.7877332242338, 
        1544.7765698659657, 
        2218.672412428211, 
        1368.105883655227, 
        1756.6105449722027, 
        2174.316654529785, 
        2073.0773180075066, 
        1290.9955381909235, 
        2061.3412847586624, 
        2804.6525529613527, 
        2382.9434386070457, 
        2142.7134041927916, 
        2200.988200306944, 
        2684.11820316825, 
        2553.157980798505, 
        1673.8942590246963, 
        1519.086153379725, 
        1028.3134802115846, 
        2413.249223363624, 
        1385.4660707581515, 
        1119.558600238951, 
        2158.423682953556, 
        384.9253230148256, 
        1591.8310263360336, 
        1939.811043130824
    ],