{"center_point": [39.1656, -94.4498], "sample_points": [[39.15552914473701, 39.150640963205014, 39.18726630519292, 39.170443017748674, 39.182172201966395, 39.172643897284495, 39.17472505371926, 39.18403573540417, 39.14524534006489, 39.16349429413976, 39.14800463377572, 39.17839651287348, 39.18252865412093, 39.174210958510095, 39.157853945422914, 39.15545299380381, 39.174574339413006, 39.18291447718503, 39.16838129963777, 39.169079251912905, 39.15381636456139, 39.147663330959276, 39.18017496706025, 39.14639520114219, 39.16443811880701, 39.15670915687999, 39.16926553007022, 39.159131305842415, 39.184283622407385, 39.17834645851136, 39.1798895824203, 39.14941053477389, 39.17572525284344, 39.16177485383227, 39.166855864385866, 39.17174257836152, 39.153006615638446, 39.179262974187495, 39.16644786519289, 39.173886825758544, 39.17018257732758, 39.15147201803731, 39.14410583113559, 39.17722656970256, 39.15083590787618, 39.1494577169963, 39.14720835316589, 39.16993307682489, 39.16424716614921, 39.16107067236818, 39.17070041659172, 39.17818714426846, 39.14646450478714, 39.144070768434126, 39.158508886808505, 39.174615882310675, 39.15006012167892, 39.17524822005668, 39.185522539003045, 39.163250203042715, 39.175991111268836, 39.156468353516274, 39.18485040324194, 39.186395308015435, 39.17088261938852, 39.15574423628634, 39.166379637294185, 39.18365563297608, 39.15756615823843, 39.18812778343472, 39.15126949496755, 39.14701799405407, 39.14841332968216, 39.18032084372664, 39.16758640969305, 39.17800589462575, 39.166892628409464, 39.1454710347083, 39.150525071351375, 39.146705356692514, 39.15981411496465, 39.18650477446519, 39.15628399647704, 39.14496829179514, 39.16571553983018, 39.17478293518534, 39.15590451993339, 39.16429734894592, 39.17405744132404, 39.15383922182907, 39.17875121168718, 39.1722296688771, 39.17765887607795, 39.14317190829289, 39.18544119604316, 39.16705071325303, 39.15792612805646, 39.18453657809717, 39.168077775247376, 39.16015308021148, 39.17076378601433, 39.14389251122205, 39.187226738699124, 39.16736920689387, 39.15648560710617, 39.175132420724886, 39.175022565331425, 39.17408799931029, 39.173506433672486, 39.17518113093623, 39.17934408302125, 39.164090028340446, 39.14881125978889, 39.16979832410132, 39.16817839114294, 39.14583598173898, 39.149637013171635, 39.172499724881504, 39.15590129015823, 39.16445082607213, 39.1469148213668, 39.18513465628739, 39.170333581766734, 39.174905338480734, 39.17961949158716, 39.149598859639966, 39.15307200889241, 39.18171379532784, 39.164905912724784, 39.18476859248494, 39.17454102409284, 39.143727183493176, 39.15408456970434, 39.15046886321832, 39.15348783608471, 39.15824593047256, 39.18693716953979, 39.16420027365618, 39.15240643493095, 39.179608337199035, 39.16274070336149, 39.149759573756825, 39.15771178822364, 39.184989782342946, 39.1678179831353, 39.143400349017895, 39.16838550673508, 39.18133949281049, 39.15094895458928, 39.169224052882974, 39.15150371439982, 39.18027568698717, 39.1475875045742, 39.153868906927805, 39.15921055884679, 39.18609787438238, 39.1593067886156, 39.167224498995644, 39.18327174369584, 39.18024970765229, 39.172729394915315, 39.16224028637959, 39.16197778302272, 39.17466157539417, 39.17579783811681, 39.17387079403147], [-94.46017013757427, -94.44349337213183, -94.45953917336413, -94.43079147075122, -94.43005601801536, -94.44031397304737, -94.43540569893341, -94.46615760232532, -94.43774288915132, -94.44128261532529, -94.42723506293986, -94.47176098021863, -94.46445720914625, -94.44186416818923, -94.47769707351846, -94.43018678955173, -94.47208519181102, -94.43445192062448, -94.45915220584713, -94.43163898984535, -94.44899237140514, -94.45755876984425, -94.44010195898329, -94.43163370763395, -94.45299626881001, -94.46595261485467, -94.4731630059506, -94.4340384027204, -94.4722402191043, -94.43330600384881, -94.47446916877557, -94.42433736098151, -94.43673638088549, -94.46420447069345, -94.45859994930335, -94.47688988394312, -94.42253776122529, -94.44844766562761, -94.43559035931547, -94.44558191718194, -94.44771923482831, -94.4533175410799, -94.42451203588026, -94.44773735964819, -94.47183674105493, -94.45876518105146, -94.47296797443255, -94.4503658359667, -94.42362093205465, -94.47571935397694, -94.47673269017939, -94.43670352298167, -94.4736711574475, -94.44964862199991, -94.45865669216356, -94.45630071844155, -94.44954727916617, -94.43038237147097, -94.4717122007381, -94.45426079762865, -94.42317306777161, -94.47071001575563, -94.45050759809881, -94.4390595240405, -94.424634928038, -94.44529648607896, -94.4329938304209, -94.45920537737277, -94.43792485357561, -94.43779449870229, -94.46141284746601, -94.43754744673996, -94.4736899100731, -94.46883146918204, -94.45897987332067, -94.43179887338212, -94.42787174160267, -94.44112278401035, -94.44784632782148, -94.46175813964334, -94.45056341915127, -94.42240338564137, -94.44822843384378, -94.4319144147667, -94.44842850228778, -94.43797279335223, -94.4749942373916, -94.42113385147141, -94.45342921288253, -94.44956860057961, -94.43353188457311, -94.44662450941358, -94.46540301597432, -94.44048638035623, -94.4687708487272, -94.43168098902811, -94.45685032932857, -94.44480427072108, -94.4399347150214, -94.45537913974782, -94.46124976876273, -94.4428270425299, -94.43481020244106, -94.43317129184922, -94.42296402252025, -94.46119455637427, -94.46365773421846, -94.42376394750003, -94.45414163043759, -94.42227252454755, -94.43278378356264, -94.45174317552161, -94.47826443141378, -94.4312547816525, -94.44503562316785, -94.455420715679, -94.43120802491183, -94.45826120922773, -94.4504101463606, -94.4290350114703, -94.42240295713432, -94.4362537559511, -94.42759705580515, -94.42418847355358, -94.45859081727892, -94.43855447869089, -94.47255410389106, -94.42542081563502, -94.42812537993574, -94.4470247894046, -94.46718959798827, -94.44533222062277, -94.47400337745611, -94.43931409694355, -94.44452180556327, -94.46686711939074, -94.42650606582467, -94.43845669251601, -94.44663202932544, -94.42103266871732, -94.42813366828514, -94.46945632568553, -94.43647066280397, -94.44452970135715, -94.4254520282746, -94.42937990005083, -94.45510259282239, -94.44073823046877, -94.44489926737563, -94.4577409309, -94.46534145152378, -94.4280874478792, -94.42283420480022, -94.46463377390906, -94.46533597663749, -94.4696526033597, -94.45328374288641, -94.44425030604694, -94.4265438020751, -94.4549069324897, -94.42729898341038, -94.467269841219, -94.46497467697105, -94.46745241024728, -94.4556587668513, -94.44133151830913]], "boundary": [[39.188133263400246, 39.188133263400246, 39.14306673659975, 39.14306673659975, 39.188133263400246], [-94.47876597775635, -94.42083402224364, -94.42083402224364, -94.47876597775635, -94.47876597775635]]}