{"center_point": [39.1656, -94.4498], "sample_points": [[39.17853312038575, -94.45863122159139], [39.182115866488495, -94.46624212721942], [39.14941843360611, -94.46518252701772], [39.16544845446646, -94.47275747913957], [39.182562295167436, -94.42837656280837], [39.173294261120475, -94.45169358982584], [39.17349902715845, -94.46375659209005], [39.17679303804753, -94.42439531619695], [39.149574493005794, -94.46542629882532], [39.176158442349504, -94.46756954736657], [39.148148634137215, -94.44006295524083], [39.18615342164658, -94.43977393178213], [39.16162482725079, -94.44861738796088], [39.182626035107305, -94.42114986224792], [39.158130146730535, -94.43169025918584], [39.15735828608463, -94.42552262522146], [39.170272332633466, -94.45602975648427], [39.173614835569516, -94.43117694953806], [39.17402576018071, -94.44511442219724], [39.151147097347376, -94.45562443644191], [39.17235238599746, -94.45105270329995], [39.15861216345749, -94.44804347232667], [39.15593945658748, -94.46158699394509], [39.147704996431415, -94.4286205062056], [39.14567828977285, -94.47472205191548], [39.18647782168367, -94.47730864724433], [39.16002997458937, -94.42922197872537], [39.165166309034575, -94.44071480990075], [39.147488276813334, -94.45313843664007], [39.15985181170035, -94.42160594779068], [39.15481731843821, -94.4327651275029], [39.153112041438966, -94.43903616379554], [39.15817587482775, -94.46523444378052], [39.143979905925164, -94.45229843865782], [39.1767349875358, -94.47179442776932], [39.169294244772146, -94.45222224976808], [39.151275989289125, -94.46935134430929], [39.186635634969235, -94.42625814528937], [39.179791482045765, -94.45300473822684], [39.18474789014318, -94.44410020112876], [39.15876535429817, -94.44694611228412], [39.170972924488865, -94.45399695844348], [39.14826122423855, -94.44064400811845], [39.15867251493404, -94.46142866770911], [39.18720660352824, -94.45546818567226], [39.15498818585257, -94.44065353739244], [39.16223881208217, -94.46555894936414], [39.170364233374, -94.4677006063831], [39.151888052155606, -94.46843390222848], [39.18612417206815, -94.43067983190085], [39.14839391829976, -94.45972654438727], [39.15360971087135, -94.46265825009137], [39.16847964543019, -94.4236883727598], [39.18555824364415, -94.47398590026366], [39.177407390270695, -94.47655680088792], [39.17388858334068, -94.42893243209664], [39.1640975912902, -94.42193373192234], [39.15817283509488, -94.42308544280127], [39.16748942152411, -94.42098625354684], [39.15467361438781, -94.4786568178576], [39.1460262953048, -94.44750800476125], [39.17844648571779, -94.4675770804946], [39.18004222046166, -94.44427168060021], [39.17153134448932, -94.42395575222015], [39.14823447997636, -94.44410952171236], [39.15239322115437, -94.4605372585925], [39.15807952016485, -94.46217300086089], [39.18730420869535, -94.44455655359837], [39.17950332198425, -94.44051514023141], [39.144670883639485, -94.47253637194264], [39.17519389823811, -94.45406975624338], [39.1808217337725, -94.44523296805566], [39.15961373917663, -94.43726477393409], [39.18448654582843, -94.44799750161627], [39.15278023390311, -94.46738619071289], [39.17879155934601, -94.42786382903282], [39.17839094301744, -94.45880467782902], [39.14492659171383, -94.43665912361423], [39.14794484120046, -94.43306626537886], [39.155967273840005, -94.46508324176463], [39.15186900576032, -94.43818723841488], [39.17875792751403, -94.45487241084976], [39.15791287052244, -94.46777020443058], [39.15783856079955, -94.46817384748553], [39.15520163418701, -94.43158988474266], [39.17971666086558, -94.42315896189146], [39.175507202904875, -94.42366585148818], [39.14676935828766, -94.45723368648456], [39.15616080907188, -94.45054690630225], [39.15014625568824, -94.46503284141511], [39.150858584091374, -94.44745054510477], [39.187076915930106, -94.45813142434989], [39.15908890753165, -94.47198944142802], [39.165189555465645, -94.47226039903255], [39.1615245260466, -94.43624301778452], [39.183293107189805, -94.4768064511292], [39.15950652211833, -94.47138457991622], [39.14504171706532, -94.45389976447137], [39.17328508278777, -94.43858565932211], [39.15671506092691, -94.4240838743317], [39.17870576817857, -94.44826741718897], [39.174435436191054, -94.43183895088808], [39.171227056256896, -94.46832417880442], [39.17698834938169, -94.46492456073793], [39.18576482883074, -94.42159246184907], [39.186820487613, -94.4556742727492], [39.15888851309452, -94.42355337532622], [39.16736146839603, -94.44175815676222], [39.160620852411675, -94.43071946005438], [39.159009793733695, -94.47396248854409], [39.15528206824223, -94.42379687172745], [39.15500090037801, -94.4556875817289], [39.15825633922893, -94.46672770011789], [39.17876034571305, -94.46359265157948], [39.17219770934574, -94.43595013507287], [39.15434740962369, -94.47064210444626], [39.15566771427356, -94.45644218017246], [39.1858875336243, -94.45448780883225], [39.169529524621424, -94.45575018438673], [39.17172661594657, -94.46141817120325], [39.16834975902989, -94.45177115937068], [39.18059193401565, -94.43569890301234], [39.148721583000196, -94.44409421540755], [39.14670297497019, -94.46248990911934], [39.14472833277317, -94.47290310998115], [39.173695188877616, -94.44857714566392], [39.14856849298574, -94.46060868176814], [39.14580563504362, -94.45603125576498], [39.18070586016017, -94.47762475532554], [39.152097737541446, -94.44146845034248], [39.16678987229456, -94.4268602482058], [39.18486921815501, -94.42393862205208], [39.1549271541154, -94.44338712846523], [39.14941999451593, -94.4710355564343], [39.150488957164065, -94.44354347655865], [39.176521453148474, -94.44070436983516], [39.18285499593887, -94.45830287588043], [39.160169898270084, -94.45095936309058], [39.15469545423149, -94.47477428732796], [39.17164077362083, -94.44258042608269], [39.1797253733561, -94.44654613332007], [39.148769118888964, -94.44339117999336], [39.183171296241476, -94.47713204702642], [39.16644823816674, -94.46470669215262], [39.148044630717415, -94.43556280796226], [39.17228231463267, -94.42467680999827], [39.15380033199396, -94.47260973185807], [39.144347745991745, -94.42774787521796], [39.18002511438514, -94.46186543533021], [39.18181493346063, -94.44213112268919], [39.16785636020883, -94.47252633449477], [39.17062210276434, -94.43298317770802], [39.174427153923176, -94.47532093425279], [39.16566299744829, -94.4352696733982], [39.15833864721044, -94.464593907404], [39.15156944483024, -94.44082521638603], [39.14857134474977, -94.46787855758838], [39.17249920720754, -94.42324718450604], [39.18637181678387, -94.45863629349361], [39.1794988678843, -94.43064909249942], [39.17154009214426, -94.4337322147144], [39.168468119352134, -94.46096848137661], [39.1599333956281, -94.44076154310963], [39.14488163860177, -94.43464962067046], [39.17604581502648, -94.46229827585266], [39.162700008743265, -94.42880385346488]], "boundary": [[39.188133263400246, 39.188133263400246, 39.14306673659975, 39.14306673659975, 39.188133263400246], [-94.47876597775635, -94.42083402224364, -94.42083402224364, -94.47876597775635, -94.47876597775635]],