{"center_point": [38.2577834, -85.7538323], "sample_points": [[38.24256529465945, -85.72724016309316], [38.26972265723715, -85.7462925321192], [38.27907624370875, -85.72726288372237], [38.251232762352565, -85.73550475092081], [38.27988330597407, -85.76343598842503], [38.24422615112468, -85.7361630966194], [38.24057296861829, -85.74084902891248], [38.24723729110106, -85.72682355596558], [38.274887791959465, -85.77968577137207], [38.239562460308996, -85.77429257863176], [38.25243175817792, -85.77469951826566], [38.235565839752866, -85.76482671884148], [38.24719758818611, -85.7360622834014], [38.27770344077535, -85.75303796392089], [38.267603529337684, -85.73824185312249], [38.2770877410439, -85.75789857517223], [38.27315310899165, -85.77176254643969], [38.23723935526875, -85.75944404063739], [38.260518455793886, -85.72654669653849], [38.258676482883054, -85.73736879298752], [38.279951222104344, -85.76912291387744], [38.24755873904667, -85.75692163851905], [38.242391646402154, -85.73107694280752], [38.24303080011149, -85.76823511027044], [38.27320538262661, -85.72892718694986], [38.251524157197, -85.74162083292802], [38.272710958546284, -85.78151100967334], [38.274813838783004, -85.77438012006745], [38.24544284936449, -85.73658811382249], [38.27579618514802, -85.77407802005143], [38.25496043494134, -85.75549720216128], [38.27323466796451, -85.73411819239898], [38.25461771954626, -85.73063672347097], [38.25014174482259, -85.72550720985026], [38.24439500908603, -85.76247714549126], [38.265517764212134, -85.77522970249268], [38.25747551399575, -85.73307517170778], [38.26337542468366, -85.75908073521799], [38.2464888772544, -85.77851543198074], [38.25798661556291, -85.74905374599419], [38.25073304416605, -85.73359394843169], [38.23695379460767, -85.72804616261121], [38.26447665032773, -85.74094357482451], [38.23526443481761, -85.7793471485921], [38.26587694322924, -85.73932638052845], [38.26770817258858, -85.76043845680675], [38.25099937835695, -85.75788305505615], [38.24395519324311, -85.7552823954689], [38.251185085544456, -85.75993783074833], [38.23610555518264, -85.74124535051664], [38.271929728573, -85.726961394908], [38.25946433697417, -85.73210751480282], [38.2543017399974, -85.76557003642941], [38.264932632065204, -85.733618727513], [38.255843904551334, -85.77672332501535], [38.23974578571696, -85.75796508489574], [38.2639163077898, -85.72702791959841], [38.24031744480687, -85.74495888117458], [38.23622354836765, -85.77328064837766], [38.24862308180483, -85.74638480795609], [38.240458107350555, -85.76965272733909], [38.2747533153407, -85.76461487657998], [38.25834771564259, -85.77406229728322], [38.23723342603065, -85.77099615043525], [38.268860378313136, -85.77842603611936], [38.25645649378401, -85.77069918915758], [38.26010908861638, -85.72923883591682], [38.25792711367317, -85.72735197495419], [38.25114098788986, -85.74691171002686], [38.279223149091926, -85.75759063530121], [38.27185411222277, -85.72875310036106], [38.23534692417808, -85.73010734411116], [38.24435563481121, -85.73930184343894], [38.24733526120096, -85.77401966619294], [38.266822052904075, -85.76602431121161], [38.23657191550054, -85.76206103809393], [38.2395172738473, -85.75091040367249], [38.27264287424416, -85.77811860138273], [38.236575255461716, -85.75545088868077], [38.25473671745446, -85.74238779802083], [38.23810320237488, -85.76171041523361], [38.25771991296657, -85.77087168778293], [38.23983760007166, -85.77339599014249], [38.278790016168564, -85.74559633938533], [38.271320726278596, -85.7498784530375], [38.278021997699, -85.77553971722115], [38.23563141662624, -85.7549884719172], [38.2404709091813, -85.780825326134], [38.25015316515837, -85.72905367771021], [38.2390915708995, -85.76478582602947], [38.26777838331315, -85.74175484714164], [38.237663937230685, -85.73039604422742], [38.255738936032, -85.74376829218443], [38.26509335403692, -85.76643875237913], [38.27787297377463, -85.72548919470492], [38.269059669619054, -85.7483048515435], [38.23810865889921, -85.76102430875468], [38.235675726604335, -85.73846484609369], [38.254728571677965, -85.72648733747377], [38.23632565864803, -85.73987324088088], [38.25800849625004, -85.7587451777518], [38.24300987628188, -85.730457321332], [38.271020918277046, -85.77546733935826], [38.24961618499776, -85.76455809890743], [38.248515187199494, -85.75369437403333], [38.25194454482077, -85.73152757322283], [38.271871205851006, -85.73289343191597], [38.247137028293324, -85.74248178957956], [38.276002157689916, -85.74122708148495], [38.27510727782928, -85.75375547738324], [38.24476074950579, -85.7591758157247], [38.24522671926265, -85.77055741999732], [38.26488167109347, -85.76875168744878], [38.28027288880137, -85.75014566723132], [38.25480072134049, -85.75439672143779], [38.23861999219946, -85.77184977100505], [38.25009199331547, -85.74976306338363], [38.24938973175424, -85.7353123776014], [38.25606694757504, -85.77757134407942], [38.27952103171126, -85.76535664145288], [38.24919342323949, -85.75637586854319], [38.27642467967485, -85.74251960253423], [38.249343477293635, -85.76163914526903], [38.27152807598489, -85.76865150925299], [38.24587261535046, -85.73734140552116], [38.253773826283705, -85.74708438337456], [38.26148910400612, -85.77179341227723], [38.23993136431098, -85.74550314273817], [38.25951004405341, -85.75256778370496], [38.24851121290191, -85.74505873012004], [38.238682440935236, -85.74151391462716], [38.2518432041485, -85.7621167733435], [38.24081691791304, -85.75122299065248], [38.24274355312843, -85.76716803813636], [38.25352321429733, -85.76698006622404], [38.24305436434553, -85.74012037240776], [38.244672210460244, -85.76994693118203], [38.25183067295381, -85.75163137564586], [38.269380599140874, -85.76819440487084], [38.266923461678275, -85.76486296432975], [38.25111808188236, -85.77794630990458], [38.24916613170234, -85.73117028096074], [38.255556745311225, -85.72815032568649], [38.2714754367726, -85.73336161431688], [38.23623687078231, -85.74255128961244], [38.26323228757168, -85.73609165079958], [38.25994738574058, -85.76560635375769], [38.28006090064801, -85.7502583711204], [38.26954703827245, -85.73324119498959], [38.26781133470926, -85.76407239589216], [38.25629611726046, -85.78087336907704], [38.264392662611634, -85.72753796446496], [38.25109768853758, -85.75117915104495], [38.26101463484298, -85.74908925390723], [38.261741130137914, -85.76676674150134], [38.271971120961766, -85.77288136740214], [38.26084398566729, -85.76318178384864], [38.25326827430084, -85.7373442146114], [38.24583979011718, -85.74413938225584], [38.27493234278454, -85.76796814322518], [38.246975126447055, -85.77901856705701], [38.27940364596401, -85.73624221447433], [38.24794672464637, -85.77042364619139], [38.274696995597544, -85.76676482416822], [38.26492891117129, -85.72961210555707], [38.251655732043545, -85.77743972422662]], "boundary": [[38.28031666340025, 38.28031666340025, 38.23525013659975, 38.23525013659975, 38.28031666340025], [-85.78243275039864, -85.72523184960137, -85.72523184960137, -85.78243275039864, -85.78243275039864]],