{
    "boundary": [
        [
            38.28031666340025, 
            38.28031666340025, 
            38.23525013659975, 
            38.23525013659975, 
            38.28031666340025
        ], 
        [
            -85.78243275039864, 
            -85.72523184960137, 
            -85.72523184960137, 
            -85.78243275039864, 
            -85.78243275039864
        ]
    ], 
    "center_point": [
        38.2577834, 
        -85.7538323
    ], 
    "distances_to_center": [
        1012.8142251073655, 
        2287.1757698778024, 
        2206.020091561884, 
        1689.0115432868179, 
        1776.8161206507182, 
        1516.671272974093, 
        1922.1762252359838, 
        668.8140193832113, 
        1981.8047684598632, 
        2477.0420258547874, 
        461.47969682520807, 
        2055.319376311991, 
        724.568191117161, 
        2341.208266619015, 
        3288.4440986919353, 
        1773.1485509180802, 
        2318.768082213946, 
        2374.7373480723613, 
        2346.270274442178, 
        3141.4978249562805, 
        2188.9452374346597, 
        2193.1075066004632, 
        3327.9652629457396, 
        2301.2546415427123, 
        1918.6198226826227, 
        1934.6426090602097, 
        2868.653847673414, 
        2886.882311875146, 
        2773.8895516391185, 
        927.2944705599393, 
        1454.2974041492137, 
        2824.161053688172, 
        1834.6937906915796, 
        2561.6463807962086, 
        1698.0429213867578, 
        1217.4163405042773, 
        2455.8357915328165, 
        2595.993250867595, 
        1212.2648948108722, 
        857.6681582697945, 
        2150.3227279311172, 
        2231.0925220488652, 
        2528.0616212028517, 
        3063.0603512188645, 
        2150.0810374114303, 
        1716.3746875630206, 
        1859.9370249432495, 
        1670.1995945119097, 
        2068.708141640618, 
        1992.6027597374389, 
        1473.9100249169521, 
        1194.879835693725, 
        1364.5448006258287, 
        3077.9027702921776, 
        2206.4075745992795, 
        1913.9784292481181, 
        2504.013788071525, 
        2133.7278444520316, 
        1199.9996377825917, 
        3450.5662356144812, 
        1738.2860683854597, 
        2417.540018956525, 
        969.820364992503, 
        1812.9981013993188, 
        3176.2163348576637, 
        2497.233351268369, 
        2375.740740655819, 
        1629.92349356914, 
        1720.6803030955589, 
        2146.2591277444208, 
        2483.3398308610335, 
        2811.579368617443, 
        2060.7320107957134, 
        2571.333886515853, 
        461.7968992360906, 
        2621.8441618933184, 
        1571.4267755789672, 
        1509.9716579082153, 
        2880.8537492522696, 
        2275.819950433858, 
        1504.9337439444844, 
        958.5916637308478, 
        1598.9936273144729, 
        1517.2481965290224, 
        937.373073874068, 
        947.0532643652463, 
        2255.7514913579394, 
        1471.5168074267112, 
        2350.2747731805366, 
        2446.17771692758, 
        2434.3639605839107, 
        1841.90073837558, 
        1953.3002831158894, 
        485.3077060613658, 
        2326.1650047366643, 
        2223.5709521348053, 
        2692.2062550098117, 
        1442.2463191063705, 
        457.5220511865287, 
        2393.191324355045, 
        2903.901369393673, 
        782.9177962316908, 
        1870.5474402338104, 
        2404.0285176224975, 
        2121.9298765002236, 
        2140.1332115949667, 
        1772.5753720039725, 
        2413.438495739651, 
        1993.54059921439, 
        3261.331836992468, 
        530.711586894232, 
        1499.64706393462, 
        2065.5054950100025, 
        804.3831131109149, 
        2479.4736768834373, 
        1450.296314185776, 
        2073.927479412845, 
        1363.2313561551844, 
        2527.395228406375, 
        2440.760921854162, 
        1882.594896605215, 
        1622.1530726864578, 
        2585.5542285598203, 
        1604.0557484596077, 
        1183.4042134844588, 
        2233.1438225051957, 
        2477.623956484423, 
        2225.543451872768, 
        950.7282617630169, 
        1473.9424463849998, 
        3208.848523207637, 
        617.5400803085569, 
        2410.920751292857, 
        1833.4254286203254, 
        2195.211493651681, 
        2854.509818084712, 
        2405.039248300386, 
        2232.0743933939025, 
        2842.131973879671, 
        1455.7889130619226, 
        2884.541178735235, 
        2018.1862468670242, 
        2376.5962184428904, 
        2924.1625298978906, 
        1391.5011291707406, 
        2222.089800372332, 
        1520.697338705315, 
        2838.411253680967, 
        2555.221314767055, 
        2226.2367565768304, 
        1370.1618474838008, 
        1899.4167629719948, 
        450.04941574814967, 
        2433.402462871556, 
        2097.34102678518, 
        2934.9254990057975, 
        2245.735016457513, 
        965.7604731976409, 
        2606.0986199546796, 
        1620.117397529585, 
        1627.5999573104154, 
        2848.2133147609343, 
        2488.725450023559, 
        1672.572805836975, 
        1078.2677648803408, 
        2601.405333933073
    ],