{"center_point": [38.2577834, -85.7538323], "sample_points": [[38.24619008439337, 38.244550791175485, 38.26634649925154, 38.26096286081991, 38.24172723927103, 38.27609036506269, 38.260821090413636, 38.24071318100806, 38.27277941095982, 38.26558761536556, 38.27756435381568, 38.251866568816126, 38.26115662200643, 38.27053577220385, 38.25707901942519, 38.23881596915604, 38.26212172455813, 38.27082606613547, 38.263416546902405, 38.24242650404211, 38.25956603366415, 38.27348397420518, 38.25604414965214, 38.24972643104733, 38.263548473699984, 38.27074146860808, 38.258365414255124, 38.2479446503735, 38.274051598622876, 38.278406230297854, 38.25545006018437, 38.253724144071256, 38.257734948189274, 38.24514637366931, 38.27272802166786, 38.26894405458396, 38.26214922318395, 38.240107710381636, 38.25940848639463, 38.26315567857988, 38.242412136189834, 38.24050185134075, 38.26426455274142, 38.24294934425144, 38.26082236200817, 38.26997693961422, 38.26827971034954, 38.26966315723786, 38.27525222128719, 38.26505034734602, 38.24674970201085, 38.24048857864005, 38.276817014847126, 38.27301336339433, 38.242849412709276, 38.246905676220564, 38.24518359401262, 38.238479911076176, 38.25309321173146, 38.25903727662747, 38.261256570160235, 38.2401843797541, 38.2755345593793, 38.23880255181313, 38.26875508325871, 38.26769726531755, 38.23952801525798, 38.27686155557486, 38.27557394754898, 38.262310121325505, 38.26999315244056, 38.236041528619566, 38.27287704719884, 38.27981277980631, 38.27774286033121, 38.27912451933994, 38.27461523173913, 38.23649015352287, 38.249727932153135, 38.26534738010498, 38.27974331624651, 38.26542216614457, 38.24931241354466, 38.275896908130996, 38.23589610965359, 38.25726742624076, 38.2493371038933, 38.24515607369826, 38.24196854656571, 38.27401725902242, 38.25144986642214, 38.26231609320285, 38.26328106150512, 38.25378702520782, 38.26199370803595, 38.271842743533, 38.27461868490062, 38.280039200739935, 38.27373876045757, 38.26583813413009, 38.27608932867874, 38.261318688526444, 38.26599085775762, 38.27644431983936, 38.24136564321444, 38.239658169346036, 38.25501006005589, 38.251796058369564, 38.27844546146635, 38.268126646539976, 38.26071753554654, 38.26433162771351, 38.23964282941465, 38.26779241535171, 38.24603944626244, 38.24252764504041, 38.271342556644264, 38.268149101908385, 38.27064296939459, 38.236780461958446, 38.27193508320624, 38.272661953168225, 38.23771506528509, 38.24347086854825, 38.24829586523154, 38.25015255736341, 38.2623508257724, 38.244413450634454, 38.27031647032381, 38.23725464880415, 38.24802645308813, 38.251439202358206, 38.24203842739694, 38.27059725289287, 38.27882119049127, 38.240512763456444, 38.2481162592859, 38.25331048712966, 38.27483664381286, 38.26686956489092, 38.26270361605033, 38.2764353240909, 38.26435727736022, 38.255894827387614, 38.2367780371885, 38.25364892443032, 38.2554773595958, 38.25370423829578, 38.276062734282384, 38.26338683661182, 38.2423720720725, 38.24710316066899, 38.279507737062474, 38.26323416666552, 38.24455791992644, 38.27879211551862, 38.2704132985256, 38.2714628285554, 38.27998582004948, 38.26472900287733, 38.27194585815943, 38.25737304397459, 38.244632785368, 38.23829458584574, 38.2503822688017, 38.24569064514565], [-85.77996369853726, -85.75330422964313, -85.77757267618881, -85.77421328267444, -85.77898025290044, -85.74346157658046, -85.7663738228717, -85.72924051325545, -85.73276490347465, -85.73871655080548, -85.72886674987488, -85.74408411064182, -85.75607374739278, -85.72632488283868, -85.75706797352433, -85.76488520893254, -85.76179716007505, -85.76567775824383, -85.76499490285822, -85.77427018922506, -85.74244196977006, -85.75018861608247, -85.73061036096665, -85.77596762309453, -85.74549587741005, -85.77408024092578, -85.76597811119527, -85.73569971856874, -85.76670609303154, -85.77923657758178, -85.76309163691873, -85.74489786868891, -85.77050435220494, -85.73471482803254, -85.73369715774571, -85.75519501329676, -85.73079959364892, -85.7264965289766, -85.77336157971787, -85.73095482319111, -85.73286654238971, -85.73173158074613, -85.77134146480275, -85.75677884771326, -85.77269660644043, -85.76299448399335, -85.74199634527096, -85.75193658147336, -85.7394597927015, -85.73716590494179, -85.76663557366486, -85.78234719061629, -85.75290835938212, -85.75863728441017, -85.7269022306207, -85.76661286555888, -85.78114791624945, -85.73654765233039, -85.77838723762271, -85.74230398566581, -85.77367274666433, -85.77984111077157, -85.75785431419379, -85.78080970677472, -85.77928296485577, -85.7766850046653, -85.77316482945038, -85.74265406107178, -85.75146933680206, -85.7576959419817, -85.74358965164366, -85.73873097637556, -85.75821880934832, -85.74571757483423, -85.77591363203969, -85.73582544042156, -85.76429264147932, -85.73626237168098, -85.73766365317408, -85.74985434280165, -85.77207192398004, -85.76957141133944, -85.77512545426346, -85.73783725653404, -85.73524467806472, -85.74448923062404, -85.76431336716293, -85.73579218963965, -85.76342641870941, -85.73447429953298, -85.77559073181371, -85.75904741912356, -85.77944275524155, -85.76806487258611, -85.75117637753888, -85.75041625810685, -85.77311513938751, -85.74755353101638, -85.73200638212586, -85.74247504755009, -85.75033123276872, -85.77223862348984, -85.7324044004307, -85.7277672349434, -85.73154205829164, -85.78012912064133, -85.74395328482953, -85.72852507137975, -85.7773950221503, -85.75032446403502, -85.77992984282186, -85.72711534580122, -85.75064254332315, -85.74192848711213, -85.77154528720625, -85.77274706674488, -85.7772437106139, -85.73614353117691, -85.78219724011853, -85.74398755964737, -85.72684835374281, -85.78033440773312, -85.75053713531247, -85.75205046826598, -85.76994999681187, -85.75727348419443, -85.75125042206686, -85.75823075744707, -85.7714874207777, -85.76812392686668, -85.76434451178578, -85.73450964107575, -85.73730539335003, -85.74810331849626, -85.76415815461564, -85.76269577003607, -85.73622052963896, -85.75542443274138, -85.73545275102718, -85.77486128322407, -85.78021320560637, -85.77814122106685, -85.77765238703647, -85.72964314499205, -85.77990656252858, -85.76252831321783, -85.73452737866049, -85.73544342345525, -85.77041348198412, -85.76435164662063, -85.7374704839037, -85.74072590916025, -85.76750011725885, -85.72748623740131, -85.72714446338452, -85.72756957027762, -85.74736031268577, -85.75273467617068, -85.77216220087557, -85.77170798010953, -85.74913471936887, -85.73857007472958, -85.7530722172194, -85.77313045833387, -85.76408118613769, -85.7388042866171]], "boundary": [[38.28031666340025, 38.28031666340025, 38.23525013659975, 38.23525013659975, 38.28031666340025], [-85.78243275039864, -85.72523184960137, -85.72523184960137, -85.78243275039864, -85.78243275039864]]}