{"center_point": [36.1185397, -115.187024], "sample_points": [[36.100996235518224, -115.21156694748677], [36.114303924880446, -115.18260466261921], [36.13125387023437, -115.20684119549918], [36.12696628345432, -115.18590749620763], [36.11969043271277, -115.19930076826293], [36.13485710984652, -115.20481933332388], [36.10955523481675, -115.15999610511498], [36.10313842973889, -115.19071137638328], [36.10806323139216, -115.18697405154478], [36.126245113065025, -115.18018898488073], [36.127527745460995, -115.20078926774201], [36.137418251640334, -115.16818330539239], [36.11222189489367, -115.2106823725379], [36.13103872474135, -115.2028823218396], [36.13898497859789, -115.17267936761746], [36.13633111013431, -115.17879150606137], [36.124401569286796, -115.1697999478801], [36.12107659952535, -115.16023086368129], [36.11163640908211, -115.1969678139262], [36.112910819913516, -115.17042588898083], [36.12342457837751, -115.19907611057654], [36.104512686627814, -115.20015960813534], [36.11270332724874, -115.16414387705012], [36.12307086078667, -115.21475872840188], [36.0984452085811, -115.16492015219676], [36.136676891643624, -115.17317849229279], [36.133408074017716, -115.16149748869314], [36.13044675985938, -115.19944871667126], [36.1039206740219, -115.18509324797593], [36.11652448344091, -115.18985074833287], [36.115907062873, -115.1713133193919], [36.10419302620026, -115.17828141708466], [36.1245842301078, -115.20416324084174], [36.10806449252574, -115.20255325600166], [36.12559532174707, -115.18413376556549], [36.115887875842276, -115.19581186808193], [36.116462441316706, -115.17325477179082], [36.10592095274584, -115.1748696078025], [36.13970766399957, -115.19480270390022], [36.13982506323776, -115.16861052683197], [36.10100452311809, -115.18364740053812], [36.139472733529836, -115.19524479057301], [36.11183961869896, -115.1608041077952], [36.1132539792598, -115.19769445787402], [36.12640414325349, -115.17361161096625], [36.13144342116468, -115.20411349620001], [36.12516223704559, -115.18922211611435], [36.098119755993416, -115.20946169856445], [36.13029514474335, -115.19058705935606], [36.12328399118001, -115.20842777450147], [36.1278186801494, -115.18667682068988], [36.1069106211657, -115.16854409627004], [36.10461061965221, -115.1902602011034], [36.1348906290967, -115.19322244033775], [36.12819121458894, -115.2058149729957], [36.108847804011376, -115.19603922756609], [36.12379008353659, -115.21202715829436], [36.1302058451708, -115.21050689296337], [36.12656826174912, -115.20967506842504], [36.12212392377704, -115.19004394086495], [36.09905278919061, -115.21248760571964], [36.11870088728382, -115.20493092031523], [36.09618123321061, -115.18932683582416], [36.13979921306244, -115.16715968851491], [36.12656527676601, -115.19044116948633], [36.110928275395764, -115.20161120220608], [36.126914536947524, -115.16099078461411], [36.10413017557788, -115.17122407720778], [36.10202133950257, -115.1951783195027], [36.12984354869081, -115.16005950626736], [36.13143632370569, -115.17368252039398], [36.12885491565494, -115.18595518459156], [36.10917554124223, -115.17037502993125], [36.10198619174407, -115.20164663064739], [36.13078748277847, -115.18303068354284], [36.0987149273926, -115.1899670443898], [36.11282878965146, -115.16906814224124], [36.10291274078451, -115.20876610386948], [36.14077778837095, -115.20616875271806], [36.133648551690854, -115.17204100238882], [36.11524604260474, -115.1701201696661], [36.13046775272328, -115.18297362302917], [36.11257828810113, -115.2000074887764], [36.13606839932113, -115.1866270246992], [36.112406012359045, -115.19419543565346], [36.12951031033985, -115.16238283209078], [36.14053522204948, -115.19053170058396], [36.12611716886394, -115.20781450288514], [36.104777520682426, -115.17618187266254], [36.13670385953413, -115.17341217053531], [36.140369461157576, -115.16302666864776], [36.13013852609198, -115.19834688797349], [36.10466908018281, -115.20902019764416], [36.105559294777585, -115.20201449838757], [36.12285389410181, -115.18752183605166], [36.139333340714494, -115.19973924225094], [36.137485717478064, -115.21421318970259], [36.10240467505585, -115.16846285521706], [36.130375814492076, -115.18739054769212], [36.10357177857177, -115.17869400747287], [36.12840997396247, -115.18169622154565], [36.11200116875928, -115.17190878793247], [36.13248812195408, -115.16027898266793], [36.105269569556874, -115.21468709154595], [36.12615540470294, -115.2119279307767], [36.10540980796569, -115.20205957541914], [36.11910274305402, -115.20363982148478], [36.140391472861516, -115.1988632568381], [36.11854359147435, -115.18388775944993], [36.120800334264565, -115.19402657374347], [36.10931093085245, -115.20198987351918], [36.13060320762863, -115.18399064600132], [36.098999774526476, -115.1661170720836], [36.118006045881025, -115.21168740470824], [36.131399556945354, -115.19179615878592], [36.12646002577941, -115.19516516118505], [36.13901658728297, -115.19363340898995], [36.12985804478022, -115.18686437376482], [36.1120562452826, -115.18693476057933], [36.117797069957, -115.20978931674813], [36.10074472391752, -115.2146251780489], [36.13276607015065, -115.19953997083195], [36.12474503597598, -115.19735658022914], [36.127099689645895, -115.20593720874133], [36.11330350504082, -115.20583680759457], [36.12468961809786, -115.1858620539594], [36.109317087876455, -115.16356584320384], [36.120464037109414, -115.18008528279819], [36.13977247938218, -115.18227266821623], [36.11513291731784, -115.16463553027958], [36.116111097855864, -115.16905642623338], [36.117091584659185, -115.19127892033215], [36.11626190946056, -115.20781694471573], [36.14071049372626, -115.20807611019116], [36.136228270062226, -115.19420566998063], [36.10963795045091, -115.16980096865035], [36.104057918482354, -115.20155968938282], [36.124525607309394, -115.17044228612448], [36.136268801031186, -115.19873297389906], [36.116776753071164, -115.19564299441873], [36.10906635760963, -115.19900934901887], [36.09692565905984, -115.19310471921024], [36.10190540897762, -115.16698294027869], [36.11442032652354, -115.19248978081752], [36.13855040575948, -115.19807844945291], [36.09737010354186, -115.20603817739531], [36.111276492275465, -115.16126697238467], [36.100140604699, -115.17519176755604], [36.13352418190704, -115.16553967972315], [36.10299757811536, -115.21089817200908], [36.11078346163468, -115.17814172961432], [36.13442536224771, -115.20993222239889], [36.103735459771634, -115.17860838364591], [36.13401443081683, -115.20987663336295], [36.115302920053225, -115.1956007931773], [36.13749429987394, -115.20478197598206], [36.097875076359415, -115.17545395260514], [36.09636128238022, -115.17318367301701], [36.13301353764531, -115.18085098627792], [36.11694126096929, -115.18322904453234], [36.12668219724412, -115.21282361117804], [36.10595764814623, -115.1969910564779], [36.10381620157405, -115.19078376770675], [36.12032752360934, -115.18989568643953], [36.12451803897899, -115.20262912233366], [36.13962415887513, -115.21287369725522]], "boundary": [[36.14107296340025, 36.14107296340025, 36.09600643659975, 36.09600643659975, 36.14107296340025], [-115.21482547920094, -115.15922252079903, -115.15922252079903, -115.21482547920094, -115.21482547920094]],