{
    "boundary": [
        [
            36.14107296340025, 
            36.14107296340025, 
            36.09600643659975, 
            36.09600643659975, 
            36.14107296340025
        ], 
        [
            -115.21482547920094, 
            -115.15922252079903, 
            -115.15922252079903, 
            -115.21482547920094, 
            -115.21482547920094
        ]
    ], 
    "center_point": [
        36.1185397, 
        -115.187024
    ], 
    "distances_to_center": [
        1822.4519786876162, 
        1775.7679344825956, 
        1452.0062752503125, 
        2224.0498599486295, 
        2047.2146446962415, 
        1894.5681315871516, 
        1441.7066328501267, 
        2555.3931209329344, 
        2649.4549478273234, 
        2325.202177745683, 
        2669.3196421267494, 
        2723.4720312705535, 
        1055.1228713150058, 
        709.471382378544, 
        3482.4138583398603, 
        1829.038638180334, 
        2918.5732308513516, 
        1127.6328897554579, 
        2031.6258408408285, 
        2129.1333090921257, 
        1637.1528334457898, 
        2561.8783885922517, 
        1133.0933195340165, 
        2337.16892703517, 
        2579.918268646281, 
        2067.535012955605, 
        1268.872150125851, 
        1657.8432205338515, 
        1496.179211422598, 
        688.6569045203031, 
        2231.3502543098234, 
        3279.6645963769397, 
        1248.9748688724455, 
        940.1735269887499, 
        2085.4662571937483, 
        2962.2729759663775, 
        2009.9842390333454, 
        1074.1017092686022, 
        1424.5666104489699, 
        426.8001950857616, 
        1146.1170439449884, 
        593.1396089035835, 
        2592.4100412115736, 
        2877.518070698313, 
        743.3750212099656, 
        1193.853752399272, 
        1873.0513161143722, 
        1983.0938644827206, 
        1934.5282437722317, 
        2387.159945520376, 
        2461.3889461473664, 
        1240.7500564965526, 
        1021.3590942101521, 
        2156.763857287207, 
        2127.706510292213, 
        106.78727718979185, 
        1683.4088645185518, 
        2543.322963636467, 
        682.813500736314, 
        2298.860287471772, 
        2734.37866745529, 
        1378.932004921014, 
        3059.625522292808, 
        2428.6166609359593, 
        2588.074816965778, 
        2314.4265498488357, 
        2231.4669929297725, 
        3389.7201116933047, 
        2884.9328818227414, 
        1333.6466640990918, 
        2261.8105821553067, 
        2780.1865391757638, 
        778.0196319152594, 
        1403.8510892399945, 
        1834.1439279529895, 
        2264.042504209881, 
        1895.5673441461277, 
        1944.868401740789, 
        2480.9788421583894, 
        1851.4566484796167, 
        3115.7906831055125, 
        2175.1535905034534, 
        2626.8864266470773, 
        1598.4211921453896, 
        2413.139097613946, 
        2493.315856766858, 
        1834.4067978569212, 
        2654.0518455717906, 
        2426.9351225842174, 
        2379.973320821681, 
        1715.6156301501885, 
        2054.634539364159, 
        631.1487315669235, 
        2374.261562744419, 
        2067.0695213126446, 
        2580.2474552938684, 
        1613.0907866971581, 
        2929.4420162584865, 
        1847.9034452527053, 
        2715.893588748592, 
        1980.0563498443896, 
        2519.790381375749, 
        2329.6139542171186, 
        3278.3693548705587, 
        865.0492951771415, 
        1112.6352600052905, 
        2787.018900936157, 
        2069.302748563298, 
        1954.96789343462, 
        875.7282810067661, 
        972.195829058563, 
        1900.6719998911772, 
        1991.8860362060932, 
        2375.197498930684, 
        2722.938745344965, 
        1698.5065188428607, 
        672.7010987275036, 
        1556.6178415108618, 
        1621.9780791062892, 
        2460.980563174158, 
        2981.197627039417, 
        3082.1926128181717, 
        1315.1249494834049, 
        1371.8000034966037, 
        1227.792295460083, 
        1555.8855645063854, 
        2911.14632265851, 
        2377.174498448499, 
        2827.355900255135, 
        2751.611211635427, 
        1853.0364139431329, 
        1845.1850903668644, 
        2922.6922111122453, 
        1282.0304040263336, 
        3111.4943798216395, 
        2427.954930666409, 
        2459.854111657795, 
        2145.1788386872086, 
        1183.6565424909616, 
        2507.6819906033475, 
        2343.2298966626777, 
        2363.095485854607, 
        2364.8040310008146, 
        1393.8705080165455, 
        2881.64809992849, 
        2444.5099232072685, 
        2937.4833310848394, 
        3062.6254562299096, 
        2065.079669317019, 
        3066.9467125878687, 
        1745.1609549758743, 
        398.0069689127103, 
        3471.6314938192063, 
        1240.3929155721207, 
        3068.8550165394067, 
        1897.2378992136291, 
        2225.3808856511396, 
        996.3805897106755, 
        1439.3387695675392, 
        3021.8721063506205, 
        2482.8120664249013, 
        524.9691851614397, 
        2392.6615428967752, 
        304.55965245036913, 
        1294.9263308659297, 
        1641.7673789280973
    ],