{
    "boundary": [
        [
            29.77654936340025, 
            29.77654936340025, 
            29.73148283659975, 
            29.73148283659975, 
            29.77654936340025
        ], 
        [
            -95.38999689767041, 
            -95.33826010232961, 
            -95.33826010232961, 
            -95.38999689767041, 
            -95.38999689767041
        ]
    ], 
    "center_point": [
        29.7540161, 
        -95.3641285
    ], 
    "distances_to_center": [
        2443.5054065494583, 
        439.0149727831351, 
        1678.8369807374308, 
        1571.6152262157723, 
        1383.382282915154, 
        1952.035480375919, 
        1846.345733841092, 
        2491.520685403517, 
        2007.6915698631885, 
        2698.10295432793, 
        937.5046927912109, 
        706.2115582210596, 
        3173.9387703690973, 
        1578.5495093825302, 
        1587.1221341334153, 
        1848.3216907317565, 
        2477.9890856577604, 
        2944.6495794281086, 
        2668.15541756559, 
        2126.659989659645, 
        381.80911988012326, 
        1351.6108026852398, 
        1699.591985449828, 
        1648.5812854958904, 
        2076.9750403285566, 
        1571.2724490886867, 
        1633.4176269342306, 
        1897.6091283440262, 
        618.196902049981, 
        1993.3192404236981, 
        1891.267724233676, 
        1018.2880416403965, 
        2059.688857148405, 
        1457.8701468089246, 
        2324.402231517918, 
        2738.3331574292906, 
        2863.9503845316563, 
        2607.8785303421278, 
        2775.0048894065862, 
        2051.9745443059514, 
        2312.7344406805214, 
        1060.2191413462767, 
        2580.2560233712106, 
        1296.0523342951235, 
        507.0321852570017, 
        1986.3404769608944, 
        1758.4155201325948, 
        1630.024312052269, 
        2458.9795440248836, 
        2747.770844968486, 
        2640.313098885341, 
        1159.7914167914262, 
        1829.8655492102075, 
        1972.9946926489893, 
        2331.1791313577214, 
        2289.8080587502227, 
        1273.0946885070728, 
        2351.484611844205, 
        1975.5152776149084, 
        1664.502382095054, 
        907.6700786801426, 
        1685.4075355660432, 
        1870.656550512819, 
        1732.8299703397772, 
        2342.2033192600184, 
        1245.5122771766487, 
        2407.251210088076, 
        1713.8684304722924, 
        2264.075821906777, 
        1097.8514000821835, 
        1765.1657017367247, 
        2281.914228595907, 
        1240.7579910028358, 
        1916.1007655518486, 
        740.1005721339753, 
        2158.2101096862675, 
        2654.951846584428, 
        1366.982109258795, 
        2837.0250459114277, 
        2209.6922419154143, 
        1291.515896056925, 
        2711.2526026374076, 
        2550.8133640370866, 
        1213.3971335913911, 
        1884.828020341748, 
        1186.875105904618, 
        951.6249448226665, 
        2654.57824652796, 
        2209.572890845309, 
        2255.50659508342, 
        2350.2539513562533, 
        2395.28864407584, 
        2257.417857930264, 
        2135.6034718998053, 
        1421.7444790116647, 
        2439.1617539698923, 
        1172.1145552710125, 
        1338.3595224215323, 
        2358.054322387239, 
        2459.4705824484854, 
        2021.9289500528942, 
        807.296272265503, 
        2379.73843697756, 
        2633.5151019784603, 
        332.60272055099045, 
        1278.9272608926224, 
        2370.2955434727023, 
        2530.3417772400153, 
        2803.024960187651, 
        2861.2743895427807, 
        1536.1820196544536, 
        2304.7600274321785, 
        2173.4808450752926, 
        960.3308011507714, 
        2154.992893317296, 
        2758.857780554778, 
        335.62534526095055, 
        2871.196005739697, 
        2384.933874918682, 
        2175.833366805771, 
        82.89047531912388, 
        459.8034708866203, 
        2053.2446502755156, 
        1133.0704417733023, 
        881.8500114185722, 
        2659.0604036942873, 
        1645.374255066928, 
        3162.844027590041, 
        590.1734006475174, 
        1834.8489385755968, 
        1797.5321132573977, 
        1050.8787837310822, 
        2032.6935868340704, 
        2209.002584943004, 
        413.86834979561274, 
        2013.088547194819, 
        2675.4325780578574, 
        2744.9350055699415, 
        510.5618681552585, 
        2394.8725157455365, 
        977.0759957171697, 
        2802.388867971831, 
        2555.3149204214174, 
        2023.0844237311203, 
        2405.370626780143, 
        3193.9370475694595, 
        2164.166467026218, 
        1920.6950281515678, 
        2680.3618492303167, 
        2272.1564610375685, 
        1544.6138171780701, 
        1450.8632920669115, 
        1698.7683309866666, 
        1737.688883160026, 
        1617.6996945773626, 
        2099.7945575695408, 
        2018.9899103875955, 
        1055.7334982426505, 
        2207.5380932281746, 
        971.7798317878737, 
        740.6592915527715, 
        1142.474565997814, 
        2038.2239771695013, 
        2979.940227268334, 
        1526.5733865192267, 
        2911.4074194773943
    ],