{"center_point": [29.7540161, -95.3641285], "sample_points": [[29.73467108497606, -95.35676093464656], [29.763337824772133, -95.35119676087263], [29.745002004248015, -95.34722081351146], [29.77512309624506, -95.35218968648132], [29.768490139986728, -95.36166886086792], [29.73935358943949, -95.34012546986204], [29.767970297980455, -95.34916994919665], [29.767659195852925, -95.37451761401653], [29.73309306356954, -95.37314134269296], [29.773613939104642, -95.36050808551725], [29.764857316147914, -95.35966258791329], [29.73593669923365, -95.36865436246026], [29.757909080951066, -95.36568765408126], [29.77529256949054, -95.35560407935697], [29.7734444390229, -95.36509007609601], [29.7712762730391, -95.34388693682918], [29.736975381629453, -95.35682784697454], [29.75497604161488, -95.3699407033322], [29.745508420107043, -95.38917568077147], [29.751277027430795, -95.38201279474139], [29.772674753307545, -95.37653944841601], [29.752667797993897, -95.3849251914142], [29.750890146639843, -95.35126455290774], [29.772858034190815, -95.34852711398912], [29.771773043865117, -95.35885662686903], [29.759740345046662, -95.37606891031743], [29.760874382104507, -95.3783334417026], [29.75997344041148, -95.36454635578335], [29.735007611418567, -95.35357148239746], [29.756041357877383, -95.34547791150423], [29.738093400974698, -95.35586199155776], [29.77357513366045, -95.3423758620753], [29.76652175823993, -95.3608458686536], [29.746341418190234, -95.34167633352943], [29.77196032246546, -95.35965418177769], [29.766335698455844, -95.36578323057061], [29.74126328794112, -95.3686659267112], [29.732296361077307, -95.38648790371552], [29.764590799770616, -95.38213108287843], [29.746928887619525, -95.36972742047237], [29.739327078275693, -95.36883685675437], [29.757452551309687, -95.37601761343784], [29.75038830091284, -95.3841279136971], [29.74275565353424, -95.34205828475258], [29.774790134635033, -95.38211007954915], [29.754947417895117, -95.36012106681929], [29.75643987660807, -95.3881491991882], [29.773560628985713, -95.33874588283959], [29.74150224550029, -95.37941590761163], [29.760140598164437, -95.37400119056296], [29.773755615154833, -95.37396036921322], [29.741512246639488, -95.36190702661331], [29.7394868782154, -95.3596503850926], [29.773007918041152, -95.34934302654413], [29.739144997532424, -95.35459774545016], [29.733698459567936, -95.35354856787053], [29.77220056223896, -95.36133500671818], [29.73897102887713, -95.35474320822787], [29.757281871523258, -95.37133765927899], [29.766901120362597, -95.37913094229644], [29.732842459473673, -95.34601645195269], [29.76738539452801, -95.34606661754955], [29.77528102814924, -95.38326798810343], [29.76589564190509, -95.34181231966727], [29.75091372937901, -95.38055660955114], [29.737574082270953, -95.34477286072317], [29.7322959362639, -95.34533891955432], [29.744149274142334, -95.37209900702582], [29.775245256476946, -95.3422424654542], [29.766723400942976, -95.3507569059835], [29.751862527466727, -95.34585140509482], [29.76594935655384, -95.34500776751511], [29.73878214521893, -95.34105893375592], [29.744093600043417, -95.38438950548797], [29.76572225601526, -95.37954063107631], [29.739236227405943, -95.3570380268804], [29.75534595917643, -95.3497439437924], [29.771632848842554, -95.33925195370907], [29.7456031508964, -95.36010137082197], [29.76733704023933, -95.36624067178123], [29.755669491649442, -95.37378199138404], [29.739470233428996, -95.36962690267565], [29.750171204370478, -95.38905561205276], [29.74399316022667, -95.38937520348833], [29.73715883144824, -95.36188863670489], [29.75210312803351, -95.34724200420945], [29.774359706114968, -95.35112832732102], [29.748780924779545, -95.3482088767589], [29.742533004341638, -95.37447727894383], [29.77394901677171, -95.38713655106271], [29.77385527370841, -95.37777761032427], [29.738116734172813, -95.35050136322995], [29.759750785615605, -95.37562390284187], [29.767346905998664, -95.3666751990063], [29.761963409475765, -95.37765653238036], [29.759113715818895, -95.34601363872294], [29.754585734325595, -95.37543834819971], [29.741705856731432, -95.34961670058823], [29.754809478862068, -95.38006928971542], [29.757923756118384, -95.35418055455176], [29.745963712236115, -95.34708188538804], [29.764224444508034, -95.3865197702779], [29.736803214257197, -95.38724082395566], [29.76296374215131, -95.37717636363874], [29.76543482577, -95.34203712846367], [29.770412312180202, -95.37388604170084], [29.760824328313106, -95.35959200867109], [29.733568994686483, -95.36466647706033], [29.75871933588342, -95.34674791980936], [29.740350188930993, -95.35446426246051], [29.754923879606782, -95.35100301701301], [29.772501431515824, -95.37574020475793], [29.767419507698264, -95.37837714745329], [29.74740462504677, -95.37680438309229], [29.73336724855625, -95.37819185062843], [29.758342750739406, -95.36666150899451], [29.759810744863767, -95.3592664085798], [29.752215196876147, -95.3404830823461], [29.774962614024442, -95.38329505350535], [29.752028412763224, -95.38306146297509], [29.76756472634575, -95.34759357798247], [29.767100935582164, -95.35359414458806], [29.751607172954994, -95.35103996538398], [29.762481745265752, -95.34832280848403], [29.755804124754565, -95.38129125790661], [29.76573581787552, -95.38035289464824], [29.77103944486055, -95.3453907465726], [29.739138671538942, -95.3863447241263], [29.774628164421053, -95.37135580986127], [29.754881560788018, -95.37625373471911], [29.762404879236776, -95.38852763633294], [29.769060058707097, -95.37536680022284], [29.734621585947053, -95.34892561293054], [29.745137646248224, -95.36070436978969], [29.76644213130963, -95.36493531947356], [29.76848464039877, -95.35761195277375], [29.75625960106501, -95.36426442511423], [29.7359079284793, -95.35891135076801], [29.75521731358135, -95.34562101560712], [29.74131911162552, -95.3421736227604], [29.73936534585165, -95.35088829562295], [29.767486037412123, -95.33991637659634], [29.747798365262152, -95.35153180421005], [29.755535886129497, -95.34526413243299], [29.732665367373517, -95.37860108299564], [29.753072683686984, -95.34944698395265], [29.744724560624693, -95.36735539537015], [29.75626184500049, -95.38113903309801], [29.76777776793064, -95.38828412210228], [29.76144312622353, -95.387886360427], [29.774784979600007, -95.36402159253954], [29.75211707912073, -95.3671049387402], [29.767035672647665, -95.3684396061793], [29.775835634915765, -95.3712182100165], [29.75108562244965, -95.33996913158128], [29.73670186066384, -95.34858033081765], [29.77298835177991, -95.37333618434461], [29.754713577676572, -95.36232760697311], [29.76707663677349, -95.38509034216264], [29.770403585935068, -95.38097099134231], [29.773056895612527, -95.34445823252922], [29.73572982701459, -95.36480675880722], [29.768840658480418, -95.38354699986728], [29.751048778744135, -95.36399927146338], [29.762921033117586, -95.35324127084098], [29.772142571482863, -95.357326690313]], "boundary": [[29.77654936340025, 29.77654936340025, 29.73148283659975, 29.73148283659975, 29.77654936340025], [-95.38999689767041, -95.33826010232961, -95.33826010232961, -95.38999689767041, -95.38999689767041]],