{"center_point": [30.4454873, -91.1900389], "sample_points": [[30.43163048549639, 30.443425648420952, 30.452127456865714, 30.432002880440617, 30.42486785539495, 30.439712045151087, 30.424886286181458, 30.446750612274702, 30.46092013328437, 30.426895769387098, 30.44449710766253, 30.44718924887611, 30.458712322288825, 30.46294224654433, 30.46666240785939, 30.430061861029746, 30.454723293649632, 30.426833654101785, 30.423380017057692, 30.43200920008254, 30.439472481587128, 30.458619525255404, 30.457239401135407, 30.4308405655127, 30.445437933837052, 30.426302662535118, 30.44091250643398, 30.448935783879534, 30.45401974709247, 30.463416513864534, 30.451083000273293, 30.4561239063718, 30.456097664365974, 30.447108645933703, 30.423557412591904, 30.435316866897598, 30.434611605619743, 30.434480132710306, 30.430565335498624, 30.46581972526831, 30.456615314776002, 30.42521499302393, 30.42740296417512, 30.454425202340673, 30.465872423368708, 30.43180833375547, 30.439125550597204, 30.43100818517077, 30.443521669550847, 30.423561796800506, 30.46738122568024, 30.445824894630825, 30.426619541247426, 30.437045251636206, 30.448418296788848, 30.440011836151186, 30.454763267261164, 30.442467201886746, 30.424191908656727, 30.45581036405583, 30.45957130802612, 30.460744051125644, 30.4637337759275, 30.46627084176668, 30.422983017214147, 30.445207028354055, 30.432049036229273, 30.46176111661942, 30.456181103351106, 30.455348639061125, 30.448505627486316, 30.460053182106346, 30.43781150487448, 30.460196373738444, 30.424014868858244, 30.463976493746472, 30.42606652162066, 30.449647171315334, 30.440119103208335, 30.438196347205324, 30.430382145583046, 30.45326283643415, 30.455061341209518, 30.43388918148919, 30.444186313284916, 30.433018095971807, 30.45072598902289, 30.443666147907916, 30.435375201365023, 30.430591560404032, 30.44935263744937, 30.424776534768657, 30.43040516197114, 30.439948435587603, 30.425038996199536, 30.460244323631603, 30.43537711546092, 30.448029167335356, 30.434715564204307, 30.44721797435756, 30.445415684429417, 30.456212487466846, 30.446659774418094, 30.431573194462487, 30.450089337764826, 30.447450122245144, 30.454298228417862, 30.444605870046427, 30.42720835332281, 30.457958117955574, 30.440195985651712, 30.45361808628238, 30.445599348656838, 30.457579872461125, 30.43639723551576, 30.46419093573001, 30.440968271739145, 30.450354173910288, 30.458527833273497, 30.464409298735696, 30.456992730414683, 30.46358983866398, 30.4318612642331, 30.423203075232436, 30.435217719099253, 30.459142488337854, 30.463982290513556, 30.424839735194823, 30.425268652879232, 30.44456821963884, 30.442863229425484, 30.42510634341057, 30.433962880527247, 30.451790670529356, 30.428367264475728, 30.442048008458602, 30.459098201697586, 30.424193884860273, 30.439322259390767, 30.443027656638005, 30.465954446379012, 30.44140131796185, 30.454839678984175, 30.456541702992237, 30.456611003194098, 30.46374585415585, 30.442478517047338, 30.449698843128445, 30.428350005594936, 30.447437553003923, 30.465591915016624, 30.424337988912377, 30.44043810522082, 30.44187108702127, 30.435008072158688, 30.431672999319126, 30.425123516678187, 30.429246555475732, 30.437516997164693, 30.433245835817598, 30.459969572326752, 30.464070654709175, 30.4324773956085, 30.450063448065357, 30.448582190859106, 30.448189377804958], [-91.19365597555651, -91.19317993973665, -91.18586833479458, -91.19201686125429, -91.17199612375913, -91.18715628562022, -91.21517654121068, -91.1719357503589, -91.17356578939041, -91.17409769518186, -91.19898634096698, -91.1813533142684, -91.20130277918543, -91.19135234471557, -91.2022752683663, -91.1860292356823, -91.21364708080723, -91.1833167207148, -91.21378297270134, -91.16521630776738, -91.19832493508946, -91.16586589730755, -91.18536196667225, -91.17829370727142, -91.16445824165876, -91.1982036078127, -91.18823650860827, -91.17162814625274, -91.18366147487964, -91.21509778645547, -91.18379707204988, -91.16801241774333, -91.2136705197409, -91.16693338465834, -91.20779672870889, -91.21174202199221, -91.18535078285936, -91.2054048291032, -91.17522487079866, -91.18844997267982, -91.19658340042501, -91.2023921587481, -91.20831588263579, -91.20270828701062, -91.18779980357043, -91.20691137234395, -91.16754254850063, -91.20428245767472, -91.17329982935553, -91.1705129344693, -91.20393916516495, -91.20311516269203, -91.17566404885979, -91.19953914410948, -91.20554447501567, -91.16556935445914, -91.20970883628446, -91.1770395244751, -91.20237703007243, -91.21074349738231, -91.18062865478302, -91.18001812027687, -91.19874585334205, -91.18669335054345, -91.17995685204625, -91.20650583827731, -91.19835170581528, -91.19093978769942, -91.18960865752256, -91.16857579751796, -91.16833752603794, -91.18072100882361, -91.20850300287941, -91.17539837471853, -91.18489260509739, -91.17131308127766, -91.21288902174737, -91.17335840887964, -91.16443310052499, -91.18402449315933, -91.17028581176298, -91.1909796266782, -91.1804382276342, -91.19850719361958, -91.21417260667775, -91.1989728384785, -91.18634393601306, -91.16429185540142, -91.17685669748568, -91.16689851644267, -91.20880186257891, -91.2006500540122, -91.20636095910113, -91.16963899356269, -91.16997637722397, -91.21126826238671, -91.20138440557105, -91.17270017066043, -91.1937190616551, -91.21349848943505, -91.20775448889225, -91.20549703191372, -91.16721377969921, -91.21546308359595, -91.20512948222844, -91.18735107725706, -91.16912016919773, -91.20960841385606, -91.1672531705096, -91.16686723224524, -91.18754219395694, -91.21530834260193, -91.21183648951018, -91.20390807325951, -91.18913030908259, -91.17036560463087, -91.18166839355494, -91.19235360529724, -91.17730722216574, -91.17981744058375, -91.19518793683642, -91.1988718229089, -91.17648914429708, -91.17208590150364, -91.16766762150434, -91.19553390517783, -91.19260112872314, -91.20659585466521, -91.19967534014012, -91.20095521698622, -91.19353739301685, -91.17178775509437, -91.1901138031071, -91.18257607882644, -91.17436729426618, -91.1925557005501, -91.20962527632392, -91.20658051056127, -91.17291992300427, -91.20021656917329, -91.17968808305469, -91.1993225263685, -91.1805039930818, -91.1923297806557, -91.16410759601396, -91.21108588306129, -91.19685285462745, -91.16406273078925, -91.19848289230552, -91.19985651477734, -91.16596756288287, -91.1765476034338, -91.20697241428348, -91.19006612864905, -91.18659406495273, -91.17635149462137, -91.19728752231778, -91.18831191213455, -91.17470564354356, -91.20174284106382, -91.17130646927522, -91.17589207115397, -91.19801454717965, -91.18393717586244, -91.20813624075676, -91.1924436973721]], "boundary": [[30.46802056340025, 30.46802056340025, 30.422954036599748, 30.422954036599748, 30.46802056340025], [-91.21608890435458, -91.16398889564543, -91.16398889564543, -91.21608890435458, -91.21608890435458]]}