{"center_point": [30.4454873, -91.1900389], "sample_points": [[30.437914153285448, -91.21072746961987], [30.454938532433445, -91.19554546004542], [30.452578969344692, -91.19915406036249], [30.460065592702083, -91.1721346791793], [30.432387128124432, -91.17356470033927], [30.44707875097154, -91.2006315467633], [30.427453868314394, -91.1948898391481], [30.45544579781082, -91.19085598411786], [30.446296317946427, -91.17486940267825], [30.442909484603614, -91.19671538060818], [30.434171477793097, -91.19960601803294], [30.432058558211864, -91.17434793573553], [30.43576367603384, -91.20553981875688], [30.45870423634604, -91.18170989958699], [30.45837650017329, -91.21112193099574], [30.45312138472861, -91.18510241068496], [30.438046462358287, -91.21186449951671], [30.4627588676106, -91.16816735453878], [30.467591774379017, -91.2078930395848], [30.426053036847534, -91.16929660892461], [30.427853121531292, -91.18881294753456], [30.459898550406642, -91.21254865771964], [30.462323270129517, -91.20784890010229], [30.452687747818622, -91.17015869702657], [30.425077087164365, -91.20337186448822], [30.427106933715216, -91.18159425395082], [30.423498279718768, -91.19187120766611], [30.42400338411514, -91.20601814380316], [30.45113840815677, -91.18507626836373], [30.439782679665683, -91.19402965211854], [30.437990719778643, -91.19842092182004], [30.436720085001987, -91.20729565190578], [30.44471343401347, -91.21522387385257], [30.434675770766656, -91.18817687477099], [30.42467321326676, -91.19527349714704], [30.42563927130292, -91.20079760474079], [30.461956047152913, -91.20475355450779], [30.458464924446798, -91.20991192979677], [30.449932011177975, -91.19503045964683], [30.447005815337096, -91.16667095766117], [30.432062554349553, -91.1875892265526], [30.456633483215256, -91.16900068639112], [30.44326981363428, -91.20925524631791], [30.454001280002423, -91.18442868484968], [30.46420093788891, -91.16947615219574], [30.4440284515548, -91.21498648440775], [30.431112464551276, -91.203654263613], [30.428072291951263, -91.17232692090948], [30.432522080774564, -91.18053117650847], [30.43072185003735, -91.18090730010353], [30.43715482496039, -91.18272302215378], [30.461134397676872, -91.20295234948001], [30.43299521003667, -91.19509195970309], [30.46067218700772, -91.16890743994628], [30.465379654344414, -91.21459890457805], [30.443650703603442, -91.21335712669395], [30.4480976929765, -91.18968123954355], [30.42772612452538, -91.16667622910423], [30.455343356760594, -91.18201693125573], [30.439470297262638, -91.18856134250868], [30.46634878512184, -91.16674610465304], [30.451168886357586, -91.20275858348637], [30.443498206767458, -91.2139070810606], [30.424728859038837, -91.17913646337203], [30.460774514510607, -91.19739651504119], [30.451384942963443, -91.19931413510962], [30.44433940906602, -91.16572508445435], [30.457337541443497, -91.2123096851481], [30.44551293404855, -91.18604727672079], [30.424237828146733, -91.1893637888874], [30.463639279414444, -91.20039208251121], [30.46166113726407, -91.16687319113188], [30.427702174551296, -91.2077559409756], [30.45380737989452, -91.17920624122102], [30.45568038749123, -91.17913512652218], [30.45955903233053, -91.17249875842508], [30.4613515461581, -91.19150326759465], [30.45975359266952, -91.1978588125609], [30.44605635960116, -91.2145236038257], [30.454145275585894, -91.19952876068797], [30.461784428992353, -91.19509029537434], [30.464697939808854, -91.17932819098755], [30.448979675313346, -91.17547731266731], [30.449004407227147, -91.1786099514205], [30.423370871191043, -91.18376061714558], [30.458671750566015, -91.1784619371974], [30.454076793490927, -91.18862251938124], [30.447577993077104, -91.18608863796169], [30.42586932017723, -91.16642483192675], [30.456556733464623, -91.2016170350838], [30.46328210462551, -91.17011808109741], [30.42449641169894, -91.1672535017659], [30.423945787823886, -91.18168913530191], [30.430544569132373, -91.17525855369085], [30.46027795768328, -91.18081571736434], [30.443774805403546, -91.21185240935951], [30.448879311341866, -91.21146625362236], [30.45426361905722, -91.196707236009], [30.457329716171362, -91.1918998697468], [30.456209284458094, -91.16453134274008], [30.454783339624495, -91.16455638365606], [30.446435811900027, -91.19587305962153], [30.448158154587052, -91.19899357793632], [30.44344835252008, -91.20336919398213], [30.460843339795577, -91.18789692396507], [30.435248708721065, -91.17475903178949], [30.424511587070516, -91.17636284878535], [30.437967085046694, -91.20799898008525], [30.459403151992362, -91.2037564007858], [30.443164900017127, -91.21162918773337], [30.460639006309393, -91.181534645595], [30.451203318518093, -91.1971618899932], [30.446603348711697, -91.18773948656548], [30.424848026510478, -91.20420305523207], [30.447924657977197, -91.20365561518416], [30.453538031521052, -91.21376662738405], [30.44862798369928, -91.17982900749612], [30.44095181480719, -91.17025663731988], [30.45865425800521, -91.20544200453944], [30.45665873793161, -91.18028990131853], [30.43216844962092, -91.16494127196995], [30.43446448204601, -91.21183216442878], [30.453273712602936, -91.1970039890982], [30.42372193229788, -91.19733281415506], [30.457471539706802, -91.1866120253118], [30.45092946996099, -91.19404004907112], [30.429442416719304, -91.16812785043238], [30.453875917396008, -91.17812709383877], [30.446924436268834, -91.18214570588151], [30.448317748231037, -91.17645814901982], [30.42503088511883, -91.20144742032095], [30.457478096409044, -91.17748226406529], [30.44342246737947, -91.18549507072332], [30.45795015035094, -91.21032617961863], [30.424737475357425, -91.21156583420617], [30.440996323359993, -91.1746202353808], [30.42674314181075, -91.17349885040282], [30.43603387958782, -91.18198081158141], [30.4422085768051, -91.17915060382263], [30.454085841024767, -91.16471463190375], [30.462217198690784, -91.19366880173042], [30.43895850534804, -91.18192149945328], [30.464952696212013, -91.19347429378827], [30.459691175957193, -91.17333981267502], [30.450003524126338, -91.21258478898255], [30.431797538242012, -91.18456863257447], [30.433344674054887, -91.16456080029309], [30.461519198616998, -91.20588894538716], [30.46135543905176, -91.17295297743561], [30.436255660736286, -91.18562020452703], [30.433417227639435, -91.19648290952128], [30.43531002689858, -91.16518797320218], [30.438404949684465, -91.19817268589662], [30.423544985678674, -91.17337506950662], [30.428975547691458, -91.18984800749645], [30.445853966289985, -91.16976551751542], [30.440014227141607, -91.18166388526524], [30.4612793351945, -91.20798254382663], [30.43389706564485, -91.1995539758641], [30.436305119780126, -91.18644387276305], [30.433135312536336, -91.18076470177165], [30.456210001430232, -91.20323562423403], [30.46075205843274, -91.18842441438457], [30.455650155517723, -91.19593450456887], [30.44241065238021, -91.19460406185793], [30.43687365660264, -91.17874234603441]], "boundary": [[30.46802056340025, 30.46802056340025, 30.422954036599748, 30.422954036599748, 30.46802056340025], [-91.21608890435458, -91.16398889564543, -91.16398889564543, -91.21608890435458, -91.21608890435458]],