{"center_point": [33.9608768, -84.1259098], "sample_points": [[33.959751870547365, 33.95055761811494, 33.96760988398811, 33.96757916602081, 33.957067373667854, 33.943722825736195, 33.95482147074901, 33.95992927545929, 33.94783784658959, 33.94435297743593, 33.98224798737416, 33.976787173671845, 33.95363240212291, 33.94118412876747, 33.96645043116232, 33.96156113872654, 33.95486871833872, 33.95905023753164, 33.96632725084741, 33.94519209411173, 33.95420700843038, 33.94949204508288, 33.94370615331613, 33.938582598600476, 33.96088889141993, 33.96968005673044, 33.94853457695666, 33.93965849016143, 33.97899099730617, 33.97037456585152, 33.96359146771526, 33.955338293253114, 33.98269704695082, 33.979990367960156, 33.93889565067698, 33.94153540514888, 33.95275361105627, 33.98053801138009, 33.95954613681092, 33.947226789840244, 33.953134665336115, 33.96316734739819, 33.97029503746361, 33.94216914963238, 33.97717267619872, 33.96602302561663, 33.94692376738332, 33.9803945056707, 33.94563260086558, 33.95725741348495, 33.967421804100965, 33.96697413896613, 33.94467077607972, 33.978279780506824, 33.949888141518436, 33.951440848886364, 33.9655881047241, 33.952458379331176, 33.956384964659186, 33.97783007013329, 33.943016465654544, 33.96802854511296, 33.965396760319045, 33.971204869845415, 33.94875283278172, 33.97668515549288, 33.94993854769572, 33.963384681473286, 33.98278128278479, 33.9698380697264, 33.976076105513386, 33.96072390950026, 33.968067958059216, 33.96256154319188, 33.96473957657507, 33.958668215336424, 33.98279254710789, 33.964494147163734, 33.9556633786526, 33.97329791387665, 33.970474146311815, 33.97449062952423, 33.97748277319556, 33.9772013336415, 33.96114761422381, 33.966122009851155, 33.971577274221836, 33.94248846638178, 33.95449034593318, 33.95066099487056, 33.9687778297623, 33.93987197789237, 33.94306250399568, 33.97215696535519, 33.978415889179004, 33.94666869132107, 33.968744483377975, 33.95128860172231, 33.94842388399161, 33.968271569737, 33.96627997173832, 33.94873944728859, 33.96484894687736, 33.95151103554649, 33.95670639920061, 33.975562508863526, 33.96867940814796, 33.96389655585392, 33.938654875488666, 33.942704346635665, 33.95303847758416, 33.94556332287651, 33.95436223371683, 33.944677627702454, 33.94431816439973, 33.94175769218733, 33.95417076608931, 33.95253254225792, 33.94542668635881, 33.97207062079434, 33.97831694910861, 33.964814798387536, 33.94580320689473, 33.95890758670105, 33.974133754216375, 33.972259372808, 33.95402177368972, 33.97247490943149, 33.956717216947304, 33.982244335881994, 33.957925349411845, 33.97794998858042, 33.94882977664241, 33.976506744989436, 33.96607563189011, 33.96617110814768, 33.96111041161214, 33.955327230343464, 33.93968652294723, 33.947943734444536, 33.967692106552846, 33.95749194133941, 33.96825543072691, 33.96393602738691, 33.94072817500719, 33.968215816181406, 33.94472524628175, 33.97887713416225, 33.950207263281925, 33.9549311798502, 33.95019980626223, 33.96436942650283, 33.97472207523916, 33.944065009766874, 33.97822227382844, 33.96906571591246, 33.96033588578914, 33.94842549296043, 33.94827286155379, 33.977722499067575, 33.94579138925103, 33.946179273235174, 33.96895249001555, 33.97177183667619, 33.979130422387584, 33.950342126111664], [-84.1177382973102, -84.12586331737862, -84.13565120614963, -84.11732146005052, -84.14138321942282, -84.11772896963095, -84.13446348058187, -84.10489734958729, -84.14719492415418, -84.13284554904988, -84.15193097021876, -84.14214997830813, -84.12333724999978, -84.11551122771992, -84.12134207885906, -84.12005008350745, -84.10730735867249, -84.10511577019267, -84.10642771957755, -84.13969025737738, -84.10218516427904, -84.10365025280929, -84.14853483704911, -84.13564270382683, -84.10234861275812, -84.10912749202167, -84.14958022509613, -84.15291926338337, -84.1326514160259, -84.12297152945328, -84.10013390541326, -84.14639150886998, -84.1326053084559, -84.14481896945729, -84.13405055477142, -84.12806249032215, -84.1086621775474, -84.11535473145513, -84.13785291234211, -84.12002573944206, -84.15121505980704, -84.13106265691927, -84.12303999989778, -84.14990118576549, -84.13426021073109, -84.1188142652505, -84.09996332319037, -84.10674970049077, -84.09954338476759, -84.13914867786818, -84.11248650839994, -84.13189878461431, -84.12467563967628, -84.12011414001282, -84.10394006440661, -84.15079923312321, -84.12574810845427, -84.107359554183, -84.1520791722259, -84.12877199072092, -84.12817056037774, -84.10449801304601, -84.14586241639313, -84.10863894213766, -84.14993598791652, -84.10513639899828, -84.13520623044462, -84.13547251104433, -84.13800593342087, -84.1224979028546, -84.1421053808421, -84.13789927618193, -84.14956684174186, -84.10140658554087, -84.13938226805358, -84.1363824385295, -84.14256415532654, -84.13408633051127, -84.09952032728208, -84.13823703980887, -84.10777247259998, -84.14698012438876, -84.13312054580237, -84.11747155984136, -84.14324505379678, -84.14696795491187, -84.14796162560688, -84.1119932821148, -84.10834333012234, -84.13861703140725, -84.11787720235324, -84.10326415518495, -84.11660866269887, -84.11349628501613, -84.10671367449272, -84.10258341430874, -84.14626167144529, -84.10741095913437, -84.15030955194523, -84.14342323856924, -84.1472475486999, -84.13918409452083, -84.1113798584579, -84.11513883058319, -84.10298478476605, -84.1241060370041, -84.12404616237298, -84.13456445365073, -84.1332291347424, -84.12303413034611, -84.15217475191766, -84.13588629917018, -84.1091788587293, -84.10988807096433, -84.1049876913181, -84.1133154923457, -84.11384511905143, -84.12400995990473, -84.13439126798633, -84.1456062870985, -84.12279289552555, -84.10109000460027, -84.1274814563451, -84.1294953305423, -84.13992370263769, -84.10077682380152, -84.1151844580223, -84.15207957907852, -84.11194597704058, -84.10188682598665, -84.10263889698565, -84.14975123894902, -84.15244197091991, -84.12784677216041, -84.13520334208354, -84.11200236603975, -84.10108674292552, -84.13898567534926, -84.12237283233681, -84.13434676698782, -84.13398943431928, -84.11409449494978, -84.12149604372267, -84.14280518852999, -84.1163679936644, -84.11825217993051, -84.14338685503044, -84.13005347959154, -84.1157834208948, -84.15099314703585, -84.10095039857697, -84.10472558567251, -84.13248953433225, -84.1300946352972, -84.10069633209758, -84.12288960728019, -84.12088221035111, -84.10634282814613, -84.12093540528456, -84.15252324636432, -84.09970612205757, -84.15224121146242, -84.13463909751532, -84.10141324706088, -84.11067236814988, -84.1438174364384]], "boundary": [[33.98341006340025, 33.98341006340025, 33.93834353659975, 33.93834353659975, 33.98341006340025], [-84.152986593078, -84.098833006922, -84.098833006922, -84.152986593078, -84.152986593078]]}