{
    "boundary": [
        [
            33.98341006340025, 
            33.98341006340025, 
            33.93834353659975, 
            33.93834353659975, 
            33.98341006340025
        ], 
        [
            -84.152986593078, 
            -84.098833006922, 
            -84.098833006922, 
            -84.152986593078, 
            -84.152986593078
        ]
    ], 
    "center_point": [
        33.9608768, 
        -84.1259098
    ], 
    "distances_to_center": [
        1984.0541734644708, 
        2321.780114954489, 
        1159.1432769612477, 
        1068.5928535645962, 
        2996.84699738586, 
        1842.4637060412601, 
        1632.2661371667978, 
        2930.367890447701, 
        1318.6373947644647, 
        2247.6428991056478, 
        3230.261098449973, 
        2570.1669609186783, 
        804.7327602864501, 
        2213.157874579337, 
        2546.2059025777767, 
        1299.5397407008156, 
        2510.3711695885577, 
        2253.042545998983, 
        3383.1723304741827, 
        163.79751685725526, 
        2938.371961275737, 
        117.41893914625233, 
        2436.594253140596, 
        742.5923063277643, 
        2667.307795712859, 
        3082.459510269692, 
        2464.7181135701335, 
        2714.604464274795, 
        2022.4475119834885, 
        640.416059471995, 
        2406.460069717713, 
        926.7798440049888, 
        1633.0724519921525, 
        939.4355675014975, 
        963.1438976677455, 
        1934.743731677004, 
        1536.2631571446768, 
        723.6715408186336, 
        1684.9351234433732, 
        1522.2060817564416, 
        1724.931341042088, 
        1549.537093674622, 
        2886.9987013805007, 
        1438.8194021658396, 
        2283.0169165346165, 
        2166.3115117970747, 
        2888.434850150949, 
        2282.4192636944335, 
        1019.9297579240496, 
        1730.0416544823802, 
        2631.9034072924655, 
        3079.104833095956, 
        1998.7857537227826, 
        3038.5428582657505, 
        2445.0380523254653, 
        1865.0575829767322, 
        2563.1555054448636, 
        2489.2355195647992, 
        1535.1655466033312, 
        1277.6103361248702, 
        1168.113512849657, 
        2440.785914067306, 
        498.79653887662454, 
        2855.392184439544, 
        1393.537173324703, 
        2193.9970307382773, 
        779.1722231302329, 
        727.7364397500955, 
        2089.251317855927, 
        2325.290237579163, 
        936.429610611464, 
        208.59210294251073, 
        1893.2633293139238, 
        2209.6754357680006, 
        1231.623873948324, 
        1125.2937746686373, 
        1223.9387560845437, 
        1697.1294254841914, 
        2942.176823254339, 
        2355.529334149249, 
        1231.6140108395937, 
        2980.5895468506005, 
        550.9866503443648, 
        668.334661107091, 
        559.7041750946595, 
        914.468140311601, 
        2430.867181325022, 
        1816.593691524449, 
        2415.715654430251, 
        1365.9419937011176, 
        1085.5138068524413, 
        2742.912545468325, 
        1496.1116229273991, 
        1797.116560963923, 
        2397.8763178420086, 
        1748.1581544773117, 
        764.8194257410245, 
        2360.291700989546, 
        1514.1556673610276, 
        2107.307897931438, 
        2090.8912540778747, 
        2618.0793616160176, 
        1589.699649969513, 
        1309.2482536042799, 
        1761.7586300735445, 
        2257.3221315667774, 
        2626.6766713111306, 
        1799.8633263487484, 
        2688.0535447205307, 
        1410.0568455440437, 
        1574.0887119188712, 
        315.87618576276185, 
        3307.9706367290905, 
        2610.7299036250715, 
        1905.9392080859309, 
        2245.8180148128813, 
        2427.7721356154298, 
        2605.305322999395, 
        2620.1049503826216, 
        1208.879283494482, 
        1243.874397489138, 
        1685.1140283621016, 
        2183.8246853985374, 
        1564.8652519965174, 
        1794.638255609574, 
        607.4462375510769, 
        1875.8792247721137, 
        1776.2298534724307, 
        2444.720634856794, 
        2453.367542597803, 
        2081.6827920869896, 
        2042.6689376339566, 
        2672.513578231704, 
        452.4815772555178, 
        600.5906944326887, 
        2890.3259435483474, 
        1256.1308788471706, 
        2081.572547508623, 
        2115.1755105641305, 
        2046.8899324361619, 
        1072.102233672077, 
        1456.1434498490607, 
        1942.2326762528737, 
        1455.9963323464042, 
        2760.297311331978, 
        2177.9712960565553, 
        980.7844256869912, 
        1906.6003109549051, 
        2427.8076594275394, 
        1737.222445024543, 
        2588.558115578866, 
        2294.834528045599, 
        2480.3868422463806, 
        2395.1516075636255, 
        2268.9339311155945, 
        1588.3717751126103, 
        1620.134289262713, 
        3050.297827722411, 
        2444.7613781981354, 
        2888.4906217300336, 
        1606.6390773678504, 
        2021.5766788482647, 
        3457.4144368245097, 
        2322.7564972377513, 
        146.11407494040103, 
        2145.646172917632
    ],