{"center_point": [33.9608768, -84.1259098], "sample_points": [[33.94557619891745, -84.14553006885102], [33.948667569241806, -84.14680792841959], [33.96156807550882, -84.11447301608138], [33.94702953013651, -84.14200815179072], [33.95434291240705, -84.15198784460642], [33.974967306153935, -84.12203163092943], [33.95285513265238, -84.14395196060791], [33.974812276362265, -84.11417682349833], [33.973538298117354, -84.125826796143], [33.94334715939391, -84.13804997612198], [33.973012050295175, -84.12266896292023], [33.94633750079795, -84.14230213213162], [33.97787358696692, -84.10379750748665], [33.97118526341645, -84.10461255724599], [33.9809092053082, -84.12664222114579], [33.97156159699384, -84.10365083760705], [33.93874028701017, -84.1509906483355], [33.96741240301984, -84.12898294088394], [33.97219004705142, -84.1168531422573], [33.97377360272434, -84.14211070811665], [33.95284742550949, -84.1452733301619], [33.93984672865295, -84.11436108954256], [33.95677376173062, -84.10553123836988], [33.9561646161305, -84.11386744820527], [33.962984044955974, -84.12318577846182], [33.978843353839736, -84.10869470874052], [33.93893036989267, -84.13693867311693], [33.94139098187407, -84.114153668782], [33.95959272960721, -84.13593864220397], [33.982137870114705, -84.13097237259142], [33.96774755176746, -84.11473891046133], [33.96821379448446, -84.10688411156914], [33.9600708390974, -84.14954519181299], [33.94757338527234, -84.11303423730494], [33.979630244581955, -84.14365498830092], [33.95215248866319, -84.13552770985139], [33.98088291403704, -84.13307543282859], [33.971294519834515, -84.11255171091317], [33.97947180630963, -84.1267777561364], [33.96030655224296, -84.13029307498259], [33.943660614541066, -84.10682570593116], [33.95348571002406, -84.1387964947953], [33.97817813846592, -84.12790331834918], [33.97299347512223, -84.11548615300617], [33.941456429706186, -84.12565647028669], [33.96078322239619, -84.13691699003567], [33.970041593277685, -84.15051890149692], [33.96111934349455, -84.10184554163199], [33.942361045458625, -84.13663206969177], [33.94557342946518, -84.15172244072275], [33.9571110341167, -84.14020868257758], [33.97116317060904, -84.13790086188772], [33.947562167005444, -84.10701289852402], [33.97701240439469, -84.10460303773982], [33.94650420156326, -84.1358742239713], [33.96215269681216, -84.15271812388335], [33.98292362461083, -84.1378981632867], [33.982696311828285, -84.11463386963568], [33.9409602658327, -84.15092185913963], [33.94689084503677, -84.1361980809966], [33.93921579436322, -84.09929403031458], [33.9627620591962, -84.12029858556181], [33.954649691751875, -84.11769351694919], [33.94856491989284, -84.15195958476426], [33.979458346235646, -84.12935509009058], [33.96269435168213, -84.15285663335374], [33.97276927450201, -84.13847597954101], [33.95608804865334, -84.14886029186914], [33.97970865621093, -84.11860607411526], [33.95056381214619, -84.12153418449752], [33.94122751646288, -84.14336812302415], [33.94653216194236, -84.1388568649985], [33.971804687844134, -84.10391428368415], [33.96868327131263, -84.12449410408905], [33.96969430727217, -84.15192068919566], [33.95942182789406, -84.10063656743914], [33.96362486941512, -84.14966042749413], [33.94783437763832, -84.11380489781662], [33.982670338172845, -84.10232312118106], [33.96360687087787, -84.1521122708004], [33.94002656695472, -84.10420025012003], [33.94788414146068, -84.11010258598562], [33.96539939765496, -84.13766501496214], [33.959631970315755, -84.13504562679253], [33.97143529144781, -84.09889401947534], [33.93839709137938, -84.1239691259534], [33.95206811442736, -84.11941710302789], [33.93911564478996, -84.14859421147702], [33.95927968677454, -84.11129209825457], [33.97582257550617, -84.1144809089671], [33.98135360170775, -84.12773277497509], [33.941565912239504, -84.1151544283098], [33.94280135034027, -84.13409162664371], [33.97444100132525, -84.11048994294143], [33.97418619876127, -84.10489164409559], [33.97400896436578, -84.12820208220407], [33.98178015289759, -84.12782697339834], [33.94173324764045, -84.12641103934304], [33.95738728826564, -84.12435525443021], [33.94436851918011, -84.11780310303114], [33.95939320727583, -84.10692885432162], [33.98214262778458, -84.14852471383301], [33.983160332021384, -84.12888580070648], [33.963670020114584, -84.15015997915538], [33.943200914021496, -84.12364738573564], [33.96850325441316, -84.1149823944753], [33.95008627944089, -84.11560800402381], [33.95725814592878, -84.10301385872042], [33.96542489481982, -84.14592154183633], [33.95704709270929, -84.10697322653732], [33.96263668725751, -84.13897586639928], [33.97126185758836, -84.12002914826512], [33.94021833285137, -84.14440733563484], [33.962534947874836, -84.14158919829771], [33.96997387899099, -84.10055720523697], [33.97029481424105, -84.14954827566378], [33.972180988440776, -84.13680887489578], [33.97988567977255, -84.15248357484009], [33.981724879226654, -84.09902234182508], [33.944004957316416, -84.10601275324082], [33.94558766731305, -84.10924491227897], [33.948659938517885, -84.14992739767926], [33.94324458705107, -84.10538125291133], [33.97585810388161, -84.14424834415098], [33.97266284179592, -84.10060989359258], [33.97128423449218, -84.1480993080519], [33.969194456711605, -84.1329429687545], [33.97107890930878, -84.1017793332861], [33.96153013619634, -84.10399329686547], [33.95071855858961, -84.13687191540245], [33.98140217799526, -84.13109393324247], [33.949283836684664, -84.12346380061577], [33.975800385432215, -84.1179621544294], [33.96395471501279, -84.10982872146596], [33.95002806454506, -84.1004856486169], [33.97991289833043, -84.12771744618983], [33.98266106794545, -84.11825262655667], [33.97941694697499, -84.14180338459981], [33.938950747266894, -84.1332684262148], [33.97811897078618, -84.13248185417712], [33.93884522052321, -84.14571852456461], [33.94488382089214, -84.14239293988646], [33.979348796940556, -84.11783101288627], [33.95223919217133, -84.13310194870493], [33.95421543005094, -84.10132560536685], [33.976589366999704, -84.12538066738355], [33.9662207739144, -84.11264982826542], [33.958898615148286, -84.11086102162302], [33.959090737172495, -84.14945945327011], [33.96145737161744, -84.09934149158005], [33.95220680637053, -84.09905353249503], [33.94770052707144, -84.14354247789326], [33.948473636050196, -84.12744169075648], [33.946907363837724, -84.15115132864766], [33.974379077356254, -84.12108222773821], [33.97627499599937, -84.12102479160384], [33.94026136312384, -84.1197239515311], [33.979063644338375, -84.1302223340851], [33.94551808670636, -84.1080840882153], [33.93929988930456, -84.11120048179475], [33.98152933377049, -84.15018844956741], [33.961176727943915, -84.10462281196094], [33.9504016121325, -84.11292971573012], [33.941538749776385, -84.14130530402703], [33.955170728119285, -84.11897398415327], [33.952274812584356, -84.11764122377136]], "boundary": [[33.98341006340025, 33.98341006340025, 33.93834353659975, 33.93834353659975, 33.98341006340025], [-84.152986593078, -84.098833006922, -84.098833006922, -84.152986593078, -84.152986593078]],