{"center_point": [42.9623826, -85.6715957], "sample_points": [[42.94222884941434, 42.94483759057857, 42.97579927734049, 42.97453062270104, 42.96745329514701, 42.9593235980774, 42.973401067347766, 42.95705157870368, 42.947731251871964, 42.94195797066891, 42.9412240261603, 42.97995857022583, 42.95845502081681, 42.95548230886563, 42.94781006830824, 42.97297923311977, 42.976263012115545, 42.9600142257484, 42.947062968139875, 42.95929396418254, 42.94121437579823, 42.97831532035569, 42.96856847168445, 42.960976911405055, 42.96413030865526, 42.95806279596511, 42.95711000892651, 42.94813343763325, 42.962839875963056, 42.94654097616671, 42.96352981432159, 42.97556010091075, 42.98010907854302, 42.94120179102042, 42.959962760656985, 42.96645899804165, 42.96640158286552, 42.9764417888157, 42.96839409245971, 42.950775938899696, 42.96539732906896, 42.97518218750663, 42.94217995730756, 42.95677344612553, 42.98010541846503, 42.941617322583, 42.978762579396204, 42.941443266277005, 42.954494677480724, 42.94972909683261, 42.96501617271489, 42.94772264981496, 42.98328001267721, 42.96901594874054, 42.962392064053795, 42.97604998923826, 42.944530153591536, 42.98030661683992, 42.95868901687051, 42.95642307752819, 42.94802561378387, 42.977175640871494, 42.98402730720818, 42.97680319624479, 42.95246800977279, 42.96647859358363, 42.94001892817153, 42.968927908312786, 42.94294718913766, 42.953247608462455, 42.941204518644255, 42.94886285492379, 42.96791359418644, 42.95336531724914, 42.944960898288016, 42.96458439183195, 42.97994639514606, 42.972618023911494, 42.980404790814816, 42.97923828829184, 42.97622827936646, 42.974423756521645, 42.945669204115994, 42.96548348593545, 42.970807592484654, 42.97052673034416, 42.98347793929308, 42.951441967484016, 42.94862645039425, 42.9642118788698, 42.94105222803403, 42.95470030266348, 42.9432184947219, 42.974619773223594, 42.97878852387154, 42.963459808721765, 42.960424026556744, 42.968683305462775, 42.9606891355086, 42.9662377208704, 42.945103435523514, 42.95362504057641, 42.95828338217825, 42.94597509587477, 42.98411018425004, 42.9585894620856, 42.95972572779268, 42.96196209584479, 42.983756838150256, 42.95318278081526, 42.97945700066439, 42.981781089733715, 42.95440352339138, 42.98423185173198, 42.96392357231092, 42.96465993823451, 42.95775874779519, 42.94871196684959, 42.977308038534666, 42.97393152784856, 42.949518345355116, 42.977136270098164, 42.9554903627946, 42.97476225036078, 42.97895706216173, 42.95000403307837, 42.97733176802577, 42.97778454286803, 42.98309475320826, 42.94215407543917, 42.966561047069206, 42.94919223280526, 42.982824370185675, 42.961084009855455, 42.97654183757987, 42.951510743152426, 42.94936347575092, 42.9540951616551, 42.95195730220668, 42.96436960915111, 42.98097564180235, 42.98342674888002, 42.9613641070895, 42.97995289667163, 42.947371276317696, 42.9807777839375, 42.97976353736751, 42.948121553759414, 42.963312267526696, 42.94203473267641, 42.95107094385302, 42.9742643893289, 42.981481984530056, 42.948542314585815, 42.9539062019443, 42.96574566004337, 42.982291740989645, 42.98440703432576, 42.968925885570584, 42.944785164045015, 42.971420243051966, 42.944204051392816, 42.95962060108177, 42.979113403476255, 42.97596340728418, 42.959875657365004], [-85.66266327277566, -85.6692293846587, -85.64686040130002, -85.65635671904553, -85.69250094222197, -85.64997673578439, -85.66671485464377, -85.69915476266262, -85.69944461436211, -85.67493353937788, -85.65971570206794, -85.6464209277159, -85.65189568381648, -85.686602534178, -85.69021755129, -85.6419858930112, -85.64377748981032, -85.64333171709085, -85.6864340710751, -85.70058385845195, -85.65811074369786, -85.70072082789657, -85.66979168210462, -85.67239230595244, -85.67179468126517, -85.68265974154758, -85.65634811244023, -85.67434643105285, -85.67047617118634, -85.65115489894728, -85.65569902422367, -85.69499224294988, -85.67068812511609, -85.66026309072656, -85.65061128347914, -85.70056173993423, -85.64534500643593, -85.64481355911977, -85.68089852018666, -85.64259047233136, -85.6619358269002, -85.64412041174059, -85.65786043905925, -85.70206221263548, -85.67941979362, -85.66272018867743, -85.67773448448457, -85.64777455740541, -85.67930890596986, -85.67683357549943, -85.68160947628049, -85.66610811083372, -85.66168538123893, -85.66990787865649, -85.6428668114875, -85.6516808345444, -85.68939514430666, -85.68345896199156, -85.67710800472578, -85.66755345474972, -85.69134226344846, -85.64674108377811, -85.66455106370255, -85.65526334808392, -85.69643967360946, -85.6987542431994, -85.64334493680369, -85.69648743971446, -85.65590637440096, -85.70133941207757, -85.68819466615426, -85.68478780451052, -85.6869018229947, -85.68178211177647, -85.68541998938147, -85.6656357724191, -85.69045848849083, -85.64148290477829, -85.65318463338188, -85.66034589574423, -85.69474251791104, -85.64594854243752, -85.64679608569193, -85.69344627498337, -85.67432605090201, -85.67669618820949, -85.67939976174782, -85.68097739342153, -85.65535561556543, -85.65524565979815, -85.69966410323198, -85.69125188537299, -85.6542174453078, -85.69120625322614, -85.65961561865683, -85.69917369136816, -85.70202953490168, -85.65781191954342, -85.68936608779366, -85.68847538637847, -85.6899814192272, -85.64382243429134, -85.64105036220478, -85.68362449148384, -85.69868829845625, -85.67452610849807, -85.69352711071616, -85.65667750503144, -85.6789924684188, -85.65862543863021, -85.6708779696877, -85.66037205661154, -85.700676949726, -85.68900372732462, -85.69386019712593, -85.6728944227543, -85.69920757281334, -85.64780600653413, -85.70066567646923, -85.66804454322263, -85.68196392459062, -85.68334724536795, -85.6843880745163, -85.64718084992306, -85.67140196320264, -85.64892942018848, -85.66113581700803, -85.64346236039368, -85.67463883537064, -85.66250853404492, -85.66246438590505, -85.66646795704477, -85.69181036651992, -85.69201544668948, -85.67200650795908, -85.64753840838696, -85.6697536472834, -85.69057535754688, -85.64381319377759, -85.65484509974958, -85.66922407817479, -85.69521532932707, -85.69258767773235, -85.66552298789998, -85.67625236126906, -85.6626742285805, -85.65135001208363, -85.64820335405525, -85.65376063700508, -85.67348329105326, -85.66338053567925, -85.6750666910008, -85.65235890252497, -85.67488025007037, -85.65506494567387, -85.64428804079759, -85.67735016661175, -85.67595267214666, -85.64479909521826, -85.64409268122124, -85.69548728459255, -85.70154169702481, -85.65817130807054, -85.67214917152326, -85.64341620683139, -85.70130260789206]], "boundary": [[42.984915863400246, 42.984915863400246, 42.93984933659975, 42.93984933659975, 42.984915863400246], [-85.7022843748215, -85.64090702517849, -85.64090702517849, -85.7022843748215, -85.7022843748215]]}