{"center_point": [47.6611901, -122.3140371], "sample_points": [[47.66695409634928, 47.65270621558867, 47.65846451025289, 47.66605975216623, 47.67638950299011, 47.68047953804603, 47.668232722445644, 47.6485786356343, 47.65241516642279, 47.677296769477785, 47.65836228125222, 47.66680951981584, 47.65270416472936, 47.675840385067914, 47.67320783149104, 47.647617136799006, 47.68111724461548, 47.6543918157613, 47.667033320591635, 47.645463019404225, 47.66869734503786, 47.66497712887102, 47.652968887984606, 47.68207384473949, 47.67222249020014, 47.672193128244594, 47.66734759497529, 47.64296869425996, 47.649667453225874, 47.64472034867659, 47.66919284127187, 47.65497296329575, 47.67857155592082, 47.674774427389345, 47.662090830883095, 47.65607709734046, 47.67512176970854, 47.65964868019792, 47.649613671206346, 47.648260772163525, 47.67452293047671, 47.64591550295726, 47.656803529664074, 47.68071410708443, 47.67184413906923, 47.66670790101258, 47.68120256280006, 47.67758306289935, 47.67070335326232, 47.65329523713269, 47.652243717373615, 47.682202461515885, 47.669573806297215, 47.66014194009571, 47.68321796249233, 47.66039363911658, 47.654436306088144, 47.65196121519727, 47.655584635348774, 47.68224619973456, 47.67642145943765, 47.64396062450764, 47.67098579698818, 47.65896367707381, 47.650470875617714, 47.665693720461086, 47.63950855804735, 47.67408229260922, 47.66163371051899, 47.645387210130544, 47.672509253414844, 47.659738125549694, 47.68106064147708, 47.66211933102942, 47.682904838721896, 47.674919580516274, 47.6819302092266, 47.642740994135515, 47.64573297924396, 47.67796634452564, 47.678647525966745, 47.66009368745134, 47.680969963681406, 47.677270037415695, 47.6789539233842, 47.68224293440279, 47.67844818301584, 47.64851127366759, 47.658941807930574, 47.67284653828293, 47.667298701954934, 47.675474269811474, 47.66645332818276, 47.660075109197244, 47.68305180611354, 47.651213342978096, 47.64876980009991, 47.67116493993232, 47.682100976785044, 47.67527636761901, 47.67247794551865, 47.66314766072408, 47.6653255767881, 47.639922495425765, 47.65424583236568, 47.661379704193486, 47.665678879348945, 47.666187387393386, 47.65193190759735, 47.67664074057907, 47.649980579448176, 47.679076585960864, 47.6798635814098, 47.64732308642925, 47.6786091877174, 47.670911306844644, 47.66164901502372, 47.67083750930042, 47.67589339163847, 47.66744687580058, 47.65796236413072, 47.64114604215052, 47.68179714084278, 47.656098234791244, 47.649218674202125, 47.679430713253076, 47.654339156910346, 47.67057853179752, 47.6592771706692, 47.64724123798157, 47.6467648870963, 47.67824330180361, 47.640867656241824, 47.67704298746298, 47.65207443266486, 47.66876318235833, 47.640552024456504, 47.641540024851885, 47.682041408965375, 47.66966920631872, 47.662858151646155, 47.66258129954739, 47.644581312340236, 47.650208461369026, 47.66336436482087, 47.65890490573238, 47.680837911074114, 47.67896787144126, 47.641214872632425, 47.67225765586154, 47.63872909959052, 47.64467393186734, 47.65248359308116, 47.64359156955708, 47.65387762595029, 47.668886573783595, 47.644462816278114, 47.65552485766294, 47.68140755877873, 47.6796346846734, 47.6389079482034, 47.67889970290761, 47.65350921327231, 47.67793307435977, 47.67054658112103, 47.68136208452284], [-122.30833164852838, -122.29560962857387, -122.32391917806781, -122.33123505694564, -122.31146328744829, -122.3024497614042, -122.33348266401225, -122.32702900942948, -122.3350203465264, -122.30308952165406, -122.29877587767818, -122.29393410748948, -122.31803519802719, -122.33178038621577, -122.29224046149515, -122.3287115702085, -122.32024951902157, -122.34265996491871, -122.31180543150944, -122.3091895331061, -122.3372922540158, -122.33404086064544, -122.28458475422306, -122.33839159801512, -122.30993124166505, -122.31634835744475, -122.3150817613839, -122.32488306196177, -122.32885989967937, -122.29319581452333, -122.32998421978355, -122.30759736558268, -122.33854680420686, -122.34561148525766, -122.28252557175577, -122.33493768830377, -122.31802303106264, -122.29877060636103, -122.31879755498942, -122.3250272689198, -122.28205097459536, -122.33646713674382, -122.28219712106338, -122.32934072302824, -122.33408043640415, -122.32031052362936, -122.34395689851924, -122.31593644270806, -122.3470748899203, -122.34469498104114, -122.3043545497047, -122.3028237166168, -122.29020229670688, -122.29307681409674, -122.29343480093932, -122.29488429246261, -122.33339132683946, -122.34303193837289, -122.34394893085602, -122.30560875736751, -122.32583354438283, -122.28112868199125, -122.33262749081229, -122.33759818024362, -122.30006084988256, -122.3263546531685, -122.33313852136703, -122.3006911917443, -122.33487364772633, -122.31528279846985, -122.31235553699585, -122.33717981854697, -122.28790994655601, -122.30117751738949, -122.33601567078547, -122.33088188674058, -122.29853534492797, -122.30561192652254, -122.34039821166867, -122.30578957558555, -122.30862823652724, -122.32465232956966, -122.34076100921511, -122.32351775381149, -122.34553498232599, -122.28763463848694, -122.2894274903356, -122.28071924696094, -122.3165771420857, -122.32416996790464, -122.28336157137036, -122.2943710213578, -122.332657613741, -122.28886138019703, -122.33064837596876, -122.33233525356037, -122.28554801712866, -122.29936129459048, -122.28998629573871, -122.30395269522427, -122.33934027326387, -122.28666255277335, -122.34180483470895, -122.29379257810169, -122.33398671707214, -122.33922459375182, -122.28582632575129, -122.29789487631311, -122.28382570780832, -122.308512724295, -122.30359321438083, -122.30343578538682, -122.32699976768052, -122.30557783911665, -122.32649440990997, -122.2841309593641, -122.31732884203913, -122.28202853493318, -122.302751358743, -122.33395123177576, -122.32297004288785, -122.29597793849803, -122.2834810008209, -122.3382617804006, -122.3385814591398, -122.32425874159338, -122.28596490054905, -122.33977014003248, -122.30407441393886, -122.29889053998642, -122.34439874899269, -122.28204830456384, -122.33478041755174, -122.2932170702485, -122.30216690419539, -122.28668279308539, -122.28225295005016, -122.30647852493772, -122.31959498063985, -122.33925723500127, -122.2860952413468, -122.29975661079368, -122.3419861224143, -122.28601219330446, -122.28471581080782, -122.33815942755545, -122.32230378688119, -122.3467830770478, -122.31975363840333, -122.30922081042924, -122.31631509185661, -122.34319992811875, -122.30181456490867, -122.29989953047036, -122.3340046855302, -122.30430116561804, -122.31240906759982, -122.34687264477671, -122.2865234680063, -122.34022762984107, -122.34613352037438, -122.28725765336752, -122.30300531210747, -122.29297748454988, -122.32526644469732, -122.31773389842658]], "boundary": [[47.68372336340025, 47.68372336340025, 47.63865683659975, 47.63865683659975, 47.68372336340025], [-122.34738166872101, -122.28069253127896, -122.28069253127896, -122.34738166872101, -122.34738166872101]]}