{
    "boundary": [
        [
            47.68372336340025, 
            47.68372336340025, 
            47.63865683659975, 
            47.63865683659975, 
            47.68372336340025
        ], 
        [
            -122.34738166872101, 
            -122.28069253127896, 
            -122.28069253127896, 
            -122.34738166872101, 
            -122.34738166872101
        ]
    ], 
    "center_point": [
        47.6611901, 
        -122.3140371
    ], 
    "distances_to_center": [
        363.8791796744398, 
        2358.371034871301, 
        2211.517332599015, 
        1297.051073315402, 
        3378.2238880761147, 
        2802.1648909151972, 
        1667.5044390741457, 
        370.45783415498903, 
        2161.482911756091, 
        2112.906492222013, 
        1849.0446302033038, 
        344.4171496747645, 
        1127.046320102169, 
        1147.1500877625608, 
        872.4186914105048, 
        982.256953094481, 
        1641.859107169457, 
        705.4950393192235, 
        2075.2710009300044, 
        2452.4993598068763, 
        1141.8091318098418, 
        2322.2033362550956, 
        672.0946622119104, 
        2501.0937809266325, 
        1728.6378821390006, 
        2144.9746537612455, 
        2525.5938740576157, 
        1754.5683342404623, 
        1234.552472388463, 
        1921.418453682537, 
        2920.7242633962487, 
        1043.430238889875, 
        2795.6283957735814, 
        1662.903531243888, 
        2083.46455216681, 
        452.7116033665655, 
        3101.0324765587134, 
        2227.35931381062, 
        1160.0401721097276, 
        2076.7137703262592, 
        1612.1402520426986, 
        2618.820545325419, 
        2309.7313229298593, 
        890.1061252128568, 
        1842.420299884986, 
        476.2918941297289, 
        2432.873502759045, 
        2481.3785071121356, 
        1786.898928101904, 
        2449.673341681375, 
        1220.480432648759, 
        2567.5542104363567, 
        2442.2535933860217, 
        2420.6845193520526, 
        1552.6951060155088, 
        3008.1002814809067, 
        2887.7434578307316, 
        2647.8274015008883, 
        1375.3589751907678, 
        542.8848141405612, 
        1579.2313830815747, 
        1900.2962208003123, 
        2336.450110096912, 
        2356.5089874715495, 
        2620.09725212416, 
        2237.12003028584, 
        2224.5635725662983, 
        2058.868454982617, 
        2970.250138030905, 
        2346.300305029091, 
        705.9705492663992, 
        1605.651025651136, 
        1744.8873583708876, 
        2206.8442154196346, 
        2706.5569088391603, 
        1279.1031027231277, 
        2321.395132455202, 
        565.6647377480762, 
        1438.1245546930033, 
        1464.3303191782168, 
        847.080603010098, 
        2560.190504618684, 
        1987.4905420490566, 
        1936.1029832255854, 
        3039.067727661672, 
        2171.6827539410483, 
        2876.1722997327074, 
        1789.5057881511925, 
        2937.70666766165, 
        1202.9183725805658, 
        2043.87008106167, 
        2646.7222005841422, 
        2101.5760925994427, 
        936.6032342605886, 
        2527.9557156889086, 
        2877.6546510503867, 
        2880.8455512616188, 
        1875.3615341187688, 
        2639.9232332310066, 
        1372.2756478983079, 
        2659.176741687334, 
        2188.2465030007975, 
        2752.9519036697297, 
        1313.277230724849, 
        2229.8540317627585, 
        3190.4614631564777, 
        2939.170396765557, 
        979.1160049507818, 
        2229.1018535234593, 
        1869.3115283254845, 
        3358.7755445850466, 
        2531.6130862524487, 
        1724.943960937059, 
        1618.2405445112247, 
        2315.218548431787, 
        2543.093256351294, 
        1602.4259354630863, 
        1114.7440283157075, 
        2245.8270943896405, 
        411.69465655088584, 
        996.9078371502636, 
        1495.0573722735116, 
        2557.2535389612285, 
        2154.8579576142392, 
        2576.8082598507017, 
        545.3371986212505, 
        1996.160944147779, 
        2480.132114383773, 
        1994.4770052036163, 
        2019.6780712838095, 
        940.179403796506, 
        3283.2948639274578, 
        1704.285151639359, 
        1174.6382336412346, 
        2298.870314121002, 
        3131.998510819161, 
        594.7110442363482, 
        739.0783470955363, 
        1264.815819130391, 
        1601.8609916166372, 
        978.3436339783195, 
        2713.337965742441, 
        2407.6647679528737, 
        2986.0635394400247, 
        2916.08383543176, 
        1558.7010566247845, 
        2555.7409375541524, 
        2097.572227510332, 
        905.6629764002827, 
        1733.301395927618, 
        2109.739208182604, 
        1088.5109467451273, 
        1935.9745001284618, 
        1764.7549035532286, 
        2398.482879508952, 
        2083.833721441155, 
        2058.4837363750307, 
        1542.0597271331526, 
        1791.9705944907707, 
        1760.9177277927474, 
        1176.2059494346518, 
        1931.397838614134, 
        2360.285916486687, 
        1956.0371002529046, 
        1437.648843146497, 
        1820.3576127405122
    ],