{"center_point": [34.1447795, -118.1450414], "sample_points": [[34.13831135491729, -118.15006763781484], [34.1389169445734, -118.12611935365534], [34.1564543005008, -118.13535981478532], [34.14199404003044, -118.13237864955687], [34.15856979028261, -118.17033921671607], [34.136891086530156, -118.15657978971693], [34.13861354985252, -118.14353659601957], [34.16672453859751, -118.13621191556854], [34.12339844479146, -118.14432848338583], [34.15517439719087, -118.16729880690538], [34.15828204272187, -118.1316108403851], [34.14932500874043, -118.13915356843958], [34.15144427865099, -118.11935694867995], [34.127182319779074, -118.11974330774785], [34.12910680983669, -118.14456088115709], [34.16519646338319, -118.14171076445714], [34.15895510444139, -118.11922557283297], [34.132390668627274, -118.16768699370515], [34.132935841067024, -118.16478980436209], [34.16171087261148, -118.124620580125], [34.14790417934677, -118.1621689923979], [34.12538284881774, -118.16767000384466], [34.165737506065355, -118.16757251195541], [34.1473022747224, -118.12720238791508], [34.13510987212138, -118.1246214520456], [34.13701509978512, -118.13798992652961], [34.13033507329848, -118.15925158128665], [34.136818850129885, -118.13869654131017], [34.123833388667485, -118.15487117299348], [34.12799414808277, -118.1368027504379], [34.13023165736461, -118.1182692610786], [34.130626803062825, -118.14692140201781], [34.14447297106778, -118.13648923540977], [34.15589561549258, -118.15190680854282], [34.13056660251436, -118.17170201559041], [34.159973187472794, -118.14229221632772], [34.1400067955585, -118.1390934813505], [34.145721751682416, -118.16227713198542], [34.165542471214835, -118.14813014430322], [34.15640105361325, -118.17077081440476], [34.13358659035515, -118.12407637440394], [34.158284190488985, -118.16993835565135], [34.15129714273693, -118.15331990369326], [34.12280510970714, -118.13663817330062], [34.15428972433334, -118.13406441284056], [34.151613227806635, -118.16487718254884], [34.141917574475166, -118.1276056843691], [34.15196427717866, -118.16557249130985], [34.13306251944681, -118.14144003527585], [34.13043970553829, -118.12716309348438], [34.15891536498473, -118.15832255596082], [34.14409644620264, -118.14862760136542], [34.14255201505473, -118.15479217390585], [34.141245973753975, -118.14575426137948], [34.13528278939864, -118.1460706029232], [34.16124513814287, -118.16251027807152], [34.16466215507982, -118.14602218058808], [34.12440440325226, -118.12906443656281], [34.125192511091996, -118.13066415362971], [34.12235602749452, -118.1666703658159], [34.124377039999665, -118.15571352064757], [34.12928694873121, -118.1393396801931], [34.141257972265294, -118.13825116620197], [34.14065739653335, -118.13748749114497], [34.14351790250527, -118.15684347441025], [34.1639153663611, -118.13022984344069], [34.148024835306344, -118.12498722084294], [34.13564122711229, -118.13421310416072], [34.12531522797197, -118.13627556048843], [34.13405223617542, -118.1245388628043], [34.132551158356804, -118.14527394763442], [34.157106380798396, -118.17172154499029], [34.13160513021421, -118.16372697045867], [34.1280175806338, -118.15433308462252], [34.16455301332214, -118.15007393707045], [34.14971816252779, -118.13385773274292], [34.14422460209682, -118.16391945026315], [34.156438182918265, -118.12051338396282], [34.15448118077155, -118.14522968388744], [34.15161575208447, -118.16724628460561], [34.13695935598665, -118.14607078579364], [34.139623159844874, -118.16466161394192], [34.13293741225347, -118.12157706757901], [34.1567209399829, -118.14679251448922], [34.140634623835005, -118.16444663521013], [34.15679521944356, -118.13951284977523], [34.1653596761302, -118.16323567816646], [34.134971866709044, -118.15669355539282], [34.158772701988966, -118.12897565530463], [34.14246946861884, -118.12341997801761], [34.124232384361505, -118.16358373075262], [34.13177828493734, -118.13939446071286], [34.13773488785969, -118.1410536834437], [34.12865906087566, -118.15244716562039], [34.135918458490096, -118.14249968034328], [34.14023730882263, -118.14867464907502], [34.131713113795904, -118.15198343031214], [34.141732617757384, -118.1668989227608], [34.132642469580006, -118.12908997560511], [34.1584416984071, -118.14005017552931], [34.16564721694514, -118.1622808897763], [34.149273124891394, -118.15119111847928], [34.145922161538195, -118.12279152034415], [34.12976813820066, -118.13500074184107], [34.145141976995426, -118.13132682082525], [34.16246781024676, -118.16511332322486], [34.1569670906039, -118.16477408135708], [34.15358792445105, -118.17212995373568], [34.1456288437345, -118.14917195945988], [34.14414400767109, -118.1268538567662], [34.152754427972944, -118.15701063240773], [34.13297880334927, -118.1268792130554], [34.15962387217668, -118.12209485351477], [34.14643619774404, -118.14391178515697], [34.142133795456935, -118.1486326436122], [34.15053297223213, -118.16030198372177], [34.14788234465942, -118.12293486613754], [34.16608399495069, -118.1495307042688], [34.1596076488224, -118.13132392725183], [34.12473786953986, -118.16326121764496], [34.15361882583178, -118.15712896236592], [34.165242140047226, -118.13414258661568], [34.16495244197718, -118.1489944557667], [34.1419952775335, -118.1366391639585], [34.16199067500669, -118.1318792223348], [34.141958551590974, -118.15069214586553], [34.12699080269264, -118.16479484415558], [34.14671016090769, -118.13084327593037], [34.14977251975407, -118.14523007411563], [34.14446122603984, -118.15051980283066], [34.153505546351006, -118.16114667198386], [34.150187336292035, -118.16534377780764], [34.157106384741354, -118.15590325472296], [34.13353388135078, -118.13561601505604], [34.14141639219031, -118.12365330494856], [34.15876360203988, -118.16318743140677], [34.15308726199137, -118.16635005349347], [34.133767653576946, -118.12737961598646], [34.1267957873558, -118.13310178522048], [34.14216153298951, -118.12058149006566], [34.16645506575954, -118.15356188731923], [34.138460215432744, -118.15504826760147], [34.1339106116977, -118.1246854389876], [34.1325679773046, -118.15830609208584], [34.12668498707506, -118.15247784832091], [34.1565837340418, -118.12749348176274], [34.13920573610105, -118.1245054103274], [34.13147806500996, -118.14331945937936], [34.1230076644318, -118.14158485100351], [34.14144780240795, -118.15587147665612], [34.13565797361292, -118.14554972328922], [34.161488068080146, -118.15990673024962], [34.16729855411003, -118.12625511895891], [34.161083363870766, -118.12042871053161], [34.122753280161525, -118.1526763366162], [34.153048538185466, -118.13687891287694], [34.156629077781794, -118.14338432591802], [34.13401069688711, -118.16806156519336], [34.15500423050405, -118.13839208588658], [34.161686060146515, -118.17132308496042], [34.149433758503136, -118.15289198048589], [34.15297402248497, -118.15880319607997], [34.14540789258784, -118.14657764729667], [34.13134150640462, -118.12201635803672], [34.13023156675141, -118.11824163071975], [34.150231179255506, -118.1629656590735]], "boundary": [[34.16731276340025, 34.16731276340025, 34.12224623659975, 34.12224623659975, 34.16731276340025], [-118.1721769941515, -118.1179058058485, -118.1179058058485, -118.1721769941515, -118.1721769941515]],