{"center_point": [34.1447795, -118.1450414], "sample_points": [[34.137007252353, 34.165396135399334, 34.13566557427137, 34.14781050361659, 34.13383647950885, 34.13629717891035, 34.15895480096726, 34.157881543083576, 34.15411270303293, 34.14885363028698, 34.14515461279715, 34.166457782744864, 34.1277242296717, 34.124638165118576, 34.14461658020069, 34.15566822967982, 34.13654294413864, 34.151665909407264, 34.15330438357324, 34.157712311842275, 34.15592899080324, 34.12822243715511, 34.12319145628211, 34.15851851441709, 34.14902795470037, 34.12477008485053, 34.12617071295345, 34.141170886959934, 34.160911028909176, 34.15428443937794, 34.15540470903545, 34.16181245863361, 34.1554300006556, 34.138718220790096, 34.14961682029744, 34.15241258721705, 34.15916453161959, 34.15744702585685, 34.137195720793024, 34.15548475304173, 34.163291150789135, 34.14955245210732, 34.13364635194724, 34.14900000456789, 34.16227423343604, 34.1586094504222, 34.15547465629551, 34.14746217898778, 34.12320696118917, 34.14529814062115, 34.16127792487112, 34.14088660514678, 34.15392778128418, 34.159059355438764, 34.14364810108091, 34.148182527547554, 34.148676268434116, 34.15050731677189, 34.125423496087784, 34.1662139589115, 34.15420665509667, 34.16252011652367, 34.15253986147682, 34.1630462166107, 34.1359001801145, 34.13530818775509, 34.14862929531175, 34.166667950727536, 34.134578994743634, 34.158636400055485, 34.137759970115766, 34.129585407239254, 34.122371033522555, 34.13218515295549, 34.144037538042916, 34.14555454812977, 34.14326544609124, 34.14741863015463, 34.131702220142905, 34.16264935208333, 34.160907088443054, 34.150011523914515, 34.161285644299426, 34.130821915769786, 34.15649417223194, 34.12685688120721, 34.152596088887144, 34.14881993113603, 34.12645338877097, 34.16236061700683, 34.12779731768015, 34.16231439105638, 34.16369402853199, 34.15801459405453, 34.142091749498825, 34.14948744747632, 34.14117764297061, 34.1438377099158, 34.163111877079125, 34.140327269426365, 34.16365002797708, 34.1493982948614, 34.13199276217378, 34.15458106308083, 34.123347693711494, 34.13462863690642, 34.165026968820946, 34.12902024178388, 34.124066422236, 34.12366971758062, 34.14919124919899, 34.14110069782813, 34.145886776900205, 34.16585800294926, 34.14911387570095, 34.15188366833399, 34.15549825471613, 34.15845905804725, 34.15954782278022, 34.143904514077505, 34.139540021840915, 34.13064334016546, 34.13745888561127, 34.166810270972185, 34.135266450863035, 34.1325342345267, 34.12984062656391, 34.12371657605626, 34.12975252576321, 34.15863550507881, 34.162183768918574, 34.14260147388714, 34.141048172167324, 34.123486821240185, 34.13838020834695, 34.138734789060145, 34.14685564622861, 34.16324018200483, 34.12890929149038, 34.135355456945256, 34.126044677744375, 34.138054827444726, 34.15528136051527, 34.15661137152817, 34.15399988690724, 34.158392410406364, 34.15721757133756, 34.13947850636367, 34.15692970566905, 34.12592832181526, 34.13959822011419, 34.13663751311244, 34.1408265202988, 34.167151444637234, 34.16304458982922, 34.12424452812306, 34.160093729120554, 34.16660236364139, 34.146810547196544, 34.129464520369396, 34.1554760825246, 34.12231970137616, 34.13577792552376, 34.13825977052364, 34.16499882199377, 34.14703461398275], [-118.13880606957693, -118.13837199222047, -118.14271786865234, -118.12606799674073, -118.14244769381584, -118.1537615588352, -118.16395197964813, -118.16197555168416, -118.1489665241837, -118.15012062790568, -118.13315556791798, -118.16780279087419, -118.1466607754597, -118.14589366203103, -118.16839829392177, -118.12504574294856, -118.14684446810386, -118.13377024032961, -118.13366435704867, -118.17010508097688, -118.13168808577726, -118.12588372251732, -118.13219796488019, -118.11980518900295, -118.11879440442226, -118.17012058836568, -118.16068152192555, -118.15997416548562, -118.13331908822359, -118.13938227456636, -118.1690658828165, -118.15727709151321, -118.14483152007335, -118.13395631575825, -118.16181931104721, -118.1305486287731, -118.16293251175321, -118.12682324887649, -118.16291593172407, -118.14721248389985, -118.13250449119018, -118.12457566692748, -118.13436075008678, -118.12147114404941, -118.15849476673952, -118.16953723803216, -118.1631057410892, -118.1517211894128, -118.13099234498276, -118.1550156330936, -118.1701524387222, -118.1692772881919, -118.1571717047295, -118.16622185828395, -118.13521667896882, -118.12731507927926, -118.15389547615179, -118.15472728027892, -118.13436027537266, -118.1637288891044, -118.16084301581661, -118.15501741785425, -118.13080386263728, -118.16452988554444, -118.16453230373502, -118.13811285528035, -118.13108794278749, -118.16463640167919, -118.14560200164652, -118.14662396091212, -118.12877552173647, -118.13872980076565, -118.15984312011742, -118.14477959718825, -118.16864483298099, -118.16045767517527, -118.13290073595944, -118.14431326695995, -118.15007020702427, -118.15592767170827, -118.14255345364052, -118.14923131444107, -118.12614244661472, -118.15783702870398, -118.15650616491835, -118.1578707168629, -118.13785061489183, -118.16295421945466, -118.1383255898105, -118.12062836950433, -118.13565407774571, -118.1569950939492, -118.1376517815593, -118.15255967257379, -118.14515974267408, -118.15516897032019, -118.15477453630253, -118.13050631430274, -118.12853768447158, -118.13240403825418, -118.16998308343209, -118.12005903968387, -118.14963648755578, -118.14072376112992, -118.15958869058684, -118.14486775900185, -118.12788362745388, -118.17072176386874, -118.15307612570723, -118.12877331236315, -118.13591126285472, -118.144118899154, -118.16908389849763, -118.15665968102228, -118.13939747311183, -118.14410327617898, -118.17086456968248, -118.14235730773346, -118.11835977800202, -118.1304135109612, -118.16255445083377, -118.13397742821276, -118.13033440650315, -118.14111329964501, -118.15320392248874, -118.14252950778308, -118.14090548877672, -118.16404098385776, -118.16888191043655, -118.14733000990763, -118.13871835624059, -118.15943996070521, -118.1579644987722, -118.15824937270463, -118.12272143648661, -118.12559638434847, -118.14915892477333, -118.14302908038714, -118.14460672775641, -118.15699273157348, -118.15761347708131, -118.1538854026676, -118.15019954353923, -118.1648941293324, -118.13185127032031, -118.15592671034797, -118.14547932790076, -118.15951457761663, -118.12045777857317, -118.15093379603779, -118.15744980349955, -118.15731680253108, -118.15612151159608, -118.16919643566933, -118.1675055669338, -118.16480982602312, -118.13617321969524, -118.13088328902408, -118.1445637539879, -118.15263653954376, -118.13283874629695, -118.1273028674251, -118.1505548581536, -118.12746467183263, -118.1547914998643, -118.16203023391256]], "boundary": [[34.16731276340025, 34.16731276340025, 34.12224623659975, 34.12224623659975, 34.16731276340025], [-118.1721769941515, -118.1179058058485, -118.1179058058485, -118.1721769941515, -118.1721769941515]]}