{
    "boundary": [
        [
            34.16731276340025, 
            34.16731276340025, 
            34.12224623659975, 
            34.12224623659975, 
            34.16731276340025
        ], 
        [
            -118.1721769941515, 
            -118.1179058058485, 
            -118.1179058058485, 
            -118.1721769941515, 
            -118.1721769941515
        ]
    ], 
    "center_point": [
        34.1447795, 
        -118.1450414
    ], 
    "distances_to_center": [
        979.3657691998241, 
        2207.49951280872, 
        865.3294885614373, 
        2513.012460918879, 
        2743.4274606528975, 
        557.9302795828513, 
        1505.4670894784442, 
        1773.8946290118731, 
        487.23385096112924, 
        2154.078916942603, 
        1788.804731049124, 
        2448.4977052353656, 
        790.976454016523, 
        2731.9732939882215, 
        1870.4618386182747, 
        2138.6000616737833, 
        1507.3835246880537, 
        2948.1117423960777, 
        1152.5131539269316, 
        3048.7112241712985, 
        2664.530791067541, 
        2989.8112909006154, 
        897.5485692061372, 
        2486.73429079012, 
        1945.7090622213593, 
        1867.743502628492, 
        2178.027748409545, 
        2506.1438142125853, 
        2711.3138976789082, 
        1408.1937869649205, 
        2105.5271393022454, 
        2616.671170182574, 
        1434.7259793809646, 
        1650.1647388478834, 
        431.16163559072703, 
        1204.929802781929, 
        2015.9499349572948, 
        1635.6267472429, 
        2280.308676261491, 
        732.8119818061548, 
        2308.946632309509, 
        2353.9798878445195, 
        724.215235749824, 
        276.0523736154574, 
        678.6523225570608, 
        2142.045639786026, 
        2964.2830466557334, 
        1259.7271809861645, 
        2264.5444312040067, 
        857.3224792851472, 
        2379.134404158404, 
        2123.939254481733, 
        2989.00174314892, 
        1066.9212184093294, 
        1146.299868778531, 
        2567.5707256468345, 
        1889.9532577266718, 
        425.139565957102, 
        2432.065244682059, 
        1645.2684735967061, 
        1178.1399679099695, 
        1714.1138149374483, 
        2395.2823184942167, 
        2962.1517848457675, 
        1533.5032545189868, 
        1495.061544142754, 
        2462.932618763223, 
        2476.7938348469083, 
        1030.6144620352948, 
        2545.123554095238, 
        1069.500928124768, 
        1255.3867789789972, 
        2565.522058942409, 
        1100.786407047382, 
        1935.6082576770855, 
        1840.4836707273516, 
        2539.348600773844, 
        2260.278286987867, 
        2539.7768973518255, 
        1065.816573985902, 
        2566.4993709883724, 
        1980.9277840805094, 
        2052.8402119530483, 
        358.41442758896267, 
        1649.0790533458219, 
        982.0322832135241, 
        1011.6007737925319, 
        975.498207596996, 
        2350.0076041580933, 
        1877.6833714131549, 
        675.9606120604348, 
        2176.635999020324, 
        1330.713120269104, 
        824.3936036619593, 
        2486.815888151632, 
        2334.492414680858, 
        1704.883124203024, 
        1752.2179287471893, 
        2983.4140556107286, 
        1483.5361301401038, 
        836.1102604013919, 
        2881.3062446622916, 
        2728.115250564495, 
        2471.1280593085485, 
        1725.03124986285, 
        2098.385277930928, 
        450.13252160017345, 
        2361.791078887638, 
        757.01041828651, 
        1572.8194113307388, 
        2292.9891005917834, 
        3256.31484761885, 
        1359.0957115895267, 
        2585.08131539902, 
        2627.0473234894325, 
        2461.739679495296, 
        1383.7380591146275, 
        2292.291378157565, 
        1544.7208354893235, 
        1468.7953633742727, 
        1363.7393847168173, 
        832.8111866577991, 
        905.6082178006322, 
        2258.881246268797, 
        432.5923430135482, 
        2213.9791276282317, 
        3041.644785541215, 
        3109.2267051823155, 
        2619.669516256966, 
        1622.8585105818627, 
        2136.122009980044, 
        1635.5335904407623, 
        802.951252320219, 
        2554.4509521728723, 
        705.1265293888005, 
        2370.2194573919514, 
        1297.504120994086, 
        1958.3347682874935, 
        1465.1936257449286, 
        2701.0009704283843, 
        1022.3490166577791, 
        3035.420141437008, 
        2924.0160739573257, 
        1422.3490468492012, 
        2964.761711364, 
        2638.6432377503, 
        2423.712145142814, 
        2228.297061521976, 
        1352.1721236188948, 
        1895.4022975877886, 
        1400.7138402469573, 
        339.4062530169209, 
        3060.5851412642687, 
        2581.621993705, 
        2163.1162007962726, 
        2109.4668251849685, 
        1515.649670908031, 
        748.075085311254, 
        3082.0020628908114, 
        978.6506734600733, 
        1755.1095492569516, 
        674.7462828224068, 
        2455.1570944162263, 
        1893.4609649090526, 
        2116.147527150397, 
        1206.5252618377685
    ],