{
    "boundary": [
        [
            39.92373476340025, 
            39.92373476340025, 
            39.87866823659975, 
            39.87866823659975, 
            39.92373476340025
        ], 
        [
            -75.20125403901592, 
            -75.1427049609841, 
            -75.1427049609841, 
            -75.20125403901592, 
            -75.20125403901592
        ]
    ], 
    "center_point": [
        39.9012015, 
        -75.1719795
    ], 
    "distances_to_center": [
        2785.9573229441075, 
        2405.0932416630917, 
        993.9969958025918, 
        2541.753583153994, 
        2132.578925818155, 
        2576.0212957483363, 
        2081.2707218305977, 
        2460.0323356827785, 
        1006.2330321613769, 
        551.0045509406324, 
        698.5942652227877, 
        2038.8085363548623, 
        2425.992031177673, 
        1421.4012807557654, 
        2165.1547550145206, 
        1879.2101858374162, 
        1712.6313902758213, 
        1682.3057414395334, 
        2076.3972910053762, 
        820.9742762992514, 
        870.9997693627773, 
        1863.9551364203774, 
        1478.4536098496533, 
        1622.923560541145, 
        1859.7660723909528, 
        1249.940221996249, 
        1778.0917806991988, 
        2170.954899561995, 
        2507.4474798572196, 
        1762.6496141696437, 
        751.5348945448629, 
        1919.9428790778952, 
        1573.311638733699, 
        2022.0511388275124, 
        1445.976104522643, 
        2538.34849887014, 
        2298.287376315679, 
        1784.2402549268638, 
        2819.7468765795243, 
        734.0703333299851, 
        1572.102878017183, 
        3078.158193243612, 
        2870.4237699219266, 
        2266.354711369122, 
        1576.0522053033606, 
        2176.653914039834, 
        2071.251341693503, 
        1792.4266148163645, 
        1245.3351916760837, 
        1759.191072406686, 
        1619.8129463937496, 
        1971.1909314539012, 
        2531.5359770940213, 
        2333.440166658147, 
        2279.920745738614, 
        318.5630089269268, 
        1942.743999566381, 
        2658.6784307736843, 
        952.1368449586182, 
        960.5141613685769, 
        1234.8867961451442, 
        2074.2079122327123, 
        218.3200650555006, 
        2648.6156101297806, 
        2378.000783273465, 
        915.8453496955198, 
        1313.1369318312338, 
        2572.3804270031724, 
        727.1937661887819, 
        2736.530651490748, 
        2835.7526706244776, 
        1518.7212255668308, 
        1844.1578408104888, 
        2531.7296644235444, 
        1055.1778675940543, 
        218.31595301753637, 
        2202.209246087095, 
        1441.2897331001377, 
        1936.9498975945485, 
        1647.3365553554313, 
        2894.890004676589, 
        2525.0201671990726, 
        1739.3964949037834, 
        2102.6152730314657, 
        1042.4192729646127, 
        1168.33751729121, 
        2296.637089271653, 
        2887.445958431672, 
        1681.8486713168904, 
        2016.7817797853393, 
        2458.2847965852493, 
        3026.467267759978, 
        2770.2996829470276, 
        2284.3598834541967, 
        1275.7234818005495, 
        2118.0919620645814, 
        1960.6396557107823, 
        470.04124158024564, 
        946.020773704221, 
        2371.8637964677187, 
        305.32339989591867, 
        2717.475862665115, 
        2983.589431100151, 
        1422.3889418487622, 
        422.8535306906964, 
        2721.488357065719, 
        744.4328224404769, 
        1766.8443313189507, 
        1145.8395664031545, 
        648.1996637396436, 
        1577.3487913339418, 
        2476.299184764397, 
        2294.0397232975342, 
        354.6298903537689, 
        1964.3710223297196, 
        2697.5756698295495, 
        3333.8904853392723, 
        2919.597693184462, 
        2178.040998865423, 
        1565.210371149325, 
        3070.6259050980393, 
        1826.6056028978287, 
        1125.268899291795, 
        1362.547387817449, 
        2157.4643278849335, 
        2032.245830367902, 
        1991.741403244562, 
        1349.1534079367077, 
        795.6434457879479, 
        2283.1325685513307, 
        1516.6886648622785, 
        1686.307199618776, 
        1329.7012677416567, 
        831.110499020928, 
        2546.0310886216694, 
        2000.105138316204, 
        1500.320611884651, 
        3167.4667170955468, 
        2870.7973161226423, 
        1026.7099230350523, 
        636.6462211411181, 
        1586.8323444886064, 
        2629.820989394685, 
        939.8442702332975, 
        2440.2313591346096, 
        392.01962774402494, 
        1402.883573751674, 
        2980.9387906901597, 
        2808.3717323457727, 
        2339.677618394759, 
        2884.7100586735496, 
        3104.3131629237537, 
        2406.8377439128994, 
        2311.1212918049746, 
        1755.881927882893, 
        270.3344726359441, 
        2057.929462333641, 
        793.6834490627834, 
        2268.273570484727, 
        1468.3265160656485, 
        2174.466256255046, 
        2668.638816420068, 
        1365.6311195824803, 
        2664.7132666767598, 
        2747.093745778744, 
        2526.0163431386636
    ],