{
    "boundary": [
        [
            26.005086563400248, 
            26.005086563400248, 
            25.960020036599747, 
            25.960020036599747, 
            26.005086563400248
        ], 
        [
            -80.39608811892933, 
            -80.34612188107069, 
            -80.34612188107069, 
            -80.39608811892933, 
            -80.39608811892933
        ]
    ], 
    "center_point": [
        25.9825533, 
        -80.371105
    ], 
    "distances_to_center": [
        2844.1600912214526, 
        1494.055790820356, 
        1996.8583650859298, 
        2850.3932584426757, 
        1965.7496534984025, 
        1112.8838474214429, 
        887.790840807115, 
        2285.8077762024814, 
        1593.74212932788, 
        1935.8984242267986, 
        2550.3699155652466, 
        939.7100994692861, 
        2649.3331341217126, 
        2193.768071090587, 
        818.3408631879529, 
        1515.5398234400989, 
        1987.953963179386, 
        1981.1103610369537, 
        1909.6237354588015, 
        2137.0399050238184, 
        2708.5094529071666, 
        1750.5978366923816, 
        2232.292503327941, 
        2757.297814287297, 
        1503.0163226056382, 
        2738.0185909527713, 
        2013.6630856058853, 
        1350.4121803386638, 
        193.87311486299853, 
        1410.2144298927253, 
        206.21829544141985, 
        613.7127405155629, 
        2696.867637036108, 
        1986.8791896541466, 
        1524.9883333784373, 
        944.8162433037172, 
        1402.3716054427348, 
        976.6330187975167, 
        2859.6627331586355, 
        1155.4840303969797, 
        2153.141553004031, 
        2264.414677215176, 
        504.5915264645352, 
        727.8877030150004, 
        2574.313066383125, 
        2997.680530799929, 
        1621.5574974768576, 
        2517.088501503301, 
        1096.0391363045228, 
        1552.8011077255553, 
        2172.9427553118558, 
        2859.3631441122893, 
        1497.4889813610475, 
        1456.5465257179208, 
        650.1198094256974, 
        2558.162469433546, 
        2096.4563083157373, 
        1466.4237715734153, 
        2028.4276396024472, 
        1545.2182013050187, 
        2582.863807625695, 
        2108.665498159349, 
        1963.1458561132852, 
        2116.9862597514802, 
        684.1915799759618, 
        1874.9408856234859, 
        2232.670887613521, 
        2763.04220013098, 
        2159.6348100159667, 
        2502.299086840292, 
        934.7722493265472, 
        1708.9096993674555, 
        2318.871504894639, 
        1817.6234867033513, 
        2607.37455739675, 
        2455.399150846025, 
        1549.8161293200014, 
        2004.298824083456, 
        1808.552003906624, 
        1482.3553899636615, 
        1631.3547282364389, 
        2619.5108907398867, 
        2386.3997001676503, 
        1850.46838155645, 
        1810.3772480297246, 
        2832.0323038637025, 
        1630.1492061938807, 
        1403.453915273326, 
        2278.4188911810993, 
        2405.497215964743, 
        1977.8948616816338, 
        1819.3649833113357, 
        2221.983989474945, 
        3128.2225512826262, 
        2110.926316329039, 
        1541.4753373721064, 
        2411.2308322946087, 
        2001.2751617067454, 
        2354.931266601828, 
        693.3103088862789, 
        1949.5897448152034, 
        2572.6835457551038, 
        3018.662323386034, 
        3039.122337908149, 
        2653.270582111404, 
        2208.367114545548, 
        1420.864307226476, 
        1045.9814174628536, 
        2050.894496326264, 
        1399.6164469544394, 
        1784.8437801558891, 
        1627.002848906295, 
        2199.3505913966655, 
        536.2725000976242, 
        1174.901552642703, 
        1643.4241068121787, 
        2373.510894521826, 
        3031.707026276371, 
        2445.11460630692, 
        948.6786808384152, 
        1941.2354180334505, 
        1912.4533259597138, 
        1762.7480724466668, 
        1643.7933955330911, 
        2558.8613084225353, 
        2521.5296582603332, 
        3169.0065346113884, 
        2205.413559517969, 
        2271.5514078753326, 
        2015.127838480523, 
        2184.725380197714, 
        1328.135512109211, 
        3366.89245968963, 
        1132.5142535476937, 
        1833.3149845089054, 
        2413.7062208826464, 
        1740.1114614007406, 
        1361.7134011345386, 
        2486.5970541792794, 
        1784.5697990500921, 
        856.7769302900625, 
        1945.6149966812063, 
        1262.9801937422687, 
        2056.8366199129273, 
        295.6907206118904, 
        1643.5472962897695, 
        2133.041864550616, 
        1977.705273864843, 
        661.7360794872958, 
        1334.3136705968063, 
        2225.8728335491437, 
        1480.0924846478135, 
        1880.5464493039112, 
        1476.4340774511948, 
        2152.916848263525, 
        2600.455522064624, 
        1442.1882926244177, 
        1125.113954706284, 
        2230.616457600584, 
        2046.3045545627651, 
        2185.6421313901724, 
        785.3379025692477, 
        1406.6830815379726, 
        2253.227947000475, 
        2638.2225727786795, 
        1408.9901631142434
    ],