{"center_point": [25.9825533, -80.371105], "sample_points": [[25.967443431461163, -80.37681833525225], [25.9982211734633, -80.38145006089536], [25.997469361999222, -80.38461478621939], [25.99295848439615, -80.3775394847654], [25.997638941666356, -80.3950177307503], [25.97955641933532, -80.37368114175617], [25.99865453050055, -80.36958299431491], [25.992576246723296, -80.35646837131127], [25.994842672984916, -80.36401324544501], [25.980520742098626, -80.38560212399877], [25.98228068020663, -80.3713623027156], [25.979142996880412, -80.38964400473972], [25.994560732614474, -80.36171882534099], [26.002121170882766, -80.37366000275412], [25.991510580952028, -80.37049057230057], [25.98860033289403, -80.37830642752049], [25.981194068162544, -80.37087634951854], [25.99874410929643, -80.364435320799], [25.990231840333408, -80.36309091201223], [25.981437874189343, -80.35377365083627], [25.96275982160224, -80.37951590165181], [26.000321527483102, -80.38996206527757], [25.966074407952643, -80.37181971809149], [25.997462598059244, -80.36808957866731], [25.993294251043963, -80.3803855644434], [25.991759239860407, -80.3634018048973], [25.969237947365368, -80.36790535407361], [25.975126242289797, -80.36431107957186], [26.000514169664836, -80.35253334132436], [26.00393346982509, -80.3808691188105], [26.000709978764885, -80.36763041385728], [25.991278982613885, -80.36079896732073], [25.978773821333668, -80.39152825462357], [25.974110245666882, -80.3611498863867], [25.984585260628045, -80.34864668198605], [25.96614575712206, -80.36444283659199], [25.99966516191236, -80.35353762712282], [25.968856846507315, -80.37393211335417], [26.00172494960924, -80.37670097183275], [25.992512376977327, -80.37811190830469], [25.972183187065987, -80.39463301000167], [25.981238095493964, -80.38067423468891], [26.001284875652214, -80.35837781418647], [26.00183540689035, -80.3491475395577], [25.9976501726028, -80.37582114040141], [25.963160353661117, -80.37890402295326], [25.980921438033814, -80.3846988208504], [25.97683609047134, -80.37645622168179], [25.98319190074047, -80.354097370905], [25.97885637243136, -80.38964788461827], [26.00507257700211, -80.34807909784168], [25.98118595390327, -80.3743858163198], [25.976035722847627, -80.35575434990726], [25.99651532353183, -80.35036464835692], [26.003598747776966, -80.35412406304653], [25.99115734323854, -80.37339862761917], [26.00069136090571, -80.34711395536078], [25.97894063780986, -80.3836944349524], [25.99891881074627, -80.37781395719821], [25.969068066523537, -80.39271747687972], [25.976780312506186, -80.37262570236582], [26.00165565988003, -80.35221396515591], [25.990112213061106, -80.37173343289469], [25.993892676378387, -80.39152253509147], [26.001426033999753, -80.38518482660069], [25.968989835481953, -80.35576379158599], [25.98576265115826, -80.38055880621752], [25.97145753539596, -80.38274508348385], [26.001679933725327, -80.38322310167737], [25.97650520397435, -80.35041398083058], [25.962480903385423, -80.34906533698951], [25.993307458432145, -80.37033168429606], [25.99156952129248, -80.38628671182126], [25.97094425029046, -80.3667911283148], [25.966779497116374, -80.37670455863524], [25.99567362273186, -80.35873907706221], [25.97598023060799, -80.3503498950939], [25.982450837805505, -80.36240992169215], [25.980248153176404, -80.35473958374412], [25.996495567734957, -80.36155405356797], [25.968277993107996, -80.35738933475719], [25.997656097942276, -80.34975618629727], [25.972271793643433, -80.38984634186878], [25.998802178452312, -80.35421859170339], [25.97057517824432, -80.37105777318233], [25.996808797282437, -80.38819246034831], [25.972489985101255, -80.37501906560283], [25.978321405298917, -80.35449687048454], [25.994605523848087, -80.363789683914], [25.96876481184038, -80.35630773313032], [25.967497529710197, -80.37042041216918], [25.975065455061937, -80.36816363641726], [25.96104553745838, -80.36996950562614], [25.99130786693081, -80.34989100514146], [26.003371005915046, -80.38385134999112], [25.97096666422029, -80.36534310555348], [25.997433707793128, -80.36704621091774], [25.987205909181586, -80.38474701174202], [25.998561319603564, -80.37758792347311], [25.984566419367034, -80.38646321591912], [25.97563478571534, -80.38081998631887], [25.978713953399474, -80.39178793290019], [25.99320227027065, -80.352943999094], [26.003877641407435, -80.38809874832037], [25.97926639157274, -80.35071063054694], [25.979682220039447, -80.35292060888939], [25.985080785490297, -80.35883676266778], [25.98214933133514, -80.39391960295707], [25.96592069083903, -80.35328273485405], [26.00324263169319, -80.39470474124515], [25.97775359775915, -80.36814184309043], [25.990052908234095, -80.3560524632177], [25.999255461113545, -80.37118724723707], [25.970064537426587, -80.37088770436824], [25.968062638406384, -80.35523221670182], [25.9983226775284, -80.36486973334065], [25.973606163833406, -80.38022960685032], [25.976043909984025, -80.35889980826396], [25.995322449491493, -80.36093919313625], [25.994238740786663, -80.3648871464281], [25.98348187812842, -80.3690856486223], [25.96822010445222, -80.3619893770683], [26.000174708388204, -80.35670080929296], [25.99139056854919, -80.35971352034741], [25.983276300376197, -80.35921911537986], [25.99781787454851, -80.3650715326891], [26.002133734456812, -80.36412396785293], [25.990664831664922, -80.39234738534968], [25.986707415681263, -80.37363799026427], [25.974204327981855, -80.37602285011238], [26.001388609982545, -80.36139056273038], [25.994143266792378, -80.37881707112263], [25.987507672936456, -80.39491443457675], [25.968702605841184, -80.38274746081947], [25.986038063630772, -80.37958241961914], [25.997898493368965, -80.35101116019361], [25.997205950316584, -80.38190463218154], [25.961168985714323, -80.37470515034781], [25.960739520573835, -80.37953748304224], [25.971851691181836, -80.35208398344398], [25.974362812685598, -80.37802151289323], [25.962245223919698, -80.38186366799737], [26.005026628496157, -80.34807952407198], [25.96778410735159, -80.39293565064943], [25.965812239627837, -80.3673467567082], [25.996096368851315, -80.38963044365067], [25.996897691249956, -80.36480340054943], [25.980516379138187, -80.38208847996655], [26.002638875546452, -80.36363581242921], [25.995834937514118, -80.38098638674936], [26.003422629059514, -80.39033158381011], [25.989983650293542, -80.36914320926964], [25.970814145340096, -80.3839354544536], [26.002446303536495, -80.36350456808789], [25.96260254120122, -80.37751385946747], [25.998554402743753, -80.35860173123237], [25.984699288548935, -80.34849867759962], [25.973680290124847, -80.37991678720385], [25.987424764697586, -80.36457949517236], [25.997011106579688, -80.39371335269243], [26.00245444166293, -80.3956948648953], [25.98147363749958, -80.3953885023962], [25.967131834383693, -80.39279289140985], [25.977391046472384, -80.3489098400868], [25.97783698735222, -80.395792109328], [25.977633049721913, -80.3910248100008]], "boundary": [[26.005086563400248, 26.005086563400248, 25.960020036599747, 25.960020036599747, 26.005086563400248], [-80.39608811892933, -80.34612188107069, -80.34612188107069, -80.39608811892933, -80.39608811892933]],