{
    "boundary": [
        [
            36.99389766340025, 
            36.99389766340025, 
            36.94883113659975, 
            36.94883113659975, 
            36.99389766340025
        ], 
        [
            -122.05371369500868, 
            -121.99749390499132, 
            -121.99749390499132, 
            -122.05371369500868, 
            -122.05371369500868
        ]
    ], 
    "center_point": [
        36.9713644, 
        -122.0256038
    ], 
    "distances_to_center": [
        2409.0930991352334, 
        2991.694132647135, 
        1623.3750854699886, 
        3289.5348194947173, 
        2160.3029873881715, 
        1144.3531019168815, 
        2303.969187495155, 
        2195.187193251645, 
        688.8424555045439, 
        2215.659401031946, 
        3130.963473366704, 
        2390.9637067268804, 
        2409.7959889358044, 
        834.2580822373237, 
        2126.5230286759443, 
        1996.5194516940578, 
        2814.668701890922, 
        2558.736091821078, 
        2315.1828702074677, 
        2307.595390722706, 
        2276.118076621544, 
        1643.166279384394, 
        881.2106733083808, 
        655.1201795684985, 
        405.90385279515266, 
        1390.0058048654055, 
        1535.7615727733514, 
        1407.0122772848931, 
        1440.249712292274, 
        2105.3240878335478, 
        2058.8619281540646, 
        1971.8441672646702, 
        1962.8870451430355, 
        801.0811052629535, 
        1555.3187519554972, 
        1182.324042821001, 
        546.5002093750207, 
        1480.3684599243063, 
        1464.8396622525108, 
        2233.7718939578886, 
        2863.904389106553, 
        2941.6609148268394, 
        2017.9376385144838, 
        1569.9794398759302, 
        2261.356586558089, 
        1969.8435992948416, 
        1522.2616545926574, 
        3363.7865603296354, 
        974.4751280411738, 
        2096.5480451740664, 
        1455.6392720184328, 
        2857.985346863534, 
        979.8867484308026, 
        1700.2787913197221, 
        2332.1399505913173, 
        1887.2421090474074, 
        2212.275524329717, 
        3088.1596948270267, 
        2049.7902522170552, 
        1992.5167366501507, 
        2092.3901046086844, 
        946.0159752234949, 
        937.2733570513632, 
        2410.8175265700547, 
        3128.829590482352, 
        2176.3570644301803, 
        2179.9895130497334, 
        1607.2875934458773, 
        2834.441323127438, 
        3290.1581441400417, 
        2240.670704024372, 
        954.7317294149339, 
        2829.464367827663, 
        2545.4776620002035, 
        2586.0302814325914, 
        2092.0379154539905, 
        2593.7413591713407, 
        2487.9523606239322, 
        2944.7680750414215, 
        1204.169730805676, 
        2030.3992331185307, 
        588.365330320149, 
        2303.126256072801, 
        526.9448445305619, 
        2939.974627574433, 
        2508.0900238477757, 
        2989.7935092230246, 
        2167.380591750003, 
        1406.4543812993143, 
        1988.1066831968587, 
        1712.1945959103678, 
        1817.1558353271093, 
        2636.5887777854455, 
        1743.9860629874863, 
        2193.714122407183, 
        1935.795148007286, 
        1485.7463047772121, 
        2589.7786615651253, 
        2363.1595236096828, 
        1971.4040157951383, 
        2883.131325098225, 
        2689.4662432219066, 
        1910.5851862739812, 
        310.9293935801422, 
        2179.2348624806923, 
        2145.081647474903, 
        603.4622274091678, 
        2055.9543402932545, 
        2963.006795068988, 
        2093.5600289312943, 
        2028.4750190045675, 
        1147.7649320319422, 
        2338.100038408948, 
        2738.336795752369, 
        1378.596764448664, 
        2092.6340435168904, 
        2394.8703987171593, 
        1484.408933515006, 
        2476.042075111413, 
        1887.7216808503172, 
        1971.1124418028953, 
        3333.51098021584, 
        1540.148792531023, 
        310.4631807480208, 
        2544.137809606316, 
        2721.131582324345, 
        1241.8764039719488, 
        2896.6249648345124, 
        585.3794299496907, 
        1749.2253807799875, 
        2520.7081696438167, 
        1531.4881246596415, 
        3306.0317273678784, 
        422.27310157496646, 
        2048.65415289068, 
        1055.9289625630954, 
        1968.794325516603, 
        1712.4781944823862, 
        1755.5842151631416, 
        1055.8333286548814, 
        2291.4884140479426, 
        2634.5008745281693, 
        1132.9810465743067, 
        1188.6411773231293, 
        2326.866521573979, 
        1072.316667712913, 
        1380.3145355744566, 
        947.7647456951061, 
        1957.911559083827, 
        348.42178498074526, 
        2530.8763086385893, 
        2874.980716870605, 
        344.44259935318706, 
        2376.8408307300483, 
        1368.2070169788853, 
        1887.5243930707315, 
        961.2841946831624, 
        2736.465410636514, 
        2542.528115761646, 
        2153.4332143513157, 
        2617.239379739292, 
        2141.0453069529335, 
        2673.3700913521457, 
        2338.722796379209, 
        703.3656273286055, 
        2661.000544880335
    ],