{"center_point": [36.9713644, -122.0256038], "sample_points": [[36.98070172978976, 36.979341215892745, 36.970768118337666, 36.95834371331267, 36.97649390112221, 36.977736014141755, 36.98488841906359, 36.98884648789288, 36.958069344049406, 36.9756442993722, 36.993431919966056, 36.953205012620884, 36.99224400420305, 36.993570156834295, 36.958585408567615, 36.96215939891383, 36.98612696928929, 36.970694638087515, 36.98259921026417, 36.987271597225046, 36.98793656730638, 36.971257713331795, 36.9561818237887, 36.954660680761044, 36.99160347380208, 36.95131066503543, 36.97776739977409, 36.971920766533195, 36.98226093229865, 36.96456146156645, 36.989609591617665, 36.98465684418154, 36.958556884673115, 36.95356871646698, 36.97979044891215, 36.990834580441245, 36.99302364540574, 36.99004462572528, 36.97469944837536, 36.98885938147933, 36.96534636769283, 36.98854178727231, 36.9929849895748, 36.981020263978436, 36.970493408511, 36.96877305460178, 36.98560718707779, 36.95404844074719, 36.98008834884399, 36.98389104121195, 36.95519903152217, 36.984542692977136, 36.95061703664343, 36.98290106499899, 36.97179557223027, 36.966978255835336, 36.965456365389755, 36.95378020234546, 36.9614297766555, 36.95848020593887, 36.99301219617981, 36.99115864865014, 36.95010155600923, 36.969468343393025, 36.979610849408076, 36.973383441884714, 36.98755175791363, 36.968409182340004, 36.95058146850496, 36.985655626552074, 36.98732278111996, 36.977881960256, 36.99132006563225, 36.979524210082786, 36.959705961171565, 36.972723572974, 36.962608276581854, 36.973183312494946, 36.98797524617856, 36.966373103391454, 36.97294675302583, 36.982649196548216, 36.96666315452201, 36.9522783079155, 36.961227413775966, 36.95087096801941, 36.969904170109814, 36.954134790930354, 36.97418814797259, 36.98791793610582, 36.99310794079627, 36.96969412344295, 36.97587529365058, 36.95796584161748, 36.98672841327998, 36.958301553476886, 36.99070547801143, 36.954198723926474, 36.97554785971901, 36.96917727632008, 36.99246960491937, 36.959315236093914, 36.96232620299751, 36.965691838790626, 36.989834416190995, 36.95778332781905, 36.97459045517954, 36.97216279167613, 36.9609958662774, 36.9873510539175, 36.9620458850169, 36.98577531919464, 36.97423818442708, 36.95609259514283, 36.96981296035854, 36.956444028336946, 36.973711750924096, 36.95609633344797, 36.97641781506863, 36.965595693118885, 36.975508939711574, 36.98236286698391, 36.97936839132765, 36.98035672721901, 36.96646186671951, 36.961853944004844, 36.98232820541281, 36.9772841396479, 36.98197929334764, 36.99202584615704, 36.98254028105515, 36.95013031199495, 36.966099594903035, 36.949910044504094, 36.96620187953005, 36.99221417835702, 36.987437763147284, 36.96091978148791, 36.971952330702536, 36.9626655673799, 36.97735508087958, 36.976717817644726, 36.961141053400254, 36.95296178549816, 36.99083284005703, 36.95700557785852, 36.98494803595737, 36.95831673643192, 36.992272491209945, 36.953179062045635, 36.99369449865678, 36.95527366176725, 36.99227332325588, 36.95672598432513, 36.96979508272628, 36.950234309046486, 36.9742731834119, 36.97931969465974, 36.964227382908724, 36.96868338024189, 36.989376595416196, 36.96855082091686, 36.977184928191754, 36.9611675043193, 36.96302054170835, 36.979289422197766], [-122.01079388714729, -122.02247688771939, -122.02754072661581, -122.01703689984107, -122.02770829689511, -122.05336508317761, -122.01029630295419, -122.01303200521491, -122.02547630303961, -122.00412271746713, -122.01343310785823, -122.02940068261151, -122.03577590478032, -122.00122893021504, -122.0031943650923, -122.02439401074531, -122.01061594173001, -122.00332793625392, -122.00904225195994, -122.03400587503523, -122.01713233594792, -122.03263012122719, -122.03031606187602, -122.02790039586446, -122.03100470421022, -122.00282132341492, -122.04886527004719, -122.02519823517959, -122.0088982106063, -122.05304339873149, -122.05303290442444, -122.00620645437397, -122.0163559174876, -122.04629285034521, -122.00722949938078, -122.00508132418551, -122.02155068663548, -122.03174237134594, -121.99776301143562, -122.00244132350406, -122.02581036796322, -122.01470456512246, -122.00963320518814, -122.05086487022575, -121.9976319684601, -122.00295586545981, -122.01387824143754, -122.02345497188342, -122.00281491883392, -122.01695734402905, -122.01842673480382, -122.05286340488107, -122.01748048136724, -122.04155105156508, -122.00077209362797, -122.034789360839, -122.05008243484629, -122.0211545880071, -122.00544263497692, -122.01812004371763, -122.02781271493805, -122.00168373115869, -122.03960012821868, -122.01921686830264, -122.0198238210289, -122.03611616343451, -122.01814367533174, -122.05084561246952, -122.02820974802104, -122.02475830141653, -122.00004322907124, -122.0341515129649, -122.03059334830643, -122.00524871087354, -122.05352745822123, -122.02419471188227, -122.04159785387996, -122.03109897899839, -122.00628880492093, -122.0148422408822, -122.02132443763605, -122.04991948801795, -122.01979060741006, -122.01106055546481, -122.02308771961033, -122.0446105245128, -122.04039886048768, -122.05018563736081, -122.03318379004504, -122.03404912028171, -122.03088604416767, -121.99901414355949, -121.99780562541982, -122.03237322813933, -121.9976128561268, -122.02299256990726, -122.04186150403622, -122.01443455860401, -122.00413359887987, -122.03881310852559, -121.99918954066347, -122.0442139198756, -122.04369365543617, -122.00778014800763, -121.9996821200798, -122.05280586006391, -122.02716864864124, -122.04074892887309, -122.02629716563398, -122.01142875175609, -122.03228796149848, -122.02335503010949, -122.00566215510013, -122.05110370944789, -122.00809812962476, -122.02471536312329, -122.04583194667066, -122.03435685071416, -122.03362966894254, -122.01713367955209, -122.00051840649822, -122.02929765512468, -122.04355670829649, -122.05057442683692, -122.01746257370108, -122.0207534296273, -122.01091742736841, -122.03804646688884, -122.00794135359563, -122.02029489229942, -121.99955497272946, -122.03481875222809, -122.01933829761367, -122.00588104358079, -122.0042220694517, -122.04787943884352, -122.01491603013841, -122.00617750946513, -122.04090711424223, -122.03776053109303, -122.03067680898424, -122.02420938230951, -122.0399773287056, -122.03144596676651, -122.02366230300768, -122.01268676732916, -122.0434978543309, -122.0294792974771, -122.01660432919522, -122.00769780359873, -122.02755834623551, -122.02339013175137, -122.03327705777689, -122.02329923072047, -122.00012631496195, -122.00078451371776, -122.0426391414003, -122.03731573397872, -122.05182377149364, -122.01275173579354, -122.05200178400536, -122.02199637852429, -122.04177763269672, -122.03978914872557, -122.030704880287, -122.03509867665736]], "boundary": [[36.99389766340025, 36.99389766340025, 36.94883113659975, 36.94883113659975, 36.99389766340025], [-122.05371369500868, -121.99749390499132, -121.99749390499132, -122.05371369500868, -122.05371369500868]]}