{"center_point": [36.9713644, -122.0256038], "sample_points": [[36.964128141595076, -122.03319810115158], [36.989572996744805, -122.00927385406959], [36.962653736954366, -122.0311650068692], [36.98721678762083, -122.00473536232073], [36.98034666703423, -122.04100002404219], [36.953298005339455, -122.01769410171661], [36.974027307371905, -122.01598612280677], [36.95707728038105, -122.01634477167674], [36.97358607865589, -122.02758887190643], [36.988009186862676, -122.00497628602415], [36.95222161339181, -122.02342245402721], [36.98458116653774, -122.04155601797859], [36.96725975261075, -122.03447349266891], [36.96181930323731, -122.01625731944749], [36.98280980390761, -122.00979923541468], [36.96769004423805, -122.05180949029379], [36.975039603148005, -122.0035887793978], [36.96215609237191, -122.04604625694279], [36.95920776631925, -122.00250176298059], [36.98946551074499, -122.03919127694286], [36.98382916275155, -122.00311967580257], [36.97720192829056, -122.01794196086745], [36.970802334197394, -122.04614378108133], [36.95785823912336, -122.04084787583481], [36.992309178578246, -122.05092227626797], [36.99203164553688, -122.02053658029445], [36.94966076036387, -122.01661081995321], [36.95482936772452, -122.02225614259615], [36.9804266698889, -122.03849274870512], [36.9855128277879, -122.00706014040601], [36.970254882369936, -122.0132014257334], [36.993885628843564, -122.04882768941727], [36.96759805503592, -122.03657482593981], [36.97966356045757, -122.05347803762969], [36.97917238468382, -122.0371814313483], [36.97615360180802, -122.01640324282293], [36.95433986330246, -122.01804350087075], [36.959474576732205, -122.00641109022435], [36.99218612526407, -122.01826442600922], [36.97421231325298, -122.0088035487812], [36.98938555565216, -122.01604360936521], [36.97547764724108, -122.05136941161294], [36.96206816019768, -122.03775927290224], [36.990178779174734, -122.01523795245153], [36.98564648643337, -121.99836578712875], [36.98303897082709, -122.0077693198513], [36.96419932472728, -122.0218600126153], [36.992706484824566, -122.0263403120997], [36.951615825050546, -122.02445722953989], [36.96759646195479, -122.02831214666824], [36.97483999059238, -122.01865470733217], [36.98284226601977, -122.01520022755375], [36.9835803826913, -122.04636070639548], [36.97715415670854, -122.03833867638448], [36.94926040467584, -122.04730393366353], [36.989418893414594, -122.00824985399024], [36.989055037002196, -122.04882344060094], [36.96908257820049, -122.02012864636187], [36.9661776828343, -122.01136469250066], [36.96839827923309, -122.01344549679867], [36.97221177978969, -122.0498511760338], [36.98106320717554, -122.00706086573774], [36.988476221292395, -122.04042639316876], [36.96461547358927, -122.02172019189274], [36.979435533103086, -122.05255459675486], [36.96924899119138, -122.00338248112867], [36.98329048554404, -122.0210167225431], [36.96218808640788, -122.02567551732207], [36.9915000618723, -122.03309066023493], [36.95871820943477, -122.02835038444393], [36.96853238465726, -122.01077349289714], [36.953462750674056, -122.04107904082228], [36.98528543185288, -122.0443927984109], [36.97899194995867, -122.0138859010021], [36.97477063308769, -122.00092078324168], [36.99084208610736, -122.05129435312179], [36.98422693046764, -122.00638041449403], [36.95587398442139, -122.02497961350782], [36.964414076859875, -122.00441670706185], [36.95404162887812, -122.0091847978271], [36.95882940218416, -122.00354733688765], [36.963040559289695, -122.03427165746047], [36.95290951733299, -122.01336459896869], [36.977860779527795, -122.00606906914048], [36.96606093198958, -122.04880966894967], [36.98568263768387, -122.02689581402679], [36.954783950089514, -122.0415197545716], [36.992430537566946, -121.99868456488946], [36.976006748164025, -122.0355715069766], [36.98128108683898, -122.01309308305353], [36.95854967285918, -122.01670391314907], [36.96242203341905, -122.0431174191599], [36.991308003088, -122.03744918008198], [36.98800577958318, -122.01104936471931], [36.973997803817, -122.05210193059715], [36.96784150966654, -122.03637734746836], [36.989426920853646, -122.03008415106883], [36.979726810877786, -122.0396214058996], [36.9892171870539, -122.01640473498102], [36.977353911907436, -122.03449199853517], [36.981632185309884, -122.04092604181686], [36.951786047622065, -122.00325541739876], [36.94980652228076, -122.0254526530944], [36.970679538780814, -122.00838073836685], [36.97862439006421, -122.0134036793415], [36.992875321352905, -122.0146993452212], [36.95989665539336, -122.05084634360377], [36.98394274236025, -122.04742102072538], [36.96348604423756, -122.011716387768], [36.981810057074426, -122.03146661632694], [36.951328685623636, -122.01542640470312], [36.96805160082484, -122.00974785950622], [36.98393411376471, -122.04951394490895], [36.990583704031486, -122.05171159462556], [36.98532327865403, -122.01541024673438], [36.96995565892658, -122.01475175604985], [36.959712662384256, -122.0190856161746], [36.99301400113035, -122.02421570170671], [36.981138566481015, -122.0518830886307], [36.963233827720295, -122.00926231215507], [36.95675476104502, -122.01281174083294], [36.9909501869203, -122.0490372525676], [36.95928333071018, -122.02414586679029], [36.95313973214746, -122.00643969373058], [36.95077626446829, -122.01615363660765], [36.99122139025965, -122.05312040726189], [36.976382436724364, -122.0236683624587], [36.96312409547887, -122.03797539579728], [36.95107167774204, -122.02159049954483], [36.990702837554046, -122.01826849096777], [36.96790577087294, -122.0444461806879], [36.95925455391342, -122.04388062479099], [36.968987347171534, -122.03512012220476], [36.98550366884473, -122.04940368481458], [36.95796355244715, -122.03949267417606], [36.979280112109926, -122.00361021178544], [36.96455539525102, -122.05220140514459], [36.97468841710292, -122.02395379201624], [36.95847350557379, -122.02592668568964], [36.95526582400421, -122.04936743801495], [36.987211487259295, -122.04463423357663], [36.956933325775815, -122.04005406580568], [36.97202753503379, -122.04238562695815], [36.96907821604496, -122.0133123603971], [36.96856471900753, -122.01550105187546], [36.95141586842141, -122.0357034465292], [36.9821332410747, -122.0272971652871], [36.96840032643546, -122.02907378937968], [36.95738746936099, -122.00078278451487], [36.9934698232865, -121.99828524974677], [36.98351181877827, -122.00205614324973], [36.960229138416786, -122.03874890377271], [36.949784319445925, -122.0169898173539], [36.96016599019815, -122.05144368161794], [36.95731876170036, -122.04465473398353], [36.97419258746611, -122.01547907798154], [36.95711484775971, -122.01529029694008], [36.95896872888923, -122.02242137006405], [36.9842618541605, -122.02193258086102], [36.969571534256694, -122.02333755633045], [36.96604583951332, -122.04573671780165], [36.95249057296922, -122.03863038393564], [36.97523639955184, -122.04395242367349], [36.983141927957796, -122.00053613474739], [36.96902410563528, -122.00775277890017], [36.9661315121211, -122.0517577628405]], "boundary": [[36.99389766340025, 36.99389766340025, 36.94883113659975, 36.94883113659975, 36.99389766340025], [-122.05371369500868, -121.99749390499132, -121.99749390499132, -122.05371369500868, -122.05371369500868]],