{"center_point": [40.9824, -85.0365], "sample_points": [[40.97843489477731, -85.02234807084015], [41.003250312808845, -85.03771222568166], [40.99208384265562, -85.0075343404934], [40.98467158719265, -85.04869981712768], [40.989210511315086, -85.03760931933014], [40.96250829658605, -85.0399907785204], [40.99251677720811, -85.02078382448286], [40.993701043792655, -85.04572072433577], [40.96617524543085, -85.06598534418343], [40.973440139120974, -85.0378691209741], [40.970897633502126, -85.03808701160784], [40.97893680085538, -85.01936694890247], [40.98228978824217, -85.05874240895113], [41.00352612407314, -85.0628272627616], [40.973572680657284, -85.03936374611897], [40.98398365911474, -85.01976437256654], [40.965901195160974, -85.06203605659036], [40.98570885178055, -85.01625176212556], [40.978308185932, -85.04901826905942], [40.97935819168852, -85.01638571368268], [40.96209183304992, -85.0413991536917], [40.981588069919766, -85.04361640401952], [40.98988298640359, -85.04075801879391], [40.9849567280002, -85.06160062984091], [40.98431510438165, -85.06376120109904], [40.99369677926634, -85.01281214228243], [40.977611756716485, -85.03333821406085], [40.987714002593854, -85.0358579478993], [40.997479069526825, -85.04587707096347], [40.9742674862544, -85.02591974532979], [40.98193018105797, -85.06449444333975], [40.981560654500655, -85.04508181794066], [40.97282290379259, -85.0432364160276], [40.99894093480842, -85.03093893358574], [40.99980532567117, -85.02182241663795], [40.97863196037812, -85.0369326781607], [40.97197959778722, -85.02691178392872], [40.97451886903644, -85.03046651818885], [40.988600155220624, -85.04123548452004], [40.98611066323496, -85.06315117164985], [41.00290830560675, -85.05850310633845], [40.961966551675204, -85.01450436710516], [40.96231938360744, -85.02039341227017], [40.98660943874104, -85.06289412943315], [40.983660535536316, -85.01270317023628], [40.99323076577236, -85.02783061957884], [40.98356888609292, -85.02597681564949], [40.985062311387985, -85.04995701970208], [40.970034509058316, -85.06419823744926], [40.979747281035586, -85.03240803731735], [40.99566923916344, -85.01061540993554], [40.96493044000543, -85.06226510798858], [41.00442459568781, -85.06168980920167], [40.99779981600818, -85.02848339038985], [40.98865143985823, -85.04523975754468], [40.970493459488516, -85.00876701603433], [40.9806447834017, -85.05451643701439], [40.97427138752639, -85.05434239852801], [40.97724423150478, -85.03210727415521], [40.98524903937951, -85.06066497605136], [40.99435438770557, -85.02003881535681], [40.99200843294844, -85.01497040112245], [40.96504091591046, -85.0175893886236], [40.96111052023429, -85.04852962508838], [40.9942287817689, -85.06593112594199], [40.988258468851406, -85.06572187498139], [40.960441761223024, -85.02884578104594], [40.990099103728866, -85.03504438614684], [40.97213804676172, -85.02191127888621], [40.9994898939361, -85.06350108106247], [40.98331898244838, -85.01031825850785], [40.967318948552666, -85.04987165237758], [40.97958959527375, -85.03945721309846], [40.98690963958311, -85.06471766866393], [40.97108622303364, -85.0596016241897], [40.99990150871881, -85.01467959367974], [40.97644775040437, -85.01515668943044], [40.97756134633136, -85.04795727883258], [40.96240649676603, -85.0237314886006], [40.99150278922733, -85.04868722856331], [40.98197345056017, -85.02702763114225], [40.99534467627643, -85.0190877843216], [40.97171414734373, -85.05834514078713], [41.000005925071775, -85.05851070875815], [40.991176357340805, -85.05406249478096], [40.98710038743404, -85.01097412541004], [40.97842348070905, -85.04204092633309], [40.99437761727845, -85.06081979147768], [40.96548687058263, -85.0486250791558], [41.00171235938428, -85.01083305900492], [41.00451824385478, -85.01734050245109], [40.98770762291099, -85.0294133705292], [40.98727657055843, -85.05602227148147], [40.974308270167995, -85.01403189920302], [40.97048354688202, -85.05153460556782], [40.97588056250385, -85.02046852378675], [40.972121446324486, -85.02785889382473], [40.98115488635601, -85.0458098388039], [41.00390492538861, -85.0154884910989], [40.96293919243648, -85.02027392270615], [40.96157017528555, -85.00795341861766], [40.98145723828774, -85.03949833844631], [40.969670792359416, -85.03385636634037], [40.97838974872379, -85.04069551228562], [40.96277696923355, -85.02667850328217], [40.97902095576296, -85.00769745513148], [40.99449677506182, -85.01184205779657], [41.004399201628495, -85.03722931512739], [40.981284814455435, -85.05383160753564], [41.00075155912146, -85.02702785100962], [40.97282235291227, -85.02565289803003], [40.96000756419721, -85.0274675280827], [40.98807087881597, -85.02170490314806], [40.96761787763039, -85.03962281435159], [40.97657832095696, -85.05990244467864], [40.98108099056498, -85.0406076982433], [40.98646737589142, -85.02256468355341], [40.97835917466081, -85.02497876857396], [40.97482217956239, -85.03951033079846], [41.00472614164308, -85.06028003291533], [40.9727520836537, -85.01313582651368], [40.99305437984004, -85.01928275627364], [40.998898283804024, -85.05522990240964], [40.973959446723775, -85.0595231018088], [41.0006483777241, -85.03548176395812], [40.98792195060599, -85.06032858046724], [40.9789182414591, -85.01307385060005], [40.99633773832628, -85.01414708958877], [40.98435380966035, -85.03769243661085], [40.996862272235916, -85.02802397769209], [40.99186439073212, -85.04350813028458], [40.97664596019306, -85.04811851006481], [40.97433356741404, -85.01868253592984], [40.97034430735713, -85.03103201105847], [40.99520124621205, -85.0589778379697], [41.00013018823607, -85.02362356564562], [40.981941281961, -85.00827786043584], [40.96026043555911, -85.01751665228377], [40.98743694113633, -85.01063042395829], [40.991070051929874, -85.06609429625686], [40.96481701590725, -85.04167769464638], [40.98495647189318, -85.01882726974146], [40.970063324762435, -85.06209476368824], [40.98277661696685, -85.01962981949343], [40.9700251621381, -85.06016510808509], [40.9816452690967, -85.0595321713488], [40.98870925453186, -85.04388328413765], [40.996325146761535, -85.03790629485195], [40.99052187673216, -85.05799503602111], [40.99931392044739, -85.03355610260203], [40.985566675438335, -85.04899735273884], [40.98522365983605, -85.05925888869582], [40.98369459388665, -85.04857678465325], [40.99751836136014, -85.05973127489693], [40.96701625940586, -85.05804125661493], [41.00281573227251, -85.06165804419798], [40.96550022574558, -85.01404584683917], [40.9633621249989, -85.047961520069], [40.97043355058468, -85.02026996189255], [40.97612205077629, -85.01182506648342], [40.993672389125, -85.05840448105461], [40.962353004895, -85.03028801966377], [40.9786798021926, -85.01626414347047], [40.993563155195616, -85.05777246631374], [40.975754360230724, -85.01415254037781], [40.97806741902427, -85.06171505974612]], "boundary": [[41.00493326340025, 41.00493326340025, 40.95986673659975, 40.95986673659975, 41.00493326340025], [-85.06624921581083, -85.0067507841892, -85.0067507841892, -85.06624921581083, -85.06624921581083]],