{
    "boundary": [
        [
            41.00493326340025, 
            41.00493326340025, 
            40.95986673659975, 
            40.95986673659975, 
            41.00493326340025
        ], 
        [
            -85.06624921581083, 
            -85.0067507841892, 
            -85.0067507841892, 
            -85.06624921581083, 
            -85.06624921581083
        ]
    ], 
    "center_point": [
        40.9824, 
        -85.0365
    ], 
    "distances_to_center": [
        922.0031398805393, 
        2986.246524976261, 
        1987.851299172772, 
        2125.7479451519257, 
        1517.3863040738825, 
        262.7022931882886, 
        2082.8489391769363, 
        776.0875972308042, 
        1262.6377856819124, 
        3264.195534606156, 
        1866.4817393191556, 
        1125.3422181519388, 
        3053.9202159934757, 
        474.2578925349097, 
        2036.8054085728118, 
        2533.055859913201, 
        2205.7135750605084, 
        2873.4600469348347, 
        2708.419740645325, 
        839.3078032280004, 
        1804.2393240792494, 
        2381.542506593766, 
        726.1444430690275, 
        1580.247238838421, 
        2464.2047059112083, 
        2037.1868590226238, 
        2409.645027656106, 
        2418.0723230410877, 
        1798.188649095164, 
        1869.4225305984228, 
        2329.4340166942748, 
        3047.8755751982108, 
        2920.096605709272, 
        3279.203560252883, 
        2297.4138330130477, 
        1710.0146170536761, 
        2294.915697631831, 
        1222.7692497074725, 
        2629.3595897916616, 
        1251.8683729946094, 
        939.4652886070471, 
        2793.4324669720277, 
        1695.620980715043, 
        2254.2877119969307, 
        842.6414501340782, 
        1679.3043181943076, 
        1119.6867089250445, 
        1984.8685222353217, 
        3330.377422904907, 
        1435.9735037120806, 
        1651.2783410800014, 
        1852.7931769745487, 
        1606.7371205338127, 
        1606.243651875648, 
        2534.5939622181795, 
        2014.372679562293, 
        1793.9305284888685, 
        1447.0830110665845, 
        2317.0441869443252, 
        1445.4617261373674, 
        432.69319330185584, 
        2473.377293522133, 
        1816.0245556050918, 
        355.47210736449216, 
        391.90312992306343, 
        2504.465684084803, 
        902.8523815392372, 
        1408.671598818382, 
        1704.0195625784293, 
        558.6573549213825, 
        3067.53731000072, 
        1951.0498524885088, 
        95.13654143047837, 
        954.217263621051, 
        2629.363285555473, 
        2427.5613373793276, 
        1319.8337737467775, 
        949.8298089638513, 
        1906.32928593017, 
        2904.521743292683, 
        1459.863635983278, 
        2325.647965962364, 
        1996.7882645746326, 
        1830.1925105450557, 
        1638.2452536548017, 
        2507.8403208159248, 
        809.0593343133121, 
        3007.1780847157497, 
        581.1522000683863, 
        1274.985325210746, 
        2306.4767536357795, 
        1331.8173469885528, 
        2038.4838105631666, 
        2110.4739357942153, 
        1954.9706429559894, 
        1356.3375004469483, 
        1055.9981731339751, 
        1385.7394231917929, 
        1479.388235557107, 
        584.4256069598932, 
        2794.316178768316, 
        2206.993611213236, 
        805.3485548532607, 
        1289.3401699970125, 
        1460.8566100779472, 
        2652.4371093782283, 
        2064.9345411999852, 
        2425.6474572237057, 
        1078.9073696423832, 
        2383.729834442832, 
        2622.851256147243, 
        3174.9853491336203, 
        1537.3667501683426, 
        3029.169003992082, 
        2397.0104944565755, 
        1288.6005529922368, 
        1586.1142762021084, 
        3123.540538216994, 
        1322.9168872280115, 
        1669.2247391215942, 
        1635.546184651909, 
        2610.83737561578, 
        1354.6771555511182, 
        783.9518480976418, 
        768.863904081176, 
        3074.5077011188264, 
        2235.660767448741, 
        1852.596712656306, 
        2334.68078060085, 
        2644.7044935665954, 
        2261.9288123092406, 
        1380.3279355921857, 
        1251.1920819273137, 
        2670.0543151860925, 
        1837.3318846810455, 
        1712.8733763657854, 
        2324.2429865645554, 
        1545.367170948711, 
        1758.170802510936, 
        2607.613516828971, 
        2598.4161596049807, 
        1140.584996463465, 
        1448.840679557074, 
        3367.431485916623, 
        1839.13358426427, 
        2159.4482021532094, 
        777.5854879532284, 
        1832.2054682598016, 
        1364.004389958976, 
        2018.4643150951076, 
        2075.423233351472, 
        2075.871362701079, 
        1969.9720772646172, 
        2242.242585461478, 
        2138.4886418400342, 
        1563.2002313823161, 
        940.4030933798109, 
        2285.3137803741947, 
        3055.0558438468415, 
        1464.8646276987215, 
        1880.3364719834872, 
        638.0203534871816, 
        2279.291325701304, 
        2446.3903719879195, 
        3080.253691249447, 
        1737.6578655323221
    ],