{"center_point": [40.9824, -85.0365], "sample_points": [[40.99910650903479, 41.00450829742198, 40.96137355828661, 40.981444629458494, 40.96620328168607, 40.99378284428185, 40.97948795263314, 40.98640812480573, 40.98134423553587, 40.969653318918404, 40.98561626418254, 40.97103279900838, 40.985610126722, 40.98109548755692, 40.986989380615285, 40.975829349378635, 40.99871189102726, 40.971526441661005, 40.970921536651424, 41.00182147206867, 40.99417144347014, 40.99539577712512, 41.00291043719421, 40.97592055578035, 40.973517289717506, 40.98439163470988, 40.989063075691945, 40.960047368699925, 40.97349974344678, 40.99556107989701, 41.00348728966837, 40.973133365228854, 40.99840114436778, 40.98124444127016, 40.967896715329466, 40.989839367255264, 40.96393889723592, 41.002059332439835, 40.970091353248975, 40.98800257371113, 40.988713020046454, 40.972272599632106, 40.988576697363044, 40.99085039724588, 40.96989914574253, 40.99134183533002, 40.968388608822906, 40.99584952109735, 40.97422318490377, 40.98897576355045, 40.970920795175644, 40.974280607960225, 40.98135962708002, 40.9947074253165, 40.96137093691998, 40.99975759196424, 40.972211008216306, 41.00415670624953, 40.969260907185806, 40.973974040104544, 40.96138216301533, 40.984512971814816, 40.97784203858935, 40.97697034069987, 40.99614262891187, 40.977252263593776, 40.99662497368243, 40.971142445010706, 40.99972915419094, 41.00251659653822, 40.9687192542821, 40.998483164531756, 40.9991513373562, 40.97759832292601, 40.98710737608152, 40.9697204492858, 40.99604297443765, 40.96439341712956, 40.96163157078653, 40.97626090977265, 40.99505284184425, 40.97533294943719, 40.99068265101485, 40.99347777784305, 40.96413614007194, 41.00317950533063, 40.99952768713366, 41.00343307086691, 40.973425305235, 40.996174090316856, 40.97213316042333, 40.96994292055744, 40.9819142723588, 40.988593372115645, 40.9964052667983, 40.989050201632466, 40.96706075477663, 40.99306956800638, 40.974134901605176, 40.98764770737952, 40.97781630905551, 40.979216945663275, 40.96126240071306, 40.96720042691321, 40.96391281376769, 40.97237261624482, 40.99676852561214, 40.970481644654654, 40.99929107338894, 40.96936587279958, 40.97173824300466, 40.99268958302911, 40.97214729052809, 40.99672304312519, 40.9753170543467, 40.98390309419605, 41.00083247356297, 41.00432022920924, 40.97590666534544, 40.998976831168584, 40.96489522725113, 40.970680686122066, 40.983424203367655, 41.00133523319279, 40.99543132521768, 40.97069433291091, 40.99821193300354, 40.96793099885107, 40.977547672131735, 40.97835262611087, 40.96065272738053, 40.96168570252354, 40.99353084140713, 40.9783206980685, 41.00489293046966, 40.973131454058375, 40.98024035564135, 40.99145013720432, 40.985061179536046, 40.99249743997318, 40.9923655120017, 40.992413129450945, 40.96495631117306, 40.9838315523471, 40.98977810344894, 40.98433489065622, 40.96165073518831, 40.99220988328199, 40.964446905066595, 40.960726284758884, 40.997889364134224, 40.96969017255917, 40.98799559418978, 40.96903489211465, 40.99059863153429, 40.974996261235816, 40.99711473529608, 40.9698383133533, 40.96416386099853, 40.99825620742603, 40.961290871197356, 40.99520841784961, 40.97732515799509, 41.00024244744407, 40.967092329711406, 40.968308356238225], [-85.00871337632151, -85.02869065682043, -85.0207548489151, -85.05737238533234, -85.01939658236824, -85.06343436154094, -85.03820189869177, -85.0329709768304, -85.01360466140825, -85.014785125475, -85.01519521353987, -85.01777746476425, -85.0539731281108, -85.06245757913645, -85.02773524907518, -85.02070705138321, -85.0367024109293, -85.01353094412315, -85.00930921621485, -85.02286708621456, -85.06361526495604, -85.02701490282617, -85.02458180138613, -85.05306008428192, -85.0090799783352, -85.04824978320708, -85.02741522678718, -85.01209354481855, -85.06351103247059, -85.06053712774849, -85.0373217633236, -85.05780094082228, -85.0210888922841, -85.05246739670795, -85.04670246480659, -85.00848827885325, -85.0112057503518, -85.01351884347082, -85.01264182648892, -85.03927088279289, -85.02995880274634, -85.0303608806397, -85.00949425994905, -85.01900822153107, -85.02586659051144, -85.01699411889976, -85.03855575225096, -85.04284927614886, -85.03397871319991, -85.06454675481251, -85.05854280975578, -85.0503711681976, -85.00931689170369, -85.04635460796557, -85.06612057333491, -85.04521224155806, -85.01495855794829, -85.05217837175522, -85.03904344761767, -85.06405596760212, -85.02867821583172, -85.01583859047523, -85.05323067131765, -85.03515552509047, -85.02768647571378, -85.03243612348831, -85.0390355768898, -85.04488091106049, -85.06454126411948, -85.01270916305697, -85.03822483507176, -85.02760127844995, -85.04553091397528, -85.0437598092501, -85.01210231189543, -85.05009926571921, -85.01296168924222, -85.0118910870827, -85.02459760874649, -85.01898997745506, -85.0232545879053, -85.03167112821215, -85.0660028081096, -85.05278848482496, -85.04968926171148, -85.03511984979723, -85.06618500811489, -85.0585799949977, -85.05889085474415, -85.04008484051298, -85.02396257800622, -85.02980605277777, -85.01908906173433, -85.04039462300148, -85.03441435519423, -85.02171144490522, -85.04380504348029, -85.05801987468473, -85.02706508892615, -85.01668526446403, -85.03598058114797, -85.04967623110376, -85.00893433743528, -85.02435391401904, -85.04334260993164, -85.04765975405206, -85.03220409740446, -85.0645892201731, -85.06500167041305, -85.0596931246347, -85.05046783327322, -85.03839162326402, -85.03552241668606, -85.05981201229476, -85.01728764494766, -85.0323962275472, -85.03840131498916, -85.02455261411696, -85.0341132829786, -85.06564619500747, -85.0237294291654, -85.03904760523989, -85.04830329374094, -85.04114696934856, -85.03846119317136, -85.03965629181198, -85.04771339731755, -85.01210423731006, -85.02584599772347, -85.00837807072244, -85.02312107202968, -85.0148216052458, -85.00991149035868, -85.01819148293491, -85.03147067537876, -85.02870436680757, -85.04298234352277, -85.05722237573536, -85.04539299869502, -85.02796873699953, -85.01760149123068, -85.04303621892471, -85.02720889265679, -85.0338715154265, -85.01655093925773, -85.01321903926195, -85.00858833278282, -85.04634404464059, -85.0586309310369, -85.02200983241342, -85.0264430818668, -85.04799083321876, -85.01420537376444, -85.02015626838728, -85.00843154278157, -85.01433503871232, -85.01598825409592, -85.05405558102544, -85.04790937929876, -85.00942478258386, -85.06046240387221, -85.0264913961784, -85.02346289904521, -85.01140264989303, -85.0257200747116, -85.0505058839805]], "boundary": [[41.00493326340025, 41.00493326340025, 40.95986673659975, 40.95986673659975, 41.00493326340025], [-85.06624921581083, -85.0067507841892, -85.0067507841892, -85.06624921581083, -85.06624921581083]]}