{"center_point": [28.370802, -81.52159], "sample_points": [[28.373207358744764, -81.49684753543373], [28.388807055455004, -81.50717848707342], [28.349607423632765, -81.53027729346698], [28.37879713971613, -81.50962971120582], [28.36858159507613, -81.52042563438738], [28.369918112570552, -81.5099295830414], [28.392592091355557, -81.51231750599925], [28.35652193471502, -81.50395942557775], [28.363080944572665, -81.53585218826285], [28.379237895288306, -81.51014520694713], [28.381103860976626, -81.51737833383507], [28.365214278132424, -81.5068522967889], [28.356612570183675, -81.50573459493728], [28.359032691505384, -81.51401756921646], [28.370427941381042, -81.52970883577993], [28.355422860276086, -81.50329740889893], [28.361491877250945, -81.53634354117793], [28.385032692945583, -81.5312846837707], [28.39061404361837, -81.54614273907839], [28.354003303394997, -81.53914272637779], [28.37112791300581, -81.51665739150044], [28.35354039629608, -81.5455374083761], [28.359841484042363, -81.54546427010558], [28.388354763311302, -81.52786794039928], [28.364936048622173, -81.51303895531221], [28.380580642254433, -81.5156346667168], [28.358241455216486, -81.54229703347963], [28.38774175070207, -81.52591891583813], [28.380323128421065, -81.50331473514886], [28.373243559586943, -81.52196309235002], [28.3674588297224, -81.52255242577178], [28.366847586320645, -81.52306919665551], [28.388758283194445, -81.51450017270732], [28.363839036720204, -81.49765747144393], [28.354885606684462, -81.51055885142652], [28.369390942943962, -81.50197135742023], [28.35948419195667, -81.51927973456922], [28.368289041910227, -81.53166375562564], [28.37159773958173, -81.53933880502521], [28.37901494057884, -81.53485256380127], [28.360115994774294, -81.51712859213012], [28.35696563367094, -81.4981300697361], [28.36512535448861, -81.51171532375822], [28.38400642171747, -81.52076704255984], [28.354854624154743, -81.54427311109731], [28.384643428294726, -81.53413103224538], [28.378826040197303, -81.54269645894651], [28.35639970032432, -81.51180191086355], [28.363702034563005, -81.5218562983467], [28.35335831327603, -81.50929706362706], [28.372860890034307, -81.49658953300221], [28.380876438085853, -81.51190532469907], [28.367629622387707, -81.54176384722724], [28.35504405322077, -81.54320619298487], [28.352334165587575, -81.53048275295221], [28.354991461154327, -81.52100078913033], [28.377899869650655, -81.50015516319156], [28.380343639645332, -81.53909352243184], [28.363045687537973, -81.52580592792323], [28.372345062570428, -81.54161136417262], [28.360367375024506, -81.49943550554735], [28.371945217224003, -81.51408455074092], [28.380686281435892, -81.50843073045898], [28.36582322069752, -81.54565683588352], [28.35521632531961, -81.53462069614667], [28.355278809349933, -81.50613473087682], [28.350986769619265, -81.51076348339464], [28.37211239611073, -81.52432301092549], [28.352820049295282, -81.51644192108303], [28.385387584982606, -81.52161536381945], [28.38278343497903, -81.52031095015707], [28.384290701646936, -81.51824277495344], [28.380363073905258, -81.52635056984407], [28.378904280057068, -81.52357847778968], [28.37421653277417, -81.50952235613589], [28.377422907402522, -81.50296692131333], [28.390163717423672, -81.53612060669299], [28.348739943949763, -81.54091595034802], [28.392214823107714, -81.50408816958732], [28.348671791977697, -81.52898113885585], [28.36803870164983, -81.49954231214268], [28.37992069305239, -81.50025424242301], [28.38938555661335, -81.52084950449496], [28.361000710384747, -81.54027656243372], [28.357326592412363, -81.50108616067881], [28.35515195370688, -81.5257661867373], [28.38051288586413, -81.51890009139876], [28.35994937348031, -81.52207861140506], [28.375119697915824, -81.52357919426576], [28.35433502001154, -81.50761133845582], [28.386268467388952, -81.53612998403196], [28.383156428128366, -81.53621710907204], [28.391582930406837, -81.49910415851099], [28.357602749066046, -81.52857864581459], [28.369031209978854, -81.52506689185327], [28.386628233286952, -81.52797983527047], [28.380630155641022, -81.53852116398824], [28.390055851663995, -81.51652227190715], [28.359450536489746, -81.53689990781218], [28.358713617568256, -81.4961629918959], [28.393023779207585, -81.51610712925354], [28.352720841366047, -81.53765930474745], [28.359225201982788, -81.49717566874573], [28.386261858094805, -81.49923744987503], [28.3703117548796, -81.52539056361111], [28.36506194611408, -81.50658243051218], [28.37915469762991, -81.52495060061605], [28.36450966991639, -81.52803206136879], [28.350313490236537, -81.50554361340048], [28.38490171612373, -81.54185946661549], [28.35086707221858, -81.54210287793343], [28.368374085734825, -81.49798683087603], [28.37526988635107, -81.5151633332777], [28.372238656696204, -81.52567519726604], [28.35051101523202, -81.50338157114341], [28.39074870416639, -81.531830739415], [28.352297285519644, -81.51503200558066], [28.360403981842527, -81.53352542141563], [28.3797634619382, -81.51661714457721], [28.355573329734614, -81.49748622654757], [28.358004737160538, -81.50698059853951], [28.38620866624044, -81.53794564391653], [28.370299723525974, -81.50069289386384], [28.36869477271157, -81.51127668440128], [28.35809576144696, -81.53138801464924], [28.35058654479714, -81.53047430761443], [28.350738221847575, -81.53356751485813], [28.3868383419237, -81.52075798043232], [28.358418828265886, -81.53413248415383], [28.37465144828522, -81.54393975878338], [28.354506360312804, -81.49758056050204], [28.36909334192349, -81.53153933230416], [28.35741168211586, -81.54170117422017], [28.35453810361172, -81.51114116964074], [28.35711983878618, -81.49802826376148], [28.364089356516722, -81.49969152062604], [28.36774327192021, -81.5187872716591], [28.35812861135073, -81.50356189212042], [28.36958442996391, -81.52755685336764], [28.3710408253719, -81.50452910344613], [28.384874687132278, -81.50590416201088], [28.392823128812836, -81.51995524893647], [28.37153535253141, -81.51500451143627], [28.359706903446376, -81.50868416172692], [28.36352939352218, -81.52771720551374], [28.353804437940738, -81.5089818216545], [28.37395867428961, -81.50447697584409], [28.375719165932082, -81.49655564434109], [28.377334871804553, -81.51018235085175], [28.39212468499636, -81.5011017001181], [28.39281161670275, -81.52641493194095], [28.385686416624274, -81.5456748799977], [28.366851719924668, -81.5468732780535], [28.373839199693624, -81.54096509209792], [28.370787648758647, -81.51005604472945], [28.38489817436175, -81.53354973999292], [28.38757627802517, -81.51584124282041], [28.39143321743111, -81.49641584177105], [28.351260127570317, -81.52889007979073], [28.377816669349517, -81.52847908017532], [28.368096472895044, -81.54359040500312], [28.37755675469497, -81.52907918947045], [28.377518451420443, -81.51535886608976], [28.387496737469426, -81.52498785684057], [28.36271897777289, -81.50522773282032], [28.349585601449768, -81.524128688259]], "boundary": [[28.39333526340025, 28.39333526340025, 28.34826873659975, 28.34826873659975, 28.39333526340025], [-81.54711363478611, -81.4960663652139, -81.4960663652139, -81.54711363478611, -81.54711363478611]],