{"center_point": [28.370802, -81.52159], "sample_points": [[28.375075350704783, 28.367950381117392, 28.374185902137473, 28.37279070608771, 28.380157031626567, 28.36876046365705, 28.37677410298512, 28.35980911300179, 28.38331988946623, 28.353243282073446, 28.379222529462677, 28.366836249985063, 28.388281825629992, 28.35211396031641, 28.36349040483302, 28.359839341132457, 28.376927665526345, 28.36763011993344, 28.37586904046056, 28.35322404742924, 28.364769147821963, 28.387125631290207, 28.39105460765731, 28.386820171381867, 28.365858173724646, 28.386219220149417, 28.372930557255454, 28.36003549425806, 28.36148146157894, 28.38069328456226, 28.356519763045824, 28.370448731419263, 28.3928515034433, 28.375681984338186, 28.370889195848196, 28.35114335797694, 28.35990313247233, 28.35110531986106, 28.384452543895904, 28.375117535601614, 28.39264759515339, 28.383791357344546, 28.35731247384939, 28.36338479817728, 28.35867596641149, 28.384775171944234, 28.387343426160673, 28.35990115309865, 28.359491426511852, 28.357576073423264, 28.388751113803202, 28.377601043921242, 28.370517873127376, 28.351675764875836, 28.35697225888443, 28.37414011454369, 28.34987625790841, 28.37617966740226, 28.38860104599922, 28.388836835939255, 28.355302988108303, 28.366704037867894, 28.39309714819338, 28.369456366198172, 28.35242165300436, 28.37922624045149, 28.350273005787493, 28.371940383657147, 28.39036239400284, 28.354520053896664, 28.36377442246916, 28.353565070073035, 28.354094110945557, 28.384471340815935, 28.357630360647278, 28.350096032503846, 28.369597992441214, 28.378408051623417, 28.36589842407737, 28.370778444167797, 28.38696407271806, 28.37814456100462, 28.353953997178834, 28.386141467856273, 28.38836903639972, 28.358169313620394, 28.38292925497148, 28.38800832015254, 28.354682631960518, 28.37494205463142, 28.377455405247225, 28.38866071390285, 28.362186740385564, 28.381449235462206, 28.363628432195792, 28.37614713626752, 28.35976661811136, 28.376047920437806, 28.38133236121589, 28.381307826344557, 28.383303220549262, 28.376484665877282, 28.392277934384982, 28.38435695528769, 28.35552561027772, 28.38538373447075, 28.38428248676937, 28.354616457076773, 28.35205425330033, 28.35832151441621, 28.376701456956262, 28.378855743964344, 28.376886856898963, 28.390684907081436, 28.358634961618936, 28.364702565288756, 28.350466112355594, 28.35885243693282, 28.359753634944433, 28.388139247143336, 28.354364088010126, 28.38832746733997, 28.371376219835184, 28.361722137619363, 28.3491027001776, 28.35787957544826, 28.37515532616623, 28.38671790918247, 28.359214725554168, 28.368816251877707, 28.38140230479904, 28.392304554003797, 28.354378733501385, 28.368745854540826, 28.353100581959367, 28.37092308926019, 28.38403911480418, 28.37336017529919, 28.376313797787773, 28.349597737815795, 28.372438567601154, 28.35429542557559, 28.362445903896113, 28.369100995709264, 28.363324638354747, 28.392240526077366, 28.35616019687168, 28.39162528484462, 28.366373941853674, 28.355175502588658, 28.388651177195417, 28.391383809712245, 28.38065340452147, 28.364097284116, 28.366689333807305, 28.36769591146491, 28.354684477434546, 28.365187373730624, 28.37588399646619, 28.372362949356948, 28.360102602292883, 28.374279465328353, 28.379884998739403, 28.38118060129289, 28.357355414424326, 28.385601632721276], [-81.53607614582062, -81.52779017192823, -81.5422642824751, -81.51970058370117, -81.54166934587933, -81.51744063978212, -81.53223264373774, -81.53277895439189, -81.54518985610552, -81.52298694486106, -81.53778620005208, -81.53994941046798, -81.53741839848362, -81.50861604484463, -81.50272625017098, -81.53593999903848, -81.54335024866283, -81.50930285874118, -81.51232975013552, -81.54538696992223, -81.4986986254009, -81.53343963426036, -81.52656882559297, -81.51791660274185, -81.51751937401697, -81.51478395313246, -81.51140097049898, -81.52564569975496, -81.51039353641188, -81.54348195543649, -81.52645166696537, -81.51850425472108, -81.53223345270841, -81.53394066235307, -81.53821734548933, -81.52039601608293, -81.4990130997895, -81.52283267547084, -81.51974169913711, -81.54593195801029, -81.54301543726781, -81.52179691934579, -81.5327122031928, -81.50610000182569, -81.53339534930134, -81.52980619439731, -81.52041596838495, -81.51403096141517, -81.50901101332951, -81.5298099137726, -81.52357416763913, -81.52973283671233, -81.50139696321551, -81.5078091874863, -81.51654615346115, -81.53586184922408, -81.5003694936876, -81.4992330870708, -81.50603101772934, -81.50244211968713, -81.54710215441679, -81.53861803748123, -81.51122751953876, -81.51882685835069, -81.54124180331003, -81.49943008355318, -81.52162018859802, -81.52446143297243, -81.53462904470882, -81.53745258628217, -81.52290530356822, -81.52232064599922, -81.5213615267527, -81.5215311347316, -81.5372531406137, -81.5377233576558, -81.51731268982435, -81.50195299386287, -81.50440242473249, -81.54683814755558, -81.4994025553446, -81.49852141850693, -81.53973739635023, -81.54057307760529, -81.50227925731087, -81.54377172996509, -81.53681289808574, -81.51965456790428, -81.50242780122817, -81.49865623290898, -81.5037708257393, -81.50240694355523, -81.50497326216505, -81.53183969312927, -81.53309151067789, -81.50350394407634, -81.5067965120069, -81.53589919554724, -81.535254530914, -81.54232929266588, -81.5326095556295, -81.50373535195182, -81.53531797623272, -81.52443401150524, -81.51548490495307, -81.54243771760805, -81.50044745742751, -81.51334879723187, -81.51416422641275, -81.53783185219983, -81.49745763462876, -81.519830366945, -81.49864095178947, -81.53275391331466, -81.52873138040412, -81.52347274103019, -81.51629997540738, -81.54523874339782, -81.51734498100815, -81.51520597058892, -81.51867539693934, -81.49951558412671, -81.49890460768466, -81.53281094132129, -81.54149940524172, -81.51778913003518, -81.52487791399712, -81.54692792177428, -81.50482737172112, -81.49677920304985, -81.53064243033268, -81.50565449285419, -81.51252839591702, -81.50497559866182, -81.51270438188594, -81.52886986117953, -81.49919317321913, -81.49664012991815, -81.54674049238973, -81.52291663332522, -81.54506443055911, -81.51219104899292, -81.50861918259376, -81.51564205515524, -81.52483073406454, -81.51104200606497, -81.51781448630838, -81.49768065171304, -81.51392589530587, -81.54348204368732, -81.49811984428088, -81.52130165619045, -81.53625870794345, -81.50956988840383, -81.54187329788881, -81.53201052730745, -81.50989442262166, -81.49676541967091, -81.50068663995451, -81.54199800838992, -81.53902231689906, -81.54527023568245, -81.52274535728057, -81.49648660447683, -81.52334611426166, -81.52252552462068]], "boundary": [[28.39333526340025, 28.39333526340025, 28.34826873659975, 28.34826873659975, 28.39333526340025], [-81.54711363478611, -81.4960663652139, -81.4960663652139, -81.54711363478611, -81.54711363478611]]}