{
    "boundary": [
        [
            43.629601763400245, 
            43.629601763400245, 
            43.58453523659975, 
            43.58453523659975, 
            43.629601763400245
        ], 
        [
            -116.23826643659123, 
            -116.17623516340875, 
            -116.17623516340875, 
            -116.23826643659123, 
            -116.23826643659123
        ]
    ], 
    "center_point": [
        43.6070685, 
        -116.2072508
    ], 
    "distances_to_center": [
        1217.1877684296517, 
        2127.675966647176, 
        2099.333103910453, 
        1790.5872098747761, 
        2214.9929895641585, 
        1191.8189261959417, 
        2217.4356235911755, 
        811.7272844035782, 
        2008.5993041072402, 
        1012.5350369869461, 
        2970.0800088116966, 
        1490.9100526209518, 
        1320.4472025159803, 
        2953.6985514561684, 
        2385.8176638102213, 
        2863.137232657918, 
        2404.230887145381, 
        2026.6344865418016, 
        2585.842957018848, 
        2676.291384465479, 
        1620.8279449154834, 
        1934.539433689751, 
        1619.677078600508, 
        2076.3189465912055, 
        537.1855641219089, 
        2041.2678194251748, 
        1703.4827820771363, 
        658.7712769398493, 
        1751.5810888375997, 
        1154.7881548731336, 
        2403.2883087284426, 
        1078.2479972822573, 
        2947.4113850663744, 
        690.454035465045, 
        2625.224636990954, 
        1314.6276588724731, 
        1552.232519960671, 
        1798.4224808799206, 
        3028.8278325281863, 
        688.5278783407169, 
        1845.3777623180026, 
        2481.0450145896216, 
        1486.2974653046315, 
        1636.9460553673198, 
        1751.5481856151548, 
        2514.473739660344, 
        1997.6066913604534, 
        2431.9185292416005, 
        2590.865178154815, 
        886.2696937985769, 
        2501.523710899041, 
        424.7688727755798, 
        2269.5008939986405, 
        1398.9260798239236, 
        747.0019564830508, 
        1915.1071381058302, 
        3323.7097199343057, 
        1281.1142442880318, 
        1900.7483920779225, 
        908.9629610019538, 
        1809.7460709303418, 
        2150.5455054915797, 
        2758.7383758553283, 
        416.08081677046675, 
        1787.6524610532338, 
        1785.1150669550439, 
        906.6269956656815, 
        1878.5484653189992, 
        2608.0276226028045, 
        431.90109070903554, 
        797.568945287056, 
        827.8692791996534, 
        1432.7692951468384, 
        1408.3496570950124, 
        597.8776188683904, 
        1537.8635303690094, 
        2465.4425610114226, 
        1789.7625168995196, 
        1363.9750966046388, 
        1774.8020941165128, 
        923.7634935307101, 
        1696.4592968066067, 
        2164.4943344677995, 
        945.7959437389197, 
        1521.9097699355261, 
        384.2519093006237, 
        3256.2669608557267, 
        2858.767659209524, 
        2056.0459360786945, 
        1769.4409596491032, 
        2663.2289764996003, 
        1392.1844043346528, 
        2325.4022975930097, 
        935.604390177412, 
        2141.633470102467, 
        2323.7247687387808, 
        1932.7759901146658, 
        1967.381836711728, 
        2263.487046540385, 
        1440.0615796942045, 
        2111.7896454887773, 
        1919.6219067453678, 
        2346.238548929099, 
        755.2934895965421, 
        2855.776265087817, 
        1963.627394332387, 
        1835.6293941372774, 
        2572.515939671101, 
        1556.654637888996, 
        2820.3507926689863, 
        2113.181038389187, 
        3004.9265413607245, 
        633.7619354282562, 
        2269.345883337478, 
        2390.00989546105, 
        1021.7834809601774, 
        1611.5490729539656, 
        1941.6095661593145, 
        623.7613626102373, 
        1506.162078178288, 
        1631.2150572465168, 
        939.7948601150647, 
        284.01985924521364, 
        2420.4896337337464, 
        2620.1109137284498, 
        1424.7668132230033, 
        1113.6264546210286, 
        855.793214114891, 
        2957.875549895424, 
        2857.4649799279414, 
        579.09799882639, 
        1791.9190027739041, 
        2378.4162529426176, 
        2758.2600271557008, 
        1483.0343296908477, 
        2163.516795888294, 
        2075.3800109929043, 
        2361.1578825074844, 
        2065.712849666278, 
        2782.933947518637, 
        2205.193266517736, 
        1580.7322304159854, 
        2409.69631999755, 
        2950.3599842069, 
        2448.3242828578022, 
        506.5495247054179, 
        2641.52236855407, 
        1388.9341770228973, 
        1886.7270509839386, 
        1759.849461489313, 
        1525.5535759860547, 
        1590.7554697715736, 
        1127.57678208102, 
        1031.149710400592, 
        2301.7193217529366, 
        487.3442164946633, 
        2123.362816463793, 
        2110.9210466965196, 
        2595.9045546467514, 
        2554.6521316857834, 
        2266.972979454196, 
        2119.563278407894, 
        2922.0215162892528, 
        2912.6402367691085, 
        299.9519553640463, 
        2074.614304723466
    ],