{"center_point": [43.6070685, -116.2072508], "sample_points": [[43.60358649776595, 43.60534597980028, 43.62553289733741, 43.5999651826932, 43.61576803140576, 43.61304354393944, 43.604000603520824, 43.625768062094465, 43.616179307506144, 43.62562529343992, 43.5939616314235, 43.62315695129802, 43.62594590564407, 43.59733627651193, 43.586734530531764, 43.618452906424366, 43.59000401841715, 43.60557981853257, 43.58795132793273, 43.611029776142274, 43.622477511393605, 43.612131805523696, 43.61217930489249, 43.606539455280085, 43.58481748172706, 43.59618660274052, 43.61514347664604, 43.615269098799786, 43.62523447059168, 43.590030743000455, 43.61261559628564, 43.61177732506398, 43.61510274268314, 43.59218964284967, 43.602227010834696, 43.610589690829265, 43.600959884057254, 43.58800651426449, 43.624794895291934, 43.59405904019016, 43.59707345409997, 43.606934881206726, 43.61886845523272, 43.59635055403557, 43.62025711303659, 43.61280683845484, 43.58908242850711, 43.58976776803201, 43.603762183501516, 43.61080283943981, 43.62298812093934, 43.61271081824393, 43.62424160200955, 43.59872437294756, 43.624917808506524, 43.59240825658317, 43.61136227367398, 43.58678439488642, 43.61637915994356, 43.62604050517524, 43.61860967121439, 43.60449863052488, 43.60207500396455, 43.59094861089744, 43.596148158019474, 43.59437253486012, 43.610263844895606, 43.590419855727916, 43.60797658095348, 43.62532457204311, 43.61928033000663, 43.59729863511567, 43.593168132664466, 43.599766956595985, 43.60734981820688, 43.60077047255064, 43.62831074896844, 43.626499797358086, 43.586931010968975, 43.59541744024468, 43.60185603619184, 43.61448048699822, 43.605091450081666, 43.60018208833024, 43.60609810801647, 43.613880318012264, 43.61384901010533, 43.60634109912291, 43.62241014658954, 43.61823759617197, 43.604903159298786, 43.6142607589119, 43.619123371942, 43.60498697964316, 43.60953526814467, 43.600735041606015, 43.60169615038275, 43.599543928647165, 43.61151843419941, 43.62271264854699, 43.589695364442434, 43.60225412459438, 43.618997049121134, 43.616499344671915, 43.61030252104102, 43.614929501243104, 43.62808199595417, 43.58669921694022, 43.59269270090287, 43.61889445536564, 43.600090362671686, 43.59917912337653, 43.61742395277681, 43.62045248039452, 43.6188397376719, 43.58494400697845, 43.61396148669381, 43.623280088810695, 43.58894978783388, 43.601606903216485, 43.59549691698882, 43.601952629614885, 43.61116479408049, 43.61620540388333, 43.61026467474482, 43.618633992833956, 43.61976225896284, 43.59257449863183, 43.62839604094968, 43.623360636845405, 43.62594436431717, 43.621275496473864, 43.594540884916576, 43.60561932125158, 43.620687753538334, 43.58597020709203, 43.59743974701197, 43.60504341296028, 43.613354228197146, 43.625922041617194, 43.605187487960414, 43.593438202296205, 43.60910987254583, 43.59068116842709, 43.628651175747, 43.6168973581769, 43.61744518773084, 43.59181370396871, 43.60105165871337, 43.62756751918612, 43.591692387512175, 43.621878275150365, 43.62295930846887, 43.61642507463243, 43.62891715801708, 43.626989296679774, 43.58941063650034, 43.58627752150757, 43.584977844726644, 43.594335266237984, 43.61229650825166, 43.58511893871437, 43.60066549127916, 43.593161834355875, 43.603232652019614, 43.59013888230251], [-116.19324411218747, -116.1937936595969, -116.22356626582534, -116.1857801279487, -116.20141801798655, -116.23637414903142, -116.21266036519472, -116.22009968069797, -116.22257428037943, -116.18456150573105, -116.18884022222773, -116.22847446624456, -116.21851246686036, -116.18010285992908, -116.1885595019505, -116.22475690994396, -116.19905405231472, -116.20647682401749, -116.18372605280935, -116.23105243503016, -116.20613571035828, -116.21453456882546, -116.17887021223207, -116.1770103566858, -116.20815097689372, -116.19265597126045, -116.18396321063899, -116.2013334843192, -116.18650679497713, -116.19521322761685, -116.2271190165859, -116.18993829547392, -116.1971259673571, -116.19798552511547, -116.18034892780707, -116.2051198139446, -116.2022983625764, -116.19811277217951, -116.22792695204298, -116.22321651715542, -116.2143945738514, -116.2377094267146, -116.19105457243636, -116.18433380618553, -116.23501018232885, -116.19546641004865, -116.19771640258845, -116.18064971841787, -116.18986302861721, -116.2291579975781, -116.21166211110335, -116.1926182213712, -116.18846748670904, -116.20824467973662, -116.22092707960373, -116.18450186505122, -116.23184680253027, -116.20152099039097, -116.19010637356564, -116.2050091087213, -116.23136682065444, -116.22458145963978, -116.18968635814119, -116.20749036932672, -116.1972710074443, -116.22173901193219, -116.22062970416204, -116.19742233892669, -116.2031035870585, -116.19316638331317, -116.21948649255657, -116.1974057144193, -116.2165009648552, -116.23594358011026, -116.21392283898714, -116.19256375596996, -116.20871130885338, -116.23248620031902, -116.23004795763622, -116.21348483877789, -116.23773807063515, -116.18715168031098, -116.19434182698876, -116.20327295981848, -116.21235374346782, -116.17878413482909, -116.22867117461055, -116.18379696968225, -116.20840445383391, -116.21532250684477, -116.18105020314302, -116.21455968480939, -116.21564792694582, -116.20623307334363, -116.18481184310494, -116.2295883025444, -116.23805597024142, -116.19809156626044, -116.20996973950359, -116.19603006983935, -116.17970739692494, -116.2375794218775, -116.20499958561507, -116.19477093861393, -116.2176694342817, -116.21501745579195, -116.22178380324118, -116.20187074115414, -116.21098823086656, -116.22164486302985, -116.21330550956282, -116.18984096440093, -116.21082466915787, -116.23370205665844, -116.20467486096969, -116.23548689290845, -116.20915809578088, -116.21952708381706, -116.17888194273596, -116.19348756586308, -116.23265013749956, -116.2290759938651, -116.20843471413161, -116.20376566706163, -116.17763737872615, -116.1821706889116, -116.23513571782533, -116.2176351391026, -116.19237039131913, -116.2160299461624, -116.22043330853246, -116.21887242240442, -116.20902423680876, -116.19824000189456, -116.23398862128663, -116.211375947951, -116.18491439282118, -116.22329723280579, -116.23212440034784, -116.21685425405546, -116.21209964603285, -116.17777233858705, -116.22641787176165, -116.199325963165, -116.22991303950987, -116.18819183683866, -116.18921106670875, -116.21033914000837, -116.23449901470094, -116.22630752360357, -116.22411089500153, -116.21035651029628, -116.20735352944418, -116.23044037916596, -116.22432941808795, -116.18805927492822, -116.22891383649781, -116.18234404290958, -116.196218357719, -116.21328287308162, -116.1858395699143, -116.22884190625714, -116.22278060699034, -116.20555946662115, -116.20826019833879, -116.20959942140635]], "boundary": [[43.629601763400245, 43.629601763400245, 43.58453523659975, 43.58453523659975, 43.629601763400245], [-116.23826643659123, -116.17623516340875, -116.17623516340875, -116.23826643659123, -116.23826643659123]]}