{"center_point": [43.6070685, -116.2072508], "sample_points": [[43.59595344223345, -116.21085482460367], [43.62561545270688, -116.1782782262023], [43.62837976526795, -116.23058478079408], [43.62178504617293, -116.20013463955758], [43.61671695297385, -116.20459791354783], [43.59803431475664, -116.17956797829429], [43.58466320781765, -116.17796279813072], [43.62689802540866, -116.23326084074989], [43.597542754257695, -116.19780786798522], [43.59950860548643, -116.23333654550865], [43.621508162608286, -116.22058648959953], [43.6103760414301, -116.18432372451304], [43.62353094606341, -116.18933295419714], [43.58976373570537, -116.2221931665934], [43.60030061252787, -116.2332475344022], [43.593637887024386, -116.22691373367016], [43.620677453789135, -116.20456422795472], [43.60509033121294, -116.17867080862351], [43.61643931314887, -116.23423668021235], [43.59316623731946, -116.19281442678601], [43.5872733513967, -116.22330453624767], [43.624395857845464, -116.21402783556], [43.60889400843688, -116.2359697276536], [43.62794678378422, -116.18418801187825], [43.5857890427855, -116.23631272087046], [43.58752821563981, -116.22302481036671], [43.61998439230219, -116.22495670020291], [43.590965808640235, -116.20914921073486], [43.61076122172792, -116.21922397804487], [43.585588807491256, -116.20229970492385], [43.58718440861858, -116.18006318448334], [43.61040438461928, -116.19062648269026], [43.59191025168991, -116.19466076956441], [43.62779491055596, -116.20912746965553], [43.5889616384814, -116.19870736248855], [43.60123729361044, -116.19159853738991], [43.604075543623104, -116.18951788577084], [43.614702873505266, -116.22735831358011], [43.61341496269423, -116.20144067783548], [43.623449568615385, -116.18076841887154], [43.60997048137094, -116.21625591963068], [43.58786335939096, -116.21904929893304], [43.61183734815539, -116.19193138700666], [43.60284429867451, -116.20423061975296], [43.5913342656206, -116.21000923417975], [43.62837840637026, -116.22436862519994], [43.59092815654316, -116.20149923918605], [43.58813834763086, -116.23817221758841], [43.62436888426042, -116.18498496409295], [43.61563947310244, -116.23653215182608], [43.59253127706093, -116.21418902782807], [43.60633289817426, -116.18038084129347], [43.60146985771401, -116.20157270464833], [43.58717506649253, -116.19182997520947], [43.60492475440405, -116.19061046013226], [43.62607752781641, -116.23157620867413], [43.60991719080075, -116.17813832314685], [43.61509922122244, -116.22449334061932], [43.602956642080684, -116.22859103507602], [43.60014789737321, -116.19703211753888], [43.61130799825329, -116.21933876430056], [43.59149426928848, -116.2358806104776], [43.61940790817036, -116.17911513530524], [43.60666137643354, -116.20196998727378], [43.611123237431904, -116.17959187051396], [43.6173317486901, -116.18727657125388], [43.61310206713648, -116.21105578636585], [43.592073343304115, -116.22059953078386], [43.594825110632456, -116.1822950227211], [43.58724218081267, -116.20788709255464], [43.60103954059722, -116.1899070388332], [43.60446652281935, -116.20609801294985], [43.62467253633796, -116.19710413629396], [43.606932108267074, -116.20137650313167], [43.60725694545891, -116.23237238308901], [43.59330451095516, -116.22585937510827], [43.618503275363956, -116.18654221673648], [43.58820580955604, -116.1954886193804], [43.609916500596185, -116.18838738709266], [43.5916942366609, -116.21948350290177], [43.58881289909919, -116.21586299287283], [43.61964969812841, -116.22597902918532], [43.614127426803236, -116.19274179312708], [43.6286023602256, -116.20061011642726], [43.59627222728087, -116.21625466639311], [43.61684542587286, -116.21222622425658], [43.61293509707281, -116.22309805172686], [43.61977342993032, -116.19201578565945], [43.62151071746232, -116.18764861227542], [43.61664863331064, -116.22099699787363], [43.62911937021067, -116.1848828563971], [43.590776162054745, -116.19817153202], [43.589681535386795, -116.19347288780551], [43.59084360731354, -116.21458844293726], [43.62581893557148, -116.22932502814668], [43.5861226952452, -116.22764392192137], [43.588971066829465, -116.20213018976918], [43.60575990620799, -116.20626850741279], [43.610626501406394, -116.20305135414544], [43.60555575398827, -116.22393111336014], [43.5899325277212, -116.22004493940298], [43.60612999862615, -116.23159496226255], [43.62217924682355, -116.21031154109677], [43.62529151163392, -116.22733851654561], [43.62233297425263, -116.22458412258389], [43.59343242297419, -116.2220378527231], [43.60883189337179, -116.19540462179644], [43.6142993559139, -116.2025298022567], [43.61871639640184, -116.19366816560553], [43.62771944873677, -116.19159083677027], [43.595995735533116, -116.17667653157586], [43.62285551964779, -116.20536270025988], [43.61529533734303, -116.22016500741361], [43.585190342117684, -116.18229410753786], [43.59167668494485, -116.20101316815646], [43.62410712561726, -116.22421166089569], [43.595784594956044, -116.2254641843038], [43.59286378279691, -116.19620896951552], [43.605952516876926, -116.17670746391101], [43.60370081234631, -116.18350177067103], [43.607691293076435, -116.23699923887764], [43.627296757356525, -116.18929643142442], [43.61032420243245, -116.18885312827074], [43.614254125673504, -116.21335754764577], [43.596982503737756, -116.19348745635547], [43.621060279343205, -116.1877102093948], [43.62807188261355, -116.2373351385372], [43.61670895351922, -116.23104379241893], [43.59599033017394, -116.19318390044818], [43.62227391232877, -116.17707791095835], [43.61551791687691, -116.20446829103119], [43.59608375017703, -116.18175245342793], [43.591689438806085, -116.21875202709928], [43.5923466402011, -116.23408516156218], [43.60208804048146, -116.19343272068241], [43.624288723794066, -116.236887053626], [43.59562047594721, -116.20451155788633], [43.62312457043419, -116.21419289156707], [43.59025300245895, -116.22803161623045], [43.62431953942629, -116.2033102202699], [43.601225493250396, -116.20372896343], [43.5943638438667, -116.19158377103832], [43.59045367959653, -116.2301245475217], [43.59980906750997, -116.20674072735162], [43.61508222186991, -116.18145724277475], [43.61746463980973, -116.22908116902643], [43.59372148741121, -116.19299149780251], [43.61814531288545, -116.2116444653875], [43.62316028558842, -116.23013597710994], [43.5886380034401, -116.18733365426836], [43.62133400749569, -116.17784290610882], [43.60914630045443, -116.22125145632361], [43.594543558064125, -116.18656566432524], [43.62493652729308, -116.20090828680249], [43.59440789034332, -116.2291904353704], [43.62687837886176, -116.2130513778846], [43.59102140857306, -116.22158353232845], [43.59739735203035, -116.22767811581227], [43.59310332654583, -116.18464376885271], [43.59626385587478, -116.19463442767928], [43.6126203621316, -116.19757156792372], [43.59415120428454, -116.20801903053568], [43.60873109446897, -116.22489790253051], [43.59752616805518, -116.1818490285513], [43.592865445444545, -116.21015235099011], [43.59911399686433, -116.18836600460726]], "boundary": [[43.629601763400245, 43.629601763400245, 43.58453523659975, 43.58453523659975, 43.629601763400245], [-116.23826643659123, -116.17623516340875, -116.17623516340875, -116.23826643659123, -116.23826643659123]],