{"center_point": [40.7335424, -74.1710255], "sample_points": [[40.75531985337131, 40.74456853614921, 40.74180843968964, 40.737126559609365, 40.73327395612688, 40.71514615509641, 40.73280306487161, 40.73189583898344, 40.75088119765519, 40.71406628443512, 40.72490377833669, 40.72984993387578, 40.740384410087806, 40.72966370876008, 40.73386267359701, 40.71219154994935, 40.728116507186314, 40.750985997125454, 40.74318944384268, 40.711491658256655, 40.73837150960106, 40.74932217057609, 40.723996967962705, 40.72294125472866, 40.74435413068209, 40.71330474600872, 40.71567640549703, 40.751544714587816, 40.73103737667403, 40.73364525596769, 40.71250117822118, 40.7425729971083, 40.75291860675064, 40.75316020202717, 40.74966573179558, 40.72348993917929, 40.74709562873709, 40.75196495379087, 40.72231705272642, 40.73945005442482, 40.724603508102035, 40.738415170625856, 40.74554701187874, 40.74764867771005, 40.742477961045196, 40.73384025908901, 40.72772037889531, 40.72012969315461, 40.75229669120719, 40.74463082279273, 40.7420134856532, 40.733231033280454, 40.71106496258101, 40.71469531127369, 40.74302044069437, 40.737809243874835, 40.72757355366041, 40.75506200609923, 40.72719132040451, 40.72971689281117, 40.715702870525575, 40.73540680763822, 40.75367650958964, 40.7191263294503, 40.72957388925339, 40.747861205186524, 40.75456622080464, 40.71380419476599, 40.73848749109245, 40.74654852674418, 40.737880320191515, 40.73150797887115, 40.72440810672159, 40.7521210114936, 40.71524630600461, 40.745673708603206, 40.71658524524156, 40.75205935209958, 40.746733703356114, 40.74742755880973, 40.71883193406318, 40.73555935891831, 40.7380897479371, 40.71518943515556, 40.71459241823251, 40.72514845126176, 40.725671076435816, 40.75123664329907, 40.72167259834271, 40.71380265610114, 40.73397535909848, 40.733688573407, 40.725121562841174, 40.729883185481164, 40.71735447367454, 40.74163139553372, 40.72525860727836, 40.749279618467696, 40.742651038417236, 40.73856553436264, 40.722520472250146, 40.7147408200299, 40.74037562746287, 40.735454862637674, 40.73165738968593, 40.72757139283596, 40.738621818540125, 40.739950271589066, 40.71745726059959, 40.75233102825719, 40.7426273532524, 40.71932362219867, 40.719125093127396, 40.75405614532583, 40.725448527937466, 40.74820262026835, 40.73810128289634, 40.7411891775893, 40.71819241258611, 40.72719857305052, 40.73369671354025, 40.7384439937836, 40.7500062048878, 40.714022764228666, 40.74793530164963, 40.723668626581876, 40.755222599495575, 40.71469993814848, 40.751153054253, 40.75319599242599, 40.73479342724871, 40.73161911454024, 40.75149506908529, 40.71350511828315, 40.7481853546687, 40.73962536204887, 40.7491917743875, 40.74745717347993, 40.71517392961721, 40.73933521315965, 40.754356888500304, 40.73569761640931, 40.74588318180376, 40.7321064532246, 40.72073947385036, 40.72041437603363, 40.750994756995304, 40.71449004039135, 40.733586561682216, 40.74434184205272, 40.754830415359564, 40.74704096449517, 40.75407760858892, 40.71788123503798, 40.72972133854732, 40.71338794896319, 40.743859140096205, 40.73281344771185, 40.75081513204346, 40.72078808018408, 40.71873043882342, 40.7466775026722, 40.75381954006217, 40.746687313729595, 40.750724256059314, 40.75295119436263], [-74.14970048932017, -74.15631666999452, -74.17988669696031, -74.1898467267432, -74.15285314820649, -74.19903209744199, -74.15352359479732, -74.17997367200768, -74.16840844677874, -74.16295480704166, -74.17753844409388, -74.17523272859752, -74.15578602141616, -74.17070114290613, -74.19423356485794, -74.1653616326164, -74.17910190242027, -74.18283397390039, -74.1641113973268, -74.14733183769003, -74.18573358968021, -74.16835403571204, -74.15853688681031, -74.16326744108638, -74.14444348318784, -74.16479204411226, -74.16263075206385, -74.16267209473264, -74.15467551952175, -74.15266940577172, -74.19613896698655, -74.15968886146553, -74.17518918890623, -74.16822748210488, -74.15328028560832, -74.19576337772673, -74.18724594976221, -74.1759569920286, -74.19202022422128, -74.17064101787832, -74.16904840360732, -74.14283798687464, -74.16942509522022, -74.17398134025524, -74.19505820596713, -74.14981561502229, -74.17073105876273, -74.18993980966158, -74.16645896335588, -74.18350320923078, -74.19555439034895, -74.14889850270417, -74.1730468148483, -74.14376331135618, -74.18772236526523, -74.16576558008427, -74.1983688945489, -74.16593005734843, -74.19594306008808, -74.18355677428869, -74.15529273447547, -74.1949473996005, -74.17573935699261, -74.16146902174617, -74.15764718115535, -74.19376224140622, -74.1569821659634, -74.19248697382218, -74.18409305311056, -74.17652190938657, -74.18845162524791, -74.14605655712803, -74.14874842776406, -74.19914026432528, -74.15673803701715, -74.14577254557844, -74.1533289309378, -74.1688785221234, -74.15680374566395, -74.1628673332199, -74.15052627968683, -74.14381268315258, -74.18534192809797, -74.15186481784035, -74.18967075055905, -74.19749763808383, -74.17496753311937, -74.17819360046038, -74.16974076115135, -74.18686815334256, -74.19086684961566, -74.14918650834906, -74.19197179978062, -74.16793532171154, -74.14201304856408, -74.16043569687824, -74.17987856863512, -74.18552803902132, -74.18445084784257, -74.14336939412628, -74.1883454616084, -74.15394119499496, -74.19628355019505, -74.15962279494084, -74.1699063851849, -74.1499084869382, -74.14142935438996, -74.20045364464646, -74.16181572733657, -74.17725423754433, -74.17769025247496, -74.18168239874814, -74.15029667871147, -74.18022320737575, -74.15482967260743, -74.17867405822135, -74.18821367514667, -74.1582349615338, -74.19758555670333, -74.19293506348795, -74.19532645186293, -74.17652583375292, -74.16337611057413, -74.15595019737148, -74.16294751596232, -74.18126229306208, -74.19395515731343, -74.15382300926807, -74.18700334228387, -74.14948884787661, -74.19037957977321, -74.17087634813532, -74.16926644063317, -74.15597656737893, -74.1499597021557, -74.18096971573672, -74.18590711398554, -74.16514808134446, -74.17920592071977, -74.18304854883486, -74.14866727750625, -74.19916691486476, -74.17560944029199, -74.15301643691872, -74.14605085983206, -74.1849583023957, -74.1522462188558, -74.18039337538497, -74.19657383696656, -74.19596424166684, -74.18233126785036, -74.18812755239095, -74.19582284593359, -74.142047571589, -74.18012665770222, -74.18189646151195, -74.20044741588258, -74.17546560706077, -74.19990726637194, -74.15235023900621, -74.18997467342554, -74.14341454435977, -74.19635542388822, -74.19017615354407, -74.19876830639119, -74.14235634706351]], "boundary": [[40.756075663400246, 40.756075663400246, 40.71100913659975, 40.71100913659975, 40.756075663400246], [-74.20066316378093, -74.14138783621908, -74.14138783621908, -74.20066316378093, -74.20066316378093]]}