{"center_point": [40.7335424, -74.1710255], "sample_points": [[40.74570222088378, -74.18437628190297], [40.72217623458434, -74.16362604561297], [40.74822925911315, -74.15505029162975], [40.718725787218425, -74.19720649943235], [40.71169429099906, -74.14208159586802], [40.753518916151535, -74.17166932881722], [40.752522200031756, -74.14222467323458], [40.74611163926761, -74.17022302576585], [40.7164996350026, -74.18641152044009], [40.721987940084865, -74.19956490101885], [40.71913086899311, -74.16747750886591], [40.75572510421151, -74.18098411464099], [40.72523593424769, -74.1557706774237], [40.73635956892239, -74.14396722993924], [40.75287485081284, -74.15336224685069], [40.75064484700124, -74.18943239716474], [40.730519070968356, -74.17895783811367], [40.73091863619363, -74.1818872652189], [40.714767729305144, -74.15975379602979], [40.73725173782752, -74.20023064588364], [40.72389740657547, -74.1914860481713], [40.74837869552779, -74.14220251476613], [40.71350691418374, -74.1553335248608], [40.75055155456536, -74.15326029651769], [40.71711504066641, -74.19594094518781], [40.75578507134944, -74.14852429009869], [40.73012625223515, -74.18266445281886], [40.747036858732315, -74.17008327049012], [40.74507988733661, -74.18628533359099], [40.74729121560375, -74.17146826925345], [40.749304060314174, -74.15963784183518], [40.741202472180085, -74.19334165749605], [40.72975477552245, -74.15089620447858], [40.72205219197835, -74.17029579134494], [40.74052380005508, -74.19732611814257], [40.73664700513663, -74.16265565987908], [40.7157778878373, -74.20011096600169], [40.732022139749795, -74.15603029333992], [40.74251638361677, -74.18339737855422], [40.723613381142236, -74.17120100713005], [40.755291442851885, -74.15525630978505], [40.74500616488589, -74.18280226387301], [40.75449360805476, -74.19625261007344], [40.74662290649952, -74.19607076365416], [40.72432167264611, -74.17567520087503], [40.73078578602552, -74.17778474556535], [40.75491524052117, -74.19833246294907], [40.72416923717264, -74.15809437103688], [40.71708012562422, -74.19013320065032], [40.75539494669975, -74.19812155929526], [40.730700234394575, -74.16203366661733], [40.73870101995084, -74.19511133005827], [40.725027918590435, -74.1548482493176], [40.72379636341143, -74.19315061537425], [40.735322460818104, -74.16536874437547], [40.74967969563721, -74.19931347215929], [40.721718528565276, -74.16683795863536], [40.74994859088539, -74.18654030218619], [40.71758547863826, -74.17884910671754], [40.71829325395482, -74.15606169734023], [40.71487719989872, -74.15006722374515], [40.72841596832445, -74.17730521811849], [40.74942355966939, -74.16342229812128], [40.72838564001252, -74.15646286150351], [40.74513164830728, -74.17247191796005], [40.74368447140008, -74.18046052778391], [40.725834108252315, -74.16909028442133], [40.71768022891645, -74.14832584991562], [40.726688912436856, -74.17882910681978], [40.71993502008021, -74.18521972363203], [40.71801869548051, -74.15892671004168], [40.71961776713908, -74.16072827761315], [40.73245132405788, -74.14664600857184], [40.71466801671645, -74.15162452364115], [40.72444588134877, -74.1853788116002], [40.72235192758621, -74.15633180604715], [40.743466769502014, -74.15389839274293], [40.72166675575837, -74.17446868633682], [40.72113824086339, -74.17790244510715], [40.72167558300539, -74.1455348676106], [40.72925349611122, -74.19857547059613], [40.74557131371541, -74.14231800299515], [40.720107736893894, -74.15394134023931], [40.729184592798404, -74.17338752862989], [40.75033167795126, -74.16126646846422], [40.72102259456377, -74.14158631577678], [40.75412553275544, -74.17577123795067], [40.71888009507784, -74.18166460875578], [40.73055335345841, -74.14272247839254], [40.72790490260703, -74.17018057415693], [40.71544291744735, -74.1984502180334], [40.714277000556564, -74.15065279537276], [40.748587086790835, -74.16511657617592], [40.72966665679001, -74.14266149570537], [40.73721862704624, -74.19752342073495], [40.75490952703676, -74.18960488133524], [40.71670404008813, -74.16219804945834], [40.740212932808696, -74.182805265926], [40.749440001274166, -74.19315291943764], [40.751688434405644, -74.17978514599683], [40.73712014771508, -74.19433015115534], [40.715500836661946, -74.17277856276606], [40.73589474929055, -74.17956466334711], [40.73469303356034, -74.17119251435473], [40.711855145669006, -74.16669064711142], [40.71239826535587, -74.17195346511875], [40.723286484799885, -74.18264011860539], [40.72729761191696, -74.17632671180289], [40.7473802659982, -74.15979473198392], [40.75378106950223, -74.18606082558283], [40.73640849618795, -74.16126241131671], [40.7361576697469, -74.14343278546316], [40.74347835839931, -74.19096415167853], [40.73378222871082, -74.15448290463614], [40.7365815418047, -74.14590148971168], [40.725010666869395, -74.15258508028539], [40.71149365274716, -74.16328590342667], [40.751622483032655, -74.14590222949523], [40.73519162595761, -74.15095853217072], [40.75230942107113, -74.19151262130761], [40.717334864587784, -74.14191708790771], [40.712371427672466, -74.19757699994805], [40.72093778742673, -74.18281930476618], [40.737666010436726, -74.18795623476903], [40.73579406286579, -74.15387675319437], [40.72956767993114, -74.14727553268834], [40.7286217301166, -74.14188557063632], [40.72576801001801, -74.19507577863381], [40.7336753801404, -74.18603323333008], [40.72510192089827, -74.14346319460269], [40.752298207043985, -74.18159131155988], [40.734117554467375, -74.17785876319216], [40.72249528461434, -74.17375988648895], [40.71740844105729, -74.15695452329585], [40.71272454799076, -74.16664953799788], [40.73669242137453, -74.15350903915753], [40.74794654722482, -74.17769166805557], [40.739759827467346, -74.14382420671365], [40.73538673353505, -74.20064530107946], [40.71587554029353, -74.19721459818695], [40.73903208601776, -74.19413638346208], [40.73472518443684, -74.15999451541838], [40.74207223180733, -74.18782491099238], [40.739010254807766, -74.18522373030822], [40.730205598883934, -74.18686893033325], [40.74287972668523, -74.18858551835163], [40.72596049139205, -74.16025525262503], [40.728095684807656, -74.18767063570982], [40.71429614630391, -74.14185578931101], [40.749053975582726, -74.15291962774891], [40.7396327023739, -74.16702049994218], [40.72383251110334, -74.19535237062473], [40.74808876277091, -74.1695226933103], [40.71332445369838, -74.16697302501856], [40.71365017048143, -74.17607851879218], [40.724553690296915, -74.18513103857528], [40.73448966854978, -74.14813180620777], [40.72989699539128, -74.165206431253], [40.72552309591744, -74.19222080325319], [40.720908090365434, -74.18215615366782], [40.726248850341186, -74.1648968960537], [40.75415371822462, -74.19069808202924], [40.72738265585403, -74.19574129941176], [40.754161585175574, -74.18970392811374], [40.75040619660751, -74.18181531814419], [40.74322677969767, -74.1848815958339]], "boundary": [[40.756075663400246, 40.756075663400246, 40.71100913659975, 40.71100913659975, 40.756075663400246], [-74.20066316378093, -74.14138783621908, -74.14138783621908, -74.20066316378093, -74.20066316378093]],