{
    "boundary": [
        [
            36.12151546340025, 
            36.12151546340025, 
            36.07644893659975, 
            36.07644893659975, 
            36.12151546340025
        ], 
        [
            -115.20326695773377, 
            -115.14767784226623, 
            -115.14767784226623, 
            -115.20326695773377, 
            -115.20326695773377
        ]
    ], 
    "center_point": [
        36.0989822, 
        -115.1754724
    ], 
    "distances_to_center": [
        1106.440721689211, 
        2866.089140015858, 
        1068.0177357370335, 
        3126.7983182921716, 
        2439.9123953458716, 
        1180.440662954994, 
        2707.115851269895, 
        2213.9841583786524, 
        1122.860896171278, 
        2322.4648318021555, 
        2035.6284866334545, 
        598.2606005163798, 
        1863.2695884362902, 
        1285.4819716545517, 
        2209.878353006714, 
        2374.8682344837985, 
        2749.122696035865, 
        2645.229055315063, 
        2691.4797135863378, 
        2373.558407866814, 
        3144.1813042097333, 
        1140.5489510551038, 
        2427.0340773718976, 
        1210.0991140644978, 
        2144.882896329766, 
        2894.019138465631, 
        1048.303406446805, 
        2258.5916060231148, 
        1635.1432680557648, 
        1776.2050410839797, 
        1531.473865349811, 
        2049.45147692312, 
        2509.1490399427985, 
        2283.032948020682, 
        2678.0493130122895, 
        2011.7816525125165, 
        419.8403213457003, 
        2518.2066819661277, 
        1392.1517322789227, 
        2267.2583025562785, 
        1419.0254192135712, 
        1324.5342125100174, 
        2550.8145032058724, 
        1532.1591254552334, 
        2217.6153125323094, 
        1762.0349168832597, 
        2659.3294647925663, 
        1425.7627989039436, 
        2126.032164033739, 
        2993.1338824453483, 
        2175.3620173921613, 
        2225.7243664921825, 
        3309.6292993261122, 
        2612.186515975435, 
        2028.973553816642, 
        1850.2286814850445, 
        1721.5104475108637, 
        1196.6424946112381, 
        1145.5780451999092, 
        1249.2833332371445, 
        3273.4704276615234, 
        1888.036952134569, 
        1385.7106642741107, 
        3030.420519881226, 
        1282.3174537352697, 
        764.3110422062709, 
        1386.1318034328087, 
        1741.7865397697722, 
        1675.0196130174345, 
        2614.5858131757527, 
        1810.194688781827, 
        2218.286047001007, 
        1902.9767676491547, 
        2763.9357099458384, 
        2185.2312446840497, 
        1209.3073410103389, 
        1440.5488683181024, 
        2187.5638901887464, 
        1994.8013715763345, 
        3419.646159204151, 
        1933.1534541163849, 
        1672.005234337732, 
        1410.894374832923, 
        1344.8349041609833, 
        2499.2099894102175, 
        1114.100007898636, 
        1753.1343399163243, 
        2890.674913093195, 
        1263.46455473589, 
        459.619012091357, 
        2002.3510040440508, 
        3140.4842604294663, 
        1316.654791302293, 
        2456.183334858151, 
        2348.634720935591, 
        1061.0789473391, 
        1717.1801168957145, 
        2843.8252920940886, 
        2485.6419446620994, 
        783.7686656692794, 
        1116.6600212648045, 
        600.3888589597852, 
        811.6680529806569, 
        2927.3545365657046, 
        2684.7407913522034, 
        2571.5356269271133, 
        2452.5669025280667, 
        1472.6212644417124, 
        2518.728693636226, 
        2550.987321919536, 
        1315.5701124356767, 
        2759.117825317612, 
        684.3037931643444, 
        1943.2922724247371, 
        1399.1657502078972, 
        1278.2050368579073, 
        1952.0584878975524, 
        2690.898968000745, 
        1778.092836733113, 
        844.6928592600015, 
        1361.1222071170757, 
        2782.778370313055, 
        2741.6837957399757, 
        1068.7722973440686, 
        1545.385256851309, 
        2423.975738157363, 
        2555.3297243908933, 
        1826.1345605152724, 
        1546.0936348171408, 
        1466.3495663736285, 
        2305.4683256320077, 
        2487.6990231420195, 
        2785.055417672065, 
        1406.1445797731121, 
        2405.7913211430964, 
        2800.3471662137244, 
        3187.2127000309756, 
        1524.853735989505, 
        2854.5239048322414, 
        1061.8823017501757, 
        2746.167921629172, 
        398.9031702791705, 
        2363.689956504374, 
        2892.398296155677, 
        748.8589889561227, 
        2226.009953621596, 
        2059.879043802365, 
        1339.6242193135301, 
        2479.101628965783, 
        2728.6492258744915, 
        2785.9287677652283, 
        2686.393943497098, 
        2153.6132260354634, 
        1501.146067997925, 
        2698.842030233499, 
        878.5971332456603, 
        1939.3407898622074, 
        1128.6653017628817, 
        2196.9814145040114, 
        593.5146636870658, 
        1709.2460728862543, 
        2945.6188110848902, 
        2244.522351995899, 
        900.583793367298, 
        3169.8241047877686, 
        648.7264284378153
    ],