{"center_point": [36.0989822, -115.1754724], "sample_points": [[36.11563570116424, 36.111992838280514, 36.118387464991535, 36.0764596142426, 36.116681732673115, 36.079976474268484, 36.10003153661279, 36.09953839213916, 36.09223309467916, 36.09435303021222, 36.09195645738827, 36.09710162572424, 36.099287896065164, 36.09741027086913, 36.097098336066004, 36.07827399824239, 36.09702882645868, 36.07846181297343, 36.089488492516715, 36.092772518231655, 36.112615826765726, 36.117578168702025, 36.08846543970399, 36.10769968733285, 36.11806681901349, 36.07944769225955, 36.11218876666182, 36.081678034398514, 36.111615959654216, 36.098707154297834, 36.095790565495705, 36.1146776440656, 36.09278311181253, 36.08573657073957, 36.10412654567676, 36.08980689181713, 36.09635800206991, 36.08379465083816, 36.08748819430641, 36.10218549035856, 36.0958561058525, 36.1139722979143, 36.10692859727611, 36.118029420764344, 36.090125578203114, 36.0871091003504, 36.09122852891764, 36.08308624591892, 36.09348799570123, 36.09249442934986, 36.11778304694091, 36.09123689666586, 36.11639106504167, 36.121238979022394, 36.07942901187133, 36.08126685297753, 36.09494067758827, 36.09404953356507, 36.10764125403668, 36.11652237403531, 36.10388674281598, 36.083891038759525, 36.10833355547797, 36.08881364249798, 36.110371291115, 36.11596940636105, 36.097167356517296, 36.10720531051201, 36.1202726338503, 36.0767201668025, 36.1036459157181, 36.11207368388734, 36.108375378400865, 36.079106303490185, 36.103563792178, 36.11999063276106, 36.11244673452822, 36.10565512966438, 36.08841012091205, 36.07897799873287, 36.11673587610953, 36.084197698636856, 36.07833247578961, 36.09723351592306, 36.077066799028636, 36.07722234641051, 36.105427191174044, 36.09368724120618, 36.117308820440265, 36.107447610372354, 36.09139016263778, 36.10775745523715, 36.08754906289825, 36.0880394194153, 36.12089327922741, 36.08574521958907, 36.08172818810251, 36.08475988701016, 36.088619214386306, 36.11772499946873, 36.09329486925556, 36.10108991114148, 36.11295194855591, 36.09534511383729, 36.088814237681184, 36.10125117834797, 36.1199561681683, 36.09013928415454, 36.07921211899634, 36.11858018435392, 36.078773926927035, 36.109177301719654, 36.12021170282681, 36.116625435546176, 36.11263637566083, 36.11764905304555, 36.08445750058253, 36.10562708869525, 36.113571533642556, 36.09096427663549, 36.09966726486589, 36.1001692395051, 36.113698381106076, 36.11504595152457, 36.09934246287323, 36.092942044023026, 36.10274422206924, 36.104294125164884, 36.10507958984451, 36.11449564308731, 36.08863212219321, 36.07854698581533, 36.087674401211856, 36.08256893709946, 36.07809523305709, 36.09246563053064, 36.086374119199085, 36.08635151499725, 36.07893900073416, 36.11111141165547, 36.10675458441915, 36.0983350889786, 36.118375661879256, 36.08789578856822, 36.07751543335297, 36.105599602248205, 36.11032891429409, 36.105431149373025, 36.10287154609744, 36.087727285083155, 36.09639010978613, 36.11580792093092, 36.08741907427769, 36.096114078288046, 36.10317645416233, 36.10533062189456, 36.117333393296796, 36.08694119795078, 36.1041401997155, 36.07691530569619, 36.0960488394646, 36.08566988472833, 36.095668015835386, 36.111796215312324, 36.11149545500288, 36.11958865360729], [-115.15171969710804, -115.1870624264457, -115.18722796686255, -115.17115327484392, -115.17292927814677, -115.19173782083988, -115.14955564629756, -115.1691742291437, -115.18757411077814, -115.15176279441711, -115.16860603345447, -115.18293455220623, -115.17186866783952, -115.16916029063292, -115.19751242206524, -115.17619119119993, -115.17356574706052, -115.17133235558046, -115.17973939482312, -115.1560886310244, -115.17208098527509, -115.18943536132156, -115.16192280542975, -115.17496307462764, -115.15813416625657, -115.19899869318085, -115.2001521506148, -115.16797035830872, -115.17686366240957, -115.15731717636677, -115.16486815520665, -115.15132992008188, -115.17069513205406, -115.15986730751538, -115.1651804436055, -115.16910838766702, -115.18103052406197, -115.20297163547042, -115.16044852469427, -115.19683456307392, -115.15227605188963, -115.19819839411542, -115.17459148933636, -115.15485648520237, -115.18692408379464, -115.1573816674998, -115.17473315435457, -115.17483950527365, -115.17145477236699, -115.1686816454256, -115.15152503833383, -115.20237536293352, -115.15362334337156, -115.20105145374785, -115.15400650192956, -115.15159297259102, -115.20290599070302, -115.15018331408682, -115.16577420780712, -115.15478398406397, -115.19693073278044, -115.18503279131151, -115.1538248569627, -115.15070701889444, -115.18852019188377, -115.1522655817536, -115.16011935955588, -115.14866084084197, -115.19103699037422, -115.16847439528154, -115.18075369870738, -115.1858937925697, -115.19028116176773, -115.1938721725731, -115.14966819519677, -115.19763888517912, -115.20316025262599, -115.15016361394224, -115.193321486412, -115.18787735351606, -115.17386008239387, -115.16626945449549, -115.17730780335168, -115.18379163640506, -115.17897026030388, -115.19309254381818, -115.20235853329919, -115.17130061343342, -115.15443608118127, -115.17691477870045, -115.18740631615164, -115.20263910026827, -115.17642718544208, -115.20304363698719, -115.15715293892359, -115.17879168418662, -115.14931577088056, -115.18302731718443, -115.14894672550847, -115.18889240812739, -115.19210842805848, -115.19311926822867, -115.16800087942482, -115.19167943787107, -115.18368954284388, -115.16327755339478, -115.19179402357467, -115.19449709230915, -115.16256844468104, -115.1477078757835, -115.1528401090047, -115.17617399819787, -115.20022357072821, -115.17842403456228, -115.15802719304065, -115.18270459519199, -115.17570650179016, -115.18674724946608, -115.15859668466747, -115.15826147243193, -115.1906253989746, -115.1560817393697, -115.20255283712793, -115.15252626516829, -115.18800728871537, -115.18114120050008, -115.16892343078865, -115.19780202105814, -115.16623428884101, -115.17199174448334, -115.16327310071034, -115.19719870922401, -115.18965107751757, -115.20006011168843, -115.17676883958262, -115.19089978388412, -115.16453095103647, -115.16965708864956, -115.16120360513989, -115.16912176545985, -115.17494667582062, -115.17136574315852, -115.1851200086348, -115.17202139345503, -115.16894348657924, -115.17218712160741, -115.18413276073215, -115.19136653435336, -115.1743662552613, -115.19905915244387, -115.17323483792826, -115.19471753900241, -115.18187797910477, -115.14928960366144, -115.18797007516272, -115.18928519954089, -115.18545840565947, -115.15942931769568, -115.19775891830177, -115.14831717222421, -115.18057041861734, -115.15826460795154, -115.1757907858717, -115.16592238987354, -115.19123785085424, -115.17778794092798]], "boundary": [[36.12151546340025, 36.12151546340025, 36.07644893659975, 36.07644893659975, 36.12151546340025], [-115.20326695773377, -115.14767784226623, -115.14767784226623, -115.20326695773377, -115.20326695773377]]}