{
    "boundary": [
        [
            33.86282366340025, 
            33.86282366340025, 
            33.81775713659975, 
            33.81775713659975, 
            33.86282366340025
        ], 
        [
            -84.40666032586002, 
            -84.35258327413996, 
            -84.35258327413996, 
            -84.40666032586002, 
            -84.40666032586002
        ]
    ], 
    "center_point": [
        33.8402904, 
        -84.3796218
    ], 
    "distances_to_center": [
        1276.4932219808807, 
        2473.7512823717834, 
        1977.0501261043764, 
        953.7074217434528, 
        1797.1073720389857, 
        1070.2759873822456, 
        1651.3402551423671, 
        2150.2332307324523, 
        2386.4895323130745, 
        1495.6829946872997, 
        2164.779702657816, 
        1037.2918908868012, 
        1492.3439778305592, 
        2763.5783129027454, 
        2081.3796890486574, 
        3009.762198535719, 
        1238.9609450075125, 
        2410.017108546754, 
        2516.449323717692, 
        2326.6193300260315, 
        1844.5304528619922, 
        2750.7762692028546, 
        1709.5972275575125, 
        1823.549490444339, 
        1599.2488121067395, 
        2446.60053803886, 
        2447.0334581822813, 
        3375.4691242886292, 
        2456.679747514854, 
        1162.4676893904336, 
        2290.4030785245877, 
        2460.2009058022354, 
        2544.350786797378, 
        1499.1790345928446, 
        2932.7317090236234, 
        1993.5864071728859, 
        1779.7141430821314, 
        1997.4092385114925, 
        3194.6820448379426, 
        1180.6612238001815, 
        764.1020686510237, 
        1262.0027207528922, 
        551.3683832327608, 
        483.1886380396032, 
        2962.7318564180637, 
        2126.87557283021, 
        408.9306963414745, 
        2999.0897556358796, 
        2386.4628216002025, 
        1125.6835023033732, 
        1755.4178814222437, 
        1139.206320439393, 
        2691.784025080304, 
        2124.0803315549447, 
        3001.5673651094216, 
        1185.4059279210228, 
        837.8708557612475, 
        488.9331791175689, 
        2470.6999102427376, 
        2492.610299357429, 
        389.1483953478924, 
        2257.0457571448487, 
        2081.319220347246, 
        845.3722369283502, 
        2145.7649641200946, 
        1731.7985444006254, 
        666.3308501521549, 
        781.9044825826255, 
        1604.175224233174, 
        641.0904999714631, 
        2320.942173269126, 
        2126.254916689705, 
        2449.689690566311, 
        914.2241781083335, 
        1864.7891839513568, 
        1769.500977520686, 
        2302.2554273387796, 
        529.3618142077239, 
        2331.293123259464, 
        2031.2842807079132, 
        1966.0031165049982, 
        2214.233476355896, 
        1747.350571387418, 
        1688.1942922113565, 
        2550.1162276245273, 
        1695.2868507317214, 
        2569.5675074768537, 
        2149.275250927766, 
        2502.2586570768685, 
        3019.723371760345, 
        1828.852735104757, 
        1857.7489965117495, 
        1142.8779711978675, 
        2682.9442684883215, 
        768.6822944484131, 
        2021.5788391160468, 
        2470.831211108754, 
        2230.471663618557, 
        2875.6726862656374, 
        2993.8146959252244, 
        2183.302996706452, 
        1016.3298639435807, 
        1455.2955337043934, 
        2251.159904417334, 
        2211.280981142498, 
        2978.0279480276445, 
        2205.798178743463, 
        2425.911360859767, 
        1530.9450070758592, 
        3167.9495064664325, 
        2645.3223150285685, 
        1592.6068470461707, 
        1495.1975218805203, 
        830.606019255908, 
        1409.4923007914417, 
        1681.1524854174938, 
        769.7871657963179, 
        1046.4838309571303, 
        1425.132105987087, 
        1441.8755897043432, 
        2455.2544932883106, 
        152.0998159992373, 
        1627.9537704131963, 
        1778.8438497509835, 
        2039.188283962158, 
        776.2127989751435, 
        2295.171412457901, 
        990.3173564473917, 
        2156.641309903945, 
        2661.618219148686, 
        1881.5513337826385, 
        2568.503306527922, 
        637.345216658105, 
        1822.6732190474636, 
        1693.248985059354, 
        1788.338642304456, 
        3207.94553323685, 
        3089.1102088467997, 
        1002.9932769404642, 
        1592.2022192833876, 
        2281.0482916995916, 
        2849.9259181137027, 
        2426.4529510235684, 
        2269.6726136169254, 
        2363.073834595774, 
        1869.4436873134014, 
        2676.1715692951084, 
        2473.9475048983904, 
        1387.1699292104674, 
        1774.009864778432, 
        1790.4430432032555, 
        2636.909263590603, 
        2368.700853549088, 
        2340.949367555324, 
        1683.543379010924, 
        1851.377035807995, 
        1038.6992728570663, 
        2958.168741602765, 
        2020.4630559458105, 
        520.6080205514577, 
        1962.7866669067862, 
        2067.8272024560442, 
        2456.859231512359, 
        2864.0181314342162, 
        2946.260434250163, 
        1461.472880904224
    ],