{"center_point": [33.8402904, -84.3796218], "sample_points": [[33.829828491653295, -84.3832309111628], [33.8481992937234, -84.37248160853046], [33.82978425160199, -84.36712362329457], [33.85761603328144, -84.39795051541373], [33.83144769280889, -84.35297016746517], [33.850751031749716, -84.3756594247298], [33.83409907747188, -84.4033825066207], [33.85898628076256, -84.35666714742285], [33.81843422387647, -84.40098269167237], [33.84314535516765, -84.4011235732603], [33.846488042588916, -84.3850785368137], [33.843751850764484, -84.36050808350963], [33.840221998234426, -84.379148737644], [33.81976551957772, -84.37736137463506], [33.857988017340546, -84.3913931125083], [33.8575012463937, -84.38728718102918], [33.85073228489745, -84.40263815953854], [33.86227913578545, -84.40147059020511], [33.82439832311304, -84.37936889455966], [33.840760406527856, -84.37895367779257], [33.83449142889387, -84.36509091956674], [33.83500418033381, -84.37838195242335], [33.82790475449172, -84.38673133861286], [33.83147822315156, -84.38843722612769], [33.855971487712495, -84.39807784017937], [33.82130622744881, -84.36549292880932], [33.83380070161847, -84.38615973947527], [33.82346623352725, -84.40184834789447], [33.84971443412242, -84.3885452930617], [33.86171087447642, -84.36120649749512], [33.8567004613461, -84.38606560420402], [33.829289223364086, -84.40592669009267], [33.82247929023829, -84.39104482103967], [33.85686157210751, -84.37713620789006], [33.84502863230669, -84.36684800780493], [33.83350386488369, -84.39106994759038], [33.83742698026737, -84.40231332502401], [33.83370132763433, -84.40093318238938], [33.862269866625724, -84.36630234075174], [33.83774545487465, -84.353539641255], [33.851943044375446, -84.39502264428091], [33.85804909131835, -84.36896322051113], [33.8522343180281, -84.38056384359176], [33.823127507743344, -84.37126166141248], [33.82428999051949, -84.37513746949067], [33.84110372658236, -84.3636309589084], [33.83983703938769, -84.3907373733851], [33.86125061053926, -84.35976668317186], [33.82032626405866, -84.40294788229089], [33.859710731462876, -84.35886724450289], [33.82719301753047, -84.3788542251954], [33.84825120368409, -84.38542419602643], [33.824053420502366, -84.35313078325488], [33.85548721406707, -84.36036204408639], [33.8416530951095, -84.39487125822103], [33.83697177172529, -84.36635041259488], [33.85282586777208, -84.38476892815036], [33.84219771398357, -84.35566424406393], [33.85877672500972, -84.40641247353076], [33.82980709698469, -84.39833416192691], [33.84241489636601, -84.37140036883495], [33.858920998623475, -84.3885244293903], [33.83642029041019, -84.35548326245811], [33.82363886314076, -84.39543529667174], [33.83512647830802, -84.36255116248124], [33.81860299197956, -84.39522785343071], [33.837757177789825, -84.36206929956052], [33.823588419513065, -84.37752700025628], [33.85757898183106, -84.40400661541716], [33.82266766490868, -84.37238688484692], [33.8466417292373, -84.3644472669006], [33.83878966456723, -84.39659249458047], [33.824579713063905, -84.36043470218208], [33.817982057510285, -84.37192663843561], [33.83522551584581, -84.37047210244543], [33.85080140730386, -84.36538419888821], [33.83203121051034, -84.38038900165654], [33.82841570910293, -84.3955127312905], [33.82214147917818, -84.39581652512791], [33.85789679596596, -84.38743029563891], [33.820919889711256, -84.38818038529962], [33.8558300604523, -84.40538883407544], [33.82761541164152, -84.38706342807578], [33.8360166161762, -84.39154085201191], [33.838546317705244, -84.40630074755796], [33.841056262529925, -84.37812378918298], [33.83364994584372, -84.35661276302467], [33.84918040832146, -84.39633938799784], [33.826063737635096, -84.38251704676046], [33.83063694833834, -84.35950290434664], [33.85978735134576, -84.36111297150364], [33.82552676441367, -84.37780557403954], [33.85810488148897, -84.39128838812964], [33.83646979557471, -84.38498159447656], [33.8289451783907, -84.36297421951856], [33.828468986185605, -84.3723536212881], [33.84080264204952, -84.35635016198803], [33.81859432847988, -84.35876171200685], [33.82943751129636, -84.36477491071004], [33.82960929804894, -84.38982587217049], [33.847678560191994, -84.35740536218461], [33.8418737186433, -84.37428652965542], [33.85222529406118, -84.40468230451319], [33.836128345269344, -84.3692258490919], [33.824999328787165, -84.35815494164578], [33.86200088754114, -84.40625890657435], [33.841023074884426, -84.38837397962773], [33.84032829922433, -84.35563740550121], [33.8608906720486, -84.36480566340305], [33.833206886904485, -84.40200180569475], [33.8332577863665, -84.36616491063128], [33.83203341988336, -84.37655925624071], [33.827776931874325, -84.38290282880169], [33.86072891174766, -84.39928693514364], [33.840525786981864, -84.36088061195119], [33.83106392123826, -84.35566172873885], [33.84650522203151, -84.35800319916133], [33.823750231841785, -84.39016501992604], [33.85001317467402, -84.38867081778386], [33.82937489119652, -84.37247431170935], [33.842595009660215, -84.3616770626134], [33.8466234694388, -84.37530388407431], [33.848037238726434, -84.3823387864863], [33.849403068556036, -84.37174934430188], [33.84759091125222, -84.36728853900189], [33.844366225826015, -84.39364813968076], [33.837214156174454, -84.37998878454185], [33.84938033900703, -84.39854560962388], [33.837430998838194, -84.3956905515174], [33.83109466333657, -84.38673086959881], [33.82061207972754, -84.39255093443035], [33.85395349570676, -84.38503743663081], [33.82733779478159, -84.37437732041417], [33.85503821117957, -84.36641221200043], [33.84172812412263, -84.3760180552367], [33.83264173411755, -84.37298420228073], [33.853125811801206, -84.3999432034426], [33.831535376847626, -84.40106947327175], [33.83579002516808, -84.4057120979811], [33.861243041918684, -84.3579577285705], [33.855376581729345, -84.38879298550614], [33.83327782670837, -84.38922170984102], [33.851164150975514, -84.40039071492737], [33.86089552484667, -84.37327424369185], [33.852222414278245, -84.38331199906766], [33.84935803318654, -84.36093084654831], [33.838429606562364, -84.36325854911365], [33.833588785288214, -84.37793973222503], [33.85798836204311, -84.40406976659082], [33.85316403191021, -84.3621594234286], [33.83951462721134, -84.40378967816372], [33.8271548937752, -84.38684069232], [33.85460533490848, -84.39570184903835], [33.85103067077453, -84.35399632962495], [33.84591781437901, -84.35504012022132], [33.81843856309884, -84.37491142091153], [33.85896022915164, -84.38464211676002], [33.835867990109115, -84.37913253461869], [33.823021865817736, -84.38512351412064], [33.834927513503885, -84.38010511961656], [33.83008885589906, -84.36325363477772], [33.85607177494692, -84.38034928634603], [33.837127166708825, -84.37921105468614], [33.825995027662344, -84.3578896935199], [33.82172496998785, -84.36715668701534], [33.861328962010504, -84.36012604907438]], "boundary": [[33.86282366340025, 33.86282366340025, 33.81775713659975, 33.81775713659975, 33.86282366340025], [-84.40666032586002, -84.35258327413996, -84.35258327413996, -84.40666032586002, -84.40666032586002]],