{"center_point": [40.7561111, -73.9879339], "sample_points": [[40.742532410190805, -74.01292559651333], [40.74981116325356, -73.97646352457186], [40.75734583217417, -74.0125373488842], [40.746441442209814, -73.97467936034525], [40.765898627975794, -74.00903673229254], [40.775638060303315, -73.97324441726703], [40.76769364712096, -74.00852978207202], [40.75067462767902, -74.0034402908983], [40.73648321127197, -73.97812411526478], [40.77262075405058, -74.0105182643828], [40.75092720892462, -73.97670282346971], [40.7732800522113, -73.98165144093589], [40.75152595187061, -73.98194180179011], [40.77297337309202, -73.96935071517758], [40.77748012953534, -73.98133838265062], [40.76233492397544, -74.0116572853599], [40.73652487617846, -73.97352406847574], [40.76322131192499, -74.0149122994615], [40.75077296828491, -73.96189789372512], [40.74654964659576, -73.99986298964791], [40.76796820403304, -73.98300192807969], [40.74255717253491, -74.01159070781114], [40.73841694528889, -73.98719155389647], [40.7370263357582, -74.00826235990088], [40.76256028613565, -74.01316100075478], [40.7575761728649, -73.99048712676793], [40.76178664665176, -73.98518926569604], [40.77245196564782, -74.00283894386749], [40.73558344295988, -73.97240625943105], [40.76929056407135, -73.99601436001481], [40.76075799137589, -73.96572661574683], [40.77136440908757, -74.01033033309267], [40.74280953038645, -73.98922510755997], [40.76324627282781, -73.96201170628983], [40.769984000176485, -73.96312555166281], [40.77747097409566, -73.961485009234], [40.763201354118294, -73.96545363571201], [40.76225911754586, -73.9800475904833], [40.75643354589799, -73.98471289615945], [40.76782021304234, -74.0030476357509], [40.773523455753406, -73.97479021647705], [40.75101934469753, -74.01399654796462], [40.739830885331024, -73.97715073457341], [40.76196183994798, -73.97038865374921], [40.735777702086814, -74.00968487232545], [40.73886310901522, -73.9678016545043], [40.77043860724178, -73.98220990200339], [40.774299969653164, -73.97572388903944], [40.77182540829998, -73.96965384052628], [40.75695626990117, -74.01021656634192], [40.73442630099108, -73.97607001293484], [40.739672128508275, -73.97336260880256], [40.76419483909896, -74.01516845056244], [40.76407129324646, -74.00540694178669], [40.760740112072355, -74.00807352965289], [40.74827320181668, -73.97732066169544], [40.7496338634375, -74.0127985915063], [40.75682715661489, -73.97573735141115], [40.7609842452596, -74.01289167017538], [40.7508079360211, -73.96127940941588], [40.77685276531974, -73.9849560368672], [40.742737059445886, -73.99290134809848], [40.73706229672702, -73.97301331149806], [40.75822381899664, -74.00232562332538], [40.75642948940207, -73.96121309124904], [40.73613391377418, -73.96938773290722], [40.740932839069835, -73.96370950352564], [40.736919413658924, -73.99688551249389], [40.735210958616115, -73.96164340498002], [40.744070473868284, -73.99569518970252], [40.758868137835535, -73.98786228824814], [40.75783985435817, -73.97550220860158], [40.736543949667464, -73.9700433861038], [40.7424332108157, -73.98628401789448], [40.73472678392295, -73.95829537951649], [40.75237579211891, -73.99685912550711], [40.73627669930576, -74.00318073206735], [40.7616815302022, -73.98357160487687], [40.73427787096547, -73.98593865232111], [40.74791941699755, -73.96017173411181], [40.75149074253047, -73.96431626463871], [40.73494327307315, -73.98299270682986], [40.7497737619527, -73.99318868351017], [40.736036797073524, -74.00219626249687], [40.776366776145736, -73.99890123548964], [40.740476169521564, -74.00629031104101], [40.75641924599628, -74.00672641778944], [40.7755537637199, -74.00885106538658], [40.745149497792504, -73.97700838283941], [40.77784567955345, -73.98597897683267], [40.744042330724696, -73.98869794197459], [40.765121025842525, -73.97739785244491], [40.73761882231358, -73.98172230072987], [40.77209801617174, -73.96286701992943], [40.764337248303555, -73.97671240621973], [40.76534235251414, -73.99782139537824], [40.742890801989816, -73.96062204853219], [40.757520743780994, -73.97596969626254], [40.7738965321345, -74.0137734426719], [40.751505362557204, -73.97856093282478], [40.773933276795454, -73.98881148102168], [40.75738953650614, -73.98523842889244], [40.737373750382524, -73.97979376208308], [40.741986208951346, -74.01454900366157], [40.777133477499284, -74.0099510380264], [40.77381641566386, -73.98170773076536], [40.752549107102666, -74.01473813654489], [40.74997692816587, -74.01358551672705], [40.756984098388756, -74.00578924847655], [40.74420423478316, -73.96861649734852], [40.7573680040543, -73.99245537320193], [40.77460982693584, -74.00009685132501], [40.75243741934381, -74.01738782923344], [40.74138664350748, -74.01181978094772], [40.747242735283095, -73.99690848629747], [40.74912174761027, -74.00888632566699], [40.74085705200567, -74.00440860209243], [40.76813162372042, -74.01493944842402], [40.76255083288596, -73.99517037741631], [40.74947331527227, -73.97388072388874], [40.76541298409391, -74.01591664946199], [40.75998117195006, -74.00666215231152], [40.77246354715117, -73.97691476820061], [40.75990680917075, -73.96798604330158], [40.763518151445076, -73.99402333926488], [40.74899705114075, -73.96763271512333], [40.746330726495906, -73.96054414720837], [40.753201010229155, -73.97698765826188], [40.740571222221284, -74.00940216503291], [40.77825183836859, -74.0121705769615], [40.735474226230814, -73.9670115615048], [40.74314064659138, -74.00696069988182], [40.761835187656985, -73.96338584126177], [40.76777691519187, -73.98127175067215], [40.737206297535415, -73.96144841157553], [40.73492829465287, -73.99077703675113], [40.77755370442345, -73.99503852760067], [40.74392201066435, -73.99529001731845], [40.74370551607987, -74.0173423799686], [40.746394086145386, -74.00930236616425], [40.750767999590465, -73.97920762364977], [40.76324158099927, -73.97662146839939], [40.76112270789532, -73.99180557147015], [40.757157953745335, -74.01408851433187], [40.76901606423025, -73.98747835376498], [40.77489452163929, -74.00176307551153], [40.76258924075926, -73.99867051020203], [40.77114463648543, -73.96817770791736], [40.7369416413197, -74.00589113135173], [40.73552513582985, -74.00612490206548], [40.76255796461395, -73.99745391416009], [40.74945979171436, -73.9657191854218], [40.762933918595536, -73.98370631599214], [40.75962328931307, -74.00519899091887], [40.74740695875696, -74.00112868861987], [40.74968220563784, -74.0083073961587], [40.75018344436857, -73.99809044815909], [40.74081290108728, -73.97173683466528], [40.75170048482953, -74.00754749722475], [40.76469908572724, -73.96097371442008], [40.740180469533094, -74.00062897064213], [40.7588622536063, -73.96897671802742], [40.77717309279277, -74.00071361447964], [40.765276976445335, -73.99729035661449], [40.736231153660576, -73.97764952953268], [40.753710396108815, -73.97943132608479]], "boundary": [[40.77864436340025, 40.77864436340025, 40.73357783659975, 40.73357783659975, 40.77864436340025], [-74.0175816228029, -73.95828617719712, -73.95828617719712, -74.0175816228029, -74.0175816228029]],