{"center_point": [40.7561111, -73.9879339], "sample_points": [[40.761488792001714, 40.773903915991, 40.745074376793106, 40.751838480824894, 40.75654773464908, 40.73510956065138, 40.741628983438, 40.760487807264354, 40.737319954735014, 40.7455342621329, 40.753800626800924, 40.763805798072156, 40.743304625824116, 40.74920252085618, 40.74508057514757, 40.770514086339745, 40.75116286623636, 40.765536992615836, 40.772776120330484, 40.776259376100114, 40.77742126678023, 40.77161405928766, 40.74451180979801, 40.76022917332883, 40.75626429811679, 40.736250676647614, 40.74132290260005, 40.75609878654423, 40.778170020715955, 40.74232602833958, 40.75409946372561, 40.75811210993585, 40.75785168714186, 40.75945805910541, 40.76472865792319, 40.751759725081044, 40.755003841751, 40.75585802362042, 40.761552269880504, 40.74833935860449, 40.753762116739644, 40.75182162469467, 40.760616525692534, 40.75381342912997, 40.73860672265335, 40.739606362349434, 40.746411367102034, 40.75222063964397, 40.777505651089605, 40.77762337778258, 40.75094477881776, 40.75328276432252, 40.748266579476244, 40.74498210938607, 40.755835614118446, 40.77246474480494, 40.769335012187376, 40.73822589180007, 40.74648280921914, 40.74097453657191, 40.77120405567514, 40.739868293860326, 40.773032660492845, 40.747677615256926, 40.73984958950837, 40.74746097813977, 40.737514584416964, 40.74238793286989, 40.766772906447684, 40.766876410905205, 40.747418215894946, 40.74851678586439, 40.763770846253806, 40.767910095988746, 40.75720399416489, 40.7446014837289, 40.776265073817605, 40.737855924922314, 40.77609024447392, 40.77521459721169, 40.75851632392198, 40.7499039329466, 40.747372109234405, 40.73364851804636, 40.762774396201, 40.773513476992214, 40.76647441365997, 40.76123042490137, 40.75951817834271, 40.76564455835269, 40.777352896835076, 40.73846595036338, 40.75396492816358, 40.74463677967783, 40.778210307973985, 40.7679653879027, 40.741101743215154, 40.75467119184172, 40.749554270918516, 40.77515459313843, 40.74811429457153, 40.7611605965978, 40.77309518955676, 40.73965835491996, 40.736020647694424, 40.75567679418854, 40.77761416164245, 40.77379868121474, 40.769283820948765, 40.7566677484335, 40.758777685550655, 40.75752191831221, 40.73645365014338, 40.754213181223776, 40.73413930533658, 40.75098127549381, 40.75517656382478, 40.76765911615424, 40.73425239661363, 40.75566845102345, 40.764787520977535, 40.75519582359373, 40.766641317966204, 40.76036105412986, 40.751074192590416, 40.74866523442744, 40.76665800557957, 40.75194260082065, 40.76478953332275, 40.77419665023606, 40.767724139212206, 40.7659984963615, 40.777423071912246, 40.74266792351643, 40.77178340325974, 40.765443232619205, 40.737608152930584, 40.76816725172136, 40.76897545808601, 40.74926389509494, 40.77617723877834, 40.745946577904576, 40.762625482087074, 40.75367949910218, 40.760396424061334, 40.7345154906733, 40.76727339305597, 40.7505141672505, 40.75204066456539, 40.768442739047934, 40.755854141905225, 40.775819671213895, 40.73367575655195, 40.74431829048027, 40.75537108583644, 40.76287705357452, 40.735794686338224, 40.73383616654656, 40.75048373596008, 40.75031279239438, 40.74090433792493, 40.77766639837632, 40.74740142500091, 40.759998975936476, 40.742138775516416, 40.7403152480587], [-74.00532344177046, -73.96436971470956, -73.99704771340808, -74.01567615027027, -74.00726881139698, -73.96626381636358, -73.978686480141, -73.9617759449327, -73.99895614334261, -74.01444531017195, -73.97164754557035, -74.01190930401745, -73.9909497803208, -74.00358898682109, -73.97806010857686, -73.96020150973371, -73.97248841383673, -73.98123830463132, -74.00836067020099, -73.99692605735794, -73.97927843461461, -74.00414995026695, -73.9928468954849, -74.00543603030624, -74.00298731095745, -73.96743743638152, -73.96558210349616, -73.98509773760125, -73.97256834645927, -74.00846990985617, -73.99333668654323, -73.98320907868667, -74.00623236321603, -73.97367719271445, -73.99194304778285, -74.00255515244011, -73.95836416002481, -74.01703353232155, -74.00593124488671, -73.96553437916407, -74.0008522960577, -73.98247422940668, -74.01697886987287, -73.99232931234584, -73.99018659636606, -74.00961054683162, -73.99590241406803, -73.97814819875529, -73.9825886147948, -73.97176027375154, -74.00278091129222, -73.95850157090035, -73.96430569512205, -73.97759873019113, -73.99748196014299, -73.97194524999914, -74.00681349665426, -73.96191460491387, -73.95838216931116, -73.97838406242379, -73.98067567072783, -74.00151209907663, -74.01177802644294, -73.95976787336403, -73.9854462672203, -73.9696740986188, -73.98556582925455, -73.99189099729021, -73.9595164901918, -73.98366894719845, -73.95985367678658, -74.01046056189486, -74.00180266577787, -73.98734317649243, -73.99827404454471, -74.00607636144346, -73.97449600740237, -73.9757930635458, -73.96768657378534, -74.00295405628148, -73.99128464571749, -74.01168462248361, -74.00384916367479, -73.97371334885806, -73.96563197059453, -73.96263578798569, -73.96539731746117, -74.00230171295084, -74.01093796985901, -73.96307815073045, -74.01636227594068, -73.97949011750835, -73.9664287446243, -73.97102792258508, -74.01347329040867, -73.99640583519806, -73.97566427020728, -74.01097238609454, -74.00509132928427, -74.01060065348376, -73.97762590277976, -74.0029856926631, -74.01316350375068, -73.96243594313844, -73.9629655122628, -73.96283364965444, -73.98894308099362, -73.98377500752927, -73.98047948123246, -73.97415578095735, -73.99133817488745, -73.96463382825233, -73.97251992633865, -74.01737119119933, -74.00036832344492, -74.0174122815166, -73.99998137802535, -73.9712800777552, -73.96584217839323, -74.0113492768584, -73.99251414159117, -73.99927454952362, -74.00164476928711, -73.96701859818597, -73.98557279627728, -73.97603365741877, -74.01528017195339, -73.97808569682711, -74.00312502541004, -74.01446783791326, -74.01058167161663, -73.97112899299792, -73.97791849755349, -73.98612260226822, -73.96746639962069, -74.01118513642396, -73.9883749655504, -73.97044981398238, -74.00433110189306, -74.01539798521794, -73.95933662786537, -73.99150342751662, -73.95888510585769, -73.98210297752674, -73.99161511157264, -74.00430471844162, -74.01739550668619, -73.99058039720354, -73.97172432113014, -73.99652887799316, -73.97809848433042, -73.99665622039623, -73.98987786721959, -73.97734984846801, -73.98689062874206, -73.96009963357291, -73.97044568719919, -74.00532915079542, -73.97982400645941, -73.9738625908533, -73.95900636540513, -73.9603649235198, -73.99933725868392, -74.01399704736117, -74.00929593719647, -73.9835254806426]], "boundary": [[40.77864436340025, 40.77864436340025, 40.73357783659975, 40.73357783659975, 40.77864436340025], [-74.0175816228029, -73.95828617719712, -73.95828617719712, -74.0175816228029, -74.0175816228029]]}