{"center_point": [39.9702741, -75.1359229], "sample_points": [[39.96691952100727, -75.140144543924], [39.97070239045999, -75.1628956912999], [39.975154592191274, -75.10938350703586], [39.96939208954675, -75.16392676747559], [39.96055820235885, -75.14074870923129], [39.984643829614946, -75.1514782953007], [39.94891878503657, -75.15891358079244], [39.97599979225762, -75.16152537583817], [39.98444409901568, -75.10944359687467], [39.97900540720039, -75.1645829718663], [39.95564622661387, -75.11996452912268], [39.97752989145367, -75.12728452284695], [39.96843839729461, -75.15749769500675], [39.96684616027901, -75.1191880537208], [39.98615971536491, -75.12594618987592], [39.94794889033835, -75.11998145474078], [39.952547706203596, -75.12093786782565], [39.95036685245342, -75.10732212956262], [39.966676808625756, -75.15554337038832], [39.97219294013328, -75.12164357358809], [39.98917536448906, -75.13484616741064], [39.98962009354833, -75.11262027849564], [39.9773302219147, -75.11179070947661], [39.99028077807223, -75.12395229166044], [39.96761753768012, -75.14181963126399], [39.94955451670838, -75.12393680018945], [39.98028674164286, -75.11510726723536], [39.962102531854896, -75.11681931429335], [39.96428168373508, -75.13267702842103], [39.981052126729686, -75.14519246887536], [39.98099761893705, -75.15370317174025], [39.9611569420742, -75.15808820615452], [39.95824120863802, -75.12303320240808], [39.965181340654254, -75.13976960807614], [39.96737903000052, -75.13049968581905], [39.987273316632354, -75.1526100464927], [39.98548131092185, -75.14967243558404], [39.975840463352284, -75.13533981488189], [39.948728553809545, -75.1481455344556], [39.95039833634852, -75.13790954541696], [39.94991040591605, -75.1082117345448], [39.96978314252892, -75.13884025353566], [39.96397020435145, -75.1211935964453], [39.95843856336968, -75.12615761624876], [39.96251208897033, -75.14847715617061], [39.969244170520646, -75.13838909001757], [39.971032046656816, -75.14868797139775], [39.964210171397895, -75.11433393837741], [39.991859273356056, -75.11559223343957], [39.95111402986736, -75.16077703575522], [39.98966520828457, -75.11783515345165], [39.987200658673835, -75.16384772946047], [39.98722972202818, -75.12975911739714], [39.9834187406278, -75.12462261067188], [39.97388510515458, -75.15921077154657], [39.959576488127816, -75.12714889997808], [39.9856628253777, -75.14238258628903], [39.95904307638006, -75.10957220360491], [39.98187754618576, -75.14507853957014], [39.981807630691506, -75.11486169361831], [39.97399617130036, -75.11371939817194], [39.987933187510166, -75.13393932205312], [39.981261609964044, -75.14815061738267], [39.9798911097047, -75.11535416464939], [39.98764822686627, -75.16154765981742], [39.96718823394913, -75.10996692660028], [39.981319846807885, -75.1295547579214], [39.96830894369077, -75.10891787429367], [39.95609077443335, -75.16120268040697], [39.95172693156282, -75.13572185046394], [39.98188086169226, -75.1349988236629], [39.99015031794219, -75.13230016690274], [39.99276962019251, -75.11696572727776], [39.990254487702465, -75.13057839582665], [39.977394216648385, -75.1530529953188], [39.964512529588454, -75.13681788633306], [39.96508414623915, -75.15930818020193], [39.95692377082573, -75.14511413974871], [39.965217062715375, -75.1433462714894], [39.98753147658048, -75.16484387849877], [39.9924477403511, -75.12573015146398], [39.96352285784609, -75.15896291475124], [39.96862920084787, -75.14229590047034], [39.97078950678705, -75.12954612744562], [39.98362579319109, -75.15801573121256], [39.987034494389086, -75.11081975638471], [39.957686261188314, -75.16190692435227], [39.987626377985855, -75.15970642931835], [39.9529899770954, -75.12653531304748], [39.960138340748166, -75.15475662731255], [39.95457943020636, -75.12277860969266], [39.94826627183551, -75.14522520403953], [39.96888464835101, -75.14907766141273], [39.96905526922244, -75.15172320630064], [39.983090994499626, -75.14324410099803], [39.96405532110559, -75.14928986291328], [39.97018938453049, -75.15132122006015], [39.95578920958106, -75.13576078294149], [39.978029292282194, -75.14446954715932], [39.967360814679914, -75.12078686483589], [39.96943989204365, -75.1216977032168], [39.965264671832024, -75.1241019878018], [39.98752120268826, -75.16270468809526], [39.963209047820946, -75.13686375855022], [39.94892077080379, -75.14319029072902], [39.99148576202966, -75.13442778089099], [39.96911657698127, -75.11539439910226], [39.95614008719936, -75.12921378032222], [39.96023878130087, -75.12171775008133], [39.95419257595266, -75.10838883799497], [39.9713883701444, -75.10856915920994], [39.9865567393911, -75.11862302346876], [39.98767675481761, -75.12061776323532], [39.97659704825897, -75.15497642784223], [39.965478436742615, -75.1602142217029], [39.96963278847555, -75.1341578623163], [39.975818590760774, -75.11058821301037], [39.991585597885184, -75.10670490866603], [39.97763558624298, -75.10841669200987], [39.974708767594414, -75.12050303113877], [39.98801481411346, -75.14346019332285], [39.96562646992299, -75.11278194090795], [39.96224309742006, -75.16286593914172], [39.96259509187951, -75.12688280044], [39.98905018859316, -75.1116895389988], [39.95447239780266, -75.15684944598256], [39.98806105617018, -75.14198306538356], [39.96240986066884, -75.1138390678056], [39.96470356833212, -75.16292283907953], [39.991984929405284, -75.12749857587961], [39.94942742138673, -75.1277579620499], [39.987705757039635, -75.14763467558184], [39.97606641253612, -75.13554212127615], [39.9482334998399, -75.15864979221101], [39.9564630479938, -75.12964469725212], [39.96567391676052, -75.15697201588269], [39.97626175609775, -75.16268033004803], [39.98228280785683, -75.12133984462757], [39.97676989425385, -75.11289515964742], [39.97349668969421, -75.14498166206424], [39.98664449356971, -75.1233137548763], [39.991050252898994, -75.15031766074719], [39.99162715742767, -75.11627484933625], [39.982473740696804, -75.1190744157665], [39.97531587381287, -75.11699907986714], [39.96936779278456, -75.16410196635802], [39.97063570009537, -75.10841084524809], [39.99161503140585, -75.13138888132772], [39.96752969636076, -75.12413039944559], [39.95240679881295, -75.1174815630264], [39.957290103520265, -75.11390331899983], [39.9864377578, -75.10874362734272], [39.98403096810875, -75.14813862323945], [39.96503908799301, -75.15839410639556], [39.986004336763706, -75.13193610016462], [39.97159881885988, -75.11098249090867], [39.97224917491239, -75.10971752550068], [39.98286503142433, -75.11698655991593], [39.956892498530365, -75.1264183343345], [39.98679813017821, -75.11425550726142], [39.971615096220766, -75.1598697261915], [39.975869751813136, -75.11097720379783], [39.9875281410702, -75.14383942327386], [39.97042148627769, -75.1085635911407], [39.962010700054854, -75.14748407261614], [39.96603636060385, -75.1335141589297]], "boundary": [[39.992807363400246, 39.992807363400246, 39.94774083659975, 39.94774083659975, 39.992807363400246], [-75.16522699984506, -75.10661880015492, -75.10661880015492, -75.16522699984506, -75.16522699984506]],