{
    "boundary": [
        [
            39.992807363400246, 
            39.992807363400246, 
            39.94774083659975, 
            39.94774083659975, 
            39.992807363400246
        ], 
        [
            -75.16522699984506, 
            -75.10661880015492, 
            -75.10661880015492, 
            -75.16522699984506, 
            -75.16522699984506
        ]
    ], 
    "center_point": [
        39.9702741, 
        -75.1359229
    ], 
    "distances_to_center": [
        2268.0644678303092, 
        680.8276426412639, 
        1034.1089187816435, 
        1997.2247113361627, 
        2200.3421665129154, 
        578.6060337053314, 
        794.5044314369381, 
        2423.7555447649775, 
        2718.670814941482, 
        719.1348271996202, 
        1021.0414709859737, 
        2163.136948802808, 
        1656.6845322454094, 
        2322.398198479528, 
        2313.7893593647973, 
        2157.5013100239635, 
        1479.0650000597666, 
        3198.2503646153095, 
        1720.809562679495, 
        1027.3059605993967, 
        843.5310012217292, 
        1636.4048818110864, 
        3259.7690970466956, 
        1889.7056437863505, 
        2056.9838768924797, 
        1905.9008086806225, 
        2472.6884264978667, 
        3520.4456759289005, 
        2020.5807072401249, 
        2640.8431250189788, 
        1811.7979673289676, 
        1926.4401384671035, 
        2049.235538241612, 
        2060.5189473577566, 
        1080.7540704549183, 
        1796.8740307009807, 
        2355.242610775363, 
        2402.489569874106, 
        1637.6166274262928, 
        3216.754716339523, 
        2590.1002495402154, 
        1719.7054684650243, 
        2756.910929991358, 
        2533.4051083829054, 
        2102.4888585807926, 
        1810.4325126689619, 
        830.3321542551363, 
        2882.1504054909883, 
        2877.437350121514, 
        1535.4140126684554, 
        810.8195700792924, 
        2070.892666092935, 
        1833.1945628878896, 
        2005.9343975622692, 
        2753.547477475235, 
        242.73153306536207, 
        1795.0944619465358, 
        2689.4147541430393, 
        1249.4955764760914, 
        2201.7976406267276, 
        2784.0383339648815, 
        2069.6743805863516, 
        2691.416801397313, 
        2233.79343623443, 
        2699.757831456144, 
        1645.2708650833208, 
        2283.461473721357, 
        1240.3389244687107, 
        2214.0396469359416, 
        1727.304868138259, 
        1741.8733532627477, 
        1516.659514733868, 
        2422.444437894897, 
        2204.1387241109383, 
        1311.9609137731884, 
        1574.3730653699695, 
        2286.61165989399, 
        1648.222873928665, 
        1045.9275202798653, 
        1809.7426203335735, 
        2431.3213409594046, 
        3260.2870260944933, 
        2889.8556818172206, 
        1838.9803727372262, 
        2501.38137562598, 
        525.8730250208937, 
        1410.1368205174283, 
        2520.873507836967, 
        2027.7858012323256, 
        1642.818375059049, 
        2778.0833094480813, 
        1468.4926614196092, 
        2155.609800161904, 
        2458.8753687698318, 
        1730.5790720728521, 
        633.3586396086878, 
        672.6366778338885, 
        2014.458458096621, 
        2434.090984905086, 
        2315.689204282471, 
        2866.671873276218, 
        1354.0588223493885, 
        2298.801788249003, 
        2089.540196003257, 
        1840.4751830726648, 
        2519.7362002652703, 
        923.9997656643462, 
        593.1092264800902, 
        1186.393093429426, 
        124.76406561050062, 
        990.0679622891383, 
        3056.4913342189216, 
        670.9572804885338, 
        2694.8502368812046, 
        1824.3472057957047, 
        1916.2407124329843, 
        1928.2886032832475, 
        2577.2536455729514, 
        2032.8846464473474, 
        2766.546046873992, 
        1049.1438585442281, 
        925.4729438616579, 
        2810.495176469494, 
        2540.573983084698, 
        2393.332353750329, 
        1805.2105968138035, 
        1851.193664000722, 
        541.223465995344, 
        2020.7530566158205, 
        2161.557024245932, 
        931.0563603194934, 
        2427.8228538762505, 
        1130.3729992410008, 
        1066.9982461944078, 
        1321.0177939779485, 
        2603.5695563414133, 
        2898.09540559325, 
        3123.638898203914, 
        3079.216338785191, 
        681.6033885887966, 
        1910.6961885981605, 
        2522.8409853100193, 
        2849.9065638606, 
        1954.3004969733806, 
        2741.833712570327, 
        1427.0302936524781, 
        1569.468422129124, 
        2437.5920120297105, 
        3352.195455288134, 
        3249.236658843814, 
        22.19009926467896, 
        2255.1423903146765, 
        1856.7413306199926, 
        1872.3726679487181, 
        1611.2732313556376, 
        2813.2578220797163, 
        1424.1388419489813, 
        3031.199746784565, 
        2060.805361214177, 
        2825.9527652704983, 
        2397.9445602990195, 
        1207.6774205203837, 
        2640.5564614740965, 
        1548.4240303249196, 
        1469.3876313153444, 
        2963.8425952855105
    ],