{"center_point": [39.9702741, -75.1359229], "sample_points": [[39.94909894210822, 39.97099970096374, 39.94800690111294, 39.97482368425855, 39.985174969114176, 39.98885021014073, 39.94794995834497, 39.98613872345998, 39.959466370200516, 39.96573206304079, 39.96157388685406, 39.97252249133383, 39.948617709377714, 39.958707847498246, 39.96441322106048, 39.96230700361216, 39.9813065967836, 39.97790153202154, 39.95413682143075, 39.981335000312384, 39.985081291704866, 39.9777356662398, 39.956290753721454, 39.97946918228889, 39.95719221245398, 39.95145868205736, 39.95279718130078, 39.95046259093307, 39.95414201209946, 39.98797196197423, 39.97042528478632, 39.96547029471142, 39.95717440133307, 39.97893568908311, 39.99122524684642, 39.97308135150899, 39.98804967512933, 39.969793080766266, 39.98141032314804, 39.96911793768662, 39.94889407578203, 39.97392030922442, 39.961966893985675, 39.97108320127412, 39.96622961579264, 39.952631543820914, 39.98106966403609, 39.96143789671679, 39.98636691004242, 39.98857439357376, 39.963518067537024, 39.981332265552815, 39.958447678267966, 39.990523444279624, 39.95812402418477, 39.986207499255926, 39.97509922469569, 39.97889529461067, 39.99111633832966, 39.95940168137395, 39.95496938184941, 39.95104963302357, 39.964108400442335, 39.94956838068091, 39.96043984173527, 39.953173996647536, 39.9901738988919, 39.98142076007362, 39.97026137441457, 39.963064433972086, 39.98698060647365, 39.95287916794508, 39.97567333159284, 39.96211284720739, 39.983611701458344, 39.957524762672925, 39.987361956129206, 39.95813238385684, 39.97960295068354, 39.95777763675678, 39.948993768246126, 39.96349281174453, 39.980694710874644, 39.984454095001794, 39.97452422035145, 39.9588972506855, 39.95086054345047, 39.96874436977145, 39.975431293023064, 39.9803559380094, 39.97759178881523, 39.9793471533239, 39.965887307148925, 39.95697815805626, 39.97601423003887, 39.962906780287376, 39.98461210567489, 39.95160952870604, 39.97964845225811, 39.97011252155314, 39.97453983841335, 39.981685984565374, 39.96923038992628, 39.95062578577955, 39.94945446595391, 39.99074178494749, 39.95791354700891, 39.95952838995033, 39.976073922441984, 39.955235525273245, 39.984238756236785, 39.98681406906301, 39.95418566593788, 39.9800375687367, 39.96491030754837, 39.969617944400134, 39.95437798814872, 39.974277244317435, 39.98251399038803, 39.95113605856833, 39.95195934494731, 39.96125400715208, 39.99168306005787, 39.96181009034147, 39.990105623412745, 39.97475515721715, 39.962772073368, 39.96454198233109, 39.98477218646957, 39.988136310376234, 39.94786757732402, 39.975799098407755, 39.95018583127707, 39.95789685655618, 39.97004744684465, 39.98189412898552, 39.971986276848774, 39.96703460016424, 39.97466922311509, 39.96980090549674, 39.98671014960361, 39.956378535271, 39.955244427902436, 39.98485990022685, 39.97503720454936, 39.96864429728387, 39.966422547327156, 39.96776911557416, 39.978286345352124, 39.9528256690794, 39.99085169888539, 39.99022006691405, 39.9824778009226, 39.97087725840791, 39.97245471924425, 39.95232727121462, 39.9866476156731, 39.958001573271325, 39.96915349820192, 39.96246048250652, 39.958937912542176, 39.962873992625816, 39.95576247410625, 39.9554305618946, 39.94979146483228, 39.97440329711388], [-75.13446654634375, -75.13629869938624, -75.14623410971522, -75.1218170843631, -75.15629753625257, -75.12632649566672, -75.1133221482298, -75.15098701935898, -75.14814208147195, -75.15018279978098, -75.12896282990816, -75.14611350400857, -75.16072186595176, -75.12598935806615, -75.13639934394435, -75.1191986562738, -75.1402689371718, -75.14983947763797, -75.14217270026776, -75.1094520837747, -75.1375522671866, -75.14836055124611, -75.14390184968885, -75.1402328983056, -75.14125458546494, -75.13262211530122, -75.16428926770983, -75.14704845118293, -75.14589935242338, -75.14941985672128, -75.13228274687685, -75.11551875280105, -75.13616151938213, -75.1336193177364, -75.12810403479551, -75.11101063360235, -75.12822084104104, -75.13587872400086, -75.1391788589406, -75.1469155243179, -75.16301632743502, -75.11268280830465, -75.1615181772507, -75.11976314413353, -75.13209179116404, -75.16179879490049, -75.13411410944151, -75.15662327936893, -75.12970421005902, -75.12564730998976, -75.16275304272664, -75.13601053797419, -75.1410611208659, -75.15451648288938, -75.10962051574187, -75.1509634426707, -75.11843277771797, -75.12084061586683, -75.13067015569165, -75.15455379975357, -75.15550530697277, -75.1466385998378, -75.12633974506774, -75.12134847815456, -75.14401972055984, -75.12467133761994, -75.14400130002562, -75.15512582311064, -75.13416027600586, -75.12819622952318, -75.1475171052599, -75.1447984801535, -75.10914749500056, -75.12405732129486, -75.11912033819613, -75.14222614688164, -75.15943617058294, -75.15113667918466, -75.12262801306983, -75.14363283828588, -75.15922219951679, -75.14684005368325, -75.13864690595618, -75.12055677686345, -75.12195532328973, -75.1271340411815, -75.14534036589154, -75.14831823467036, -75.1192755736101, -75.12753708226215, -75.13470462216566, -75.13823721933261, -75.15475814591655, -75.16073539763046, -75.1094322734936, -75.1400704022799, -75.1089591299853, -75.15118999164923, -75.14486673778882, -75.15637882226959, -75.118338829066, -75.1494426723367, -75.11448519555074, -75.11897697130856, -75.14475478413694, -75.15214095114601, -75.15943980145775, -75.16079198189394, -75.12599365567281, -75.13491214733021, -75.15979567771139, -75.11665867936392, -75.1127166013925, -75.15148877671585, -75.10704245739464, -75.15819679918269, -75.12844854216328, -75.14927397264792, -75.11584606371275, -75.16205232876963, -75.13199714263902, -75.14309597374746, -75.1438859862113, -75.10798018152528, -75.11694275877448, -75.13696838657631, -75.14257726829898, -75.13935290514632, -75.10758935893512, -75.10867820613134, -75.14131534897554, -75.15488721347657, -75.11609108081322, -75.11998530868878, -75.14578785261779, -75.15910861367162, -75.11077238595693, -75.15100121084953, -75.13206089070562, -75.11682667819957, -75.14610254530128, -75.1620947855317, -75.11658757388555, -75.16124648298168, -75.12124145190492, -75.12281408567519, -75.13170294923262, -75.11066496787438, -75.15549804515132, -75.11896195201265, -75.1130349068891, -75.14081846788858, -75.15188444216837, -75.12904069996478, -75.15431394407588, -75.11207521012432, -75.15887993464095, -75.11520694826723, -75.11836738997746, -75.12383452169128, -75.15781467747506, -75.13179190909284, -75.15581132720595, -75.13990087840766, -75.16274076806452, -75.1096228761076]], "boundary": [[39.992807363400246, 39.992807363400246, 39.94774083659975, 39.94774083659975, 39.992807363400246], [-75.16522699984506, -75.10661880015492, -75.10661880015492, -75.16522699984506, -75.16522699984506]]}