{
    "boundary": [
        [
            37.353362463400245, 
            37.353362463400245, 
            37.30829593659975, 
            37.30829593659975, 
            37.353362463400245
        ], 
        [
            -121.91799153904448, 
            -121.86150386095554, 
            -121.86150386095554, 
            -121.91799153904448, 
            -121.91799153904448
        ]
    ], 
    "center_point": [
        37.3308292, 
        -121.8897477
    ], 
    "distances_to_center": [
        1168.1303911813256, 
        2271.730179182606, 
        2504.708907565124, 
        2381.0030268720925, 
        1150.95736045308, 
        2421.84704032144, 
        2459.1194256220347, 
        1662.973365364649, 
        1695.3611230929112, 
        1345.1055334047915, 
        1804.4418059806476, 
        2574.7642355484063, 
        2140.8325490778093, 
        751.2171474031146, 
        3173.8550432996217, 
        2673.701699622556, 
        2583.1812308591448, 
        2307.8121271415994, 
        1238.7290798249342, 
        1511.979279935381, 
        1642.4141802075796, 
        2504.838218478821, 
        1552.8582261879178, 
        107.73668733586761, 
        602.165103289999, 
        571.7756720846369, 
        2297.712834179927, 
        2430.2674132914262, 
        1327.2382867261717, 
        1305.4413824641372, 
        2212.1657763489493, 
        2436.4007194599276, 
        1342.460919434497, 
        1040.1365442085828, 
        1657.4330820353186, 
        2328.720516940666, 
        510.15826584250635, 
        3106.8145451011937, 
        1962.837870342379, 
        2913.0746996245457, 
        804.2693623896164, 
        1861.3421140347066, 
        1346.0668505384044, 
        3021.265287501054, 
        3303.378967473416, 
        692.0152356592016, 
        2751.013258523712, 
        315.61393164825193, 
        862.348950376511, 
        1745.6627369180535, 
        2362.740125547208, 
        1777.8430305718337, 
        2095.6522873405297, 
        2089.093994608902, 
        2485.534374607393, 
        874.5181943366898, 
        2508.1520849692347, 
        2728.8854134556996, 
        3028.7950668866333, 
        2185.1789846009938, 
        2832.533464357575, 
        613.7838806739134, 
        1811.0003151238461, 
        2185.727989364042, 
        3354.656474321845, 
        2508.356440474194, 
        2027.8312089708095, 
        2507.962962921418, 
        2284.4044718370887, 
        1519.5376289816695, 
        203.3188837731678, 
        1872.0512184400259, 
        1814.929213776688, 
        647.5640596468284, 
        2473.8427474634495, 
        2669.7246258166447, 
        2793.512484188053, 
        2118.0390848721017, 
        2187.2256870636147, 
        813.8795742589725, 
        558.4579278343259, 
        2432.127614463506, 
        2605.7580660764174, 
        1580.5486853803627, 
        2201.935081871241, 
        2475.5473095638954, 
        2061.1284856326292, 
        2700.548007748758, 
        2096.6336897058354, 
        2440.553254185993, 
        2566.8241946325775, 
        1775.8091952242814, 
        2355.284243796817, 
        1142.3909557224747, 
        1866.5293565451216, 
        2038.7029955782077, 
        831.3309953316857, 
        3063.078897661484, 
        421.01980053943237, 
        1933.256509762078, 
        2478.1260573427317, 
        2497.1400524332503, 
        2752.8833992514237, 
        1562.0393586285027, 
        1554.630715723903, 
        2089.2062224745378, 
        2711.485575725039, 
        2580.857136897403, 
        1508.0570453693545, 
        1156.5613496958308, 
        1972.9595381527142, 
        1720.0334649960978, 
        2179.955904042735, 
        596.7241492458484, 
        1988.3902246715095, 
        2271.6118879114456, 
        3094.648224661383, 
        540.6736251199447, 
        1997.5527759839874, 
        1644.5813041871816, 
        2249.66735342538, 
        2367.0773615046555, 
        1804.5813891824068, 
        3432.452584671116, 
        2968.0847323864323, 
        2390.975119381996, 
        2773.383942628321, 
        1101.978669914169, 
        1777.5779080958432, 
        1960.3220098819233, 
        1572.9181308566656, 
        1863.5302362524349, 
        2616.928557627659, 
        2000.2365730018444, 
        1666.954015470536, 
        1315.6650517756582, 
        2808.6732055804423, 
        2529.7984896938815, 
        938.9350977511942, 
        2528.6184649303405, 
        2847.263415288738, 
        1831.3842349609608, 
        1916.163709212663, 
        2158.8850976248696, 
        90.93650463744954, 
        3116.69963972415, 
        1798.3273625669106, 
        1810.0869723995738, 
        2382.6768207415666, 
        796.5995444136635, 
        1783.1154817267209, 
        2477.43659785833, 
        1669.2742938812926, 
        3121.0488341635373, 
        1433.7715051584516, 
        2476.1929499580524, 
        966.4086442042205, 
        267.6454749171127, 
        1821.263413234544, 
        1666.5282890729484, 
        899.0369683225505, 
        2877.8448049678045, 
        1596.044876559305, 
        1780.8802821088036, 
        3259.4796626743505, 
        2016.1790951370572
    ],