{"center_point": [37.3308292, -121.8897477], "sample_points": [[37.34786805977715, -121.87549273616052], [37.30942499201918, -121.8632274241519], [37.320006657359784, -121.90837640038146], [37.31383822601541, -121.89633186912634], [37.333313342629715, -121.91302910585941], [37.33776978786633, -121.88713609291854], [37.33425195082497, -121.86239225700157], [37.31900228762025, -121.89146043224075], [37.33187195086908, -121.90942087802638], [37.31617762098608, -121.9127444198892], [37.34769929586672, -121.87469596207215], [37.3135618066346, -121.88743896206003], [37.31197708971661, -121.86851330053477], [37.318108442956955, -121.89668427237501], [37.33416455729828, -121.91252030581566], [37.31512571495909, -121.89899815993714], [37.33837759477444, -121.91360680501535], [37.33499251023864, -121.89964908028392], [37.33567191703138, -121.9175197459135], [37.32891878784384, -121.89292284738521], [37.318286792493446, -121.87092883584596], [37.30884998676345, -121.90750929473074], [37.31091767356208, -121.91621186528279], [37.31615303924874, -121.86616120678312], [37.3193129287723, -121.90767825687433], [37.348397735443925, -121.8728984485566], [37.34330329555267, -121.8816996425456], [37.31422235290604, -121.90283870245156], [37.340319229619126, -121.86290355624313], [37.30907239860226, -121.88897491716762], [37.325665555722054, -121.86956360022074], [37.35037118308965, -121.91267407047843], [37.327319797532674, -121.8731446426772], [37.315213491528525, -121.89029192588849], [37.31193220620443, -121.91070293023377], [37.32318671434856, -121.87286868217834], [37.34741294491116, -121.88324551906878], [37.34885452863464, -121.87657044781679], [37.31865244648361, -121.91262732783122], [37.324123378341035, -121.89708487902871], [37.32072942867712, -121.9074916010564], [37.30876715265758, -121.88199761601979], [37.34265783812746, -121.89892604407187], [37.3295692101981, -121.86316209294364], [37.319598979993216, -121.90944743356533], [37.309458742822315, -121.88955172695574], [37.34411368325376, -121.90220108981188], [37.31754289120782, -121.86791135619725], [37.33380937920489, -121.88322690379357], [37.315348733116366, -121.90538282499979], [37.32657556405009, -121.89931680400346], [37.333061483664316, -121.90800898292768], [37.341207922498796, -121.90960125316677], [37.31923909833173, -121.87006610277443], [37.311590983542665, -121.87654801151533], [37.35112508194576, -121.89892356279573], [37.344421628720056, -121.8998568207663], [37.351273132691844, -121.89976330417335], [37.344208430695, -121.89471360461907], [37.32058314472816, -121.89283056793617], [37.32495982797232, -121.86510450182409], [37.318082347758605, -121.88362715825153], [37.313305035485286, -121.88463681054019], [37.32233990661953, -121.89000328463729], [37.31723722227331, -121.91597003259945], [37.31832808933048, -121.87207453311483], [37.31117694695979, -121.89878427036105], [37.34971325339089, -121.89476027804528], [37.31561804510112, -121.88463305179795], [37.33847816529105, -121.89515107852664], [37.32989129058277, -121.87217779397996], [37.318771331051686, -121.87156677505723], [37.31359449249675, -121.89714933036073], [37.33839457543047, -121.9051391019222], [37.325439555862125, -121.89324866854655], [37.3340087799439, -121.91333380288692], [37.339705088344395, -121.87931622235716], [37.31066065128154, -121.90879795342134], [37.3261886080693, -121.87164877956128], [37.326087424221, -121.90149344091225], [37.31245586320522, -121.87334895238256], [37.33997789512871, -121.9036055137062], [37.312356003956054, -121.87152334747607], [37.32846223134715, -121.89484117900199], [37.32208648364238, -121.89381336755734], [37.33609901754003, -121.89785811019982], [37.33689875519907, -121.87415805637458], [37.31087894380031, -121.87144760106887], [37.33361919687955, -121.86892444130936], [37.35309846248671, -121.86387948191815], [37.34105390101815, -121.87897621851016], [37.316504118162904, -121.8884043871918], [37.3150913756686, -121.86491609844707], [37.31718710599594, -121.86645747048986], [37.3163171126503, -121.86684117658524], [37.35067655041171, -121.87355999149082], [37.33482112096009, -121.91474059485647], [37.33283106209054, -121.89005153004547], [37.34081282358171, -121.89666141496974], [37.33129956519765, -121.87455452613301], [37.32162972659362, -121.90007211548956], [37.32721839776847, -121.90634949417579], [37.34513341170793, -121.8672549358824], [37.3218436589817, -121.88757246399486], [37.33534581442269, -121.8665542861197], [37.31492584195224, -121.91208297126286], [37.31001534138771, -121.88198928484066], [37.31685490621178, -121.87710755743245], [37.34684913051672, -121.90890096490774], [37.332700186214346, -121.8760485125884], [37.3315352273256, -121.90173076720224], [37.323472877217405, -121.8901614036907], [37.32379001858046, -121.87748234850604], [37.345883350664984, -121.88603444749371], [37.33104366896878, -121.86169473036784], [37.319427886493145, -121.86868604461246], [37.3391902359034, -121.90935200246511], [37.335660358603086, -121.86767417358217], [37.3427351194063, -121.87123261089218], [37.318349611652216, -121.86424303691352], [37.32634059838183, -121.88117860876555], [37.35270580129355, -121.86804558093964], [37.33555320609968, -121.8871721307721], [37.31677771270585, -121.91039281278067], [37.324751140980084, -121.87844011946473], [37.34869331793138, -121.88801923024592], [37.31907537539591, -121.89062283361747], [37.31166940687736, -121.88725563014451], [37.33225141142967, -121.86880028058134], [37.346132321843115, -121.87424273796151], [37.31955776212943, -121.90226930531014], [37.31884678806478, -121.89333535371651], [37.328561069873956, -121.89677291596145], [37.33883135465692, -121.88351670302987], [37.32853963998989, -121.9079306449834], [37.33775688835732, -121.87736564352606], [37.312849146341776, -121.87617936012153], [37.344978082845735, -121.91452225907327], [37.3293244075184, -121.91574556284306], [37.32503652416547, -121.87751538037769], [37.34256156440877, -121.87598112109903], [37.34555210841578, -121.88891415001707], [37.31326349074999, -121.86602547297494], [37.332337590308654, -121.90169394811379], [37.32904720576588, -121.9068511839735], [37.334373826881205, -121.91787348165798], [37.34629999577562, -121.89503915228387], [37.348597062972594, -121.88457380946636], [37.34395289469426, -121.86341337694985], [37.31914769603547, -121.90799086726625], [37.346285045397956, -121.88855931701077], [37.3267200397768, -121.89469611259786], [37.35132599581818, -121.89974551856872], [37.318378791294066, -121.91786226797662], [37.314594342659305, -121.86746743025851], [37.31753264982502, -121.87776276781155], [37.31731388267398, -121.88018860358575], [37.327833001032545, -121.90720907854912], [37.33940124707379, -121.89024076161203], [37.31658624055024, -121.88129917633417], [37.311731853566464, -121.88005223789737], [37.32924072557219, -121.89138726891247], [37.348323092593446, -121.9165197250991], [37.30830482192565, -121.87301557773144], [37.339018530300756, -121.88301864195346], [37.31638487078678, -121.86201847270651]], "boundary": [[37.353362463400245, 37.353362463400245, 37.30829593659975, 37.30829593659975, 37.353362463400245], [-121.91799153904448, -121.86150386095554, -121.86150386095554, -121.91799153904448, -121.91799153904448]],