{
    "boundary": [
        [
            36.14912856340025, 
            36.14912856340025, 
            36.10406203659975, 
            36.10406203659975, 
            36.14912856340025
        ], 
        [
            -115.19316953205038, 
            -115.13756086794963, 
            -115.13756086794963, 
            -115.19316953205038, 
            -115.19316953205038
        ]
    ], 
    "center_point": [
        36.1265953, 
        -115.1653652
    ], 
    "distances_to_center": [
        1921.9243853277562, 
        2252.6532562483158, 
        2788.6555926062256, 
        2074.9715372938563, 
        2466.730529875217, 
        2998.1369139050958, 
        2525.5406492682264, 
        2634.0996740620876, 
        1929.6206759380007, 
        1718.0183731398145, 
        1830.1466330101657, 
        2530.2222416341406, 
        3258.3939189393523, 
        2141.2338832422897, 
        2450.9800270141454, 
        2511.840693976218, 
        2852.3882847655354, 
        1685.7080064720806, 
        2935.0210765562315, 
        2591.882445480001, 
        2190.2995371593665, 
        1876.222820615977, 
        2338.506385773696, 
        2431.5540404527255, 
        530.6992771879133, 
        2432.7566857315655, 
        1767.3663654253355, 
        1781.0533613279881, 
        2440.22882957142, 
        1976.5172312044729, 
        1469.3694841064637, 
        2120.290441421851, 
        2459.4860026215247, 
        2111.10568261878, 
        190.40113730500744, 
        2369.45283050909, 
        1470.7075815857668, 
        527.5691228673777, 
        2081.7229664677766, 
        1930.942424245912, 
        873.6458248203552, 
        945.2796373133261, 
        1288.2391334375545, 
        998.5031059961053, 
        1858.999991455179, 
        2550.7303542875443, 
        1894.4816616572932, 
        2574.2433358936178, 
        2593.398791061597, 
        1702.0716674477367, 
        2379.9800945242014, 
        1657.644614221176, 
        1466.8499071184813, 
        1588.611342290009, 
        2446.8775497337183, 
        1765.2346611460925, 
        2953.507127515247, 
        464.4078011783619, 
        1710.4583778578133, 
        1815.4731690722579, 
        1691.9722637897273, 
        2802.955294300067, 
        1278.457889444041, 
        2355.43165082633, 
        2537.251094978278, 
        2403.889882472417, 
        2133.6273208089297, 
        2536.8881494045554, 
        2364.3405324947194, 
        2225.12341578616, 
        2475.6338241457347, 
        2476.612006329558, 
        1739.239756615429, 
        691.7768122979712, 
        2921.6399898343902, 
        2520.204005170098, 
        1329.4452301671813, 
        1905.1326602044112, 
        2919.2626465011126, 
        1274.564347072035, 
        1877.5329878422817, 
        2902.182314267926, 
        2345.9315919075307, 
        2168.7478603929844, 
        2557.1759725916095, 
        1810.837286866997, 
        1577.3572797154566, 
        726.4565935956201, 
        2781.5150006783674, 
        2236.3773277652826, 
        2404.660549087666, 
        1156.637450290783, 
        2054.9240160325676, 
        2677.514895121895, 
        888.4478273571389, 
        1369.3574632431912, 
        1036.1076727065781, 
        2123.742821511805, 
        2060.6335079365513, 
        1740.6308851435822, 
        2375.386911027114, 
        609.5130000326081, 
        2430.423645101512, 
        1923.102197117315, 
        1814.893621802644, 
        2369.6283009969943, 
        2271.7155021778763, 
        2016.806761879042, 
        3041.897552322166, 
        2330.915986362633, 
        1747.510781371591, 
        1449.0093205045014, 
        2698.0526359305786, 
        2103.582155584409, 
        1988.6980893670966, 
        458.3113130399767, 
        2256.4586033419755, 
        2005.8476844261497, 
        878.9854734285786, 
        1360.2578712825384, 
        2265.7564304321795, 
        2582.6872572243847, 
        1628.225483606712, 
        1615.655608968095, 
        2949.662204389505, 
        2468.6163108909973, 
        2728.018470439329, 
        2688.792102538564, 
        1718.0754877182533, 
        1897.6590636847136, 
        2369.3262579587963, 
        2259.058893010644, 
        2755.925531991119, 
        3023.4705106010224, 
        1622.241157126327, 
        2418.407904198402, 
        1941.01643088956, 
        2452.060673978629, 
        2263.7000686384845, 
        1876.2031264632362, 
        2307.886174205077, 
        1807.6045084138761, 
        2425.426237755802, 
        2104.3528625075005, 
        1713.1407987349583, 
        2714.081506248817, 
        813.0613618520975, 
        1852.9066843375535, 
        1914.5619462430816, 
        1049.6971952182837, 
        638.8285046852396, 
        1949.9894648348484, 
        2044.4650167273917, 
        1467.9070234342003, 
        1938.2467847357093, 
        2027.391086728762, 
        1758.3998835004859, 
        2333.6650354283347, 
        735.5091240097058, 
        3135.588257879268, 
        1918.0524151135048, 
        2508.879678557693, 
        2555.635495539817, 
        3149.3937793312375, 
        2643.9049200728414, 
        1451.9140957144004
    ],