{"center_point": [36.1265953, -115.1653652], "sample_points": [[36.1283853667745, 36.12416415775792, 36.12637136522598, 36.1211268510909, 36.14346932459188, 36.1074809685722, 36.110486612267586, 36.13395610311878, 36.130593623661746, 36.12851173673558, 36.14376644266873, 36.128972411346986, 36.12665682757847, 36.12636185628638, 36.14730300100307, 36.106904050961816, 36.10923872289793, 36.12813631880904, 36.11050184344329, 36.12350151287897, 36.111349910410546, 36.13461877104185, 36.14819562172239, 36.10828259814449, 36.10735673546562, 36.10628770488571, 36.139362811036406, 36.148872393655516, 36.135486473934414, 36.14783081376321, 36.13870605244926, 36.12155783696054, 36.139226819618386, 36.122735157940085, 36.10447335148861, 36.11256529830285, 36.1412554965201, 36.145792543540054, 36.13493761542456, 36.11047860176536, 36.141891251837045, 36.105929490162445, 36.14064982399846, 36.12562690562791, 36.10989258474194, 36.13521272309221, 36.13517782691555, 36.112827639773364, 36.10939105604408, 36.12867202111101, 36.127358995622004, 36.14824701389113, 36.14386468395453, 36.146858954240244, 36.13107696814182, 36.139408642055685, 36.11557994722426, 36.13647798835792, 36.14362525435787, 36.147203765100905, 36.13625322187352, 36.12853350910029, 36.12963362415707, 36.12296675511155, 36.116444972534815, 36.14875760445932, 36.13313686196479, 36.124480839949044, 36.10608973061212, 36.12681684652663, 36.13673699950922, 36.14647231052933, 36.1460473510488, 36.13740176033276, 36.148754314867396, 36.12778434651568, 36.11588538902138, 36.106910577788184, 36.145260335016374, 36.11145816492934, 36.12498856567561, 36.11575997361238, 36.13723290761522, 36.120712131587055, 36.14541263279711, 36.11592176225011, 36.13309878985844, 36.1154359186612, 36.108223893837916, 36.128364689099186, 36.13149460865388, 36.12220599862371, 36.12310653673096, 36.14250461453174, 36.13783817896755, 36.12811004807681, 36.147560223274496, 36.122019554498365, 36.14021121844998, 36.12516822680941, 36.12363587622048, 36.10839622196283, 36.12512456142688, 36.11224340641932, 36.12382795829447, 36.138525073846345, 36.10587493504855, 36.10494758986826, 36.134644208350366, 36.1307531224331, 36.13697595380516, 36.10521282165004, 36.127168444514204, 36.11789012622684, 36.112306774523205, 36.13018713541465, 36.13685002432364, 36.139796115210714, 36.12876719345155, 36.11859671508827, 36.13365057403224, 36.11611930984762, 36.136038274346404, 36.13807162511288, 36.122371799637286, 36.11200740719781, 36.144468700256304, 36.12783147878012, 36.12882732115347, 36.11408986803478, 36.11670761745013, 36.147573783510566, 36.10825925484392, 36.12425617387675, 36.11102281241292, 36.106759937937234, 36.14759879407903, 36.1108125428409, 36.10622837241482, 36.138139569954006, 36.134076889651105, 36.1089900480857, 36.146478227630666, 36.13437215978761, 36.11921886678588, 36.14688940284, 36.111568255202634, 36.12987096228256, 36.105580645014825, 36.13299420029911, 36.12921584867796, 36.11448058758894, 36.12671951547489, 36.12461032281178, 36.109484156670305, 36.135689842046716, 36.114450605539105, 36.12972149460861, 36.10757997838959, 36.13650508522679, 36.11925943623112, 36.1120613642996, 36.11940495995661, 36.10429373400367, 36.12841918027499, 36.14248763262187], [-115.18740733003466, -115.18067562790159, -115.16351252521142, -115.17932141492795, -115.15676395529638, -115.15543420495375, -115.15523195450149, -115.14726358222487, -115.14085561816252, -115.13789038472815, -115.14576026336618, -115.19315020293226, -115.16553828854128, -115.1674023986288, -115.14282172945808, -115.1859718093554, -115.1747340509062, -115.17864090364321, -115.17442305024814, -115.1873532479249, -115.15079822787065, -115.18124155104289, -115.17179010742002, -115.18615253876412, -115.1760828959414, -115.14575946648006, -115.17295088061502, -115.17567116846814, -115.19107928723787, -115.14027039220785, -115.19252921263406, -115.16050793950404, -115.15964212089075, -115.14944497029603, -115.18345638317014, -115.1587146336767, -115.17085093135326, -115.16509921066684, -115.18083709232145, -115.18374528224899, -115.1459080662886, -115.15794894977802, -115.17679256767181, -115.18394953031394, -115.17537101232169, -115.16858179782128, -115.17774619650125, -115.14353482086112, -115.15341563956976, -115.15649045276919, -115.17404507761961, -115.1549157245181, -115.15899013250076, -115.16563355370933, -115.17038540343437, -115.15122134825802, -115.1769624823117, -115.16666482816798, -115.16985731637938, -115.16467661182277, -115.16191769641554, -115.14374660876292, -115.15994902949065, -115.18563613425972, -115.16260946834909, -115.14206222614054, -115.16229110482003, -115.15080073058166, -115.13995289783882, -115.18063329666349, -115.14638199167817, -115.18605963903137, -115.1487560422059, -115.16003755040076, -115.13999696405865, -115.14854207692467, -115.18764098750982, -115.18006932352864, -115.18150324816786, -115.15043288999858, -115.1416267695517, -115.19124731813604, -115.17644682416501, -115.16521515180763, -115.1593558197075, -115.16565402295655, -115.1396237298059, -115.17648561903844, -115.19282558354587, -115.19260908169778, -115.16912750642187, -115.13807871623618, -115.15463853370993, -115.14567111280527, -115.18866029307999, -115.17684606384047, -115.13762436822641, -115.17728279915883, -115.17659639553581, -115.16215606171511, -115.16991037535215, -115.18866323822878, -115.17277061042385, -115.13886100231372, -115.1627595031338, -115.14411438060526, -115.19001997723893, -115.18953430087586, -115.14874410167671, -115.18444376984617, -115.17504815638284, -115.16447497893006, -115.18399539376279, -115.15694478151778, -115.16323830508878, -115.17672178461527, -115.16240663250926, -115.14469670126074, -115.18222929647372, -115.17921878768841, -115.18756950781253, -115.18788327076192, -115.16549476712629, -115.17029572032655, -115.19300098698787, -115.16626771603481, -115.16657417916994, -115.15245347997843, -115.19051349042628, -115.14889928389857, -115.18476229038708, -115.14051329831698, -115.17575891624685, -115.1433702111098, -115.14320302783561, -115.13911025209885, -115.14882583773561, -115.19276843647216, -115.1482446638319, -115.14209992000433, -115.150639022622, -115.16708505072492, -115.14394579325631, -115.16916932990088, -115.1577836153229, -115.18890542588909, -115.147814412296, -115.1915775123004, -115.16328971381381, -115.17640147679832, -115.14200469759251, -115.1790817405913, -115.1711180947049, -115.18457976894652, -115.18293529482575, -115.15253124951678, -115.14218760940813, -115.18888726458663, -115.16077853999487, -115.13953243785585, -115.16603322863827, -115.13939067084584, -115.1450203111204, -115.15553168256955, -115.17439083703722, -115.17382582432752]], "boundary": [[36.14912856340025, 36.14912856340025, 36.10406203659975, 36.10406203659975, 36.14912856340025], [-115.19316953205038, -115.13756086794963, -115.13756086794963, -115.19316953205038, -115.19316953205038]]}