{
    "boundary": [
        [
            42.00268726340025, 
            42.00268726340025, 
            41.95762073659975, 
            41.95762073659975, 
            42.00268726340025
        ], 
        [
            -91.69770581616243, 
            -91.63728418383758, 
            -91.63728418383758, 
            -91.69770581616243, 
            -91.69770581616243
        ]
    ], 
    "center_point": [
        41.980154, 
        -91.667495
    ], 
    "distances_to_center": [
        1824.7060502466657, 
        1491.7275652782116, 
        1700.1096836404608, 
        1658.8044666830301, 
        1990.9349052004593, 
        2346.174243703811, 
        3032.5465189755682, 
        635.4395176013743, 
        2631.5673452196256, 
        2244.1137966244287, 
        2417.413878482453, 
        1587.442660192479, 
        2499.381943750719, 
        1603.602150846123, 
        1177.858001658857, 
        2967.7863431308997, 
        1547.8401002189853, 
        2595.9129291290897, 
        1414.0702066663755, 
        2398.408605959241, 
        2609.3778721323397, 
        1665.4897665729388, 
        1872.1436440974119, 
        2155.0627821033067, 
        1343.8974338379048, 
        538.8849372760978, 
        1454.0881309478466, 
        908.221218505019, 
        2859.484617595954, 
        406.3569346298877, 
        2399.222261287065, 
        1934.2581953079668, 
        1422.5361747246884, 
        1824.3394264326041, 
        2959.4895205149583, 
        2111.5841421319597, 
        2280.4641454496623, 
        3057.7094177479285, 
        2356.00318073673, 
        2227.323553739781, 
        1440.013783245195, 
        1247.8765822147984, 
        2727.833197702146, 
        1311.3172790235565, 
        2164.592057843356, 
        2915.2916105090035, 
        1665.8375196011496, 
        2257.7967832537056, 
        3014.8146114335227, 
        1164.5580456665712, 
        2013.0679499460177, 
        502.27547228265223, 
        551.823183564024, 
        831.9215635559502, 
        1792.051231225468, 
        2260.992276974415, 
        1594.116809875122, 
        1856.9968814987258, 
        1808.4222774350294, 
        2365.86843690576, 
        2200.5405757608078, 
        895.278535487724, 
        2017.2404346028388, 
        559.424400408737, 
        3493.364397843631, 
        2446.973824159523, 
        2034.6471465012055, 
        982.0655636857364, 
        2542.9057478680206, 
        2621.457599512601, 
        3114.090502062149, 
        2583.625827180774, 
        1434.1237569174086, 
        1727.3546141233694, 
        2783.4489624911403, 
        760.8445114936433, 
        3149.202836540202, 
        2249.102022292381, 
        2200.581929542671, 
        1629.3864863471524, 
        1638.6731485746204, 
        1246.605026029938, 
        2127.5086305951786, 
        2810.878088518814, 
        2279.0641710589853, 
        2654.522579228073, 
        2125.1715670930107, 
        871.2689087802352, 
        879.1955449855986, 
        2193.144992854217, 
        2888.6671858633435, 
        1726.5614562700982, 
        2558.4694194486788, 
        1849.5201592169547, 
        2724.460007431763, 
        1958.496520101594, 
        1445.7291970627207, 
        1279.8018318760471, 
        2290.9578214705434, 
        167.66515805193904, 
        660.2714611618726, 
        1130.4015109741433, 
        2152.7359213520995, 
        1421.8117739362463, 
        2355.469998535799, 
        3249.0629722437043, 
        2302.0890469553074, 
        797.1821556354195, 
        1784.9674957561542, 
        2799.1813867591823, 
        850.0584113234154, 
        2491.9506218678866, 
        1648.442651186864, 
        2027.4190001683787, 
        1252.83432267162, 
        808.9740303223366, 
        2532.9302769312017, 
        1272.5173650170598, 
        2501.5259855876966, 
        184.00691579831025, 
        393.30280562461985, 
        651.5481664518761, 
        2104.82808223777, 
        2243.35485495709, 
        2898.0957126626895, 
        1284.775339236055, 
        1717.5326675898539, 
        2159.535774552401, 
        2365.248007517755, 
        3297.7298680223557, 
        2049.521260530868, 
        2778.812998680228, 
        1636.2125924292313, 
        709.4718838080474, 
        1635.2593956085043, 
        1091.5199094232241, 
        1333.4015890479272, 
        876.5929701343689, 
        1600.545598618805, 
        2359.7905957966063, 
        1239.984120252637, 
        1981.9517323518066, 
        1565.648112200925, 
        2326.849315025213, 
        1641.0982650870933, 
        1552.4170696504482, 
        413.85804211801997, 
        3397.2234619952023, 
        928.7517221894457, 
        2569.3365935360725, 
        1487.2695435480816, 
        2187.3675141778917, 
        1202.7093458635045, 
        462.49848538186836, 
        1401.2461234042705, 
        2304.6325233412094, 
        2280.8238398973226, 
        1674.8881827883092, 
        2228.2115185134617, 
        2967.7478205999196, 
        2069.502052755082, 
        2078.7757914469007, 
        2508.6299306823034, 
        1562.1552615316332, 
        2595.5199391556657, 
        2548.727200070814
    ],