{"center_point": [41.980154, -91.667495], "sample_points": [[41.96647580880996, 41.96045410628148, 41.970667870880334, 41.96352090327439, 41.96615379293675, 41.96848083246245, 41.98120181518311, 41.985869772938365, 41.99126800243546, 41.98297828279506, 41.961314510060525, 41.9793892785649, 41.989268912460766, 41.97723253721841, 41.97024843474423, 41.97104152028777, 41.987477458416045, 41.97990544536615, 41.97712600863573, 41.9737015576484, 41.96394170187618, 41.996698890446424, 41.98684737320191, 42.00267377730741, 41.9577780685397, 41.98955066158768, 41.98834158803266, 41.976128585877504, 41.98591419063529, 41.98636941803991, 41.97391605992246, 41.978098937812035, 41.97456712346981, 41.97415915909302, 41.964918857338155, 41.99871899845907, 41.981536000934796, 41.970858103678594, 41.96518468082462, 41.9840890298649, 41.99500113138427, 41.98433165961524, 41.99299152870445, 41.99703920624738, 41.975816552657356, 41.96087733173833, 41.97414676801212, 41.967435825707824, 41.99224338366008, 41.99679531176976, 41.969814819747604, 41.981885399932644, 41.99852773552998, 42.00116453902223, 41.998651502031414, 41.97078779117049, 41.99749465934234, 41.992770657927196, 41.964723322056166, 41.977482569784975, 41.96281999291281, 41.990691605334476, 41.99251305770082, 41.95989430635757, 42.00177466336804, 41.99396682706501, 42.00004473892182, 41.98006621947705, 41.99517846459223, 41.97046719662271, 41.972078955854904, 41.99258106074339, 41.994133509107066, 41.9959713466343, 41.977637277466606, 42.00154154949189, 41.9977790311825, 41.96423615259075, 41.98545305124187, 41.95989671666559, 41.963116347834294, 41.99982732009665, 41.98621895181599, 41.9787272736611, 41.97412795435543, 41.96912423774319, 41.9739296159006, 42.00201104606079, 41.98580208342229, 41.964439329259136, 41.96184134506928, 41.97235086767328, 41.967881271518884, 41.95903097578334, 41.98769259106001, 41.98624809790423, 41.99738777526245, 41.99797715590598, 41.99592452106236, 41.96546438940786, 41.97773174234963, 41.961634537525235, 41.998621748259524, 41.99909736827855, 41.96792560245574, 41.97398802548854, 41.95925962564809, 41.98078811428581, 41.98038046955248, 41.97653646242938, 42.0021640056066, 41.9578482539126, 42.000407131164266, 41.96787086511776, 41.99573619606433, 41.9671688995898, 41.96041954117124, 41.99022654140759, 41.98006756860054, 42.00248944317317, 41.98219434218341, 41.99338711963828, 41.977061557989515, 41.974075315214186, 41.969650438244564, 41.97359975892892, 41.99405913869657, 41.975854919799666, 41.98034630786352, 41.98504404538726, 41.973357705865276, 41.99564123721681, 41.992886335158396, 41.96317317983418, 41.99544455302978, 41.98616985748229, 41.988165199895846, 41.96454846448511, 41.96258488355789, 41.95945443939082, 41.95784247321091, 41.97649645812895, 41.95914192780311, 42.002279909810746, 41.98971541403919, 41.97564978639293, 41.98236886444729, 41.96509806726572, 41.98968724548064, 41.98494781499011, 41.99019074416579, 42.000968997592715, 41.9755786846294, 41.96372371419694, 41.9723046460811, 41.96099076813132, 41.97973466807443, 41.98867002969853, 41.99761739395972, 41.9839264287506, 41.963410190034445, 41.9865393977174, 41.99967838733631, 41.992764170825915, 41.95959026656088, 41.97027504169625], [-91.68891458600748, -91.69167612213924, -91.68081202327159, -91.65575008448992, -91.68740729095373, -91.68781070889959, -91.69358079069828, -91.64069843361969, -91.64873554947143, -91.65242489137417, -91.68777467455838, -91.68574015913833, -91.67959274960518, -91.65381303160069, -91.65629342213563, -91.69459842180987, -91.67969767697993, -91.68504786379836, -91.68646063195459, -91.68987592222398, -91.64067000296421, -91.65791263188902, -91.6926288905087, -91.68901287259858, -91.6487921933647, -91.65743425256939, -91.69222759926038, -91.66897399951155, -91.69045470166078, -91.66233342554175, -91.64821699098898, -91.67994802169629, -91.69328307060789, -91.65336685082109, -91.68897527022824, -91.66007283671918, -91.66990400840594, -91.67211625511857, -91.69070402134413, -91.68017608396941, -91.67882924985, -91.69346154843181, -91.63841851106022, -91.65608868752858, -91.65158439073222, -91.67144413509345, -91.69296871283166, -91.63735623251574, -91.66840379982538, -91.68487042432342, -91.69319067169054, -91.64492057475404, -91.64214519922609, -91.65155766016905, -91.66990116371173, -91.68404107667557, -91.6458489508281, -91.69287007924598, -91.67792803999016, -91.68130234936494, -91.6938455193467, -91.6842949154794, -91.67719909780571, -91.65012109404014, -91.64025491774082, -91.66589416976454, -91.69025622884398, -91.65840145842883, -91.65478316413319, -91.66532337964404, -91.65181600326525, -91.68110779454231, -91.64298298331853, -91.65069972262188, -91.6458438609886, -91.65838547091899, -91.65289075287505, -91.69723486843225, -91.68757309967805, -91.64735397498525, -91.64180174773615, -91.66428745468708, -91.65728289932993, -91.66390207074849, -91.69369378434389, -91.68147905695997, -91.67874157904215, -91.68736527247937, -91.65665232207306, -91.69064801328325, -91.64577294959726, -91.67220479375636, -91.67386956845431, -91.6849864436875, -91.67054350966444, -91.67036561335063, -91.66972013383106, -91.6837669323438, -91.69706202345527, -91.66829136114097, -91.64062823078791, -91.63798217969946, -91.66565529904489, -91.64203072254503, -91.67747931627292, -91.63832190775682, -91.66465422292846, -91.6450085731823, -91.66230832598178, -91.65774136971967, -91.69213721305147, -91.68761688522935, -91.64617469917205, -91.65140440998799, -91.68881344207053, -91.66363900573116, -91.64151390813925, -91.66934657766961, -91.69379981271766, -91.6830398535131, -91.69561180689898, -91.69575591997867, -91.66083729857858, -91.65659860115579, -91.69393845032731, -91.68988953035054, -91.68665811456503, -91.66748375309375, -91.69020283371053, -91.63806425809419, -91.69628642974233, -91.63830785979573, -91.64770779434494, -91.65683954604376, -91.65182621606202, -91.66446536911043, -91.68557739033281, -91.67884931010485, -91.66909540636652, -91.66760785937701, -91.6848282368479, -91.66349737759894, -91.68947730524452, -91.6488689152856, -91.68622970852279, -91.67125581206169, -91.64236956071926, -91.67915404300659, -91.64091489598643, -91.69110856834112, -91.64228800885788, -91.6927342813142, -91.68434025442055, -91.65503113387635, -91.67922063907038, -91.68516994547768, -91.66980147245152, -91.65276335789612, -91.66000484908275, -91.65814821150818, -91.67801847755929, -91.68052107180984, -91.69395324571265, -91.64959334249943, -91.64163779378369, -91.64887148366826]], "boundary": [[42.00268726340025, 42.00268726340025, 41.95762073659975, 41.95762073659975, 42.00268726340025], [-91.69770581616243, -91.63728418383758, -91.63728418383758, -91.69770581616243, -91.69770581616243]]}