{"center_point": [36.1140651, -115.1730135], "sample_points": [[36.093273600958945, 36.115058528489584, 36.12545633199792, 36.099140478442564, 36.11285730458533, 36.13407221464582, 36.113496811110195, 36.09425356501622, 36.12079507122583, 36.134224073114495, 36.12832054763255, 36.10494506956824, 36.109994377044664, 36.132226215221074, 36.11302662426324, 36.09842285720683, 36.117620713631496, 36.114107638535096, 36.113246854941885, 36.105038215002935, 36.09381719357589, 36.1154521531378, 36.10713550500121, 36.10591414346028, 36.105967990742926, 36.10117574114241, 36.116131113990676, 36.122674347170864, 36.12558638598199, 36.109480430592015, 36.104012652623815, 36.13310220546601, 36.119983274629, 36.11536223543043, 36.10112105347052, 36.12435558810134, 36.13599728333747, 36.09809517493717, 36.098088102673074, 36.12396128494983, 36.117083060260214, 36.10375931131184, 36.11797937469615, 36.09515574585919, 36.103935829646275, 36.13406846128289, 36.11320429364936, 36.11111317058942, 36.096288939951606, 36.12765575003322, 36.111912877386985, 36.10008354524987, 36.12826753420725, 36.1011533036922, 36.12204026150767, 36.09306209253175, 36.10501844864909, 36.119801429382875, 36.12683999775991, 36.115905242742556, 36.13591415564684, 36.09274951759241, 36.1347865789138, 36.11310137885883, 36.1357557813748, 36.131434120779446, 36.09380175314273, 36.10845452559277, 36.098423051346536, 36.10335194230168, 36.13292259423955, 36.13145156152581, 36.11075395165795, 36.12712275910298, 36.0920767153838, 36.11238801443418, 36.135744260526536, 36.1292903015828, 36.12355761809382, 36.132555073577684, 36.10747921617931, 36.11762420333967, 36.12275141973819, 36.113296146457415, 36.128036618988034, 36.11379593216578, 36.11968689558839, 36.11702134423841, 36.12501327868196, 36.0959954956336, 36.12175351991415, 36.097295134274816, 36.1085446417354, 36.11073798163768, 36.09855636673587, 36.12859196439958, 36.10534573295343, 36.132839671229114, 36.11839992304323, 36.110737987894026, 36.12208436126028, 36.0946048372517, 36.1164816922686, 36.10279744210287, 36.093576664254705, 36.12499702412755, 36.13599405493562, 36.135306834561305, 36.09293822472743, 36.09721974779931, 36.122351033449135, 36.128228159077764, 36.100161972567086, 36.09551714780065, 36.107912012218335, 36.09877165164319, 36.092401900838915, 36.106725553188014, 36.11842347466485, 36.130362934331416, 36.09834521547609, 36.094299904696506, 36.10694089146491, 36.120977444438275, 36.103042700622055, 36.12414223706398, 36.10514312335392, 36.13051619909244, 36.131970836244406, 36.095977442647644, 36.1362288875759, 36.0953665907646, 36.132963289263856, 36.123276301474654, 36.126802732535445, 36.12074651906743, 36.12387529775417, 36.09926077898332, 36.0975897178469, 36.11196210927849, 36.100201836418755, 36.10849148470122, 36.09270151926703, 36.114589102681755, 36.13449068097194, 36.13194733896879, 36.11580825545578, 36.125907088702945, 36.11835643058412, 36.09575099524552, 36.1063972713309, 36.130786814166065, 36.09835463538568, 36.11087584728177, 36.12866052107756, 36.12421024972055, 36.13555593361878, 36.133050158386204, 36.12385381529264, 36.12196992048863, 36.13477841021357, 36.13562183106524, 36.10093949883135, 36.124580124545986, 36.10007758871148, 36.12795327073137], [-115.17764343448114, -115.146359429073, -115.150100417472, -115.1870007606135, -115.1927516492117, -115.14854183312431, -115.17994550278306, -115.19391512714904, -115.19502245401478, -115.1737635334301, -115.17890986269904, -115.16241873081071, -115.15427043345537, -115.15650573262558, -115.18232354519824, -115.19039198971173, -115.16501019100869, -115.16143363756692, -115.17940724240759, -115.16312617447278, -115.18598721439423, -115.17313508494959, -115.15045983017144, -115.1959888038284, -115.19964371655868, -115.17393388705759, -115.18348780458963, -115.16795320263479, -115.19803373248344, -115.15199058076476, -115.19569980528162, -115.17614777227618, -115.19258499421913, -115.19992145200716, -115.18555929803273, -115.16574089187444, -115.18792721420692, -115.15554827272499, -115.16433965731778, -115.19130378072863, -115.19472477999443, -115.16188492090977, -115.18398125444853, -115.15676937115657, -115.16011275970308, -115.15705710470355, -115.1578489249865, -115.15326787150165, -115.17936574855246, -115.16128079765397, -115.15018007852473, -115.18484910045211, -115.17846132485587, -115.16563185005447, -115.19780547214745, -115.16612895877505, -115.19192479760866, -115.14581432585801, -115.19299893297706, -115.16036380016952, -115.1648889412093, -115.16901787269039, -115.17534481879171, -115.17837855574889, -115.1604690450845, -115.17513693173949, -115.17188527746434, -115.17723461114664, -115.17874116778911, -115.16585701004165, -115.1717298839537, -115.1601546541231, -115.18824708493824, -115.18133090175034, -115.15761939066039, -115.17368758232253, -115.18158449273743, -115.1501752512878, -115.19731520167122, -115.19343976424783, -115.15997189378375, -115.18198894015305, -115.18522483254752, -115.16482570895201, -115.18073584117276, -115.19058684073954, -115.17693153849987, -115.1555198807442, -115.18947102194257, -115.15968851120587, -115.19256235866739, -115.20016022750451, -115.19640042229472, -115.17029062828576, -115.16086632637892, -115.16614072771065, -115.15029246717343, -115.14654598906368, -115.16593414736157, -115.15835302548106, -115.17338799830674, -115.19757861251563, -115.15570213312569, -115.17240435885358, -115.1817317657481, -115.15271048342338, -115.18534473663941, -115.18183631832133, -115.19553594935222, -115.19297579132137, -115.19241958900939, -115.16892504377594, -115.15562770003496, -115.19158740280577, -115.156837456275, -115.14718721272216, -115.14766052440474, -115.17215412773548, -115.15472627532277, -115.17724922075261, -115.19141715678869, -115.15020637243501, -115.1600368293269, -115.18412965242285, -115.1523262247297, -115.18296978512979, -115.16544704710155, -115.19578630678053, -115.19413307037358, -115.1913960258177, -115.14596162622001, -115.15419433502944, -115.15973773866503, -115.19804254678586, -115.17058783086499, -115.19795218988283, -115.18516708895712, -115.1755016222854, -115.19780812202288, -115.1632085766661, -115.16125760946251, -115.17507227577613, -115.1998884392207, -115.16440534150055, -115.1939672609535, -115.1917917371923, -115.15154288653787, -115.16707362774477, -115.16192238823001, -115.17530244573723, -115.16732100621998, -115.16954184556367, -115.14888146769613, -115.17239024203545, -115.18401354916415, -115.15754380638676, -115.15230377224495, -115.1722227568797, -115.18636985374175, -115.16462684066369, -115.178241817047, -115.19412485111941, -115.14735478450564, -115.1975865002647, -115.17682198597036, -115.18144380240773]], "boundary": [[36.136598363400246, 36.136598363400246, 36.09153183659975, 36.09153183659975, 36.136598363400246], [-115.20081339503459, -115.1452136049654, -115.1452136049654, -115.20081339503459, -115.20081339503459]]}