{
    "boundary": [
        [
            36.136598363400246, 
            36.136598363400246, 
            36.09153183659975, 
            36.09153183659975, 
            36.136598363400246
        ], 
        [
            -115.20081339503459, 
            -115.1452136049654, 
            -115.1452136049654, 
            -115.20081339503459, 
            -115.20081339503459
        ]
    ], 
    "center_point": [
        36.1140651, 
        -115.1730135
    ], 
    "distances_to_center": [
        1499.0717181764244, 
        2471.116469712236, 
        2091.1434407404136, 
        2286.3654784451064, 
        2409.2355276923863, 
        2239.9062533879846, 
        2936.312873531123, 
        1474.916908116777, 
        527.1191075915169, 
        1399.4097200825888, 
        2258.0089119256354, 
        2076.922172545637, 
        2445.512577570824, 
        1487.9120155885116, 
        1901.8980866575448, 
        659.8186767973533, 
        1763.5767848934534, 
        2908.5955219043863, 
        2508.5263179295457, 
        2086.990385112022, 
        535.9961038535574, 
        1765.4743658239436, 
        2390.934799635703, 
        2305.5175544307936, 
        1655.1838764752686, 
        960.4949341582783, 
        1167.529442471267, 
        1924.3164882320466, 
        2238.3198962424367, 
        1631.9640884558182, 
        3424.5527330321675, 
        3036.1564532569337, 
        1947.2997459805376, 
        2100.200504828756, 
        2376.99540838871, 
        546.5658804852268, 
        3009.3858093377453, 
        1061.048387206567, 
        1977.1044877639847, 
        2748.1551444339707, 
        1983.6594309151433, 
        1560.0925238599661, 
        2382.6658994182367, 
        2222.855872329576, 
        2753.1044419793366, 
        2193.5502739863186, 
        1986.5591306109743, 
        3072.810539692183, 
        2929.5892411519885, 
        2351.947561215743, 
        2799.6946192925247, 
        642.817547990261, 
        2290.3829590312744, 
        849.3017997559223, 
        1557.6139731722285, 
        1921.9409651111523, 
        2368.102583560924, 
        1435.0703883929602, 
        2422.0295187516563, 
        1896.6619033746758, 
        2983.3770135899713, 
        2788.650064023939, 
        1833.1712261681482, 
        1068.3019085676126, 
        2436.2041042006385, 
        1714.8791646265345, 
        1762.9733503493524, 
        1499.0157946129186, 
        1308.6259158219111, 
        588.9795194675131, 
        3211.1302716408723, 
        1570.7410992593177, 
        2043.4747763766086, 
        2290.3603021390336, 
        856.218005581004, 
        1551.7501478870956, 
        3364.8925497348296, 
        1612.6517308212733, 
        2400.476131326237, 
        2789.553082325455, 
        1015.7168089117921, 
        1548.5769367719506, 
        2007.3258529710554, 
        3378.2608309166153, 
        1295.2602030608589, 
        1519.275195990277, 
        1881.3940814164457, 
        1125.313488758386, 
        1600.8613968748298, 
        2274.376409774416, 
        1870.510911764107, 
        2355.5768270771578, 
        2602.527525741478, 
        1908.9398396500137, 
        1834.2339303494891, 
        2759.0331487140197, 
        979.0343355611658, 
        1640.1961013239666, 
        2620.865621978729, 
        3269.063612774584, 
        1289.4835737421254, 
        1861.4942348832496, 
        1426.262487456468, 
        3041.291046742229, 
        1572.7929422563482, 
        2062.198718007462, 
        1964.140209351206, 
        2542.4972907264923, 
        334.199770192108, 
        2898.6077371207202, 
        566.2698799737001, 
        2050.435682920394, 
        1131.9094194835543, 
        948.0653225667487, 
        2299.477906995539, 
        1726.8901623207867, 
        3309.7860045622174, 
        2416.2550550299893, 
        2783.6634138749178, 
        1126.7390950339393, 
        1316.9401332576256, 
        2380.954704537424, 
        2533.4653146752753, 
        975.1557421469836, 
        2178.9696846614875, 
        2141.884266217179, 
        2453.951154953496, 
        1788.2610417678277, 
        3150.0026086125063, 
        1532.7010595643255, 
        1920.9237457323768, 
        2068.9039100655673, 
        1365.9980089163837, 
        2527.7574302370535, 
        1908.4064012203569, 
        682.7410800750412, 
        2328.419030114334, 
        2127.672461165587, 
        2203.9298177175237, 
        1977.673691471684, 
        2442.7302740752975, 
        1571.899850875956, 
        1427.964532650459, 
        2243.8604382069284, 
        1835.0127954970958, 
        2826.5043194103046, 
        2235.354470706213, 
        2539.8590088935052, 
        2809.601007642164, 
        672.9539937328163, 
        2641.515010491445, 
        2667.8528396133916, 
        2190.4252825017616, 
        550.199029714106, 
        2286.446064729768, 
        643.6719355232605, 
        3002.6988483672594, 
        1098.732912918338, 
        2533.1758371524033, 
        1904.8601215514643, 
        2237.236020897502, 
        2500.18330553902, 
        2672.6872530537426, 
        3068.3893185295806, 
        2868.1352390758984, 
        1410.7490744204586
    ],