{"center_point": [36.1140651, -115.1730135], "sample_points": [[36.126908905922356, -115.18398483847888], [36.11668315907344, -115.15220545637565], [36.12730914583933, -115.18712942994692], [36.10240151801923, -115.15642204473316], [36.134498309548704, -115.16992644430634], [36.116420231419724, -115.14854488398497], [36.09766312383564, -115.17228243991505], [36.12121911597527, -115.14630977933207], [36.10533185938943, -115.18361811965761], [36.092721132295594, -115.16813274856804], [36.095132755701826, -115.15490111142468], [36.094090755720856, -115.18553315593792], [36.1200523313326, -115.15339902988337], [36.13583717143237, -115.18145819542248], [36.13157111381245, -115.1826970972637], [36.12473755613508, -115.14937341350966], [36.093933714690564, -115.17606520852297], [36.11030025482876, -115.14695311412245], [36.09204801987726, -115.16261360981694], [36.130388071649556, -115.16656690366733], [36.09988086355551, -115.19704373239827], [36.132119759244695, -115.18161235618611], [36.0927266256821, -115.1825358055899], [36.13510146694238, -115.16031785787172], [36.1365152714411, -115.14692710182128], [36.100500826306195, -115.14846266945551], [36.12181463538947, -115.1626180053377], [36.109371736557485, -115.18337065737026], [36.135534100494894, -115.17265244007758], [36.10174370605041, -115.15727966752986], [36.113476310371425, -115.19714223585918], [36.095942715102765, -115.18964071278448], [36.108558110697494, -115.19712757540192], [36.11925949841695, -115.17890658197409], [36.10599557488893, -115.15158291249392], [36.12627107225903, -115.1915259108731], [36.09319442041864, -115.16299912359557], [36.120109997503626, -115.16793047028347], [36.12086947117788, -115.18668215752632], [36.12462957351976, -115.18260788642195], [36.10100402197839, -115.1808279429215], [36.122053766411796, -115.17475993192295], [36.11080777265724, -115.19558480041354], [36.12766982798433, -115.14753337951566], [36.09864897667242, -115.18852694247266], [36.126258183181356, -115.14755728350994], [36.10938175687668, -115.15344454985318], [36.0988268211503, -115.15063172461306], [36.120694726258726, -115.18967098886513], [36.10740091997684, -115.18426683274842], [36.127002292080114, -115.18238930662382], [36.11520070594041, -115.19588912162335], [36.121921586436365, -115.16631042813621], [36.09189348165448, -115.19553132774116], [36.135168114983074, -115.16483351103298], [36.12216024852852, -115.1847412745565], [36.09420857329948, -115.16100920123225], [36.09408762769625, -115.19797421441132], [36.0928109511665, -115.18329467702654], [36.108250077360914, -115.17958301297394], [36.13292727464984, -115.15186024640222], [36.13452801721318, -115.1547821702075], [36.12190274363671, -115.15850951805332], [36.11419317667031, -115.17762531625812], [36.12347665088847, -115.15014137616512], [36.116988177404075, -115.15396209095474], [36.09516564331447, -115.16410376719223], [36.121039662272366, -115.17347493540399], [36.096538505963956, -115.19772136458451], [36.135305208663546, -115.17025039201042], [36.118064592690196, -115.15598504772565], [36.12692631106933, -115.17709101315859], [36.13110804723967, -115.19116175187914], [36.12329076844464, -115.16229870906577], [36.09604793499816, -115.15558587779779], [36.12161182390205, -115.14637647697194], [36.12767415982567, -115.19121502915046], [36.12069642732372, -115.16869072015949], [36.10388697671699, -115.17440358263362], [36.13635984753222, -115.14869614101157], [36.12342387960486, -115.16053855321243], [36.09503826602262, -115.19207332290493], [36.112067113534614, -115.18750831374159], [36.10080437952826, -115.1542493536597], [36.11903839907832, -115.1897127898196], [36.10800860281948, -115.16014267486577], [36.13623950192162, -115.17317015313921], [36.13233225134691, -115.19561188569664], [36.12506921388333, -115.14667517663676], [36.107788733606334, -115.16485857277898], [36.12466125827605, -115.1879958454403], [36.124351838443914, -115.1657056940027], [36.13223610679678, -115.19171220104559], [36.1210549390779, -115.20049291991822], [36.128436590289795, -115.18565916196586], [36.12821975483697, -115.18425210412853], [36.135757945394715, -115.15409492287891], [36.10268314371541, -115.1747213671132], [36.11453777980598, -115.16554566162307], [36.12777907143934, -115.19781302534977], [36.09193579283279, -115.1874413816473], [36.09947106261869, -115.14589090813931], [36.1098127922192, -115.1491577405469], [36.12887853111532, -115.17162400901465], [36.1237016092089, -115.20020913832577], [36.129991227265286, -115.19912490201283], [36.091686972028384, -115.16860615916349], [36.10363018904319, -115.15407638201795], [36.12737733146993, -115.19915845141526], [36.133593270622455, -115.17758864380285], [36.116961949095405, -115.1539053582431], [36.09247122630245, -115.18376671486642], [36.12856764590027, -115.19754037981882], [36.093063799188435, -115.18729514311006], [36.10292944245482, -115.14893063363051], [36.095569912437206, -115.19531997007033], [36.09814387985284, -115.17585599499495], [36.10752721117016, -115.19324213695256], [36.09656830402481, -115.18220497331761], [36.12982498370964, -115.19430345610543], [36.10825007884003, -115.182471661072], [36.119706607827865, -115.19984463279272], [36.096440207946195, -115.16745151148004], [36.112652925221774, -115.15985843408919], [36.13038723926727, -115.18529967654275], [36.10642238135486, -115.17860986889427], [36.0993928279259, -115.1573707354044], [36.107201929564134, -115.17387587607209], [36.11930414957548, -115.14666843703526], [36.117965879371454, -115.1491500893703], [36.09340535998799, -115.17699400826602], [36.129509205013676, -115.18886660532391], [36.13415693497801, -115.18591908086168], [36.09215128681032, -115.1781768318513], [36.09516494018665, -115.17378121149655], [36.09404152766941, -115.19650385728578], [36.11448641034004, -115.18980405322849], [36.1239427572211, -115.17996615897157], [36.11664066105547, -115.15093548947517], [36.09959672326834, -115.15892730022105], [36.12834907537675, -115.1504265952126], [36.10266920972151, -115.19093859113549], [36.10076469161369, -115.18151741803268], [36.12728416222881, -115.1912952925885], [36.12670533044913, -115.16043692371423], [36.108034633713835, -115.16713484945075], [36.091620161866786, -115.18097184461804], [36.105918055105015, -115.15984932234242], [36.11610554693284, -115.17648060589326], [36.106342382050606, -115.15887000271402], [36.09721692600657, -115.17851432897753], [36.09393178351036, -115.17657600551588], [36.10081294841738, -115.14582270710771], [36.10485310757092, -115.17416484316618], [36.097841545407626, -115.15231657434674], [36.09998328852653, -115.14619282523867], [36.12765670282564, -115.19382542436931], [36.09263209256829, -115.15570036384796], [36.113849115323106, -115.15551333360075], [36.091653689566, -115.18574103694094], [36.11261922283561, -115.1579430031447], [36.107858419455766, -115.1561849230096], [36.10302317956709, -115.15178103376047], [36.126290277396734, -115.15462117545036], [36.1048516475658, -115.19967711653328], [36.10724843878414, -115.16403473964685]], "boundary": [[36.136598363400246, 36.136598363400246, 36.09153183659975, 36.09153183659975, 36.136598363400246], [-115.20081339503459, -115.1452136049654, -115.1452136049654, -115.20081339503459, -115.20081339503459]],