{"center_point": [38.8981251, -77.0208804], "sample_points": [[38.89953086005224, -77.03403399219023], [38.88635451524278, -77.01993395621851], [38.8898261355077, -77.01885324713321], [38.89559421989811, -76.99579317223736], [38.89181269320321, -77.02038376021653], [38.91166890540471, -77.03711079050674], [38.9198791720429, -76.9955442006316], [38.87614430643524, -77.00399052238315], [38.88973631902284, -77.01807520155552], [38.90329610992558, -77.0171637830373], [38.884957902746656, -77.01982068271623], [38.914355066532174, -76.99205650985583], [38.90569170966899, -77.04140268099431], [38.89365984512166, -76.99688635227595], [38.88371678870085, -77.02542272420958], [38.895950532170154, -77.00511958533704], [38.9168593409062, -77.00722288739915], [38.89716150862246, -77.02921098542552], [38.90621488429012, -77.0269567117027], [38.90394282880787, -77.03455789514689], [38.91359402853554, -76.99519482015249], [38.89114710965144, -77.01917216619539], [38.89385343311788, -76.99561310015625], [38.885166151000384, -77.00811512446703], [38.90909181884822, -77.03965547287697], [38.87758769871429, -77.04221643193992], [38.9177415347332, -77.03300188995196], [38.887603684271575, -77.04373458179683], [38.91565056622393, -76.99529499724784], [38.90288861336921, -77.03981357447682], [38.880934278396175, -77.03920960536536], [38.89542003770508, -77.01302298568345], [38.88453138897512, -77.00184607390857], [38.901101149411275, -77.02565905485778], [38.90604688477168, -76.9929830412956], [38.893845961035986, -77.02371528655446], [38.916689578396756, -77.00460632558007], [38.90099030363663, -77.03647179247639], [38.89206308447718, -77.0411238811063], [38.91695373882371, -77.009539394759], [38.88098617582975, -77.02008818642577], [38.900720768099966, -77.04359430560548], [38.916752774062125, -77.03606794320002], [38.916169686627875, -76.99651831817451], [38.89970489168629, -77.00947210780332], [38.87679835400096, -77.00993174478381], [38.88243933783385, -77.03023793768526], [38.9136353467069, -77.01585261667557], [38.88705061918196, -77.03710215502396], [38.91315154387885, -77.03720977878719], [38.89778546161121, -77.01177903846899], [38.91753565297555, -77.04050656129955], [38.895415826757244, -77.01486564753182], [38.903025218362, -77.04930905649971], [38.915661450618735, -77.01805433919266], [38.911210405931676, -77.03897822981024], [38.895850459496714, -77.03891108576887], [38.894417853910376, -77.01377574580913], [38.916009919909186, -77.00339549267477], [38.896563412535144, -76.99648330080642], [38.89248823967903, -77.01412107206711], [38.88662874424987, -76.99489198876526], [38.905913707533294, -77.01457664031187], [38.90677836543562, -77.00805555587957], [38.91986687597223, -77.00905100057058], [38.911674804491454, -77.01124300567582], [38.899103589254544, -77.02438996080065], [38.890010873083924, -77.01938310431953], [38.91303601988125, -77.04495904277823], [38.91680448277667, -77.01630717817521], [38.87721802725365, -77.0310828716585], [38.89069811668898, -77.02009127368568], [38.90667033318012, -77.03100565903175], [38.91769444812306, -77.01574733847735], [38.89484856671332, -77.01803040756236], [38.903407781592136, -77.01276335310334], [38.90043306910339, -76.9928711811817], [38.88618614354631, -77.03731208242004], [38.91670535276811, -76.99818492479524], [38.90849068394174, -77.00651506002468], [38.91871673597883, -77.01742334150853], [38.90609083229397, -76.99685694316636], [38.92011956569013, -77.01625859115201], [38.89550897486437, -77.0084705942973], [38.89254823535981, -77.01951883594582], [38.897228005864555, -77.01127603708132], [38.878747160821895, -77.04932547581333], [38.893033409029734, -77.0359864387285], [38.91237167695728, -77.0399576299143], [38.9049302345033, -77.02819008615892], [38.917486411740775, -77.00446549793448], [38.895138757750324, -77.01870329161383], [38.881928510109674, -77.0099814664833], [38.888389911154206, -77.01116662688999], [38.90934958855117, -76.99488171275014], [38.890949068859335, -77.03306650325516], [38.91603286955999, -77.00111175270712], [38.90044445940589, -77.02473054395729], [38.919500924266735, -77.03981776388387], [38.89972097419719, -77.04165343611012], [38.90391399649476, -77.00627243047799], [38.905943947010144, -77.03967082295594], [38.900226381977106, -77.0119122255082], [38.91471624644357, -77.01761931297594], [38.90807714650184, -77.01473997041113], [38.887290534010084, -77.03994110335533], [38.89685484784626, -77.00672394065627], [38.91173659023283, -77.01500249933765], [38.88868550860344, -77.00991919680655], [38.918180417292284, -77.02102986277858], [38.88331676411461, -76.99535130631223], [38.90063531635279, -77.02920342082766], [38.8877837819601, -77.04753511577898], [38.89032155452425, -77.00537397639866], [38.90093057643888, -77.00430637928564], [38.904649309109864, -77.02574223434878], [38.907143402777024, -77.04623773074086], [38.88747833978791, -77.01906846940213], [38.90271946050365, -77.0323199961001], [38.88543957528999, -77.01258942476491], [38.87621191873053, -76.99246210173584], [38.910570045779195, -77.04523746454119], [38.8758845587621, -77.00328181229432], [38.918641432993496, -77.0369656942774], [38.911765703935814, -77.03769110201746], [38.9052335149789, -77.00686055952808], [38.913431677047825, -77.01709139909659], [38.88468540133776, -77.0144380404782], [38.89010916792671, -76.99290598519391], [38.91891047314067, -77.04026681483239], [38.89733231781393, -77.01426826861777], [38.88784063500482, -77.04597750629479], [38.919084925384176, -77.02960662949117], [38.9037058434872, -77.02124448414207], [38.88762748785127, -77.004112432982], [38.91957580671062, -77.02498556082419], [38.905620817176334, -77.04510675789676], [38.905384734855225, -77.04553541498146], [38.887649960277095, -77.00094068541411], [38.901615736673264, -77.0130574899049], [38.91627831244958, -77.00167839332715], [38.89432135752419, -76.99594738780932], [38.88543015750397, -76.9962213785011], [38.91980763397633, -77.02100738073447], [38.90894926790652, -77.02046848234839], [38.89049778771552, -77.03152136133734], [38.890884104931324, -77.0374216706086], [38.88507552920983, -77.03985615120732], [38.90554988414292, -77.02872110546873], [38.90315951605842, -77.01369794765388], [38.895180666042535, -77.04510435301799], [38.916441365588746, -77.0369914476036], [38.88033207232514, -76.99343807297439], [38.90827174361807, -77.03011428002698], [38.896081998627324, -77.0219302956674], [38.90429002792618, -77.00693531365079], [38.90281075756875, -77.03235756297723], [38.88269293239765, -77.01076838031624], [38.91269649274054, -77.01358657760281], [38.895761655359635, -77.03307745540307], [38.885111763176354, -77.01387116237787], [38.892348247828636, -77.03774961230538], [38.88749592601582, -77.02449206319963], [38.90158184519235, -77.03238978951349], [38.89517068178742, -77.04397816711054], [38.90525588061031, -77.01708044742429]], "boundary": [[38.92065836340025, 38.92065836340025, 38.87559183659975, 38.87559183659975, 38.92065836340025], [-77.0497369591179, -76.9920238408821, -76.9920238408821, -77.0497369591179, -77.0497369591179]],