{
    "boundary": [
        [
            38.92065836340025, 
            38.92065836340025, 
            38.87559183659975, 
            38.87559183659975, 
            38.92065836340025
        ], 
        [
            -77.0497369591179, 
            -76.9920238408821, 
            -76.9920238408821, 
            -77.0497369591179, 
            -77.0497369591179
        ]
    ], 
    "center_point": [
        38.8981251, 
        -77.0208804
    ], 
    "distances_to_center": [
        1829.8789192656814, 
        2511.5401995637903, 
        2623.580484901741, 
        3194.29887610146, 
        1372.785617307419, 
        3014.8018797273257, 
        2358.891800545586, 
        1576.556079911294, 
        2066.8004571507518, 
        1373.6415977072659, 
        1603.5824233029352, 
        982.3194346756783, 
        1963.3882187773697, 
        525.8437999023766, 
        2231.7744473383586, 
        1048.172694989323, 
        2417.8262104115583, 
        586.2003507700309, 
        2918.4099547660176, 
        2444.1402046227195, 
        1687.9658232853883, 
        1076.260172915813, 
        126.43273346250841, 
        1640.474790300397, 
        2345.5468683402846, 
        2793.4149950271194, 
        1492.967361688395, 
        2239.0782191991425, 
        2190.684510734535, 
        1601.8270455208235, 
        1972.599661741209, 
        1810.1679004714927, 
        670.0100827211077, 
        1716.1783901376073, 
        846.5015361591524, 
        2112.3474109796075, 
        575.148121509622, 
        2023.526264270978, 
        1960.7682531269127, 
        1388.8917087152488, 
        1418.7100532348281, 
        2470.4587561467356, 
        915.2545133528814, 
        1028.0311358393167, 
        1720.9948252953186, 
        2033.8734383311387, 
        3242.1076171223135, 
        2249.656627459797, 
        1420.972100519693, 
        2100.272727765081, 
        2218.9547325646795, 
        3124.154247918191, 
        3204.599085629331, 
        3260.24121587923, 
        1412.4098729802492, 
        2718.6276391773295, 
        2028.4591822485081, 
        2221.956835202697, 
        1475.9094246595773, 
        82.89708732702846, 
        999.4666208614719, 
        2305.408395364112, 
        520.3026247547056, 
        1990.6261056321987, 
        3006.499032296744, 
        1346.0597457389495, 
        1289.6793310264904, 
        2433.0867281797223, 
        2743.2645028641914, 
        3396.1272377412456, 
        2302.6556611172987, 
        2018.6080000266577, 
        2925.830195450575, 
        2095.949037521238, 
        2742.9703445580085, 
        2304.831430978627, 
        1973.1263343809394, 
        2175.5252764971574, 
        1945.4412355773115, 
        2312.7002944432743, 
        1470.830386031289, 
        756.3473816535325, 
        1264.8604991501632, 
        1931.076314693891, 
        1838.518834361812, 
        1380.2352001326565, 
        2064.637961507917, 
        1944.1482042184257, 
        2333.685848946197, 
        2516.4907681434956, 
        1358.0140865975818, 
        3155.4618833519326, 
        2203.664899152738, 
        1178.1527235246467, 
        1535.652407366731, 
        1423.9605113753435, 
        2344.316798061191, 
        2509.2470810658947, 
        2470.3900940575427, 
        1965.6069706512608, 
        1648.2688924818613, 
        1980.643177772716, 
        844.7004687264113, 
        1770.8926024724653, 
        1393.8922521113084, 
        2021.3618355342078, 
        1567.2862565958117, 
        955.4106021873149, 
        548.7701629288161, 
        2979.1754201505632, 
        850.7362786538483, 
        2525.0767785275084, 
        2590.105891237929, 
        857.6748642416841, 
        1576.1263717341646, 
        1433.1674844613292, 
        1423.7393403839003, 
        2006.8862498204462, 
        3038.573753570607, 
        3020.8966030401425, 
        3293.491576001401, 
        2342.0966774215754, 
        1634.5186925067749, 
        758.0190571707219, 
        2266.2713216507414, 
        2068.948893442576, 
        766.0792247470415, 
        1829.7545707093375, 
        1124.5858649911404, 
        2535.1747035684907, 
        3053.1258238695527, 
        2708.270461896046, 
        3265.0570649055985, 
        2022.1758985608894, 
        1493.7106996939249, 
        1976.9542398422557, 
        2756.9757023755396, 
        1688.746659013094, 
        1507.8620822335527, 
        2383.478594257167, 
        3261.7635525895616, 
        1737.8900977429255, 
        2096.631049359938, 
        1259.826060924756, 
        3070.5138424688002, 
        1649.5398992955895, 
        2193.1349199802457, 
        2587.445213811178, 
        2321.0929257112234, 
        1977.6478601152105, 
        1074.1273368606396, 
        1920.693267394562, 
        1121.1784682020295, 
        327.9720594252759, 
        2788.067118658418, 
        2545.431647183561, 
        2492.0093528092148, 
        2493.8577402814776, 
        1822.884449534268, 
        2072.399880428303, 
        1618.475331844861, 
        1002.0132174844658, 
        2415.997703164397, 
        2224.993687820697, 
        2600.0529723121617, 
        1920.0043687975908
    ],