{"center_point": [36.1209, -115.149], "sample_points": [[36.111747058285424, -115.12229677449548], [36.12822765990609, -115.12268354636053], [36.10299233377724, -115.16897167074144], [36.13576372495025, -115.17392518467258], [36.13277705736822, -115.1265801780636], [36.10108400909155, -115.14424377932578], [36.12655743354445, -115.16985422366206], [36.12630914802727, -115.14297268681234], [36.140690649500215, -115.13799206614411], [36.12625976450299, -115.13215280457892], [36.128770186268575, -115.15360346422668], [36.141703396157794, -115.14013997610617], [36.10764650376898, -115.16952918705547], [36.11955967009633, -115.15083768260143], [36.11188358740697, -115.1521193350823], [36.11037855789204, -115.12696910769756], [36.108220399239194, -115.16455800030018], [36.10864179304306, -115.15413815687945], [36.131970611347676, -115.17487729354725], [36.13848989713947, -115.13211514938027], [36.100292816982886, -115.13684125928712], [36.10294708279919, -115.17379178353409], [36.107750380645456, -115.16050767262779], [36.124882095075826, -115.14040734107054], [36.12439651873724, -115.16938772573485], [36.10764667192581, -115.17197393789655], [36.118743873724355, -115.12756971224978], [36.131126267856985, -115.1517971671362], [36.11951251658235, -115.17161644112166], [36.12335105904213, -115.12422775195883], [36.12588000357843, -115.15757634533648], [36.117987448304206, -115.13918928768696], [36.13887619025511, -115.13438108987121], [36.13708142839793, -115.15415715933527], [36.13004547863114, -115.13635439584026], [36.09924628222038, -115.12443600154597], [36.117715248414484, -115.13876585621885], [36.112416320505, -115.14042884973404], [36.119993890417945, -115.15664261109295], [36.1067132494005, -115.12340914868201], [36.12080819563821, -115.16742568369958], [36.14050644406158, -115.13690482247681], [36.11550671950004, -115.15899951149997], [36.11279686958102, -115.17373814170655], [36.13056230237208, -115.15440120075314], [36.11557625172465, -115.17203306336535], [36.10546764811195, -115.16534945292335], [36.11037337860606, -115.15426848683131], [36.12861239419799, -115.17026639765614], [36.13288779229119, -115.13732619783278], [36.11832708848066, -115.15804171942129], [36.13789359782751, -115.16821426775574], [36.124914852838096, -115.16051902884935], [36.117389105436395, -115.17055655601887], [36.12967626094222, -115.1384519910107], [36.09954500653488, -115.1348090997546], [36.10843830416478, -115.13251585801595], [36.116781647849024, -115.16719629123446], [36.11966626252688, -115.14099157291523], [36.13857444914177, -115.1415350829131], [36.12428410037411, -115.15275718812961], [36.117454698494676, -115.13037073874237], [36.10312944867169, -115.14468199728546], [36.10460831211864, -115.13734155585995], [36.133490516031465, -115.16648876512332], [36.12684007713786, -115.1323484455485], [36.10862711104515, -115.14142679707908], [36.13361959839006, -115.15886700401188], [36.132270999240546, -115.15324917407365], [36.11907926923203, -115.1235906211675], [36.14015892681431, -115.14549263067511], [36.11652274975659, -115.15089852358041], [36.1364571587087, -115.16436616107094], [36.102921833443865, -115.16827906781528], [36.13004186841522, -115.14647192400894], [36.12291102848045, -115.15940246642322], [36.100499750700656, -115.12522971635133], [36.13172724052888, -115.16187639850166], [36.11515376141799, -115.16233448916685], [36.115988791671334, -115.1392232057859], [36.117223667228124, -115.15071691221021], [36.12250721753815, -115.15132309455052], [36.11893820161532, -115.17316317063856], [36.14023247512755, -115.13890461552444], [36.11822526459536, -115.14775710230215], [36.13031571396237, -115.1306811007136], [36.11734676216062, -115.16039826508522], [36.12121748903336, -115.12373520254094], [36.11792499938269, -115.1416890245983], [36.1144805930742, -115.14313799225194], [36.12998749946472, -115.14103791952606], [36.10385318421968, -115.13721189237283], [36.13933613300519, -115.13671564387305], [36.122077200156326, -115.13570952967578], [36.10000104034773, -115.17095173839148], [36.13208056296711, -115.16136172082336], [36.13292697589955, -115.12889900944604], [36.130648852697256, -115.12837819669113], [36.14041420231618, -115.15912300937576], [36.13240386824246, -115.14801278984372], [36.130480696176186, -115.13507868073289], [36.12533948279259, -115.16686158213959], [36.11293022150454, -115.17086563652782], [36.103673725806225, -115.13174764999324], [36.14316765935902, -115.14693046595613], [36.139075442689354, -115.1478007429416], [36.10791953173438, -115.16347378501798], [36.11866764096501, -115.13223387356075], [36.099406867028065, -115.16870307558662], [36.1127291599333, -115.14336249749577], [36.10471719551238, -115.12437166158074], [36.123529014194794, -115.13483683450232], [36.13843052693439, -115.15384583277799], [36.13359187999168, -115.14785528784464], [36.14163059392159, -115.15016275446088], [36.10515085460295, -115.15945795777894], [36.13092014342577, -115.13724023245045], [36.12333976001994, -115.13278835448966], [36.13159093895617, -115.12595441796066], [36.10186802380118, -115.16590410213304], [36.13049351811484, -115.15283962435169], [36.11444439155124, -115.12993239235009], [36.101564523636874, -115.15965548421289], [36.13470515219675, -115.15615487824289], [36.110878335950744, -115.13182529621442], [36.12360450766317, -115.14156798514493], [36.10713125015512, -115.1677952618633], [36.103427820592984, -115.1730777295513], [36.11597362021929, -115.17420991152132], [36.102735937033046, -115.16897463078524], [36.13179544728239, -115.17486591435303], [36.10458328229173, -115.1401201474004], [36.1161527938591, -115.12375949818613], [36.102521599108336, -115.14851693523532], [36.1064068417319, -115.16823626387911], [36.13050566748819, -115.16019692047787], [36.139591289079775, -115.13110841070942], [36.124367247425894, -115.13311382830118], [36.11091744761545, -115.14018965355848], [36.10352628093552, -115.15754265330551], [36.13548254743083, -115.16102951864542], [36.11899542504141, -115.17381196023906], [36.120306388437015, -115.17037118051704], [36.131430618065096, -115.16819834732603], [36.11470283339304, -115.13527747038017], [36.13569301740063, -115.13541117646177], [36.13269322595082, -115.16874192551062], [36.10706840159205, -115.17472741545724], [36.11576666981129, -115.17203122578101], [36.10893261888917, -115.1435593513827], [36.12690542918155, -115.12433126343525], [36.108849305872475, -115.13780626713624], [36.133844750000456, -115.1253580851634], [36.12055489767514, -115.16597707424621], [36.14234126092952, -115.16491151149073], [36.10987377971232, -115.15758550210569], [36.13476444945935, -115.16076868669403], [36.136603811521404, -115.15341892209563], [36.12702059560251, -115.12477349450347], [36.123326880470934, -115.17402372645596], [36.11237485666326, -115.13912011558769], [36.12380021242966, -115.14780070091017], [36.108106439769735, -115.17131736520513], [36.11350169928501, -115.15560893435972], [36.099484922027955, -115.15435010255878], [36.1344265689522, -115.13787609722519]], "boundary": [[36.14343326340025, 36.14343326340025, 36.09836673659975, 36.09836673659975, 36.14343326340025], [-115.17680231497152, -115.12119768502846, -115.12119768502846, -115.17680231497152, -115.17680231497152]],