{"center_point": [40.8184465, -96.7128179], "sample_points": [[40.82703975253337, 40.819097847895705, 40.79904830234121, 40.79899062543079, 40.799486199962, 40.80422385814644, 40.82222881468553, 40.82082666599445, 40.83386539305767, 40.82650526949805, 40.80713915496471, 40.82588542015507, 40.823278611059095, 40.806495372364616, 40.837159401204175, 40.801839074688644, 40.821876730975944, 40.83134947798725, 40.804827172819074, 40.82925846827855, 40.8338670380899, 40.82243601202721, 40.825882599343615, 40.80000247418526, 40.80415996267, 40.79882332531031, 40.8056218574458, 40.81513500927921, 40.809800464218746, 40.81891891751383, 40.835752317155396, 40.83343136884127, 40.81748876195551, 40.79985706841864, 40.82852832389706, 40.83010407466321, 40.831683021330015, 40.82424163610625, 40.79796009181732, 40.805650399921426, 40.79902798923967, 40.82948465588113, 40.84039966698116, 40.7974929202861, 40.820800305047506, 40.837935788772775, 40.84078896152763, 40.83491291286236, 40.80436348963537, 40.82036227728307, 40.83889805916517, 40.83004842600923, 40.8242296292385, 40.83080494333318, 40.828930724614935, 40.822705986886355, 40.796583504327174, 40.79615594427682, 40.799061177507035, 40.83855706333903, 40.822334438173975, 40.79846434980845, 40.83866572518197, 40.799997936326676, 40.799794885856606, 40.815351037196635, 40.83779597916741, 40.828081198076596, 40.81800448893163, 40.826216808509315, 40.81216826739293, 40.84009478240859, 40.79851063692664, 40.83749743045132, 40.82593207837837, 40.814255188856386, 40.8101550387579, 40.80659834693888, 40.80160221676557, 40.8304412628614, 40.80944995113672, 40.825497609266904, 40.83781086514491, 40.797719296691746, 40.82621304863677, 40.832635644284956, 40.823332054069226, 40.83474120461999, 40.83710232493911, 40.816233413311515, 40.81160446744534, 40.808193229185676, 40.83665051076868, 40.82736700717382, 40.797650401992534, 40.82556888593289, 40.79769021957187, 40.808207601648576, 40.83366097512763, 40.8169511702576, 40.82342569937578, 40.835188485037264, 40.79595742343438, 40.81459046647911, 40.839583702062384, 40.8290125228628, 40.825721063454544, 40.80707997184525, 40.80853371476544, 40.8085754470307, 40.80205338478041, 40.81701934294724, 40.81384252825404, 40.8352523554879, 40.825777555630715, 40.82446433540712, 40.813216506429896, 40.82428117546943, 40.80056223586603, 40.79676248924071, 40.81046097764426, 40.84097483651037, 40.83315039212497, 40.79791676293403, 40.830523651693845, 40.83536191923466, 40.83328975529528, 40.81491294600607, 40.80220270921595, 40.81023707590189, 40.82945370159161, 40.840503905884, 40.83636371730791, 40.82451951275437, 40.835082973630136, 40.82725966278774, 40.80264528134374, 40.80331232936407, 40.81345983961993, 40.80559940263585, 40.84032984586417, 40.83276498236, 40.84071491569859, 40.80664412067515, 40.815201573324174, 40.82231603996773, 40.7969471509963, 40.83601940380715, 40.80827306722471, 40.81147778342956, 40.83143857487822, 40.827511791348435, 40.80100860698579, 40.82581899768563, 40.82944122554875, 40.82455084480465, 40.835162444881625, 40.80611154241799, 40.80090996510206, 40.84030489617338, 40.81132516347827, 40.80166602284241, 40.824200286336655, 40.82724270621705, 40.818150903083456, 40.81275383173802], [-96.70367387618401, -96.73580119648938, -96.69130380895767, -96.69279000504217, -96.68527385037012, -96.69954543241403, -96.73818280482861, -96.69645352477984, -96.7055749461718, -96.73231246506332, -96.71346967268718, -96.71443481878592, -96.74091748325293, -96.72605110488806, -96.7010577369769, -96.71513985463771, -96.68321910328092, -96.7268213190974, -96.74212242411345, -96.72624487890639, -96.72227791771701, -96.71475387122877, -96.70593206879674, -96.70691844854092, -96.70738384322252, -96.6961039063657, -96.7318399015888, -96.69515893677037, -96.7067709848266, -96.71791431829683, -96.68584089901428, -96.71272203717724, -96.69474500420071, -96.69974533737181, -96.69508447200805, -96.68951915527872, -96.69919163872747, -96.7365403908061, -96.71656156408562, -96.70548991758015, -96.7072080847042, -96.71168978954879, -96.68716841021448, -96.72039095133545, -96.73992430719416, -96.69214101436411, -96.71050489836473, -96.68335282617436, -96.70288846148388, -96.70243735367741, -96.7188038681991, -96.70742811281944, -96.70845403683386, -96.72106674482463, -96.72115099775948, -96.69138331880697, -96.71262459864005, -96.73027712658485, -96.70814895237916, -96.71026599554183, -96.71373971218526, -96.72851201301104, -96.74090417449615, -96.72880246315259, -96.73624267610973, -96.72462859528619, -96.71252941199515, -96.69485243155978, -96.71631819615685, -96.69575335943884, -96.7120694427373, -96.71149322685402, -96.7175899069646, -96.70806640082043, -96.7071970952772, -96.68398626538044, -96.69746856642175, -96.72107761623292, -96.71758728424551, -96.74023149284203, -96.72908043581201, -96.69463637843752, -96.70103179147333, -96.71078591525205, -96.72742947676701, -96.73522940037208, -96.69619003346845, -96.71523066209778, -96.69893461322879, -96.7246629252807, -96.72285657997391, -96.72940556847001, -96.72679609892202, -96.73044068624363, -96.74209479231072, -96.68332795544278, -96.70350729037865, -96.68910468881728, -96.6903220126159, -96.71681158960628, -96.7022079032127, -96.72188561327276, -96.69614394752541, -96.6992721423598, -96.72972244701197, -96.74192199913772, -96.72619618949484, -96.70220951612139, -96.70132261216729, -96.69493914125489, -96.68860535894653, -96.72400606243082, -96.68851553562773, -96.7081207325291, -96.73413562093386, -96.72364722863756, -96.69700796362795, -96.69120947990913, -96.69481042959558, -96.70651858388932, -96.73852528923516, -96.73700936199732, -96.7290971033412, -96.73757045188697, -96.70101057613049, -96.71604754993221, -96.73289635364338, -96.69496136278482, -96.71219847299382, -96.7228933686191, -96.74040410794345, -96.68842046317363, -96.685971330693, -96.68325163469325, -96.711581944922, -96.7188657528768, -96.73355382872904, -96.70083527301871, -96.71458291444466, -96.7019584633448, -96.69280877566972, -96.73986950081454, -96.73763893369335, -96.71376110557867, -96.74175643957537, -96.72374156260157, -96.73762685135215, -96.70260211202975, -96.71820208473507, -96.73486099824227, -96.72547600324847, -96.73412284272435, -96.74086595109696, -96.70282155172639, -96.73661872351904, -96.73529531586601, -96.73992016916294, -96.69447933154298, -96.7424348492971, -96.7073507510397, -96.72390241957454, -96.70917330188175, -96.70704148407444, -96.68785581084785, -96.72807301001184, -96.73855919293648]], "boundary": [[40.84097976340025, 40.84097976340025, 40.79591323659975, 40.79591323659975, 40.84097976340025], [-96.74249346555854, -96.68314233444146, -96.68314233444146, -96.74249346555854, -96.74249346555854]]}