{
    "boundary": [
        [
            26.142286863400248, 
            26.142286863400248, 
            26.097220336599747, 
            26.097220336599747, 
            26.142286863400248
        ], 
        [
            -80.17458688057388, 
            -80.12456211942612, 
            -80.12456211942612, 
            -80.17458688057388, 
            -80.17458688057388
        ]
    ], 
    "center_point": [
        26.1197536, 
        -80.1495745
    ], 
    "distances_to_center": [
        2457.5216247956914, 
        3325.3572048767305, 
        2076.6833771015677, 
        1412.2915696606099, 
        1773.765299985951, 
        2427.7863883607797, 
        2649.484821027001, 
        2245.9797714146744, 
        2063.0654253591124, 
        849.7723334163791, 
        1993.7108781366799, 
        1027.2687605581536, 
        1017.1639343490666, 
        2672.0164823403065, 
        2146.398479523751, 
        2691.5599156830804, 
        2590.435941046459, 
        2714.287060489445, 
        198.65808001649043, 
        1722.81669716146, 
        1803.8077650414245, 
        1501.0451861952429, 
        2827.1675159131887, 
        2483.1924001267375, 
        1099.8218983703186, 
        1749.4621639520763, 
        2585.5128704694016, 
        1787.8469902896634, 
        2470.2514114278897, 
        2691.01273616583, 
        691.2258168776108, 
        1740.5606941579263, 
        810.332180429477, 
        1307.580517890067, 
        1959.0269831086785, 
        3230.4627311584386, 
        403.5466756894911, 
        2689.667572235583, 
        1717.5431169983924, 
        2381.5726618886847, 
        1947.7763735648468, 
        2003.3489267516281, 
        2142.326453562994, 
        1909.924641308815, 
        2471.697184808526, 
        1688.991445742274, 
        2252.2971014735385, 
        432.3899626917482, 
        1100.8649496279108, 
        2897.4554703162457, 
        2841.81431234204, 
        2266.6346754967026, 
        2097.6027290925394, 
        2701.920275303235, 
        793.0270490185302, 
        3011.094679799398, 
        2360.4637580702993, 
        1430.9586140926128, 
        1673.030565247691, 
        206.64730585223768, 
        2707.08762430833, 
        890.5030819279481, 
        1164.6917309827224, 
        1253.685318649819, 
        1879.0866899319558, 
        1809.1551712775388, 
        2234.3329120731855, 
        2130.4455390597445, 
        1715.2125171466848, 
        2044.4618336085484, 
        2342.742658617852, 
        1534.8559261306784, 
        2594.189063728922, 
        445.36065231990307, 
        2625.8540916031443, 
        2381.0484375987794, 
        2219.828635819699, 
        2046.2036567809084, 
        1444.609671296802, 
        1416.1672058903719, 
        2744.3687312819866, 
        706.4456749419815, 
        835.1844847680438, 
        2275.300580597782, 
        1079.3134987345154, 
        2128.6324352234906, 
        1470.8221355477174, 
        164.21984340497784, 
        1542.055999082423, 
        1937.5432734315536, 
        2493.050681897348, 
        2352.363658597735, 
        1427.1056564926162, 
        2159.2693844432083, 
        2169.277406343754, 
        2238.3492134735156, 
        1234.9084406437119, 
        1643.1334687010365, 
        1714.8794917995904, 
        2529.7346259522565, 
        1280.0085148712378, 
        2004.8196505866351, 
        2584.6134593705096, 
        2910.2359550034657, 
        2309.6462575855894, 
        2179.7637354133453, 
        2555.2762127688025, 
        2556.0161762008, 
        3083.124939376913, 
        1100.926166995811, 
        2544.8580114452084, 
        2243.655750488421, 
        2032.3270736055329, 
        2635.6778703132163, 
        1622.073410459228, 
        1973.8013506418272, 
        1749.6642901816697, 
        2192.514970548552, 
        2645.800063929217, 
        2225.9024265017174, 
        1567.859361374341, 
        2576.5604576524147, 
        781.4954614249222, 
        1708.922271909028, 
        2212.6929168522324, 
        2016.7422231802723, 
        3207.0311367412755, 
        844.6647385264716, 
        2017.4744289798668, 
        1134.1867131192093, 
        2164.9186606702588, 
        2543.1595890694766, 
        2337.326942486884, 
        2392.704082483716, 
        2329.4642396251697, 
        551.4019449674831, 
        834.0906615725452, 
        2682.991020032113, 
        2367.0566323838775, 
        2369.8055937463355, 
        2574.888068725523, 
        1414.4828340320219, 
        2500.3135953832243, 
        2736.0322464471733, 
        2418.9749457067496, 
        2466.031097241101, 
        2764.0362068761597, 
        1465.7393241932416, 
        604.1391839514818, 
        1691.956997464109, 
        1874.6310207148003, 
        2379.9938081521245, 
        2677.7792680919574, 
        787.6389454631025, 
        1522.18547963258, 
        1289.493896303569, 
        2463.00795226054, 
        1004.8337249813128, 
        2071.1897199269597, 
        2493.742535812003, 
        2180.0770173624587, 
        1860.3832121836638, 
        2354.3981517175093, 
        2677.802624048052, 
        876.841997582559, 
        3022.859044135936
    ],