{"center_point": [26.1197536, -80.1495745], "sample_points": [[26.13530424779627, -80.1637174350298], [26.13852398762355, -80.14929121819046], [26.140179429924622, -80.13961877122787], [26.129822406916023, -80.13257994533338], [26.104930814556976, -80.14262057648295], [26.1224486512915, -80.14487205424011], [26.135538601674664, -80.15251234713561], [26.127178195927115, -80.1374278286643], [26.10844558595807, -80.1744932767465], [26.104081651718694, -80.14874305187678], [26.116547027456736, -80.17297039179078], [26.118560279892794, -80.13815713574839], [26.10545818737044, -80.14624703094633], [26.11804376143509, -80.14807395004239], [26.135574694052586, -80.13439641598539], [26.14204554316381, -80.14179965903611], [26.10072096852671, -80.16550526718122], [26.10070818699559, -80.16080164910835], [26.114981023630374, -80.15484819476032], [26.141230051928428, -80.14195023115667], [26.09985507383757, -80.14184047670895], [26.13142931866954, -80.14592545396971], [26.11208569495814, -80.16516011688988], [26.09968602501354, -80.12513985011472], [26.135752992613252, -80.1252406357293], [26.104800863450865, -80.16698768586343], [26.134069013982437, -80.1699120869966], [26.102183390365525, -80.15088691802744], [26.136654279827546, -80.16450639989493], [26.136741903356995, -80.17153985216892], [26.106784167696194, -80.12733133167613], [26.130308159366397, -80.14713528197535], [26.13527016331639, -80.12976424511673], [26.13745594504766, -80.13020255936121], [26.113599617048678, -80.15115494055095], [26.121809537894027, -80.14338334829992], [26.11997000994508, -80.16513504626587], [26.10356454291152, -80.1389799941002], [26.139801330335406, -80.15767812906336], [26.14171103064276, -80.15673014522383], [26.10903986503653, -80.12858372768125], [26.12470809778919, -80.14767352033265], [26.12288517996265, -80.13115933442282], [26.124373322338542, -80.13868931358184], [26.10245028573717, -80.14376207458199], [26.13596547390842, -80.14338253299627], [26.108367650576554, -80.13285808632507], [26.10129766444764, -80.1304498957048], [26.10768565589501, -80.1400834800654], [26.126097799541633, -80.1609773005952], [26.133962280993643, -80.16791704463301], [26.122114780783182, -80.14709257704982], [26.11858440253697, -80.16179295466443], [26.101392434642786, -80.13291464836638], [26.11735116326784, -80.1319303099424], [26.13699358695894, -80.12708309499898], [26.10354161018904, -80.16940474838444], [26.10687954363101, -80.15009568959846], [26.10973241007764, -80.17451436073823], [26.122349146125135, -80.13634252377834], [26.1303163451841, -80.15964818910315], [26.113300121107837, -80.16267296836747], [26.110471837226267, -80.15921014546173], [26.118284143966015, -80.16318960270647], [26.137002076510754, -80.17445778989696], [26.11430747197197, -80.15329731935945], [26.098404946439004, -80.12503645793794], [26.11822470986345, -80.12989322861051], [26.14030967298637, -80.14656042270492], [26.114966843130016, -80.1557770619425], [26.137529799356237, -80.1491325159245], [26.124761143629218, -80.14956781661309], [26.137933690422535, -80.17079752663729], [26.107410624626667, -80.14882883942117], [26.134024153770923, -80.16657879204868], [26.138936651789752, -80.13468716979202], [26.10636623762035, -80.13646825527195], [26.112020189265174, -80.1291900100124], [26.14061086577548, -80.13427590140533], [26.100277497963027, -80.14935152330342], [26.138145696204727, -80.16523915394016], [26.14099502370019, -80.14424068729255], [26.106316674937162, -80.17127750464756], [26.13871053800339, -80.17332393076107], [26.141357836070647, -80.13032776125749], [26.12972934316356, -80.15688325654297], [26.13214977648812, -80.16729939646775], [26.125230989779432, -80.14773676713176], [26.115584856477312, -80.14231602331358], [26.126280190146712, -80.1471499529692], [26.117043951399587, -80.13065476093885], [26.120431241812007, -80.16984368727637], [26.138082323129943, -80.13986226615987], [26.132997642120873, -80.15555416737433], [26.139820421812995, -80.16977659010811], [26.13691720508897, -80.16836415374775], [26.13358794350409, -80.16683402894695], [26.11085395498144, -80.17082771297089], [26.13922821826148, -80.15011613072991], [26.130857379620913, -80.13369087891799], [26.103167396456552, -80.14259647750944], [26.127170080695173, -80.1537544485164], [26.133885557073818, -80.1485184883877], [26.09777102210661, -80.17349816621316], [26.1418753140996, -80.13261642061667], [26.128419709119875, -80.1336794051599], [26.1379246012924, -80.16070748172892], [26.111073597138407, -80.13853305075051], [26.114356336826933, -80.17246719756271], [26.11070000365643, -80.15417512623014], [26.1302715271938, -80.14849466385861], [26.114263666158333, -80.15885112927617], [26.12990223378147, -80.13745104382724], [26.12505284599637, -80.132274708358], [26.111997983329672, -80.14930636804175], [26.137588753216985, -80.16193288411608], [26.09939193601527, -80.17355139517107], [26.108236142197114, -80.1268873863214], [26.103268813794138, -80.16178157347692], [26.12077687951269, -80.15034595700835], [26.13816662351746, -80.17362201123643], [26.115949516244953, -80.12530771605138], [26.099881658564218, -80.1627591320735], [26.11225901976436, -80.13749047013732], [26.103019091571877, -80.1659804119522], [26.132093215839205, -80.14813257044496], [26.127313153084888, -80.1376673732795], [26.13846788372077, -80.14782998635928], [26.10849171260122, -80.15300923570439], [26.129032350706346, -80.1666057217566], [26.11355353057696, -80.13041118604625], [26.100194554853598, -80.1367261360307], [26.12697620761341, -80.1325684704483], [26.13578536214994, -80.17310585682156], [26.140940447271024, -80.13660560474709], [26.099705609523955, -80.14534676889556], [26.105495059540488, -80.16867928732108], [26.12869445593002, -80.15793295108803], [26.13787037528703, -80.12457302597068], [26.11216843202426, -80.12782343630921], [26.127131532837286, -80.16359997594773], [26.11543288190219, -80.15270250111314], [26.121382104692714, -80.15841250457962], [26.10940209445864, -80.14950513658351], [26.106644923396583, -80.14464631457287], [26.100852503134192, -80.1730169830714], [26.1159903399377, -80.14192541682924], [26.13253243047037, -80.15396730565313], [26.117280185966447, -80.17312648752937], [26.129576915535377, -80.13022447107095], [26.13335391308829, -80.16363522883755], [26.115891269942814, -80.13897774766644], [26.097463297805028, -80.15635816385831], [26.135877015614806, -80.15053363077004], [26.100960524718513, -80.15032376412445], [26.11284443616359, -80.15613679315096], [26.1059662301365, -80.17176887575005], [26.133957596352726, -80.15729066905686], [26.10285671229777, -80.16700320863526], [26.14096719331671, -80.16379091728099], [26.107803985596007, -80.15357981770808], [26.117531527663225, -80.1618764465071], [26.12174792341597, -80.1735787479374], [26.11830815742024, -80.13359122782194], [26.101725544757507, -80.16341351347386], [26.111387484526652, -80.15486256201474]], "boundary": [[26.142286863400248, 26.142286863400248, 26.097220336599747, 26.097220336599747, 26.142286863400248], [-80.17458688057388, -80.12456211942612, -80.12456211942612, -80.17458688057388, -80.17458688057388]],