{"center_point": [26.1197536, -80.1495745], "sample_points": [[26.127986064559526, 26.09779468093694, 26.141574070719436, 26.10597686044569, 26.10655138028263, 26.13183603301498, 26.107169825271367, 26.117359926307987, 26.120850699838165, 26.140985067543166, 26.13899458782192, 26.137320361553595, 26.14121279934595, 26.103382882517458, 26.128491211293127, 26.112284721771342, 26.109507065933304, 26.12416210432221, 26.129455711534305, 26.136607179442635, 26.122561458561645, 26.1249542275222, 26.097862483334843, 26.100513872392614, 26.102792946627115, 26.098313550162107, 26.136877270497315, 26.098403114953353, 26.10766092872457, 26.106459108773116, 26.138608286517666, 26.127985288925228, 26.100018911182232, 26.134001334645475, 26.116997385026888, 26.14001913278813, 26.113551668584982, 26.14073273707453, 26.141506209927943, 26.133056076687915, 26.131502262602268, 26.10203765054473, 26.13698590548384, 26.11778953062033, 26.138861655808366, 26.12823845806518, 26.10694124089248, 26.11789426850309, 26.09775949685902, 26.14030897427299, 26.10337417674457, 26.10069494411242, 26.116247432799355, 26.11909857147186, 26.110255968437293, 26.133090235376926, 26.134857719088973, 26.09928401483717, 26.12935926873937, 26.11804137310408, 26.13000891757027, 26.137475581333376, 26.126118151663132, 26.13063811161565, 26.1408177603329, 26.12631510082525, 26.098885907540478, 26.110831220229365, 26.106529229648945, 26.13315358728325, 26.111554882657384, 26.104164399568514, 26.140888496089513, 26.13076215432366, 26.11601396461404, 26.11954900532769, 26.115296977995296, 26.111259021092255, 26.11785452538706, 26.137053397454714, 26.128450941441276, 26.133397049433277, 26.124854758371672, 26.097702113000995, 26.114507529788717, 26.097343271845254, 26.101803917130947, 26.102609201638685, 26.13982793509335, 26.128221571793205, 26.128596074907588, 26.113024138579615, 26.10453128968441, 26.136736702369355, 26.120473859223747, 26.09955432572763, 26.114994709082094, 26.13301981309522, 26.13780273571937, 26.12028874233042, 26.127879286550662, 26.122210389874567, 26.13080119368737, 26.100854622821885, 26.11432922873234, 26.118602869614794, 26.12721447033604, 26.11993376360965, 26.110284929379837, 26.113014367198957, 26.1070576032782, 26.11069283482997, 26.113028767463696, 26.107823991731053, 26.139018047109044, 26.115216296419554, 26.130465485214305, 26.099033623763358, 26.125670988862247, 26.137961331888167, 26.10019135761739, 26.135824663525725, 26.11228122256924, 26.120990578854904, 26.100675444879098, 26.137820791386147, 26.125267286600995, 26.127020766678875, 26.12718116645126, 26.13740898150549, 26.13012108005425, 26.105841626431207, 26.11380943276662, 26.121673929177113, 26.111835490076245, 26.130700547801368, 26.11272583783357, 26.097725883939805, 26.11173590448787, 26.129835521502084, 26.120569488241404, 26.13249588609569, 26.12651562347063, 26.12078425255745, 26.10503782556444, 26.13284535839908, 26.13541179800119, 26.13346360708739, 26.10536681267443, 26.133980416435012, 26.103153826215834, 26.103673129340706, 26.13823196554562, 26.098240263161212, 26.115801777640073, 26.11994072392239, 26.133895753692524, 26.14217699109857, 26.123037770047915, 26.120350449188926, 26.13815324328288, 26.13133126413652, 26.11301469995614, 26.12214755158443, 26.138302433339636, 26.110873485690977], [-80.16693638270439, -80.14103391498739, -80.16960039093782, -80.13250379646509, -80.15976316920386, -80.16460955375173, -80.16330563356051, -80.14828132129095, -80.15398119510495, -80.15179311305569, -80.15717152679393, -80.16058264930697, -80.14165367007362, -80.12899278317441, -80.13313406257731, -80.16023357346923, -80.15276404047312, -80.13030728255463, -80.16080558879995, -80.1736539397867, -80.14210805706391, -80.15570876386398, -80.1716239912182, -80.13619201831973, -80.15255502165748, -80.14396780763354, -80.14882486252901, -80.12738234182704, -80.13532412318666, -80.13644588274008, -80.12835037328097, -80.13240503668634, -80.15837249839, -80.13453578342052, -80.15838203558478, -80.16375953746102, -80.15351446936403, -80.1731513139491, -80.13253693693004, -80.16337275227899, -80.1591481293154, -80.13323529407316, -80.13554369869385, -80.13726099599238, -80.15654471056259, -80.15059791459694, -80.14811762557278, -80.13068680126494, -80.15569018076297, -80.14477885960201, -80.17398501736554, -80.16618366646648, -80.17272606031467, -80.15113097369486, -80.13551962755373, -80.12568811033267, -80.17372992409727, -80.15779684453528, -80.17292150765394, -80.17011772353331, -80.13428075813223, -80.14665829033741, -80.15918805876889, -80.13184974852385, -80.1421067419872, -80.15402699538616, -80.16402096079095, -80.15291714175632, -80.12960089683529, -80.16365157105872, -80.12516252171194, -80.15061610010405, -80.14960453064496, -80.12690876018304, -80.14826141448091, -80.13111540124336, -80.13556898766026, -80.15765402719698, -80.15877577347321, -80.14248294628507, -80.1445717133237, -80.14238676530466, -80.14100032132207, -80.15114833017626, -80.15610251371402, -80.14221911248795, -80.1377937362371, -80.155711716906, -80.1690472759734, -80.14510152213478, -80.1398620291613, -80.12938376952025, -80.15840529670511, -80.16082591171933, -80.16772104995046, -80.14670336069548, -80.16740615249309, -80.16769232985868, -80.16520253565243, -80.1414329698354, -80.13836566103541, -80.16090817789534, -80.16356022203341, -80.15307201219366, -80.16664572504872, -80.14701164343975, -80.14168004318262, -80.16463933701499, -80.12856958312102, -80.1603328251981, -80.15335058830965, -80.15913268256993, -80.16869871159777, -80.17327701840726, -80.1515278690358, -80.13114423384926, -80.1446178292756, -80.162954225518, -80.13950285708499, -80.14478426900271, -80.13938123839708, -80.14690031096197, -80.14051216244793, -80.16475346441706, -80.16842354220182, -80.13222915337104, -80.14599139080657, -80.15226064194005, -80.15485262025824, -80.16095376729321, -80.15790414197558, -80.14893538232803, -80.1521496190803, -80.16482589903826, -80.15347836994906, -80.13787979366751, -80.15860038177263, -80.16061750610343, -80.1387258818213, -80.17177899249367, -80.15713261661631, -80.16422484244609, -80.14688298302634, -80.1518443196477, -80.16379383511334, -80.1454464069047, -80.17367123682875, -80.15356984715366, -80.16986842895219, -80.15281551378732, -80.14015950566122, -80.12860345704848, -80.13558489081859, -80.16559797029876, -80.14389372316383, -80.15964738790134, -80.14906201930742, -80.15570758052334, -80.16511687293524, -80.1376666603788, -80.16922480804857, -80.15651688310658, -80.1465970459639, -80.14826214485937, -80.16478851384142, -80.14900798380054]], "boundary": [[26.142286863400248, 26.142286863400248, 26.097220336599747, 26.097220336599747, 26.142286863400248], [-80.17458688057388, -80.12456211942612, -80.12456211942612, -80.17458688057388, -80.17458688057388]]}