{
    "boundary": [
        [
            36.11557726340025, 
            36.11557726340025, 
            36.07051073659975, 
            36.07051073659975, 
            36.11557726340025
        ], 
        [
            -115.20335645750696, 
            -115.14777154249303, 
            -115.14777154249303, 
            -115.20335645750696, 
            -115.20335645750696
        ]
    ], 
    "center_point": [
        36.093044, 
        -115.175564
    ], 
    "distances_to_center": [
        2332.951935228489, 
        2689.580412390927, 
        2030.1132544077611, 
        2167.7042938022187, 
        2596.909642423883, 
        706.4156307290658, 
        1686.8836547356757, 
        2514.2701258184184, 
        2775.7506721235663, 
        3362.8379024312003, 
        1699.1738459131436, 
        2591.963009327264, 
        1483.341848064417, 
        610.915632646683, 
        1922.3782833328316, 
        2744.8992926528117, 
        1643.4984645504455, 
        1521.0889718163025, 
        2111.2721393414126, 
        1539.7156447674633, 
        2833.1058883621067, 
        750.7303472395653, 
        785.6177796967108, 
        95.4755453066988, 
        2616.861214451694, 
        1105.6491542034985, 
        1457.8277174874895, 
        1778.1750456207512, 
        1550.3192868662009, 
        1026.8211148941193, 
        1217.0602786722418, 
        1559.8827648191557, 
        1740.6621137779916, 
        1391.5203412280728, 
        2394.1875429747233, 
        3176.9060422982516, 
        1431.7151468308405, 
        928.5753806728519, 
        2031.8598854987156, 
        2335.4913041285417, 
        2497.660066473597, 
        1985.3327360680307, 
        1603.9814746765526, 
        2192.36778271629, 
        442.1786107682298, 
        2626.547611946685, 
        1343.4297509991754, 
        1331.5180114392074, 
        2325.940261604522, 
        2017.6087774702771, 
        1952.1806767281703, 
        2078.71722114821, 
        2667.9382704827026, 
        1313.1282160297192, 
        225.40185506622961, 
        2490.5000652604203, 
        1387.2630570362362, 
        2346.433215073625, 
        1475.3119189559818, 
        1260.830327312789, 
        2211.3023127380397, 
        1554.5019123333336, 
        1590.77055039898, 
        2994.073619560308, 
        2682.2267513778793, 
        1294.6010736911958, 
        2590.2986244272265, 
        2471.11942211874, 
        2348.3850845642223, 
        1892.0726582942877, 
        790.1306577666064, 
        1359.4243678018536, 
        2637.9483549284396, 
        2631.758981678398, 
        1236.1505884677226, 
        307.923261653657, 
        2988.3834928070783, 
        1662.5650238031228, 
        2165.9308336303125, 
        950.6239983215792, 
        681.5388889996668, 
        1666.1838865693996, 
        1312.725495340547, 
        2457.7523302562545, 
        518.578726674806, 
        1491.6338050961535, 
        1950.9473972088313, 
        2255.8200831821223, 
        2227.468230841206, 
        3377.9258900038435, 
        2256.8390796430676, 
        339.39624375025676, 
        1513.6747497384047, 
        3264.218194042676, 
        524.5188634063084, 
        1533.965416364113, 
        501.26789136110295, 
        2048.287085718196, 
        2293.9707487023934, 
        937.2474606446161, 
        2636.636481285923, 
        1942.134649345268, 
        2622.1387329112554, 
        2753.673700103218, 
        2373.3892670495816, 
        2047.8851233672467, 
        1840.4347817604248, 
        2379.0056116673195, 
        3148.3097956702645, 
        1707.7957197128035, 
        2085.0253285404856, 
        1421.8354150046455, 
        1725.8952295542874, 
        2104.8613032361427, 
        3175.67216377608, 
        2939.7470288846553, 
        2457.96729877406, 
        2584.562506180146, 
        2541.8838643424097, 
        2330.0132483923912, 
        2605.0951036266274, 
        1810.0276170366901, 
        2940.979784099099, 
        2229.27108551637, 
        2202.5161924105732, 
        3141.2815641764396, 
        1690.0880738574922, 
        2566.9363846142996, 
        2373.544729978508, 
        2332.153036007601, 
        1431.6582124293907, 
        376.6487163901334, 
        542.9231061582768, 
        1328.4431712996595, 
        1042.0202287457932, 
        3209.123869186906, 
        2242.2957594139375, 
        2502.2342200612425, 
        1455.3343555503052, 
        1622.2311792212877, 
        2689.092427531831, 
        1498.1471788424533, 
        2064.9911240520696, 
        2501.6068787755544, 
        1466.708187074787, 
        1242.167857425133, 
        1481.8747411676468, 
        2131.1095000493383, 
        390.8176438157062, 
        2639.398440028671, 
        1526.599898395358, 
        2644.7229159477824, 
        2251.3093525640243, 
        825.8685914705623, 
        1268.818277840729, 
        1005.5487303703119, 
        900.2590268435432, 
        3045.655465660118, 
        2793.5527820678935, 
        1359.7991880143904, 
        2113.917795693962, 
        2562.758337527573, 
        2268.7490214085487, 
        427.03523742845965, 
        2937.2157647821614, 
        2132.9736603000747
    ],