{"center_point": [36.093044, -115.175564], "sample_points": [[36.09860864165551, -115.18480513099051], [36.11051580343987, -115.19034903502437], [36.079965385372915, -115.17640865611442], [36.099233032147374, -115.20245350483664], [36.11557151717551, -115.16950843210579], [36.085849233568986, -115.16557082859634], [36.09985584979289, -115.14945388240791], [36.10627133263624, -115.15004569701082], [36.07558891565327, -115.18323414956282], [36.07365366258599, -115.18766937434593], [36.110475301481756, -115.20240821378702], [36.08311111473049, -115.19350149520702], [36.102980552724, -115.15087505899263], [36.080474182974896, -115.17904533853347], [36.074042264702264, -115.15570394068936], [36.084083145480044, -115.16258316130374], [36.07851406395988, -115.17977138246759], [36.102378416408136, -115.18247439173739], [36.08507986751872, -115.19259595090905], [36.0863731532368, -115.18748280789322], [36.11462479990146, -115.17485371730032], [36.09750460678206, -115.1777678235062], [36.08047045550454, -115.16405792873955], [36.08473760156227, -115.19593449704205], [36.07237887950743, -115.1725996936655], [36.086857261657144, -115.178907999862], [36.07601420668478, -115.18080472104161], [36.09158768807645, -115.18080225138429], [36.08058575612957, -115.17799400299933], [36.082770336806405, -115.15999390890238], [36.113129689091046, -115.14790260105089], [36.07765473959775, -115.17991696041871], [36.08289391316237, -115.15483641703453], [36.08851470741906, -115.18791180009367], [36.10195769008067, -115.18954664858646], [36.07119448013513, -115.16544220543052], [36.07563888916896, -115.15172181363315], [36.10921076436362, -115.1611451443287], [36.074522459771416, -115.15427186200797], [36.09956399630729, -115.17674553023689], [36.09606215368371, -115.18545297328534], [36.086667279318696, -115.15503554143994], [36.09095571685496, -115.18459389878612], [36.092770487074056, -115.19773008029237], [36.105050077060724, -115.18262172283853], [36.10318053575127, -115.19559324172907], [36.07652388023411, -115.16423823856691], [36.10174631416009, -115.2021345517797], [36.07143183572344, -115.15705683048587], [36.078925688452514, -115.20048958265235], [36.09531401960674, -115.20069224982007], [36.1125485373119, -115.15937665731155], [36.097936457844085, -115.16919371473877], [36.093126331544774, -115.14816803722681], [36.105372802746125, -115.18159334289442], [36.10969667901751, -115.16418109969058], [36.102449502616835, -115.15632518619037], [36.100240828076046, -115.14879844255236], [36.103152959853965, -115.19227319367012], [36.08764191217222, -115.20238706297884], [36.10580394643218, -115.1533385257371], [36.114699997194215, -115.20083235683332], [36.07722944483569, -115.20089693346316], [36.0802841417974, -115.16863508747093], [36.09965195654433, -115.20261014961723], [36.09373147653283, -115.19611480501742], [36.11297656311499, -115.1700543890862], [36.11307110905852, -115.17955947632403], [36.07803295096921, -115.15704103576988], [36.090910048475244, -115.19798507716648], [36.078936313614946, -115.17909107778951], [36.10780862578055, -115.16103396627106], [36.08319948609684, -115.17841463698605], [36.0963338057125, -115.17290081188453], [36.07266780772152, -115.16351495998201], [36.113175840705566, -115.19126809159884], [36.08448373019098, -115.15989546352482], [36.101600876608494, -115.17839421222737], [36.09088707537594, -115.17498506272548], [36.07088480343059, -115.16408168995498], [36.081436629908836, -115.19553199318379], [36.08161984921882, -115.15049566758806], [36.07451089963899, -115.17289002429837], [36.095394520488036, -115.16075190294532], [36.073888474173806, -115.17437397983434], [36.107871545044944, -115.1958842603141], [36.09433066046806, -115.17144942464282], [36.09587091830578, -115.15577002871055], [36.09537525102614, -115.1529991940595], [36.09649130163049, -115.17547714870157], [36.08956212079829, -115.20269272144637], [36.096318602294886, -115.1950457969226], [36.07979422935516, -115.19723521090606], [36.102981721698114, -115.16174141262337], [36.11353685433672, -115.18843719873793], [36.11307615022094, -115.174625781681], [36.10644666250597, -115.1529181761722], [36.10959515081239, -115.18169430820863], [36.10980963812529, -115.18131337667867], [36.08049270561336, -115.20300137548857], [36.08893437278589, -115.14895758763446], [36.094798472027946, -115.18407881719577], [36.10183469923983, -115.19734380256256], [36.09997506052993, -115.18550695513593], [36.07109481557916, -115.18215893846518], [36.087717225476325, -115.184048099979], [36.083071301365464, -115.16931496571792], [36.099404299787025, -115.18576744963462], [36.10355919978311, -115.18294440735694], [36.100238150958006, -115.18438537321369], [36.088539137787784, -115.19830908166212], [36.10006504682678, -115.17961084844272], [36.088569060278516, -115.17172309010382], [36.0722499964346, -115.15921152839235], [36.09809085569786, -115.17260754210211], [36.07297740275719, -115.16892937612883], [36.10646528325726, -115.17183764794771], [36.10716939141203, -115.15845926172103], [36.075038963397354, -115.15411694870151], [36.07830091606786, -115.18584951699182], [36.10154207079039, -115.16637974025932], [36.08544611730329, -115.18605603990189], [36.101815072681305, -115.15946918125078], [36.09379385190778, -115.1963961034886], [36.09106235124685, -115.15368139092645], [36.08678112903227, -115.15437862418283], [36.08687658898055, -115.18943102670508], [36.11556915521836, -115.17952431042315], [36.07737538249633, -115.17704750064567], [36.11542346265658, -115.18096012248262], [36.08115214281767, -115.16731174774323], [36.076818292216316, -115.1749839772308], [36.11311656271631, -115.16481907908666], [36.104391444255505, -115.1772246554412], [36.09172042412933, -115.17035157889846], [36.09896590980059, -115.15019748994513], [36.09177521263179, -115.14961781351215], [36.09019066989842, -115.1906106542871], [36.08880835230581, -115.18064744957266], [36.07711556239266, -115.15093727991535], [36.10927986860115, -115.15762993329363], [36.08256112454469, -115.20197373651649], [36.084807965163655, -115.17220331698884], [36.10735890860724, -115.18955368344439], [36.1155703921211, -115.19408886513719], [36.10554596185575, -115.18869167147197], [36.09419575655159, -115.20090170252823], [36.08295703730716, -115.1955223022136], [36.11069582243897, -115.15578338127916], [36.114493526299455, -115.15353769807052], [36.11488670612461, -115.17126056358185], [36.078462732508434, -115.18526102031717], [36.10793763416286, -115.19233119725422], [36.07821127424047, -115.18314870813464], [36.086393982705275, -115.15105098026575], [36.07438681032333, -115.16520614837495], [36.08227930298996, -115.16065320176757], [36.10094845601421, -115.16381926270957], [36.08043122262213, -115.16498802454535], [36.078328894330696, -115.20272632733935], [36.07924542515843, -115.19501770085378], [36.083808092612855, -115.19920554311247], [36.07580500553095, -115.19130336838319], [36.0879245269901, -115.17283744527131], [36.11345342198439, -115.16008257988045], [36.09613122985456, -115.17434105108377]], "boundary": [[36.11557726340025, 36.11557726340025, 36.07051073659975, 36.07051073659975, 36.11557726340025], [-115.20335645750696, -115.14777154249303, -115.14777154249303, -115.20335645750696, -115.20335645750696]],