{"center_point": [40.7734347, -73.5583171], "sample_points": [[40.78625291133551, 40.78212911114474, 40.777436985367096, 40.793470678509884, 40.773409368884515, 40.795031960083385, 40.778921907565575, 40.772712016421664, 40.76000329454332, 40.75751410271398, 40.78976332613296, 40.77176462819516, 40.76152894182586, 40.7559040174759, 40.76376280775437, 40.790917656858646, 40.76925594545466, 40.76240366972076, 40.78697252450953, 40.790910972036784, 40.7596635905314, 40.782923336793395, 40.793902898159864, 40.7713032296812, 40.78363607043971, 40.76050497002559, 40.75521987652398, 40.775310457122856, 40.77394671538356, 40.7856080578846, 40.76978520738653, 40.7839071186012, 40.78034609868423, 40.78211429937794, 40.795563957061795, 40.76802392469126, 40.790302668756375, 40.75277656449691, 40.75359199885786, 40.77706480542363, 40.766606840505936, 40.782460204990684, 40.79596636906736, 40.75280897483446, 40.758695761162286, 40.76667091552607, 40.77545289182301, 40.789467200548486, 40.761786733567384, 40.79139341355552, 40.75699383633608, 40.76064618991132, 40.78768872732836, 40.77813824953388, 40.76749167245792, 40.79264962379729, 40.77039494188692, 40.758069713344156, 40.767650102085526, 40.782433868646855, 40.77121073140115, 40.76822356877815, 40.77124203342615, 40.7509849398485, 40.76483013461931, 40.759151325959046, 40.75534131662088, 40.752226100160286, 40.78247442022359, 40.767749889414134, 40.754512629239045, 40.77825455147614, 40.78312005956467, 40.788523761381036, 40.77277747186703, 40.75300829240172, 40.776645004847246, 40.78427220569775, 40.78310148942815, 40.77973733525914, 40.77809190976685, 40.787013654052664, 40.793912334766986, 40.784099565923576, 40.75343211852445, 40.78026515451921, 40.777043196108266, 40.784349762977925, 40.764782317398165, 40.767914769499875, 40.77473371993062, 40.75596538025479, 40.791338364044684, 40.756627935966314, 40.77256036123209, 40.75261887398329, 40.78112972982733, 40.75275428228192, 40.78135506332466, 40.766499920847274, 40.78607536653306, 40.792745408007775, 40.77651585672406, 40.75191524194158, 40.775316323429, 40.78862138211319, 40.753440297404126, 40.75697358872454, 40.79333738047183, 40.77461402870913, 40.79313623755417, 40.7702423834427, 40.751416329640186, 40.79495205689525, 40.754504666596816, 40.79338835558315, 40.772019510632205, 40.784765355832775, 40.77112515757551, 40.76924602765172, 40.77598513443327, 40.76874135087548, 40.75176142069134, 40.79577814459857, 40.76796524603534, 40.79320389748662, 40.77172272163459, 40.773077589069345, 40.76132977786168, 40.79265379692156, 40.78043811844089, 40.77872402979441, 40.77283742126283, 40.78261329073133, 40.757901402511095, 40.75654467720964, 40.77972895702093, 40.7600123173625, 40.79306231264268, 40.775246703827456, 40.76188726440321, 40.7697288140457, 40.79230340156843, 40.7939290073609, 40.78954195801811, 40.768345923609246, 40.759330348502075, 40.77757197899431, 40.77147903319331, 40.782863422613595, 40.78313400407387, 40.78621290672778, 40.77132020753989, 40.775070470818115, 40.75100739608322, 40.77371602757714, 40.763408833351775, 40.78912625188775, 40.781991161903996, 40.75810971432254, 40.79020288679559, 40.776508154350196, 40.7519146897414, 40.79067476625146, 40.751445488728834, 40.752606362903585], [-73.56778764015206, -73.55288707859356, -73.56413571662345, -73.57327070953536, -73.52922696668594, -73.57648970054774, -73.56079725726549, -73.58022476000833, -73.58051578442368, -73.56920280813202, -73.58449679663191, -73.53803367861919, -73.55672514841211, -73.54707109699332, -73.57503018593444, -73.5694109296002, -73.56714382233507, -73.53162900560598, -73.58546075709276, -73.54473478581421, -73.55139382898231, -73.57206391842006, -73.54191795604653, -73.54952971873766, -73.55775744380045, -73.56323159704219, -73.54478259261676, -73.55019920346442, -73.58285756875236, -73.55441062139174, -73.58729408316422, -73.5758565460898, -73.58289063429899, -73.53298051928047, -73.57969947672396, -73.57464307429152, -73.55961055436582, -73.5412141504517, -73.5428190124325, -73.55840274132142, -73.53421770963989, -73.55202149210851, -73.54443653545329, -73.55988599994446, -73.54399959465857, -73.56454721802972, -73.54650878129448, -73.55834235734342, -73.53609777549482, -73.56368913963826, -73.56948140496898, -73.55235618039563, -73.53246585286345, -73.5842922430091, -73.53528402645414, -73.57543134731236, -73.57535318885233, -73.55139999773131, -73.55182388069046, -73.58178054769799, -73.56904368734449, -73.56448310746227, -73.53961537328574, -73.58415475772459, -73.55223106941895, -73.53399299791485, -73.57981049435911, -73.55402414670668, -73.53906979675519, -73.57377908908516, -73.53860711316996, -73.53739004897692, -73.53804647635505, -73.58698241286287, -73.56562570407363, -73.56115126859811, -73.56055546693014, -73.53686504283048, -73.54509330933116, -73.57182280568406, -73.56934066058655, -73.55897015125824, -73.5567438883355, -73.56545248113706, -73.58152929098215, -73.57911152026233, -73.54815280407985, -73.53678395371674, -73.54768103845664, -73.57901420203241, -73.5789509920421, -73.52880240610656, -73.56364641316166, -73.56462033350864, -73.55429274672167, -73.55194027415021, -73.58447410218304, -73.5749545741511, -73.5330589888514, -73.54295175947085, -73.53495493494286, -73.55489323830207, -73.58129099335488, -73.53146278863414, -73.57350651027595, -73.57145444526496, -73.5779106956468, -73.54343711160541, -73.57217526355791, -73.5851045582764, -73.55507294570172, -73.5807372768757, -73.57643367882068, -73.53587256183312, -73.54823537647856, -73.58211652374264, -73.53775573357125, -73.55445064117079, -73.55908077415299, -73.52955344466442, -73.56606261178885, -73.5335322964073, -73.55531597346472, -73.54681209177629, -73.53562950712734, -73.5792947933639, -73.54097398023912, -73.56759051372518, -73.55086398561362, -73.53744225630511, -73.54720057292083, -73.5751545757013, -73.54353933073051, -73.58721032996974, -73.56883069022645, -73.56690561702423, -73.53579597708723, -73.58693359263889, -73.58015971329627, -73.54085469322949, -73.5680577017269, -73.56379648391416, -73.55636497521229, -73.5608816160383, -73.55753736720614, -73.5544618876969, -73.58228999400406, -73.5805531829941, -73.56201829892298, -73.56982881120561, -73.58724800422095, -73.5431071152892, -73.53797541816488, -73.53779922364846, -73.55401353399196, -73.54209059082474, -73.54244315840808, -73.5803321024208, -73.53832727832054, -73.54775426310516, -73.55845920066042, -73.52974749125656, -73.58059085326681, -73.55729881964378, -73.54404847637625, -73.54905865696746]], "boundary": [[40.79596796340025, 40.79596796340025, 40.750901436599754, 40.750901436599754, 40.79596796340025], [-73.58797255180406, -73.52866164819594, -73.52866164819594, -73.58797255180406, -73.58797255180406]]}