{"center_point": [34.0553454, -118.249845], "sample_points": [[34.06908523270387, 34.0542347645534, 34.06945512427546, 34.03898778543503, 34.03941962515812, 34.07376512932738, 34.05969066669789, 34.04372644293422, 34.03930596000135, 34.04249274618356, 34.0350073226244, 34.043908935364925, 34.06353598816447, 34.05138512955946, 34.057280926253924, 34.07240470178073, 34.041102454818194, 34.061404588173616, 34.05882556978426, 34.0715977289797, 34.03515964996881, 34.032863741173635, 34.04887648142161, 34.044899492083125, 34.03498936859044, 34.037633189768854, 34.05300079577152, 34.06744344956866, 34.04722696763218, 34.03698624345654, 34.036851063641, 34.05160796461653, 34.041973843896336, 34.06009137303207, 34.07000944398674, 34.04865675593315, 34.06827010703028, 34.06501735500465, 34.06304194094829, 34.04100604755727, 34.07307135764281, 34.03840567584239, 34.0331992247532, 34.07487726341941, 34.06723081042265, 34.050281970963326, 34.05295046260032, 34.048711183147496, 34.06642137668002, 34.04690565860629, 34.04583575717358, 34.03299184965498, 34.060885189403976, 34.047544379114356, 34.047072672177244, 34.072774687996045, 34.06612783037486, 34.032884546019986, 34.03948916520661, 34.051735102781954, 34.05660143283441, 34.05933036503055, 34.04935809443663, 34.0701490361647, 34.07570415739677, 34.07402550544011, 34.05828519523443, 34.06657368708215, 34.03999786051243, 34.056362135576386, 34.07630848052155, 34.07711184592932, 34.07316599462516, 34.07566196207846, 34.075446689721126, 34.052443324425404, 34.052535498623016, 34.069905491677915, 34.03522326134046, 34.07721610366303, 34.04759867237947, 34.06151583351438, 34.07184880617543, 34.041548410669655, 34.06024046127581, 34.07270717394461, 34.05347691773747, 34.061661708716514, 34.059005474844106, 34.045973741500255, 34.06107125139932, 34.06551801229267, 34.069023399859674, 34.04236731132504, 34.051960862506235, 34.04325363837921, 34.0761126928968, 34.033484157394774, 34.03578389606969, 34.06759929760296, 34.077058851478405, 34.04779046162567, 34.065124746970874, 34.05820956245744, 34.04257196728297, 34.050399055618406, 34.03402122542434, 34.06306302838842, 34.044517212414604, 34.051504653745866, 34.07046420832641, 34.05022478927998, 34.055527543681855, 34.04825593803774, 34.048122341709956, 34.07521865545411, 34.076771426924864, 34.037560146940336, 34.03448409090379, 34.0740830901162, 34.05216579299453, 34.056742524041795, 34.07552271084894, 34.05782163004639, 34.03604309553275, 34.03896156577455, 34.06180932506372, 34.0442978420915, 34.0435786619521, 34.042623112860035, 34.04969209697819, 34.03788452956893, 34.059749172993534, 34.03905489830166, 34.07406967184447, 34.07295579320044, 34.06701222281343, 34.060324176810006, 34.0612796663754, 34.040587408965536, 34.03458911284891, 34.04504100849663, 34.03356187101888, 34.07614057623382, 34.05224506461237, 34.073176199594045, 34.03524854786211, 34.05638634452933, 34.05953532429966, 34.06737993987651, 34.05062873054697, 34.05537235042181, 34.05747787281152, 34.055668619123296, 34.04427517402603, 34.04225679056038, 34.03532274691954, 34.05700613581554, 34.05391985646713, 34.07445316573124, 34.06325019858127, 34.07744808362564, 34.058529399264444, 34.06615737494564, 34.060776244213244, 34.040117110217146], [-118.2469014412534, -118.27523696723004, -118.27647794477623, -118.25768882791205, -118.2724649414779, -118.25624484115265, -118.26263523968235, -118.22795016362429, -118.23978934778707, -118.23919233924443, -118.26430872388777, -118.2766254563823, -118.25959968330736, -118.22649126685079, -118.25689798937722, -118.26595431040694, -118.27600613155452, -118.27469241091812, -118.2722442366824, -118.23059544720802, -118.26753689887562, -118.25981074753484, -118.23512734269812, -118.24031156812056, -118.26361397493649, -118.27286618181864, -118.23643547300365, -118.27343281441311, -118.22979166018067, -118.24678949609864, -118.2334929385228, -118.26044505338571, -118.23674332252291, -118.24268307385276, -118.27402145212098, -118.23357359091733, -118.23417128255801, -118.26548583133767, -118.23199787142667, -118.25384380360485, -118.22803818573065, -118.26238726037765, -118.24822333357906, -118.2720056189665, -118.24544239899987, -118.23953142508412, -118.2647013565034, -118.27617451267272, -118.27140202203285, -118.26934448077127, -118.23095100607392, -118.24542929626092, -118.26052115770415, -118.22473096017214, -118.24747090200387, -118.26529730880499, -118.26152803329141, -118.23207764109651, -118.25837756464425, -118.26848612850681, -118.24688085716797, -118.23869316835669, -118.25178329334506, -118.27194319171299, -118.24332969872174, -118.27212041393817, -118.27044814761392, -118.24835415524097, -118.23156685970538, -118.23389332541824, -118.22700143291209, -118.25199512809624, -118.26080746301716, -118.2546151277948, -118.25745090558566, -118.26219937643975, -118.22940443910053, -118.24359824267749, -118.2703804176525, -118.25707626037467, -118.22367496759635, -118.23747773146786, -118.25633380402343, -118.23904769182704, -118.22924024403011, -118.2594421096556, -118.2248642051779, -118.23213605095897, -118.25013565715028, -118.23501343298936, -118.2279368156803, -118.25026341578581, -118.25998306457564, -118.26708047765686, -118.26685700144459, -118.26526206993502, -118.26868247464813, -118.24973886057144, -118.23267114465118, -118.25431486219631, -118.22722251191423, -118.25348267829422, -118.23154651944208, -118.25828480175495, -118.23640270309876, -118.23825395671611, -118.23562723068405, -118.24699476267543, -118.25955506172609, -118.26985377890492, -118.24906557512905, -118.26395654702834, -118.26808010303589, -118.23606993120686, -118.24914780129464, -118.27464970456514, -118.26667833705933, -118.22505402650035, -118.26982634824978, -118.22294001464876, -118.25121875693384, -118.25731858353879, -118.22701916405849, -118.23917729414647, -118.22612915996893, -118.23423003736532, -118.23742119099556, -118.2504048525068, -118.26170106059324, -118.23342903454672, -118.25812826052642, -118.2760577118312, -118.25138573104374, -118.23163794638249, -118.2566345402373, -118.2446721439043, -118.24046552184795, -118.24229913749042, -118.25071534005643, -118.24322427560503, -118.22707964590883, -118.2697114043889, -118.22603853906243, -118.22567383793923, -118.27406125460699, -118.26854466038063, -118.22452721876614, -118.24889685881678, -118.23378461435128, -118.26295894004262, -118.23856039993875, -118.27261177651052, -118.27436636538255, -118.24183405938719, -118.223744250091, -118.26869111883971, -118.22653857759819, -118.26877606353762, -118.22872533196215, -118.26686766632115, -118.27487076400233, -118.26249244977028, -118.2452872971019, -118.23065749051943, -118.26328666460002, -118.2276446725299]], "boundary": [[34.07787866340025, 34.07787866340025, 34.03281213659975, 34.03281213659975, 34.07787866340025], [-118.27695193173219, -118.22273806826779, -118.22273806826779, -118.27695193173219, -118.27695193173219]]}