{
    "boundary": [
        [
            40.779431663400246, 
            40.779431663400246, 
            40.73436513659975, 
            40.73436513659975, 
            40.779431663400246
        ], 
        [
            -74.01810947391412, 
            -73.9588133260859, 
            -73.9588133260859, 
            -74.01810947391412, 
            -74.01810947391412
        ]
    ], 
    "center_point": [
        40.7568984, 
        -73.9884614
    ], 
    "distances_to_center": [
        2312.6107904824803, 
        1557.5159859602509, 
        2317.314753387573, 
        354.6508894024595, 
        2634.2086382875777, 
        1692.5235938929052, 
        2359.133403960035, 
        2957.4963853858408, 
        1513.6886860414897, 
        2070.31163133181, 
        1143.0380054602379, 
        2227.663928185243, 
        2073.275902599604, 
        2892.5960490649045, 
        875.1629884595465, 
        1458.935852090466, 
        1025.2243011579124, 
        1981.2007763132037, 
        1577.6467353917024, 
        1898.8042715107918, 
        1503.2935498362908, 
        2913.17258474548, 
        1661.47177187792, 
        2699.671808504058, 
        881.0068350549562, 
        1880.099124847753, 
        2291.2783848407016, 
        2987.735211220017, 
        2850.5555510755685, 
        1349.9816801770523, 
        2293.809366926674, 
        1700.0305348079783, 
        2446.191551678832, 
        2427.1669868672943, 
        2235.6358959326617, 
        2515.8190519646555, 
        2407.420553727436, 
        662.9535913561376, 
        1666.9938610912097, 
        472.98231676479776, 
        2009.4120579263342, 
        1807.570734329908, 
        2601.7785965511125, 
        1411.5785457947252, 
        2420.8526548326545, 
        2056.6806933834664, 
        2288.2435821937192, 
        2210.062077596447, 
        2594.9103552228876, 
        1683.761292963764, 
        1956.2334748449798, 
        3241.466598520489, 
        1895.9884013966544, 
        2269.264878678592, 
        1821.8453900576912, 
        1789.4907298855846, 
        720.7126370929234, 
        2341.812932393096, 
        1945.4071654566383, 
        2972.11437049991, 
        2332.317332616406, 
        2436.8439108161383, 
        2486.770174880579, 
        1495.7672201629878, 
        1060.7770893864263, 
        1774.6069083646432, 
        2104.4225920277117, 
        2363.0505614756507, 
        943.9463759675717, 
        915.8119616647797, 
        977.193097544249, 
        1966.5361867218883, 
        646.2823523854752, 
        919.2104411420868, 
        1820.4834187476665, 
        2504.900098285589, 
        693.0185787161288, 
        2325.928729553169, 
        2209.792558140757, 
        1365.1335359297889, 
        1265.9676839293963, 
        2230.4660346541336, 
        183.07270848590414, 
        1000.2215435885378, 
        2534.991524972876, 
        1251.16340416618, 
        2511.5177378390545, 
        2343.389148740328, 
        3304.959919895043, 
        792.4650652048473, 
        2032.14629608707, 
        2855.1547613364405, 
        3358.544461368744, 
        2139.945461085886, 
        2136.195717540768, 
        2934.1714749391804, 
        1570.7281238787493, 
        2263.2103752247695, 
        1843.4702612355004, 
        2725.7615589130073, 
        2080.6209356764716, 
        3227.841396191483, 
        3129.8878829504015, 
        2459.933041719399, 
        1804.3394481344726, 
        2117.4067271307727, 
        1487.8425632242934, 
        2909.646158962435, 
        3075.397783721387, 
        1321.184574766904, 
        1990.2406476083431, 
        1766.4099184406662, 
        1275.3415056379888, 
        2319.3070411086405, 
        2680.045847229937, 
        1582.6518325467678, 
        1285.2398259806332, 
        2582.7875599401455, 
        1299.4822560158782, 
        1301.6439523436711, 
        499.3967503800943, 
        344.5485898143955, 
        2300.8389224329126, 
        1624.996508544904, 
        1823.7955480419655, 
        2205.0888445279306, 
        1265.753052049582, 
        1610.5593708541792, 
        2444.8355357867695, 
        989.7836372721904, 
        1677.1489531599104, 
        2200.8568057855837, 
        1860.4613840875693, 
        2059.896220886696, 
        2051.9438009595474, 
        569.8076148267171, 
        636.2293705579584, 
        1465.484938065859, 
        2254.7350484890285, 
        1336.6051727103982, 
        2273.00562158573, 
        843.6015175499964, 
        966.3028150848696, 
        2829.0931934398277, 
        2653.8826453006886, 
        2554.7545374834053, 
        2078.619086613698, 
        1982.8985242800295, 
        865.273975143631, 
        789.5094249152427, 
        1247.1516994606345, 
        2697.234177913961, 
        726.9844416285858, 
        3173.3834501250767, 
        1434.4013147062315, 
        1441.4029162339996, 
        2665.2686106869855, 
        1569.2665381093057, 
        2552.2638500586136, 
        2507.5122032232384, 
        2329.2414360492426, 
        2331.178792815197, 
        3314.8590420225623, 
        1522.8200315337476, 
        3049.232840009379, 
        2115.3872807175308
    ],