{"center_point": [40.7568984, -73.9884614], "sample_points": [[40.75638286094242, -73.9994463063359], [40.75894869745199, -74.00043715376445], [40.74310229423976, -74.00223563481293], [40.75522702031991, -74.01782846887441], [40.75249079029276, -74.00572812580886], [40.73650651043408, -73.98308042335678], [40.77822838833704, -74.00411849714851], [40.766103404807, -73.96628835991925], [40.74556462929728, -74.00032538564312], [40.738453547057944, -73.96089741410185], [40.76335649935118, -73.95899591928752], [40.74386668113329, -74.01595242534094], [40.75417720596542, -74.00842148269238], [40.7353788401239, -73.99663624212857], [40.76120727074088, -74.0069146032931], [40.77407659949656, -73.97689040874562], [40.75050973439072, -73.98022550142548], [40.76707872407859, -73.95899394029863], [40.75367859151237, -74.0005989625897], [40.76463812217632, -73.9849113099484], [40.77380179830437, -73.99919942503085], [40.75146079835809, -73.98191027176809], [40.738452258804564, -74.00508768921118], [40.778200130771445, -74.01509387913873], [40.76175322081436, -73.97420784835062], [40.74780312403089, -73.98552331724146], [40.77123479102253, -74.00307783155765], [40.769522566718315, -73.98222051174784], [40.774474286769205, -74.01552747900554], [40.7556421217427, -74.0172210660973], [40.76468797527122, -73.9869052358517], [40.77197026661852, -73.99634169286261], [40.769034104678944, -73.98150675298785], [40.74640492401891, -73.97274376488497], [40.73948661896101, -73.99602941813517], [40.73880324921465, -73.98523672029332], [40.77407526275869, -73.98251626806636], [40.73459023921056, -73.99669304381848], [40.760443923813305, -73.98149725915111], [40.74481520153698, -73.96517245256965], [40.77037816082194, -73.96102900414206], [40.74298360475029, -73.99668484739026], [40.7594183159222, -73.98143257467156], [40.756655445039534, -73.99341866955935], [40.740637652846516, -74.016775472996], [40.73892056227753, -73.97358790646128], [40.76342278271047, -74.01713428993136], [40.752955200034286, -73.98811996404801], [40.737020145313274, -73.98581141652579], [40.73695826069146, -73.96208525667775], [40.757101386608895, -74.00764720271827], [40.74095495274463, -73.98797130357636], [40.742542513057785, -73.99351560127647], [40.740976979666186, -73.97377238146042], [40.73821812263811, -74.00512280851324], [40.75040420677698, -73.9789010645719], [40.75129638041695, -73.96128730664066], [40.7712607910625, -74.00270531526851], [40.776738439746694, -74.00942921598003], [40.77933744575825, -73.9875242264516], [40.764359339987, -74.00451318677791], [40.77047802676381, -74.01236555335257], [40.73451516419869, -73.97356857153625], [40.74373685025901, -74.00338878590298], [40.77584815244649, -73.96391030849901], [40.77096148007902, -73.96530697039375], [40.77053835024734, -73.96266954440378], [40.77729231973374, -73.96980044281408], [40.75814181012888, -73.99797249686381], [40.734881614017056, -73.9773384999486], [40.74131067758377, -73.96137980171416], [40.769423343253294, -74.00576855776006], [40.73777198582536, -73.99931051663049], [40.767321193039436, -74.01670188170027], [40.74568081533994, -73.97428911637496], [40.77073415870191, -74.00788894341463], [40.77313999585214, -74.01645065766996], [40.74596046822658, -73.96568067821133], [40.760269785177954, -74.0024932527084], [40.75744974045357, -73.97865714720952], [40.77052064477872, -73.98067661091699], [40.77653838153266, -73.9930711994181], [40.751921642070016, -73.98451553588049], [40.75924685961512, -73.96584412074861], [40.765313821904286, -73.9902951308061], [40.7660082781913, -74.01682944136739], [40.764125173076664, -73.97898413227598], [40.7467246886461, -73.9795892190256], [40.759129171805085, -74.00020187731316], [40.737178008323305, -73.95890012485884], [40.74839979115011, -73.97876651004371], [40.75938253440039, -73.99223579680087], [40.73664828068649, -73.97645415300093], [40.759805846296054, -74.00763523906205], [40.73541137965613, -73.99194524420545], [40.76680641925227, -73.99734044038284], [40.761119524046926, -73.99999563499725], [40.761227237511775, -73.9876143859854], [40.7623157897778, -73.99927504283283], [40.75622386208215, -73.9915825773235], [40.7695138086051, -73.98032865934096], [40.76388082580114, -73.97854536690944], [40.774581784918844, -73.97892549185549], [40.740440647033644, -73.97003855380831], [40.76378617019494, -73.99959958997827], [40.73902387525996, -74.00095019923803], [40.73848112553562, -74.01274898901785], [40.76525555799209, -73.96346520999082], [40.774754244528495, -73.96852798326492], [40.75570585510844, -74.00008732096343], [40.74465900322534, -73.97844835540829], [40.777711881472264, -73.98451648003399], [40.772529564592574, -74.00611944808357], [40.74151468645826, -73.97853693821425], [40.77284143579111, -73.96621601708668], [40.74665313056451, -73.98545608031992], [40.747718900224136, -73.98132822901067], [40.76935126552531, -73.97503404566491], [40.75993820842875, -73.99811255253915], [40.74432795715807, -73.96527759336638], [40.73814966567034, -73.99636471815558], [40.75944757360797, -73.98628234135745], [40.76289236446453, -73.96272125580028], [40.74452475812069, -73.97705479187591], [40.7480487824949, -73.98837316161789], [40.74282341800541, -73.97486607232808], [40.76259718611665, -73.96166986026786], [40.7546782323189, -73.96205968068108], [40.77505214992867, -73.9782976775382], [40.739410615988014, -74.01038058614687], [40.7441307126252, -73.97677127042336], [40.745955362303356, -74.00252286302634], [40.73776102893299, -74.01360526441344], [40.757525706067185, -74.00431616042371], [40.76762952407456, -73.97750540718141], [40.74981878697631, -73.96399987164816], [40.73920609743458, -73.98928075957363], [40.75757430218717, -73.97176429798814], [40.73499968537448, -73.98554935278695], [40.74362719959772, -74.01653732110434], [40.76918457640803, -73.9926227059241], [40.73863719689779, -74.00214690027747], [40.76900530035575, -73.98350428866571], [40.759982046252865, -73.96943745862887], [40.749571399871975, -73.9892780228129], [40.76641981808797, -73.98071528964695], [40.76919869929515, -74.00675167100087], [40.76366576946731, -73.98563917922492], [40.7498257713045, -74.01069205475089], [40.77359408541395, -74.01726062508726], [40.76767054364541, -73.97868551686744], [40.74194015413991, -73.99188325206343], [40.75136646679908, -74.0063447385858], [40.77904343808774, -74.01117338427005], [40.745647174782285, -73.99676798944796], [40.77823197199837, -74.00817611404212], [40.74436612162306, -73.99024186342871], [40.73741445901664, -73.97844331884525], [40.74492487904421, -73.96957211773982], [40.743849810806104, -74.0058829366315], [40.75389785685883, -73.98512584762074], [40.76451550924053, -74.00621628115488], [40.76911561112164, -73.96861112997256], [40.75918723866267, -73.97207831787338], [40.74259240221866, -74.00041060475367], [40.753689441357174, -74.00696600862321]], "boundary": [[40.779431663400246, 40.779431663400246, 40.73436513659975, 40.73436513659975, 40.779431663400246], [-74.01810947391412, -73.9588133260859, -73.9588133260859, -74.01810947391412, -74.01810947391412]],