{"center_point": [40.761098, -73.9856602], "sample_points": [[40.766064014044254, 40.76999540243269, 40.78105850417855, 40.78302046232535, 40.769602277257775, 40.76751148725144, 40.7682148764681, 40.774348673692636, 40.75718829971625, 40.76162880954821, 40.755545208788185, 40.764258661382904, 40.75678008510498, 40.78242850763398, 40.773018590304126, 40.758312796208884, 40.75534704378047, 40.782550665628534, 40.75497094611332, 40.75431599420736, 40.77381565687402, 40.74758587658472, 40.75961160083752, 40.76092696778135, 40.76749036988918, 40.73904435773841, 40.75771839228703, 40.76901562069365, 40.747144253020316, 40.77461907673881, 40.76711978205352, 40.78124539692224, 40.74573459356993, 40.78229222181012, 40.7533168928517, 40.78084442500742, 40.77865292544169, 40.760031952239906, 40.749697280604806, 40.76447227817939, 40.75792959732193, 40.75079569417262, 40.76924863847565, 40.76989691928361, 40.754092304974996, 40.77753321629845, 40.745619103803996, 40.7795784375722, 40.759392852365984, 40.74117738150757, 40.75848282544012, 40.77453836206636, 40.77082434351505, 40.77808721939266, 40.74339869196722, 40.73898266995659, 40.75496759194064, 40.754666969222995, 40.75893658479756, 40.77913305327337, 40.75812604886067, 40.766200629294254, 40.75323418992575, 40.74964176849851, 40.76753854673873, 40.76578156653214, 40.76408962596978, 40.74393545649864, 40.77841192232573, 40.76663547093695, 40.74540311076137, 40.74377737665149, 40.76754695909616, 40.78127351568587, 40.77717587199324, 40.7795585428564, 40.77555443211014, 40.7647589946554, 40.78126850117357, 40.75340690730897, 40.738767591021904, 40.75612543836718, 40.75598873981419, 40.75034043041157, 40.772716997318135, 40.76768352814105, 40.7445796567416, 40.770143124689035, 40.75054216447055, 40.764176166950676, 40.76675534691267, 40.75612643254445, 40.76286657153341, 40.758686221967544, 40.779677441398775, 40.755871957153886, 40.74430354363493, 40.745011732136064, 40.762533648117, 40.76064477007736, 40.77338316176568, 40.773389801414524, 40.75079475781165, 40.7684410253177, 40.73992127451667, 40.767502337532235, 40.7799456221691, 40.75606186672298, 40.75991389948506, 40.74433679221881, 40.769863484004645, 40.77307588013083, 40.77290413051125, 40.7426638046318, 40.76213544795946, 40.751773371705, 40.782154391301596, 40.77136980733462, 40.778474291529115, 40.779086996055184, 40.77337276547364, 40.77408435154671, 40.74065955830486, 40.74873945999773, 40.746918542058566, 40.768856169566064, 40.769866367442326, 40.77170325215519, 40.76366782072324, 40.74339538264585, 40.7636093922765, 40.740388048821806, 40.76024757506664, 40.74698993346181, 40.75510551470637, 40.77942507465834, 40.7405035445514, 40.742046341431795, 40.74036074324539, 40.74507216587547, 40.76180617580905, 40.77198200475164, 40.75897613630757, 40.76684630054236, 40.7587045208387, 40.770602941801116, 40.75739409760917, 40.750377031721946, 40.77513673348119, 40.7585177336988, 40.76599405536668, 40.755713850958756, 40.76002980576744, 40.7721276872145, 40.759857869267435, 40.77293074545661, 40.77852519182355, 40.77383754066582, 40.762390723765215, 40.75463899430006, 40.748746351652144, 40.75435098908036, 40.755411753361884, 40.74979361852146, 40.777602936029645, 40.75160113392058], [-73.99253639975379, -73.97533942893745, -73.96231620084441, -73.9695334484167, -73.99881021165314, -73.97021886525842, -73.97892682442172, -73.99945230529259, -73.99511985030163, -73.98784996747428, -73.99694916348726, -73.97866897693149, -73.97648330907818, -73.97157886779209, -73.96416459827822, -73.99563878446033, -73.96516803490152, -73.99244200360862, -73.97683149388553, -73.99974811185783, -73.99971112001248, -73.96710105546518, -73.97378477708841, -73.99630039188753, -73.97661282840345, -73.99293645800034, -73.97039193002536, -73.98681109000364, -73.9738697184145, -73.96896797018684, -73.99947679774964, -73.99473462713974, -74.01313993920706, -74.01003073404308, -74.01256681071402, -74.00311479320064, -73.96059764534334, -73.9636450689021, -73.98291098474247, -73.99198411647862, -74.01225598587284, -73.96476116477012, -73.96982870529843, -74.01475421760622, -74.01289191718247, -73.96048163697186, -73.97445602093521, -74.01348572208012, -73.96780349635084, -73.96882293082058, -73.98034370705359, -73.97411274716895, -73.99039107743951, -73.98020933715989, -73.99396197045093, -73.97584399908973, -73.96326721861544, -73.9903924213761, -74.00782903180641, -73.97162661761442, -73.96142816587654, -73.95973632593667, -73.99496977407058, -73.9623297929201, -73.96744321421271, -73.9864288721, -74.00611102857327, -73.95807490612616, -73.97352436457503, -74.00464744776315, -74.00786899826501, -74.00627224545377, -73.96284703136597, -74.01489953864841, -73.97551003129357, -74.00868667303962, -73.99336439516387, -73.96917824996208, -73.97064266638559, -73.9668643464434, -73.98474829732685, -74.00376783975133, -73.96246425255379, -73.97810533040058, -73.98023068243255, -74.00874341122275, -74.01161648824603, -74.01099540898578, -74.00377390345747, -73.98195373975378, -74.00766492953107, -74.01404880284763, -73.99674360461185, -73.96072617477331, -74.01106793590493, -74.00237490572896, -73.98516778305384, -74.01421163753568, -73.97747114540987, -73.98564837373786, -73.97313613932728, -74.00313069526324, -73.99261133100934, -73.99885823151457, -74.008388098901, -74.00102054070909, -73.9704047340797, -73.95821042195931, -73.99503054249418, -73.96371295450855, -73.98630980750767, -73.95962176308613, -73.98385531083451, -73.9725272064385, -74.00917457899682, -73.96209799524601, -73.95943921405046, -73.97444002518952, -74.0120362095739, -73.97879457781049, -73.9880814202191, -73.99668430593212, -73.97078230650334, -73.9999184840531, -73.98311004713874, -73.96579573583305, -73.9792020466638, -73.97936874466961, -74.00427495528798, -73.9927381101596, -73.95781927474914, -73.98345858044156, -73.99139181512092, -73.97525275181856, -73.98882413098534, -73.99217107526204, -74.00351956909162, -73.98810596626693, -74.006138068178, -74.00698818582933, -74.01200782722714, -73.9569782567055, -73.98787303808346, -74.00445675004947, -73.95885251410638, -74.01070855107251, -73.95850238141405, -73.97512942222444, -73.96077061832041, -73.9678378279418, -73.99574614027019, -73.98076002497068, -73.97990982207241, -73.9648219476501, -74.01394697855224, -74.01190826722619, -73.9642072617982, -73.99856948616348, -73.98937547840465, -74.01480713940963, -73.974567885138, -73.97139761948962, -73.98470764869498, -73.98495482546734, -74.01238891297437, -73.95852893978136]], "boundary": [[40.783631263400245, 40.783631263400245, 40.73856473659975, 40.73856473659975, 40.783631263400245], [-74.0153101470397, -73.9560102529603, -73.9560102529603, -74.0153101470397, -74.0153101470397]]}