{"center_point": [40.761098, -73.9856602], "sample_points": [[40.74652267558493, -73.96016212332125], [40.75488707350196, -73.96504703697335], [40.74117192373562, -74.00019742415353], [40.765155725202824, -73.99191758130138], [40.771437312445066, -73.99016007555053], [40.78222638384901, -73.98865795437553], [40.75897941717807, -73.99334961161544], [40.74977014023516, -73.97786564131758], [40.77017870631777, -73.9709150916597], [40.76461065900093, -73.98492443175624], [40.75717288015878, -74.01436379308615], [40.75182585139678, -73.98996577160385], [40.75123291754976, -73.99790817833755], [40.74193762444157, -73.95852774350196], [40.7716576437864, -73.96822810472544], [40.7776473053434, -73.99906928304142], [40.7462773767318, -73.97664312341807], [40.74589812365853, -73.96562366546019], [40.774081569446814, -73.98770673360559], [40.74072709435875, -73.9954295633093], [40.756397765310844, -73.98272414880545], [40.777416683734764, -73.95680872852441], [40.76659735305745, -74.00600333421689], [40.77029383682743, -73.96661990207207], [40.7684273247269, -73.95959301554802], [40.773233059673736, -73.95756489019873], [40.739266273888944, -73.95954500081571], [40.771243355771865, -73.98745565362066], [40.74561214521875, -73.95918562761355], [40.751300824061886, -74.00642572948391], [40.777014549607166, -74.0140458858514], [40.76910407469994, -73.97613824002482], [40.765875276371176, -74.00364623117363], [40.74291138658123, -73.97387040146425], [40.77889874659092, -73.96581157059597], [40.745936501935574, -73.99866756689885], [40.77075071348341, -73.95732062598611], [40.77741431618488, -73.98730140394197], [40.77671203764992, -74.01308909853488], [40.775112645224375, -74.00235390088731], [40.78008917303732, -74.00197309895154], [40.73863957342361, -73.9740362868721], [40.75266156793845, -73.99937802837093], [40.76033705826503, -73.96104081657721], [40.765212116976606, -74.00756260597197], [40.74610006853457, -73.99604350056862], [40.74784077633507, -73.96587743959323], [40.74170862395964, -73.97811025151377], [40.77515084578885, -73.98927845543419], [40.754629132497826, -73.96994629792796], [40.78248391031961, -73.99727456575197], [40.75991078531934, -73.96095824047393], [40.773729811348765, -74.00253916662513], [40.751551824572324, -73.98092860165947], [40.77926798845197, -73.9957707092081], [40.774981477494336, -73.98052255057748], [40.73862714556793, -74.0028670695817], [40.765862964640405, -73.9834954503754], [40.77054514257331, -73.98320738048793], [40.752281378476255, -73.9819655011149], [40.78006642186699, -73.98985720068103], [40.76911663670964, -74.00080929521685], [40.772657585653555, -73.98441374256753], [40.75422249036603, -74.00670158351556], [40.76046651711477, -73.96036270475017], [40.7651494988868, -74.00387168921063], [40.77685199705307, -73.96941180900346], [40.78213781361377, -73.99073584305776], [40.759871671998006, -73.99371118217681], [40.772898922826826, -73.97464832662179], [40.75491117086519, -74.00921454679225], [40.77726632773356, -73.99953875997966], [40.773959802649344, -73.99400132168877], [40.75317948378663, -73.97147360661089], [40.74058957174548, -73.9816274472618], [40.7523429248702, -73.98125833343322], [40.751751907237, -73.99866711973728], [40.78000600871746, -73.9631883432038], [40.75127541824631, -74.00814555937684], [40.747024395397624, -73.96956786516657], [40.74548501137918, -73.96538034680349], [40.772109615134774, -73.99566814201786], [40.778273042321054, -73.97302965890839], [40.76850386049946, -73.99616297979097], [40.74559935655535, -73.98915080957582], [40.75761664661024, -73.97160616510696], [40.773403160362555, -73.9952037102486], [40.767389234050775, -73.992401440712], [40.775018507787436, -74.00895154121481], [40.76865476889991, -73.96194008101216], [40.7479525250917, -74.0087920782467], [40.77197875142706, -74.01246484631857], [40.76796791996636, -73.99491438846881], [40.78002221142125, -74.00429625829868], [40.77197287243796, -73.98858651701927], [40.74540552016948, -73.99711934797223], [40.77314133622079, -73.97767659789014], [40.74440650219732, -73.96816381615675], [40.73978670904348, -73.99222048518286], [40.74547223550479, -73.98463605681307], [40.78167311923224, -74.00820258316965], [40.768468964588436, -73.98105222959545], [40.76700762917128, -73.9809956368614], [40.7598669857243, -73.96055185583818], [40.74319376334255, -74.0115666839652], [40.777217354284495, -74.00786850707047], [40.77299585061353, -73.99134276728961], [40.740642756316106, -74.00583731326738], [40.76917082560468, -73.99451762589793], [40.75968411235151, -73.9903007569492], [40.74928686675691, -73.9673097581659], [40.75310375299804, -73.9855559387356], [40.75754545873866, -73.96637859323758], [40.75015804129569, -73.98508123476773], [40.77311920718499, -73.9623915588677], [40.76311250184868, -74.00094509309824], [40.739176735298734, -74.00905497820565], [40.76667676918718, -73.9887183175936], [40.768142232962056, -73.96279164905067], [40.7499949222556, -73.97030115887098], [40.769413039909146, -73.99212352696011], [40.7581945923655, -73.96081394684691], [40.770656900723495, -73.98214636755121], [40.77201578677388, -73.9688166485269], [40.77763202109071, -73.98556790149378], [40.779513486723374, -74.00107221560192], [40.77776564167988, -73.97445653309433], [40.77484654277539, -73.98691970684881], [40.75214879459261, -74.00275742286918], [40.76724150560545, -74.00537457501332], [40.77154939951038, -73.965645653393], [40.764829179972395, -73.95784377490837], [40.77996449108088, -74.01300777650788], [40.76619407608717, -73.98520558023083], [40.772765691609486, -74.01324177725435], [40.74790594680943, -74.00399963682578], [40.77340401471327, -73.97679634851991], [40.76896573823591, -73.9675144965294], [40.749763224525985, -73.95935219197371], [40.78068892200745, -73.99494842499648], [40.76500815207172, -73.99754881895764], [40.76091156817054, -73.97745850618224], [40.754267897119036, -73.96871300827388], [40.78007020844205, -74.00433942739976], [40.750626030979774, -73.9997299245002], [40.738876184580015, -74.01260762351936], [40.773680365092055, -73.99359177656643], [40.78035788207752, -73.97725585742576], [40.739937331998334, -74.00024728905522], [40.782802139339495, -73.9598179605369], [40.76568529338262, -73.96591747991663], [40.77702819982963, -74.00522612664562], [40.751298732541606, -73.99269929527873], [40.75613539371008, -73.96306892483427], [40.779058469410344, -73.96373394998396], [40.76370221693809, -73.95796001514086], [40.752078722510724, -74.00706184650117], [40.755305916606076, -73.96913514427263], [40.77171184582825, -73.98420751865775], [40.74094699645591, -74.00559082400835], [40.77681952348425, -73.97828406228533], [40.75420737978158, -73.98685857452814], [40.77327109447417, -73.9799131747737], [40.76171560996025, -73.98656209458734], [40.746883115442834, -74.0010846645148], [40.781737166614626, -73.9770500700419]], "boundary": [[40.783631263400245, 40.783631263400245, 40.73856473659975, 40.73856473659975, 40.783631263400245], [-74.0153101470397, -73.9560102529603, -73.9560102529603, -74.0153101470397, -74.0153101470397]],