{
    "boundary": [
        [
            40.783631263400245, 
            40.783631263400245, 
            40.73856473659975, 
            40.73856473659975, 
            40.783631263400245
        ], 
        [
            -74.0153101470397, 
            -73.9560102529603, 
            -73.9560102529603, 
            -74.0153101470397, 
            -74.0153101470397
        ]
    ], 
    "center_point": [
        40.761098, 
        -73.9856602
    ], 
    "distances_to_center": [
        3000.4465475029015, 
        1539.0316181186456, 
        3085.87048715734, 
        931.5549374316028, 
        2052.184974106558, 
        1931.7161569650289, 
        2861.55543014868, 
        2502.39086172782, 
        986.1397310997804, 
        2029.6618325861587, 
        2133.2714941002982, 
        1749.7113039958872, 
        1705.921100345364, 
        943.0038779391693, 
        764.2713109670262, 
        1958.7121184373254, 
        994.3435481647941, 
        2348.6990806558492, 
        798.26156124611, 
        381.5269325792384, 
        1849.3427566654316, 
        1029.2161341476444, 
        2032.1526317278092, 
        3092.0625469856936, 
        1812.255639418308, 
        2165.457108336268, 
        1354.7919819604797, 
        1093.20782416935, 
        1610.3137184157383, 
        1342.3857423313393, 
        1480.5266875411094, 
        1128.8464766829304, 
        2453.350202486614, 
        2775.4780513438263, 
        618.5807242260289, 
        2436.2490838933804, 
        2179.0719491447308, 
        2259.5122039836365, 
        1952.352025154043, 
        2348.085593084563, 
        944.9078064870471, 
        1182.9187760204595, 
        1920.4982091177442, 
        1573.750102775474, 
        901.5143866152332, 
        1369.3341799482796, 
        1825.2659258828692, 
        3060.0084781605788, 
        2945.7563908719185, 
        1997.0900251128166, 
        2398.1870212740578, 
        899.0411395754351, 
        2491.6561129261213, 
        2283.108694787798, 
        2985.556737296302, 
        2531.03203364195, 
        2116.4665704535223, 
        2481.7890370770047, 
        1847.4970617557906, 
        2313.535243828917, 
        2471.7030837757234, 
        1147.4521036433912, 
        3004.201256004349, 
        1911.256256657004, 
        2357.4039890527843, 
        1594.3400241602976, 
        2857.376762197912, 
        2119.119610073958, 
        2855.734058339912, 
        1503.2392977373058, 
        2718.5136137269437, 
        2097.1711434879935, 
        2387.7620012589523, 
        2696.3508623351254, 
        229.4012315651287, 
        1887.0692860011814, 
        1475.0365377890048, 
        581.5358794241886, 
        1285.9346195359674, 
        1496.9008501174212, 
        2107.1324259054636, 
        1268.415075537555, 
        1556.5111301537618, 
        1019.2312218722539, 
        1930.4547368016279, 
        1939.8561752171374, 
        2220.3748705511935, 
        760.1334961754205, 
        1824.9649278408747, 
        2111.966173475068, 
        1223.718286155996, 
        2520.803918626825, 
        2249.115783404484, 
        2508.2927330462076, 
        1518.0147445934035, 
        1906.5813948437117, 
        1354.5669893698716, 
        1735.3459220031968, 
        1574.8085295720928, 
        1933.949788774188, 
        1226.8172058250534, 
        1800.6281257372862, 
        2608.401639869064, 
        2277.721625942143, 
        1910.3252490950788, 
        1485.2112890683723, 
        718.7303110171794, 
        1897.662955430712, 
        1707.6682218619555, 
        2504.8156066405427, 
        2478.516053594684, 
        1863.9020424583628, 
        716.3451597367066, 
        3036.203479404242, 
        1797.1547177219525, 
        1824.7678192169592, 
        1666.8171892209953, 
        1155.3096646247263, 
        3058.012951764305, 
        3249.9062833442204, 
        2669.597214054419, 
        2568.6404443372144, 
        1975.9513723450432, 
        2013.289629758507, 
        2925.02064478804, 
        2578.9897610357475, 
        521.5579391110156, 
        2326.04577573372, 
        747.754366802676, 
        853.7371116559465, 
        2392.0823551537924, 
        1910.5703574870504, 
        1086.959983154404, 
        1430.6520505113117, 
        309.7785167292664, 
        1061.8012353822037, 
        1741.5189648669914, 
        1209.0495297222, 
        2658.200687424473, 
        1897.6097769710714, 
        1164.814527485291, 
        2329.414028114849, 
        2664.7640995371485, 
        1372.188862977135, 
        2348.646239059127, 
        2424.421760594415, 
        953.1391364316187, 
        432.14665307387173, 
        2524.0875516854467, 
        3067.3850571744993, 
        1706.1358102099712, 
        2179.6741374442327, 
        547.25527262844, 
        2327.380810531293, 
        2100.017974516247, 
        2435.9915014560556, 
        497.0752785164981, 
        1608.6325657747834, 
        1118.6073105923608, 
        2484.4603483842093, 
        1433.5026771437442, 
        834.495193019528, 
        2239.533652010634, 
        2625.2031253493183, 
        2063.3002532974633, 
        2248.653722031679
    ],