{
    "boundary": [
        [
            38.44480376340025, 
            38.44480376340025, 
            38.399737236599755, 
            38.399737236599755, 
            38.44480376340025
        ], 
        [
            -82.47567486192092, 
            -82.41834393807906, 
            -82.41834393807906, 
            -82.47567486192092, 
            -82.47567486192092
        ]
    ], 
    "center_point": [
        38.4222705, 
        -82.4470094
    ], 
    "distances_to_center": [
        2261.7850200010366, 
        1185.657703315199, 
        1838.8460646433562, 
        1870.011674550135, 
        2419.136710228847, 
        2172.710595372386, 
        2420.897205838254, 
        2121.398663344717, 
        1887.906036912311, 
        2492.249460229354, 
        1518.4969813108553, 
        3360.9321994033, 
        2616.3320349509822, 
        2617.351308829395, 
        1454.9808269497228, 
        2163.0499275115353, 
        1694.771922715978, 
        134.4182874280245, 
        1817.4782804485376, 
        2092.9031285849833, 
        2341.0605015905294, 
        1238.826800448398, 
        2543.2928962188953, 
        2083.1191078767647, 
        2354.4308398542203, 
        1056.5093436900754, 
        2523.974804822994, 
        454.97433344526974, 
        2542.5734192870677, 
        2358.3960254044855, 
        2229.332577294842, 
        733.9508501214616, 
        2167.364237569625, 
        1964.1832578819972, 
        2753.172861169837, 
        1125.4103776566292, 
        1523.7107615393343, 
        971.5000905416857, 
        2334.90486163724, 
        3021.346234967128, 
        3163.5073077040593, 
        1194.6486957431734, 
        2663.39001198267, 
        2307.707020636135, 
        1347.9374178454893, 
        2338.8811998748156, 
        2087.9303599386308, 
        1076.1334021432663, 
        2025.3857507635712, 
        2558.1174955629986, 
        1644.099421408099, 
        2478.5868312848447, 
        1157.7769494781414, 
        2927.9227696388284, 
        2420.9224814012814, 
        1513.1028579701017, 
        371.49019366470367, 
        2920.8609728657757, 
        2510.1026357827823, 
        2286.463810182026, 
        576.919752158976, 
        2900.024260403903, 
        1474.6773940691958, 
        1785.9368992316395, 
        1026.0715952131914, 
        1633.9370434359066, 
        3069.054524059957, 
        1848.7133403034459, 
        1828.8812566600413, 
        2716.1911327075727, 
        2491.053921901124, 
        1126.400969481575, 
        1950.499429241078, 
        2338.5227254905217, 
        2344.087264577582, 
        609.4263500877912, 
        3258.632069128874, 
        2609.1933077687945, 
        1822.705850706509, 
        2933.7707805368427, 
        2090.5516466018917, 
        1353.9251447262675, 
        1298.7359500262767, 
        1827.8433962658207, 
        2022.3817608452025, 
        2212.122453973437, 
        2104.2921130374452, 
        1940.8360147195742, 
        924.0172156319545, 
        2201.1917704046077, 
        2486.612401139272, 
        2668.5079149903904, 
        2461.278746459688, 
        1819.03233163008, 
        2400.1852986207955, 
        2849.694076213549, 
        3203.9478277793364, 
        2945.694901796285, 
        2154.5946604873966, 
        534.1360460361415, 
        2200.1850052905143, 
        1143.1118073350008, 
        1574.2748839049366, 
        1085.6977704351918, 
        1200.83377529512, 
        2962.2757894997994, 
        3205.4878249022895, 
        2045.3831109451671, 
        1988.4262985955986, 
        544.3706773444767, 
        1606.8707961767755, 
        1906.1842123743083, 
        2343.2297253257557, 
        265.25737495283096, 
        2461.253252487587, 
        1611.3949209213063, 
        718.0800182044809, 
        2412.3900265513744, 
        2906.204499407724, 
        1450.0646512723804, 
        1804.1520305868553, 
        2767.319389726408, 
        1801.4834254156315, 
        2853.311481464673, 
        1160.537958945359, 
        523.0363908746, 
        1533.980100650971, 
        682.1422449130881, 
        2152.163377212757, 
        1613.0401685743632, 
        917.1402112526546, 
        1508.4467885502058, 
        1018.8934398576231, 
        1523.4233408957791, 
        2741.9410766180085, 
        1544.983186435443, 
        1728.0071781657527, 
        2641.6109514558366, 
        3032.909287291762, 
        2218.6284070174015, 
        2083.32084854992, 
        2555.993136053537, 
        2691.3708393602706, 
        1180.8876130159663, 
        1819.6721246681013, 
        633.8048367186581, 
        741.6771233156625, 
        1437.9387490711642, 
        1954.4427719629832, 
        2143.29669955277, 
        1874.532474475429, 
        1595.1510125117388, 
        2466.0541772482284, 
        1997.046607553329, 
        1629.0703220783366, 
        2674.6689610739822, 
        2969.049599231157, 
        313.65641603506106, 
        1672.4597649871778, 
        1672.5769130091992, 
        2118.000544350952, 
        2522.27360897372, 
        2247.402863185379, 
        2472.11383720279, 
        2682.3451888431127, 
        1669.840721078286
    ],