{"center_point": [40.0414665, -76.3090013], "sample_points": [[40.05032963181166, -76.30794911448474], [40.06148896035094, -76.31166898832575], [40.03049557133418, -76.28181497507079], [40.056063228110446, -76.31534464327709], [40.049810339032824, -76.2925824294371], [40.03495494048916, -76.28017745248482], [40.01905823748453, -76.32173669226296], [40.0209621745784, -76.31776901849787], [40.020519873877156, -76.31758379467752], [40.052977360541234, -76.30837906000485], [40.027102961687035, -76.33794069862292], [40.0480932871115, -76.3203995615563], [40.06397234522264, -76.30240395952282], [40.05887508717953, -76.33660957069728], [40.020533711834666, -76.31603754249971], [40.05360502327826, -76.28956541843752], [40.04362127292094, -76.31849840540436], [40.02412393997663, -76.31444640190898], [40.05764327827763, -76.33368743537795], [40.033462175537295, -76.32636265725564], [40.044139240952646, -76.28675350038836], [40.03769751285082, -76.28721914748574], [40.05561356809363, -76.3218040492017], [40.04877679783819, -76.31148378969685], [40.055274448319814, -76.30809671031393], [40.022685973536504, -76.33310365825233], [40.05890983163276, -76.30916247339692], [40.03329367687834, -76.29255344494005], [40.03645498336348, -76.32078105991694], [40.03601217275856, -76.32553145351784], [40.05303112299484, -76.33390144418016], [40.04817696666554, -76.32716072035946], [40.02334041105116, -76.32690068689898], [40.03697134617686, -76.3296587091648], [40.02013224003965, -76.32196257010565], [40.06076258065925, -76.3148976469011], [40.05701879213892, -76.29030361261835], [40.02160709215719, -76.28334043270354], [40.03216271916163, -76.29633469145804], [40.02257862646395, -76.28003543858748], [40.0197492099617, -76.28206992235843], [40.02109625660239, -76.29519879878416], [40.0295923089324, -76.31533309863208], [40.05039197403038, -76.29240155198913], [40.042803488759546, -76.28696432355906], [40.0204575701959, -76.33810215721438], [40.031025002510255, -76.33679302447536], [40.030839736430394, -76.29597152384694], [40.0457068368818, -76.33503922485353], [40.04814644761882, -76.33098509585346], [40.06089355978756, -76.29506351507058], [40.056434005896485, -76.32569840470866], [40.054415682716424, -76.31823727863483], [40.05640526241059, -76.32948121409896], [40.02225862513044, -76.32123057584666], [40.0289652732658, -76.29548218095859], [40.02260180941194, -76.28507819476819], [40.02347865257277, -76.32786716318031], [40.02310057742486, -76.33616716814028], [40.036455736055416, -76.32065502299979], [40.05482602457283, -76.32421595646387], [40.03417749585745, -76.30457021062924], [40.05645505709567, -76.30501479123913], [40.043734891008505, -76.31508667117946], [40.057494201902905, -76.30580616802416], [40.02623447427386, -76.33804316556541], [40.06018622638162, -76.32712512216587], [40.02638240061414, -76.30789015304205], [40.02347854360866, -76.28131944554258], [40.055216487548854, -76.29334741201498], [40.01977692653705, -76.33095901945089], [40.05632956513276, -76.31696917894527], [40.04673480853637, -76.30962939902258], [40.04747547576172, -76.29719145106546], [40.03045512163542, -76.28178212755577], [40.0636908430753, -76.33609361133496], [40.059963246021546, -76.32428535138284], [40.047085740739206, -76.33302748062876], [40.019823471996354, -76.2897227413116], [40.05503846942201, -76.32929255387653], [40.045995155427505, -76.29644946952403], [40.0418119360742, -76.2835296432826], [40.03525539330462, -76.3267283393054], [40.029913568702824, -76.31072454703374], [40.05744170619666, -76.33395582916998], [40.05498165978114, -76.28772697731259], [40.05298928475688, -76.28526639354155], [40.037553522321915, -76.32792795696847], [40.05371014791756, -76.28518412650789], [40.06009367430995, -76.30992028881181], [40.051529019500514, -76.31777028631072], [40.04636204101509, -76.30142242233454], [40.02942085730719, -76.32365970469615], [40.04036180070637, -76.32492906213395], [40.044355943941355, -76.33403811312152], [40.028735847133554, -76.33803734244333], [40.023501217711996, -76.29665513001422], [40.04198012212521, -76.28970423513987], [40.02044428370491, -76.28835720623722], [40.05313969338966, -76.3235855805552], [40.04354135409701, -76.28426354943196], [40.03612715653949, -76.32058364296752], [40.06120760788859, -76.32776548691545], [40.0345168636455, -76.31296808171922], [40.05245071894367, -76.30597307676935], [40.03549850499456, -76.31640332675516], [40.05105982599111, -76.33331845628877], [40.063317749852985, -76.3231072958715], [40.04422939073666, -76.28958282608777], [40.058593639054756, -76.28706575034218], [40.0552804699957, -76.30816687126729], [40.05415809266071, -76.30439641771306], [40.04847816480726, -76.30294225060257], [40.027434554581035, -76.3356110729228], [40.04772583585057, -76.3344642064471], [40.027338083633076, -76.3145180067019], [40.0460836349177, -76.28310576097097], [40.05837611270153, -76.29166332075049], [40.05965181625784, -76.32419496041933], [40.061246400800975, -76.30810249394231], [40.05330499771073, -76.29009985855278], [40.05979850519935, -76.29970820342226], [40.022811170191495, -76.30602830357766], [40.052805424375684, -76.29754186289802], [40.05463802746245, -76.33716698405468], [40.057832644863524, -76.28375464228091], [40.0594799944815, -76.30753602464655], [40.047299496278434, -76.29671416248893], [40.04368549459988, -76.3261677152224], [40.03841175286915, -76.28507119156966], [40.02591957053328, -76.33304705716589], [40.03648129839309, -76.29329859171872], [40.05045549371597, -76.33545380682254], [40.02356138976907, -76.29416655258326], [40.03765458503984, -76.29720794959357], [40.031671304370384, -76.29212698752455], [40.038302760484356, -76.29830861366656], [40.02948084365072, -76.32143134252155], [40.06203815593009, -76.33532099159726], [40.045954009171474, -76.32565571327505], [40.04393234728339, -76.28705477892855], [40.03202132606621, -76.28465883145168], [40.02671947482432, -76.32642420963157], [40.06094362538212, -76.30944771079098], [40.03266254392145, -76.283566394958], [40.020767085809474, -76.32285451762614], [40.03608730268601, -76.28826902285108], [40.027719466930044, -76.28437625069537], [40.04602621127457, -76.32178389249812], [40.024033558848465, -76.28156085595144], [40.02373176999927, -76.28957254726956], [40.03756448531347, -76.32313130990232], [40.062715931433516, -76.3039653555556], [40.05102037337263, -76.30975801305236], [40.028620360706086, -76.32536118728065], [40.02342014278795, -76.33103537652786], [40.04948837647003, -76.28613380088532], [40.045278824566495, -76.32763918148852], [40.02181865491162, -76.2877378470463], [40.0189460657414, -76.32673806327169], [40.02384312298048, -76.3289458633906], [40.03308623310841, -76.32107827026515], [40.06261664922094, -76.29708555206585], [40.021138016851765, -76.31009598704938], [40.02616233957744, -76.32304549327897], [40.04585775707987, -76.2878977743062]], "boundary": [[40.06399976340025, 40.06399976340025, 40.01893323659975, 40.01893323659975, 40.06399976340025], [-76.3383359750829, -76.27966662491711, -76.27966662491711, -76.3383359750829, -76.3383359750829]],