{"center_point": [40.0414665, -76.3090013], "sample_points": [[40.059102286034054, 40.02543724969632, 40.04143641926836, 40.06304379691314, 40.03117605933794, 40.039897925859634, 40.02939491061869, 40.05504264839124, 40.06045619696917, 40.04733523817968, 40.022591300377506, 40.033556103158645, 40.05713042964098, 40.01922795385351, 40.04191277253975, 40.025966026669295, 40.050887664517944, 40.01982690196075, 40.05705921902438, 40.05573075217168, 40.0558744041059, 40.021136058988624, 40.05965788363931, 40.044767184529945, 40.06160613903143, 40.04996238341709, 40.028745497806106, 40.0217351227403, 40.05683709641583, 40.05453863459424, 40.06292245118671, 40.03796656204753, 40.03146172959623, 40.04697249232683, 40.04770834802698, 40.03786917683479, 40.05493756129539, 40.03848239595345, 40.051715610071135, 40.05491166510768, 40.04329420456685, 40.05682274871272, 40.02035398875494, 40.034287056053735, 40.02588072717913, 40.037787962341, 40.05058979521226, 40.022586252924505, 40.04495627918276, 40.02608161751996, 40.02202484639303, 40.02209006005283, 40.05372524227827, 40.03296187522808, 40.05445829254448, 40.02245113882281, 40.0357979601397, 40.022522670287984, 40.04470342368405, 40.02718894612683, 40.061558151392816, 40.024843438289295, 40.052116626254325, 40.05051536911173, 40.052329102562645, 40.03635731038437, 40.033043391796106, 40.04321360795108, 40.06290131728389, 40.02639043817745, 40.04681817430459, 40.04023197620446, 40.04206575989122, 40.041986672612744, 40.02085261198347, 40.05724147164771, 40.03704898794474, 40.02459289838008, 40.06278309944549, 40.04778238434173, 40.03010006767215, 40.03988820756384, 40.055686441074315, 40.024476028120574, 40.022195659927554, 40.03112155936672, 40.029069051881905, 40.03662743744037, 40.034449913720906, 40.05940530670428, 40.05409954540335, 40.040993286212775, 40.02122417967072, 40.049458061706304, 40.04101514002413, 40.04567590598145, 40.02593004884219, 40.04606294178334, 40.05914268378135, 40.030237605733575, 40.028138838443816, 40.03815818120743, 40.03716352335976, 40.039380500129944, 40.02183854494461, 40.04489633628185, 40.03310509497404, 40.02427568076868, 40.04074613873158, 40.02551900438068, 40.027227731046466, 40.02838123767281, 40.02968478129751, 40.020660301316646, 40.03761933167383, 40.02664947294677, 40.02859388785942, 40.04253316267416, 40.05048614909689, 40.049136455970014, 40.03812182074106, 40.05602748869062, 40.046015147654856, 40.0547461177886, 40.0371889230166, 40.02321925430411, 40.039819845354565, 40.02080320282801, 40.059314992614475, 40.0290860215543, 40.0549081770287, 40.03222967603502, 40.02722999868914, 40.057026798668346, 40.054783232310136, 40.05169497609292, 40.05297483110766, 40.04119263338029, 40.060081471128896, 40.05610690553994, 40.03835788485555, 40.01908535303442, 40.028207910924415, 40.03712788429156, 40.05237579508288, 40.02253801090048, 40.05936597513126, 40.04243205752684, 40.046901547206474, 40.03421615473437, 40.05304394793512, 40.02199725357166, 40.05061420124541, 40.06079309756156, 40.02301179960102, 40.04489394491796, 40.035287841486046, 40.03115674677425, 40.06041868581949, 40.03258012040677, 40.0567457738442, 40.02842282829408, 40.040343802587856, 40.05291712584291, 40.06272328224865, 40.03696651155322], [-76.30387506026054, -76.30666401700564, -76.29260695037014, -76.28159216236584, -76.27995100875465, -76.29748869855321, -76.29208428738322, -76.30027263183207, -76.30098488746931, -76.28297112435446, -76.28552238545831, -76.31733987167728, -76.27995372201498, -76.31161841782945, -76.32638863539344, -76.33643596041735, -76.31989399167725, -76.30834999086494, -76.32972995739193, -76.33650748591779, -76.28557133647604, -76.32220698309003, -76.31850811179993, -76.30796863621094, -76.31157904641742, -76.29425199719293, -76.33599579888835, -76.3252246769385, -76.30482252836504, -76.33589154024432, -76.31817886662385, -76.33192754054883, -76.3118035778806, -76.33736577380067, -76.33506937987205, -76.3278799188075, -76.30239147396442, -76.29415198601043, -76.29777487680467, -76.30613739643772, -76.33296278726374, -76.31097920138217, -76.33387100628897, -76.3195167555053, -76.32882741642831, -76.31234566291371, -76.3044607705298, -76.28694888673523, -76.29480796226024, -76.33334299382277, -76.30687304628931, -76.29485468303892, -76.32549127685255, -76.31927805970288, -76.32892058986953, -76.29156655976101, -76.29577988820301, -76.30132726283723, -76.31863803459582, -76.30463308363153, -76.327584507236, -76.30821926103421, -76.31021361601577, -76.28195521970619, -76.28080666535946, -76.30972084114599, -76.31783925938062, -76.29682063503691, -76.30790635068648, -76.29943634533862, -76.29064587064637, -76.30224598564193, -76.3022531500952, -76.31356144643037, -76.3011386003061, -76.32833432021364, -76.3383179520481, -76.32745050772414, -76.33006828591127, -76.2876152907272, -76.33511487616636, -76.33467382775197, -76.28163629265157, -76.3239519826336, -76.28883421132312, -76.28794284815648, -76.30225897893126, -76.28785040788843, -76.2988541940526, -76.31002143472013, -76.30988972876672, -76.28056900442901, -76.28648272293842, -76.33338794799185, -76.29369996291044, -76.28845752439004, -76.3361820126049, -76.28506607559571, -76.3282366102686, -76.28187304404351, -76.30673429353737, -76.28523893179516, -76.33540621509283, -76.2820900634203, -76.32092788627115, -76.33750632981805, -76.29907503572308, -76.28987880079447, -76.3225475476597, -76.33605212310535, -76.30727157331953, -76.29928766021132, -76.28974734532056, -76.3184968689741, -76.2828389260179, -76.33687581905782, -76.31348657268576, -76.28661297795269, -76.3097203570476, -76.30944594718915, -76.28895634915438, -76.31722287812168, -76.3078889934365, -76.29457627221207, -76.3236127107396, -76.31645461305435, -76.30915114433108, -76.33701610053107, -76.3036483254133, -76.28849065653361, -76.28185207360598, -76.31792292232674, -76.33784079297796, -76.32591586942671, -76.32425028690851, -76.2843537774833, -76.29656429618522, -76.29048399888981, -76.29253287143558, -76.30407999442942, -76.28500489995277, -76.30949102737671, -76.31128148642873, -76.31273683920041, -76.33669872287528, -76.33463531032741, -76.30400636882936, -76.28100048732509, -76.33298984373364, -76.3137148492428, -76.3151920007507, -76.2988820569501, -76.2803553252927, -76.316476991891, -76.31617820754711, -76.28544625228051, -76.3185287714215, -76.30183792717574, -76.3002863331692, -76.28366375488864, -76.28203369067263, -76.28277357758705, -76.32581523029073, -76.28909475831067, -76.33660741776309, -76.33274437351574]], "boundary": [[40.06399976340025, 40.06399976340025, 40.01893323659975, 40.01893323659975, 40.06399976340025], [-76.3383359750829, -76.27966662491711, -76.27966662491711, -76.3383359750829, -76.3383359750829]]}