{"center_point": [40.8126043, -74.2165547], "sample_points": [[40.81985279457249, -74.20151010304059], [40.81391580993375, -74.22651797425915], [40.80880879953733, -74.20852465355576], [40.82058413608559, -74.24585630953807], [40.8219086810518, -74.21706214737769], [40.792299724316045, -74.22982016325118], [40.80186270708434, -74.2281077348541], [40.820501099291405, -74.20659170901793], [40.81307269259391, -74.22728896922271], [40.80858528753374, -74.22029596670431], [40.81474133325861, -74.21203597496174], [40.821690241902225, -74.19624447515157], [40.795553318988176, -74.2406034441204], [40.83406740403631, -74.24438191521106], [40.81063806986986, -74.23560577781883], [40.790796708412536, -74.24101030912253], [40.80122977515031, -74.21859105198159], [40.7941385135548, -74.19800017588301], [40.811084098256785, -74.19555089886138], [40.79378026248081, -74.20749348719676], [40.81787901029319, -74.18816245471116], [40.81161303510703, -74.24122947143636], [40.82004244737858, -74.232526047829], [40.79986792009684, -74.24051659346766], [40.79008408727041, -74.24406497720719], [40.81842749777355, -74.22854299730908], [40.80138335557616, -74.2286088917179], [40.83015410363486, -74.22585512767931], [40.8000249949492, -74.21215607555533], [40.80134334180931, -74.22371799799247], [40.81772398638123, -74.21019274523275], [40.81157795292101, -74.20552805198085], [40.7907360071002, -74.20880210783395], [40.81399556050461, -74.23078225845948], [40.826203522086026, -74.23562223441351], [40.82005297146702, -74.22411440993923], [40.83346721748989, -74.2090271284295], [40.82624627862558, -74.19700193353049], [40.82457059348863, -74.18926202022172], [40.804672715735684, -74.19758700189304], [40.816665215853, -74.21508715375785], [40.79631140682851, -74.1953101458623], [40.82353671552677, -74.23738146637857], [40.7992066643137, -74.19404168845406], [40.82052257279913, -74.19783050857767], [40.800721920232604, -74.19293107748558], [40.81640496837463, -74.22868393674774], [40.82310798664945, -74.22650383369327], [40.80258808647446, -74.23210095224744], [40.803138197386104, -74.22879652659593], [40.825652857849086, -74.21483785708158], [40.79802664572695, -74.23893972065065], [40.80050234788814, -74.22797306442816], [40.80791788883782, -74.2339656294717], [40.812735959457854, -74.23235935114394], [40.81304989296644, -74.24425682287574], [40.79561159174635, -74.20099382806345], [40.81450121045741, -74.22430755794444], [40.821207912813236, -74.2371959932138], [40.8245154728871, -74.24057685407288], [40.79669140237832, -74.188337545511], [40.81434932617025, -74.222018891574], [40.82737235574631, -74.20047148985316], [40.809947877282745, -74.21548726333236], [40.7971246268071, -74.23119863223133], [40.83484530070999, -74.22804762341887], [40.807708774525906, -74.23101946936953], [40.8090926196688, -74.23813673131687], [40.791657006986455, -74.19804959749656], [40.80755257635088, -74.20996268101027], [40.82083841592182, -74.21163046819294], [40.82185771288202, -74.22798828505722], [40.794399068077276, -74.24192884498576], [40.79489472700734, -74.23724271109916], [40.80547241382294, -74.20217579054732], [40.79093741687466, -74.20115385549965], [40.81551303189951, -74.23509936517084], [40.81873749056564, -74.23521429484462], [40.825831149138445, -74.22290582800463], [40.80096910053351, -74.20124252015908], [40.800816073763976, -74.22649766134262], [40.825404239290656, -74.23549044839058], [40.799637183084855, -74.22123010911963], [40.800601946703765, -74.20874311744608], [40.7939432485445, -74.24029573829539], [40.832501736486165, -74.23522032821815], [40.81558438871413, -74.22569535458668], [40.82809052161109, -74.23057657041964], [40.82418976903616, -74.216455550665], [40.82196922917616, -74.20397345889782], [40.830272832605715, -74.19483297525942], [40.827093543260574, -74.19178731557044], [40.8005852753181, -74.19950484603939], [40.832283284272194, -74.19308887323815], [40.812401043691466, -74.19393978888033], [40.820289840621705, -74.236785654611], [40.831298142374294, -74.23278243522734], [40.79228991837412, -74.2310994903704], [40.811273967508896, -74.24200413841551], [40.8128504067993, -74.19174976117758], [40.803696538197556, -74.23727836445812], [40.79284821486613, -74.20186043329888], [40.79718470809968, -74.23393384852676], [40.7909002487571, -74.24240974148444], [40.80208913467466, -74.1924461027898], [40.818944931471904, -74.20912414923428], [40.79675968168884, -74.21128719727587], [40.804095692592455, -74.24068898820335], [40.827292529175246, -74.18889404122068], [40.80438184143869, -74.24472681660619], [40.82705643972484, -74.21012478787884], [40.83167117784157, -74.19307626091937], [40.818308980974656, -74.1870185996975], [40.834736063410084, -74.233324598195], [40.79404455301597, -74.20860795365361], [40.82066966790709, -74.19170068137629], [40.809387788781855, -74.19126055996938], [40.79616564865003, -74.19355039526307], [40.80319568614239, -74.1965760250063], [40.82399741692752, -74.23260311390469], [40.82646746126025, -74.19931694169028], [40.80836437535201, -74.20045881149817], [40.828060849117996, -74.23612536511673], [40.81548069001767, -74.20611587309081], [40.82540242226534, -74.23129112304676], [40.796238166961665, -74.23231092212943], [40.81633142469696, -74.21166168122183], [40.81476528013158, -74.24011496053039], [40.8159648767713, -74.22549371287141], [40.792837957207965, -74.22466444832472], [40.82213883766253, -74.21414067128404], [40.825082363425665, -74.19852119351837], [40.83322746286953, -74.20564710099448], [40.80272796691588, -74.23680802511139], [40.82498291358504, -74.24482648847233], [40.83290945875167, -74.21679499557979], [40.79272514088674, -74.19888228074468], [40.82978885705567, -74.23751409495601], [40.82690454444904, -74.22049966276039], [40.822285076891, -74.2391540272145], [40.81677239043442, -74.21567849010098], [40.80631977126934, -74.24363835846773], [40.83139877851066, -74.24216581155201], [40.81244365494539, -74.24399159584094], [40.83442619681121, -74.22634171657597], [40.81442196550774, -74.21817531554127], [40.81544290743934, -74.24421376434843], [40.79939352588865, -74.18922909124288], [40.81864273186551, -74.23855716945314], [40.83245735277717, -74.20602756993206], [40.811618276816276, -74.22910078311853], [40.831898700103686, -74.23746890409036], [40.833391033203256, -74.1950964665404], [40.80078734168797, -74.21226582431716], [40.810867177124436, -74.1966462383925], [40.808070636899046, -74.19050216404972], [40.81821679095198, -74.24037973354409], [40.798506575973086, -74.1882470300973], [40.793083763256035, -74.2280608385918], [40.81043290577571, -74.22981929225476], [40.80701466448824, -74.19900478102524], [40.79825713778406, -74.2339499223719], [40.82787228495088, -74.20815980124175], [40.79118368253319, -74.221022800806], [40.82320882157336, -74.22734968946187], [40.792639741816, -74.23319710612152]], "boundary": [[40.835137563400245, 40.835137563400245, 40.79007103659975, 40.79007103659975, 40.835137563400245], [-74.24622765236633, -74.18688174763369, -74.18688174763369, -74.24622765236633, -74.24622765236633]],