{
    "boundary": [
        [
            40.835137563400245, 
            40.835137563400245, 
            40.79007103659975, 
            40.79007103659975, 
            40.835137563400245
        ], 
        [
            -74.24622765236633, 
            -74.18688174763369, 
            -74.18688174763369, 
            -74.24622765236633, 
            -74.24622765236633
        ]
    ], 
    "center_point": [
        40.8126043, 
        -74.2165547
    ], 
    "distances_to_center": [
        2615.6305578040506, 
        2070.6643278083484, 
        1428.7568188759408, 
        2499.4015633402805, 
        2417.313455148796, 
        1166.9084196691697, 
        1829.9214990385133, 
        1213.7327213491617, 
        1938.6162792005662, 
        3263.331910151387, 
        1566.281988239708, 
        2932.7366427683937, 
        2352.067601516383, 
        2463.0041576731246, 
        2994.170598312427, 
        1946.5403500159796, 
        1442.0493994746525, 
        441.2927688973198, 
        611.9798499881786, 
        1360.2740968370726, 
        1355.589336171891, 
        2112.2644291318597, 
        578.8775517574185, 
        2407.975725013864, 
        2504.2518682155287, 
        1954.9678768701947, 
        3249.107290710644, 
        601.7198538339319, 
        1656.6244314391317, 
        2162.4625902835114, 
        1813.0993354115708, 
        1949.2390610197347, 
        1296.9419212093148, 
        2721.214516303977, 
        739.800395950748, 
        3187.72217763826, 
        744.324830575652, 
        1357.7487766814515, 
        3029.172560007515, 
        680.6018541465866, 
        2660.36109632613, 
        2358.999890921752, 
        2507.470154867424, 
        2072.9657734388666, 
        431.8027957243275, 
        603.3963647714675, 
        1585.6635128056155, 
        3018.3983097998525, 
        2007.2685025521318, 
        2279.368622886861, 
        2166.649447432061, 
        2408.180034355292, 
        1935.764308953144, 
        1101.965191537509, 
        1236.3234640112767, 
        2061.110190052937, 
        1513.6868616845934, 
        2150.5007695482627, 
        1709.0527033818075, 
        2158.4339361575708, 
        1619.4368418671534, 
        899.7887258810672, 
        2450.421347834505, 
        1017.9931111609554, 
        1508.5347141961909, 
        2665.2306390821736, 
        521.5139529659559, 
        2274.1108624820527, 
        520.338661560012, 
        435.0716791776924, 
        2428.5438677202083, 
        2037.567931543049, 
        893.9820142993246, 
        789.8290083541054, 
        1516.8858417056276, 
        1448.456863768234, 
        1798.4051199665278, 
        2814.421471655781, 
        1966.9529533182158, 
        1825.5613189674937, 
        2096.3225432090862, 
        2242.5839965635646, 
        2653.217233851812, 
        993.138172709936, 
        2532.092949526101, 
        2115.156409729197, 
        2557.956535065313, 
        271.49194918754245, 
        831.359205979527, 
        2254.622017341361, 
        2255.267763740269, 
        1116.154979705827, 
        2302.4580036805937, 
        2547.507411781704, 
        1169.8998365643556, 
        1644.4689860144342, 
        2128.649839857712, 
        2606.3609762617416, 
        171.38375925082926, 
        2271.461431040392, 
        1397.3670094610218, 
        2504.177851462539, 
        2473.265691825863, 
        2426.933589084333, 
        614.995843195994, 
        1935.8255681985656, 
        526.5090161733591, 
        2549.7277230225363, 
        1571.2601411168562, 
        2286.10914786273, 
        1381.9954007518584, 
        1168.9897124114123, 
        2548.893741095692, 
        1602.5201779628837, 
        1749.7802759697356, 
        900.8998166502764, 
        2703.9858226439474, 
        1539.0267149533063, 
        1943.5400556683057, 
        1805.7121360316514, 
        2886.8696319437686, 
        2444.654198124384, 
        2299.229539117356, 
        2225.4601690521704, 
        2167.5963535468377, 
        2476.901152300893, 
        2475.8397134480824, 
        1548.4774226187471, 
        1393.6779267379811, 
        2096.874802806567, 
        1625.3524881351454, 
        2391.635519048761, 
        2605.7803699686597, 
        2304.0287142545044, 
        3042.366036515551, 
        1519.8082974621404, 
        1876.8270459858568, 
        2218.6750118896166, 
        1094.4797866182566, 
        1366.1678441785912, 
        2222.02993902389, 
        1928.5776423514371, 
        2009.1661651824356, 
        3100.204502442003, 
        1651.0780595085314, 
        2318.57669225687, 
        1933.711283645517, 
        1727.0291470887184, 
        2923.6676908121776, 
        1872.3201959057944, 
        2255.032876540491, 
        1014.2811243777426, 
        2654.70111235422, 
        2473.0258406784924, 
        1216.6066871111125, 
        2163.610963159384, 
        2188.7895589401433, 
        2142.726392148661, 
        227.8465001195037, 
        3062.8968513345358, 
        2506.031908275657, 
        1316.658041853444, 
        2376.6241966781267, 
        1407.7608103948855, 
        285.7422027893489, 
        2546.024378860349
    ],