{"center_point": [33.7572891, -84.3963244], "sample_points": [[33.765528688461586, -84.39488978352415], [33.770182422665734, -84.40613092707444], [33.777837901335715, -84.38468322068422], [33.74094590977334, -84.39673421696774], [33.76684821491693, -84.42307799972863], [33.74354794482617, -84.41812401418025], [33.74837704662981, -84.37061789609876], [33.76436540539875, -84.39787334705883], [33.73604347337561, -84.41148947314878], [33.74207207337596, -84.37696850668432], [33.777851957011706, -84.41295402724306], [33.74677991614938, -84.42299602142438], [33.76833309481285, -84.40624017431173], [33.74782374788849, -84.38632659631354], [33.77250946607887, -84.36974182964981], [33.779574219744504, -84.39954402666119], [33.770036309957256, -84.41333347457663], [33.75734245486113, -84.39926339673917], [33.7685394835871, -84.3761317596119], [33.76631553429907, -84.36996977589912], [33.74931874047183, -84.41167086245845], [33.74203685460491, -84.38701351746302], [33.76719171641243, -84.36998908292806], [33.737512876154256, -84.3922881698179], [33.75338056472891, -84.38303428540996], [33.77598258048464, -84.4196863230632], [33.735459068654734, -84.37249971876814], [33.76282890306019, -84.37378827686962], [33.76662326497976, -84.42105940783385], [33.76971726617597, -84.36995273918981], [33.762592914889574, -84.41396471515961], [33.75347286190519, -84.37491532055884], [33.76251500525196, -84.40195375507611], [33.772741694901754, -84.40154207447819], [33.76080657706458, -84.415809072942], [33.74450359020865, -84.38561230760996], [33.76885107719882, -84.39074188755048], [33.76715485832126, -84.40941858997525], [33.76368240625153, -84.37528698970804], [33.740761927266135, -84.41399293700505], [33.777688993338046, -84.39680378636623], [33.74809832624263, -84.3785151842424], [33.75700623317551, -84.39094330417514], [33.75631424688005, -84.42060080833379], [33.74809225761705, -84.39168913609718], [33.76696139769606, -84.38026595554577], [33.7450575891706, -84.37442425959563], [33.75613643250076, -84.37663193741798], [33.774763624118044, -84.37206707075411], [33.764503019892544, -84.37765598716793], [33.777983047111725, -84.3995902142704], [33.75001533562499, -84.39487902899266], [33.77108931908715, -84.40182541004646], [33.776085310756216, -84.40145764566842], [33.75922683157661, -84.41115086726478], [33.75276395182673, -84.37150127787525], [33.74187168457229, -84.37363794901786], [33.74384538505624, -84.41009980401206], [33.76150350310737, -84.37938884855105], [33.76113698775562, -84.3829806160813], [33.761360112412504, -84.39904624374213], [33.75047853009587, -84.40349298770293], [33.75691739377106, -84.40540571750321], [33.735818868768916, -84.42217046257194], [33.75670181736005, -84.40913498672205], [33.753392311739454, -84.40939028918297], [33.775235231364555, -84.4171126570776], [33.7353975858124, -84.37974311637238], [33.77803334943545, -84.38053247903615], [33.754378574509964, -84.36989352036453], [33.75633773767686, -84.39103241349535], [33.75124904506543, -84.40587918317985], [33.74384883556783, -84.39681189693616], [33.75629460805098, -84.37688992850339], [33.77105487067079, -84.41884361551585], [33.73733529973139, -84.40822365581302], [33.75805443269614, -84.3693511996451], [33.73966876005503, -84.39570965299981], [33.74821586200183, -84.39009837681859], [33.74340073653249, -84.38770163910608], [33.75314483599291, -84.39211777128605], [33.77036069792575, -84.38591284639038], [33.73870316145601, -84.39216344894064], [33.76788022312957, -84.3980801482393], [33.7673939327876, -84.41346800420355], [33.779647768024155, -84.4186359095273], [33.734980105958805, -84.40215970070903], [33.744705921294106, -84.40819434002061], [33.74453438568068, -84.37677644096347], [33.778143826723465, -84.40033394531919], [33.73976912545133, -84.38288503443478], [33.73617932390225, -84.39226715109255], [33.76349052408409, -84.38889036216275], [33.74187278851105, -84.37251963427273], [33.757266593240196, -84.40862898237167], [33.75078403449996, -84.39289729735627], [33.77330871087329, -84.41628736239788], [33.775647382994826, -84.39515635919723], [33.74532865589525, -84.38251187888888], [33.761271668345366, -84.41607761319318], [33.75247342850748, -84.41879475106298], [33.77180477343179, -84.38517974729788], [33.75168793472621, -84.41190034624765], [33.77816163529657, -84.39535742141284], [33.7587125126404, -84.4085275721449], [33.75622060779147, -84.40435490158279], [33.774182022688954, -84.39314139778392], [33.74050191433331, -84.38498978708971], [33.73649687333806, -84.37528733526725], [33.76241656077569, -84.42190113041457], [33.77580247148713, -84.37925594986312], [33.77732284818806, -84.37889145698614], [33.763738006795215, -84.40383635731612], [33.7463052225215, -84.39429538935887], [33.745628656224454, -84.40857317473125], [33.77863404181686, -84.39063915797442], [33.74451258934602, -84.41323544804385], [33.748549585182985, -84.40269427399504], [33.736457075321745, -84.41092816227305], [33.7539139898906, -84.37786229546384], [33.754880609819296, -84.39925437461203], [33.76275637740958, -84.3778410140123], [33.74830818031491, -84.38099269446813], [33.75444800450832, -84.40239605452103], [33.772155198252264, -84.37100285778124], [33.74188978757025, -84.37045811319354], [33.73817011316325, -84.38520029503886], [33.74681591676428, -84.38979817750055], [33.77386954686714, -84.37554826095631], [33.734794308175886, -84.4193961357583], [33.74709052881008, -84.38135958177757], [33.74338430967425, -84.37096538498331], [33.77214237818216, -84.39970572201345], [33.7491505532574, -84.40463906632688], [33.75096031207254, -84.39070949877659], [33.74748733507833, -84.39857642048557], [33.772977111739465, -84.40584942759635], [33.7686918300438, -84.37569572778206], [33.74371622917609, -84.4209243470049], [33.766562037119606, -84.3792140750666], [33.735593316479886, -84.37005454950464], [33.74422004863378, -84.37938982291895], [33.765368846261524, -84.40450420601834], [33.73680260961318, -84.41121866077695], [33.774132415820475, -84.41316349348791], [33.778310038177146, -84.40859945423026], [33.73822309959064, -84.40653922192011], [33.75748952113238, -84.41488939112091], [33.77283926314114, -84.37176691727007], [33.758409211221185, -84.4077710134007], [33.744982932987426, -84.37403701493693], [33.77076730617834, -84.39898827049788], [33.75152130338912, -84.4152026209308], [33.76274245703867, -84.42075587006582], [33.773987060617294, -84.417316882674], [33.7717413992903, -84.38141810338936], [33.75150230061807, -84.41032328633165], [33.74286618695677, -84.37494582650142], [33.77535151213849, -84.41282215612851], [33.736577756625955, -84.42138754534592], [33.77174997966545, -84.37703567774945], [33.77961036089104, -84.38284400755278], [33.777645721083864, -84.38314175813349], [33.76114795686828, -84.38445628488196], [33.77607505145638, -84.39663732726368], [33.769991122395254, -84.392707212689]], "boundary": [[33.77982236340025, 33.77982236340025, 33.73475583659975, 33.73475583659975, 33.77982236340025], [-84.42333671823246, -84.36931208176753, -84.36931208176753, -84.42333671823246, -84.42333671823246]],