{
    "boundary": [
        [
            31.78176016340025, 
            31.78176016340025, 
            31.73669363659975, 
            31.73669363659975, 
            31.78176016340025
        ], 
        [
            -106.5163876796024, 
            -106.46356192039761, 
            -106.46356192039761, 
            -106.5163876796024, 
            -106.5163876796024
        ]
    ], 
    "center_point": [
        31.7592269, 
        -106.4899748
    ], 
    "distances_to_center": [
        477.3008585225861, 
        2474.1859578299163, 
        1318.3784320845205, 
        2213.9305100305187, 
        1310.0389980972072, 
        1301.1587189848458, 
        1669.1988896858327, 
        2413.325521662447, 
        3113.2379909711244, 
        923.1962303343589, 
        1801.447305367245, 
        2167.525211503371, 
        1103.2167796324086, 
        2924.8451192555767, 
        2138.4337662714893, 
        2111.6031829605768, 
        2171.721580978328, 
        1149.4672777892542, 
        584.6081332313343, 
        480.1443825098784, 
        1986.3226249133763, 
        2262.1536089202596, 
        1453.3257455301298, 
        2901.3713783738376, 
        1976.0260834873197, 
        2117.3087589727347, 
        997.9986605405287, 
        2715.5140428378177, 
        2104.656631308416, 
        1214.8439905403998, 
        2375.207836889366, 
        2571.700827950232, 
        2518.413574819272, 
        2122.0286117561577, 
        2556.0447981764887, 
        490.93271206061377, 
        632.8939156767904, 
        2153.9410772118954, 
        2649.334760099979, 
        1066.366293450906, 
        2234.2113461853196, 
        2044.4786189810848, 
        2678.933375932706, 
        2577.119395577742, 
        2823.7945221234913, 
        1829.5577418701303, 
        1340.3175173253244, 
        1484.8570284882444, 
        1542.7611375816011, 
        1938.484743202005, 
        2672.3303536672297, 
        973.8968241417527, 
        2153.3042563522995, 
        2086.229042759475, 
        2985.2085129227535, 
        2140.396702419764, 
        1721.6055899296484, 
        3017.397159953838, 
        311.4121042448556, 
        893.7508437574273, 
        2478.0799638893573, 
        2076.766327920554, 
        1669.2985360646028, 
        1238.3894121589549, 
        1575.3177448296103, 
        599.2463604412188, 
        2456.716809038585, 
        2511.5891666850557, 
        2112.369808933309, 
        2172.9804589194655, 
        3157.9708482265382, 
        2531.3530717005606, 
        2125.6816778992534, 
        2076.911908555191, 
        2284.6950544507367, 
        2347.612551355511, 
        1754.6489190069938, 
        2523.704631312475, 
        2240.4584573372085, 
        2969.8105451799447, 
        947.0291183763034, 
        2837.071756520481, 
        1424.1102562616381, 
        2953.469717211981, 
        890.5273479435358, 
        856.5628576101634, 
        1210.5496085949171, 
        2064.2410724407364, 
        3065.1916486684145, 
        1402.516858110562, 
        1379.8609815087905, 
        1310.9859556179213, 
        2154.9884648777465, 
        428.41331498941764, 
        2083.721812862736, 
        1726.2105767334233, 
        2791.833078903508, 
        1793.068066510811, 
        956.6350141769576, 
        2284.207764324472, 
        2238.720720884888, 
        2583.5642376427445, 
        1969.6368916240644, 
        1955.7052109972233, 
        2351.741860084475, 
        2599.5043064265965, 
        2468.0740963351464, 
        697.1487514358248, 
        1254.9636131702966, 
        2121.345812106972, 
        1533.8554612462995, 
        3079.455341809735, 
        2400.504431125872, 
        837.5364463588411, 
        2660.847501973664, 
        1194.7392488703667, 
        2167.5603268813197, 
        3247.4741902462947, 
        2201.3201127471684, 
        2404.6959269253107, 
        345.4110474333609, 
        2173.0042609797047, 
        2124.9202906417772, 
        1958.096426357545, 
        1727.2103061523344, 
        1870.1814575027702, 
        1831.5338539346815, 
        2502.0047540896535, 
        2438.2613052205106, 
        2778.2328502071864, 
        2039.503251424617, 
        1749.460619387625, 
        906.0253699011892, 
        1381.079379427028, 
        3315.419702623805, 
        2351.2030658604276, 
        1574.2568310513493, 
        2340.4799284775254, 
        2664.6072047031553, 
        2317.2672984019764, 
        2285.6232286705754, 
        2979.9549245973712, 
        1472.7102666466299, 
        1429.548591772902, 
        217.102349875126, 
        2406.492955812343, 
        2362.217116841197, 
        616.3817581999609, 
        2271.3597058815667, 
        2045.9926776084103, 
        2970.2329388483577, 
        3105.79274336502, 
        3512.912080293561, 
        450.47403231012333, 
        1934.6291953877062, 
        2005.0790815472928, 
        3149.201590294017, 
        1624.673773181072, 
        1733.8700211181604, 
        2210.6796385075713, 
        2543.9638038591374, 
        3289.6691656288044, 
        2179.9503690401993, 
        2501.118075126782, 
        2693.6099888802023, 
        1771.0103471614752
    ],