{"center_point": [31.7592269, -106.4899748], "sample_points": [[31.774867787789336, 31.739737788341426, 31.77746891909019, 31.770180232333626, 31.742187679833233, 31.756200243772938, 31.75813352499856, 31.74752875540077, 31.756634209755486, 31.75717402294291, 31.778869248043748, 31.74760051509333, 31.756598970131265, 31.738649706109506, 31.750709947028994, 31.757682417444375, 31.7648960752399, 31.77925918858301, 31.73713719727923, 31.777117664839974, 31.766382294238575, 31.747462220955278, 31.764230231030776, 31.755194577583016, 31.752583153542385, 31.752197836627378, 31.761397426403356, 31.75102012951059, 31.75567350426069, 31.745382658349747, 31.744137516129797, 31.775516731337923, 31.773819646373333, 31.750021632516848, 31.757290485516407, 31.742387614593074, 31.73868023448605, 31.764859279693106, 31.742557990850738, 31.74051084322229, 31.76727534668423, 31.756897406662475, 31.74323744167456, 31.766812289116128, 31.74700248537832, 31.73986404530286, 31.74825630283289, 31.73996211823771, 31.772333124964778, 31.757563341374407, 31.7625275612852, 31.76676387207681, 31.77480789702985, 31.770661571983002, 31.750273513973703, 31.77149214198927, 31.77749822521327, 31.76737158031348, 31.747750662395134, 31.76102671814444, 31.73939192756297, 31.758779084682335, 31.76654411686206, 31.745689707746312, 31.77990738475554, 31.746089104514176, 31.768502955508122, 31.741746975371708, 31.762155215671157, 31.743915784527605, 31.748732500920756, 31.753848557597667, 31.76382478644532, 31.748318188288277, 31.781663376134684, 31.778482568560804, 31.772536771968444, 31.78018964391352, 31.762080715353036, 31.75787373431167, 31.7437853460593, 31.760735527985403, 31.741465948675664, 31.781114953924757, 31.741708783571713, 31.758986232658646, 31.759150573254708, 31.752561108460103, 31.77152793020045, 31.753051671355465, 31.747052622407594, 31.751878036626287, 31.739721854997455, 31.75124413655664, 31.739192750925014, 31.755732129332795, 31.73948719314508, 31.751164930404393, 31.76096628718011, 31.762590094607596, 31.754293784383616, 31.770815773963253, 31.74773834913444, 31.76625905249434, 31.754891606748963, 31.767700786581212, 31.781647534153137, 31.747301099823773, 31.772345527336075, 31.766643189947942, 31.761246304998643, 31.740579641535028, 31.758373337251818, 31.77365517491287, 31.75468050082555, 31.750785746448905, 31.757909260937428, 31.76926317567693, 31.75767052351889, 31.74235555455898, 31.759650861587467, 31.768405115026855, 31.755621056950417, 31.775449644338753, 31.777653076105654, 31.753211521732997, 31.768521070714673, 31.74964422483863, 31.74372106749106, 31.753509760809088, 31.7739464590515, 31.74657387758604, 31.765996377515954, 31.763720823494502, 31.764162305452057, 31.778329292800088, 31.77977332593347, 31.742408404796198, 31.77344819476831, 31.74711884495893, 31.73876579380784, 31.74200364853648, 31.747260822616596, 31.78127806944383, 31.759162139973835, 31.76852300482103, 31.776074630205386, 31.751692565955832, 31.781140477248233, 31.75300535147846, 31.75885328907314, 31.74381934272741, 31.741791384153732, 31.757145540276817, 31.74440504012613, 31.73683761356882, 31.7661532377458, 31.767786061635707, 31.775041438451655, 31.767697609272172, 31.75140960748324, 31.741277242098068, 31.74012413297259, 31.778658981726856, 31.748951997992148, 31.77106561179752], [-106.49410824232505, -106.5124996393158, -106.50429695845637, -106.50805345896525, -106.48888109791389, -106.50128288382037, -106.4800071120513, -106.51452342629473, -106.4762384550606, -106.47390088024049, -106.47186014591888, -106.4684564064575, -106.49312443613051, -106.50909082891219, -106.49188931328266, -106.513301890282, -106.50235136309499, -106.49119631676842, -106.47655755047704, -106.47103054039003, -106.47567187017151, -106.46792293030879, -106.46851660947307, -106.48959229108766, -106.51273784868965, -106.47340977029769, -106.50627532835291, -106.47432985118203, -106.50757363517822, -106.51053104590667, -106.47032088100552, -106.50456966641408, -106.50025937855045, -106.50047731491969, -106.46437910942319, -106.51131725585365, -106.5056307534452, -106.49402851893245, -106.50265372285105, -106.50909080559255, -106.4766270017427, -106.49249509517159, -106.5015321762766, -106.51066481708101, -106.5076588343231, -106.46677701884872, -106.50387597822693, -106.50167308031013, -106.49343549969213, -106.48495126025843, -106.4813495216086, -106.47968490542543, -106.48535930779049, -106.51618920102551, -106.47610389260485, -106.50002107319855, -106.47041824181879, -106.46742407473728, -106.51050389841657, -106.48716877914927, -106.47498191774494, -106.5034316508736, -106.47165386815942, -106.46762788314823, -106.48544308951072, -106.49671724534393, -106.48365630739248, -106.50295570749068, -106.5040665048288, -106.50924841709129, -106.48725738383799, -106.47287222989571, -106.4861551217397, -106.48027164807975, -106.46731028072163, -106.48536091689962, -106.47343984291449, -106.47461265178406, -106.48710646189372, -106.49196109863882, -106.49580137673546, -106.51415143793324, -106.46849086183468, -106.4710518768453, -106.5163305879233, -106.47064882317163, -106.46661721222533, -106.47678259083754, -106.46403906459642, -106.497723505113, -106.48310340513137, -106.50920547932131, -106.48868170755912, -106.47841347619341, -106.49338047524847, -106.50948603969157, -106.4650690251572, -106.51350176829746, -106.50861875672983, -106.46619193521099, -106.47516913964343, -106.46381580574901, -106.46914696303143, -106.46421621430105, -106.4775544199459, -106.48834306578202, -106.49037809901513, -106.4747952155463, -106.4735299068543, -106.5045281969236, -106.4899543636764, -106.51280022194449, -106.48843370239261, -106.51058284687646, -106.46534439697204, -106.5151715302632, -106.47831198013571, -106.4815255925242, -106.47827226689031, -106.47480388883784, -106.4835799890939, -106.49528539515852, -106.4830102299533, -106.48137191794031, -106.48244685558632, -106.49287108363359, -106.4903652509066, -106.48491853972155, -106.49736602073564, -106.49715432640492, -106.50876391336006, -106.51611034377387, -106.50070053913126, -106.48267036995298, -106.51568858954937, -106.49782915158342, -106.51272657868854, -106.46892973304301, -106.51132619002234, -106.4932170205693, -106.50074132440676, -106.49170724591706, -106.49181364209213, -106.46996458111232, -106.50888603281568, -106.48904878896293, -106.488982482968, -106.47621093714177, -106.47534170600358, -106.47263739585645, -106.48089239814425, -106.48176604499916, -106.48321128732107, -106.50353261622473, -106.48318609324133, -106.47088792706467, -106.50492770268129, -106.50055528496885, -106.50441595715075, -106.46628340244085, -106.510441785257, -106.48602075447931, -106.49054690717857, -106.4656730491612, -106.4929024363684, -106.48566374801247]], "boundary": [[31.78176016340025, 31.78176016340025, 31.73669363659975, 31.73669363659975, 31.78176016340025], [-106.5163876796024, -106.46356192039761, -106.46356192039761, -106.5163876796024, -106.5163876796024]]}