{"center_point": [40.7505045, -73.9934387], "sample_points": [[40.72978402620284, -74.00485581848683], [40.736643858578425, -74.01184936559613], [40.74158244428802, -73.97576443472146], [40.73087324404058, -73.96618574870917], [40.752878124823425, -74.01649932532422], [40.76807191353081, -73.98805454882503], [40.749741378509334, -73.99133774793816], [40.74038027815013, -74.00420060409331], [40.757214863483085, -74.00210858570212], [40.73240116102178, -74.01510151368518], [40.7466560304293, -73.96441423327335], [40.7682345958029, -74.01094190198592], [40.73353745526777, -73.9732681604924], [40.746884095491986, -73.9756850477402], [40.75055611443254, -74.00852668695275], [40.7488580864783, -74.01981352893654], [40.73768722930448, -74.0166820811159], [40.74629347057257, -73.96847869273009], [40.73235381621394, -73.97276513160816], [40.737875135612896, -73.96621869805828], [40.73453719514777, -74.01894565199505], [40.73710555988048, -73.97480734193624], [40.76498422013146, -73.98064357015959], [40.77033982387695, -73.97870451955669], [40.76634047658803, -74.00378198489504], [40.770545744742456, -73.98444078574124], [40.7674040688588, -73.97682022909534], [40.74093259962734, -74.01298836421705], [40.74683070680621, -73.99807821794506], [40.76703044689834, -74.00058716005765], [40.76339558869731, -73.96791591716703], [40.74101670934824, -74.00472125787087], [40.74600817146161, -74.01158363013663], [40.76347406339229, -73.96448859827679], [40.76763710469231, -73.97089308275758], [40.72906184152701, -73.97015053856833], [40.732236159581944, -73.9959523091574], [40.75175869802199, -73.98572053294306], [40.768457794940474, -73.9882361195451], [40.74998087961947, -73.97052273591132], [40.729812332368766, -74.00724513515006], [40.767740897765165, -74.01405556612315], [40.73431015282301, -73.96756185927849], [40.758782551895905, -73.99578236914952], [40.73286839507405, -73.96384066412027], [40.76455937380693, -74.0181068543885], [40.74503705668134, -74.01888477827438], [40.735813795135556, -73.98218271953093], [40.76756621147051, -74.02055733281391], [40.75832629554976, -73.99734998797253], [40.75560444571593, -73.98344746695018], [40.767967830211624, -73.96647323488733], [40.75797776217777, -74.00834862418186], [40.75119776840001, -73.97887648413887], [40.76771512738205, -73.99754116758761], [40.75876602907978, -73.98686731012013], [40.76893869977333, -73.99258189467959], [40.73435432903693, -74.00905864567251], [40.74607923341936, -73.99786009231042], [40.73645856353882, -74.00681657689388], [40.736755219644834, -74.01745901266489], [40.75165295638154, -73.96932774882663], [40.76179510830151, -73.96502738243777], [40.765918833704305, -73.96848499375821], [40.74363121666812, -74.00109281185144], [40.731587286737344, -73.97865180407908], [40.732139578394765, -74.008185059152], [40.74887149289214, -73.9980420405657], [40.72942063783825, -73.9726327758929], [40.73010947473753, -74.01603037734915], [40.75093699281625, -73.9890686206364], [40.74861591444775, -74.01123159491084], [40.74234751972171, -73.98724286012538], [40.76552467443401, -74.01808693304379], [40.743149750364736, -73.97668386319012], [40.73015780966944, -74.00581655248718], [40.75078435430473, -73.98348471789647], [40.753368348897226, -73.9695115687243], [40.75122300183189, -74.00198370474855], [40.76728369525856, -73.99760804621572], [40.76030374976776, -73.99650735412702], [40.77023235281617, -74.00443254114678], [40.74539757032583, -74.0229510648577], [40.75032739839786, -73.99577627922042], [40.73218166014258, -73.98811077553205], [40.76121981917977, -73.97616760348211], [40.749055215817904, -74.02098781956612], [40.74747118183912, -74.00033310120715], [40.73702410011413, -74.02249988800234], [40.772455013791934, -74.00351698648768], [40.77066011144546, -74.01935594318455], [40.76644836206592, -73.99354289259477], [40.76984129095358, -73.9847027104636], [40.73212899941767, -73.9704167706806], [40.77027840146462, -74.01095585566983], [40.76823460011198, -73.99546449884666], [40.730597703209384, -73.97803648262368], [40.73747317137035, -73.96754360295952], [40.75919185542717, -73.99257736909053], [40.73068747735939, -74.01314134706804], [40.72925207431884, -74.00729102411351], [40.73550735612082, -73.99897496613566], [40.76157606872724, -73.99105319288921], [40.731155575683935, -74.02042777801185], [40.76917386239583, -73.99471788209664], [40.757224738781446, -74.016089387013], [40.73083361603994, -73.97583840967113], [40.741181252611234, -73.99892718416434], [40.75077772843318, -73.99749348777944], [40.75396229423854, -73.98108041427786], [40.76079604415667, -73.97941465096623], [40.76067206775499, -74.02047978597228], [40.771455795572926, -74.00630011998848], [40.763713263272884, -74.0157921352484], [40.75678331104755, -73.98217728365113], [40.75358282635978, -74.00915055486566], [40.75765405468531, -74.0023288451588], [40.7658827865903, -73.99874108855472], [40.77273862633045, -73.99313933239192], [40.73627783380407, -74.01341558633838], [40.73996419330164, -73.99235287335704], [40.77012422716807, -74.02194552270059], [40.75884816232552, -74.0166881585911], [40.74575294951239, -74.02240537621374], [40.73334803373705, -74.00401656905454], [40.746138696685996, -73.9978265708123], [40.766577626261025, -73.99704123217755], [40.76441108583015, -73.98460433366215], [40.747335306502286, -73.97611663527626], [40.753292278110834, -73.96694633841216], [40.732688802880396, -73.99234974829277], [40.741883985232704, -73.97980516770723], [40.74000524940027, -74.0148269847978], [40.76952889068161, -74.0017349881904], [40.73812888495082, -73.99984775306886], [40.760585096040046, -74.02048193847628], [40.76685347247234, -74.0008385538874], [40.76770119908866, -74.0168370122864], [40.7434022507913, -73.99837709785547], [40.75295083884063, -74.01050168895317], [40.73065914590863, -73.96588962149718], [40.74698438711265, -73.9780951224083], [40.74378621589225, -73.96519423562883], [40.755448243068145, -73.98291812879341], [40.74399484613903, -74.01908630252639], [40.7377219525861, -73.97034176626127], [40.76254900730311, -73.9851891245472], [40.75785178769339, -74.00972006805803], [40.76389302190701, -73.96747429921695], [40.73349565176395, -74.00842717972407], [40.765100806152915, -73.96789969447431], [40.737844604190684, -73.99427345663902], [40.76445412456026, -73.97043862113368], [40.73394144616438, -73.98847526803594], [40.74800856526316, -73.97001199810974], [40.74129114320196, -73.97473943936089], [40.743838924657936, -74.01115848733924], [40.73441664144351, -73.97249090945503], [40.76982510422626, -73.99491634990098], [40.74109313252008, -73.96503979958085], [40.73439156891233, -73.99790937110998], [40.732397482065345, -74.0230717787808], [40.75565126594027, -73.99643381056333], [40.754095627272264, -73.96567924890871], [40.74386551054192, -73.99760172050217], [40.7341332390808, -73.99108105037034]], "boundary": [[40.77303776340025, 40.77303776340025, 40.72797123659975, 40.72797123659975, 40.77303776340025], [-74.02308392283662, -73.96379347716339, -73.96379347716339, -74.02308392283662, -74.02308392283662]],