{
    "boundary": [
        [
            40.77303776340025, 
            40.77303776340025, 
            40.72797123659975, 
            40.72797123659975, 
            40.77303776340025
        ], 
        [
            -74.02308392283662, 
            -73.96379347716339, 
            -73.96379347716339, 
            -74.02308392283662, 
            -74.02308392283662
        ]
    ], 
    "center_point": [
        40.7505045, 
        -73.9934387
    ], 
    "distances_to_center": [
        2413.1146128848923, 
        816.7677948284282, 
        2370.833826671725, 
        2449.1726202349755, 
        2454.2686425005663, 
        2478.698217486321, 
        1455.069504899997, 
        1353.5393439570432, 
        2743.29830348931, 
        1960.1396918989906, 
        669.2562115545006, 
        1625.2845452852673, 
        2373.3394418843955, 
        1842.6293423641873, 
        2454.1951232084043, 
        1694.6251746686737, 
        2877.2948468614504, 
        1690.7009488828028, 
        1172.1546934582939, 
        2096.2597509043103, 
        637.8546470604291, 
        1029.7211319825421, 
        2856.6211942950795, 
        706.3641273058076, 
        1513.6349488214946, 
        2112.819896973398, 
        2417.1658375708657, 
        2044.4070115448008, 
        1757.7814627576936, 
        1447.649714918685, 
        1790.9436873394034, 
        2254.8257025867597, 
        2591.1862785798508, 
        2695.0047852695407, 
        421.2249456584405, 
        2603.1270002684514, 
        881.6623746171703, 
        2292.9024547881636, 
        1509.0476883596598, 
        1918.9223743592331, 
        2200.8573562359684, 
        447.4782640468046, 
        2196.244922115153, 
        2584.1511399487126, 
        1956.9777554949603, 
        1579.6048890346124, 
        1675.7042875532916, 
        1702.045333772728, 
        1926.0446610160602, 
        2923.3341982355023, 
        1409.186507040132, 
        2633.857724521369, 
        1767.7249890451958, 
        2189.314635565918, 
        2512.4332062073545, 
        2032.822350054528, 
        1873.8854786525455, 
        2795.9106469297008, 
        1568.3855115861245, 
        2476.3259611256904, 
        2004.4329719244786, 
        3061.7240373404493, 
        1577.3238637955794, 
        1653.534431484365, 
        2018.8477199709264, 
        2403.184132067694, 
        2825.0003715613852, 
        2051.9361224978916, 
        2688.8887467714194, 
        838.4672774524826, 
        2616.8323548317912, 
        2167.9512204040034, 
        1233.2477790937912, 
        697.4227535042287, 
        3105.7774707448966, 
        1935.205057198961, 
        1035.4720476874027, 
        1707.0635654885202, 
        516.4413923251547, 
        1923.97702801945, 
        2286.711220042993, 
        1598.510575637467, 
        2172.324424096825, 
        1192.6901034937648, 
        2588.146833821486, 
        2230.7857928340954, 
        2210.794853591456, 
        1549.5125775031934, 
        2070.023953295229, 
        2088.1686982866227, 
        2359.699246761354, 
        1128.253705836872, 
        2354.5924873984027, 
        685.899917284999, 
        1298.571445947816, 
        1557.6613016097092, 
        2097.4212043847156, 
        1589.8531526228837, 
        844.8744100378008, 
        1775.094173338596, 
        2579.8267768768474, 
        1605.3353148101648, 
        2609.3304989389194, 
        2142.3642104385467, 
        1479.6534901074049, 
        1984.1308839399123, 
        1634.811734672576, 
        1815.1774386286163, 
        2689.858315840686, 
        296.65447014186645, 
        2246.9195124387293, 
        2284.621038847864, 
        2172.5674630232265, 
        1155.6831675815693, 
        1605.578772632462, 
        654.5930817076759, 
        2237.2512034218666, 
        2678.5356051561453, 
        1667.6648505240032, 
        2923.756399262748, 
        3025.6128778841735, 
        2564.950858266901, 
        2508.0087168339896, 
        2138.2364176370556, 
        1720.733621367693, 
        1309.825051145009, 
        2274.088113772941, 
        2143.272665140962, 
        1345.8975190121469, 
        1612.157331329362, 
        2327.8508670785677, 
        1637.8385861488046, 
        2423.0175597027974, 
        1778.9454919153238, 
        3229.8737692791387, 
        1612.375832957503, 
        2089.087911103944, 
        1532.1648933521637, 
        1416.9486338862343, 
        2507.922458154446, 
        3003.8055514041707, 
        851.4191338648523, 
        1388.1996128830956, 
        1310.5476736645232, 
        1815.2485063753852, 
        2168.125352107376, 
        1257.1715524006095, 
        2615.9646707972192, 
        2379.840262328389, 
        892.4876934360259, 
        2990.5656453647916, 
        1974.7977416289561, 
        152.18965426804027, 
        1913.293529323721, 
        1119.2897418921855, 
        1633.6134090996957, 
        2885.714900588023, 
        3113.654141072625, 
        2654.493642143794, 
        2708.3193928145174, 
        2122.5688948420025, 
        2608.5308294665956, 
        2381.6624203467427, 
        663.436611196937, 
        1767.8951478490228, 
        1976.2028614607812
    ],