{"center_point": [40.7505045, -73.9934387], "sample_points": [[40.766517805275235, 40.74647652688423, 40.76831676905959, 40.748802823196826, 40.75938473361722, 40.73311994954002, 40.753229595571625, 40.77170871664482, 40.76054133329508, 40.73137393696653, 40.73505726870449, 40.76744930331458, 40.757026095850534, 40.75002033577616, 40.729502721064776, 40.734109835797106, 40.744927521886424, 40.73712963381352, 40.7675256392519, 40.76103289205082, 40.73795441984163, 40.741861451328965, 40.74583575582256, 40.73838678721603, 40.748412558798385, 40.7359459713826, 40.74950610394648, 40.734742017465905, 40.772346508715295, 40.75175759232326, 40.737368325161476, 40.750175747815796, 40.751394612363775, 40.73062554610615, 40.76980067352321, 40.757573870909106, 40.75238579828321, 40.759918498109194, 40.75899405887452, 40.764885318788906, 40.76568000256558, 40.73762589016562, 40.750912416035995, 40.74925073911722, 40.73754812743802, 40.768852426545074, 40.75422526759523, 40.765032711368725, 40.74075758450697, 40.76014703630143, 40.76563946722382, 40.76521203034782, 40.731638238531346, 40.77263045694503, 40.733153433640304, 40.736729806349054, 40.753181617439814, 40.73522472720627, 40.76887731113869, 40.738023639529324, 40.759661069782126, 40.755527600166914, 40.76226413154195, 40.73384096557824, 40.731664512331804, 40.755937857035, 40.771493477410345, 40.741421681740555, 40.7316238180425, 40.76538155533961, 40.74994728807565, 40.72873565369945, 40.752566210476076, 40.76900396807818, 40.75925632544705, 40.740995382440445, 40.76807191842462, 40.77028526489754, 40.759421594983976, 40.74349912477692, 40.72857045715424, 40.768437420254294, 40.73166080501753, 40.76971677592058, 40.74967873359881, 40.76154458550898, 40.75019155345288, 40.733260288494, 40.73619273756463, 40.754033722619525, 40.76678973566547, 40.74004168277022, 40.75546243074282, 40.75022921857608, 40.767642730137666, 40.74646278182338, 40.73401316321046, 40.75015617216551, 40.73167525701896, 40.72861116597599, 40.767219655577925, 40.77124909930247, 40.73198560090788, 40.73778796232999, 40.77210563775184, 40.765288582181526, 40.74311794530775, 40.743608445040934, 40.73475499007341, 40.73855715905866, 40.73791283257158, 40.7481127584003, 40.75552190172274, 40.76142063278239, 40.75195352961117, 40.750533962104186, 40.769820333292664, 40.746213407213695, 40.755219670450956, 40.76677676999807, 40.74915897971616, 40.731080974318246, 40.77142496981719, 40.76023903096605, 40.740530291709426, 40.761161721709556, 40.768116404402164, 40.76378913187306, 40.76986055322203, 40.7442409753956, 40.758949610985, 40.73144847286364, 40.74452884563451, 40.75499865359374, 40.7656907631729, 40.77253370247316, 40.753161856731616, 40.757903162815204, 40.741494958140684, 40.76660555486575, 40.73558703808323, 40.74524071109148, 40.73525752811549, 40.73344085103456, 40.742138583051656, 40.746568279117575, 40.73933012385665, 40.74072457926905, 40.74507918948011, 40.77172958227143, 40.7341190095352, 40.749939690464295, 40.73808851592634, 40.770776047651275, 40.73599378231971, 40.74291273865166, 40.760462330886256, 40.73042031914449, 40.75054887121228, 40.75461030038101, 40.755068080737566, 40.763796988434166, 40.73616496893502, 40.771333417741275, 40.74191348173621, 40.76429334000898], [-73.99293944758317, -73.97026841667736, -73.99795305523388, -74.01714418307722, -74.0089478479322, -74.0134162411993, -74.00932266302038, -74.01758862428602, -73.96742116686771, -73.9733795380298, -73.96852796931559, -74.01084989864343, -74.00779003885049, -73.98502053291637, -73.97985719082678, -74.01879429222038, -74.02061066370636, -74.00634274432758, -74.00127489840658, -73.97443131050646, -73.98483265163836, -73.96670390938654, -74.01936439189333, -73.97096437082499, -73.99958375675659, -73.9765177211874, -73.96587633249719, -74.0008739141515, -73.99344137234878, -73.98208614396714, -73.99274131969666, -73.9641008254261, -73.97564267369565, -73.99171668372358, -74.01473402484379, -74.01348508301587, -73.9984077493288, -73.97061140631887, -74.01396700973626, -74.01913853975122, -73.97863659690304, -73.99832747066229, -74.00273679834594, -73.99544062063774, -73.97115869675439, -73.96567220384108, -74.01835602480205, -73.99500443974972, -74.01924837466225, -74.01754030528221, -74.00619358648319, -74.01225747533022, -73.98466661431596, -73.99505994024612, -73.99391068229626, -73.99482318771572, -73.98803507172336, -73.97433427810468, -73.97068501889987, -73.9810063017094, -73.97919451655352, -74.02117321138276, -74.00064100988584, -73.98542628387366, -73.97433820882965, -73.9645800626248, -74.0035887731812, -73.99540665589703, -74.00968106978472, -74.00161738646425, -73.96943882766573, -74.0112515424326, -74.0034187584774, -74.0056552173787, -73.98494044493482, -73.982822890816, -74.00450916023368, -73.99234901521739, -73.98098039215694, -73.98678076151465, -73.96417485071281, -73.9794816859605, -73.99947106671846, -73.9707090760755, -73.9747757099183, -73.99650660817764, -74.01703402484283, -73.97408117334543, -73.97255100013275, -73.98452510020822, -73.97506633751418, -73.96910321662796, -73.97430177033955, -74.01403949825045, -73.96688247886811, -73.9933767330773, -73.97059212524553, -74.00875250160368, -74.01887108161552, -73.99224840300359, -73.98142803843079, -74.02195037539268, -73.99564811170278, -73.97366682007548, -73.96947393087892, -74.02185574940809, -74.01554842912284, -74.01744264052844, -73.9925560832038, -73.98170633384859, -73.99944271748537, -74.00642504435783, -73.99522697595889, -73.98605380230909, -74.01796521029667, -74.00940185670783, -73.97229946771901, -74.00792350033882, -73.96421089254942, -73.99892754641913, -74.01724449730773, -74.02181083112741, -73.96800494197483, -73.96684612678318, -73.97008078242148, -74.01223959220486, -74.02145177910863, -73.97224680067694, -73.97987510006274, -73.97816367234437, -74.01823618118495, -73.97032693892973, -73.98940604082642, -73.96850585536298, -73.9897894573986, -74.00988213304008, -74.01986659713825, -73.99241872144334, -73.96392210359703, -73.97973702541717, -73.98085655443084, -74.00622821687533, -73.9909040902938, -74.02018783029244, -73.98967085611785, -73.97683664321794, -73.98717971424348, -73.9894898248388, -73.99708287158045, -73.99908131713968, -74.0065981053931, -73.96564896671813, -74.0095051520772, -73.98198549830838, -73.99783681695571, -73.99257358705002, -73.99702519570057, -74.00923598724646, -73.99753586317587, -73.98216322025074, -74.02114704849167, -73.96791954847448, -74.00034069760599, -73.99427672784451, -73.99646512542854, -73.99060173139249]], "boundary": [[40.77303776340025, 40.77303776340025, 40.72797123659975, 40.72797123659975, 40.77303776340025], [-74.02308392283662, -73.96379347716339, -73.96379347716339, -74.02308392283662, -74.02308392283662]]}