{"center_point": [39.09796, -84.504426], "sample_points": [[39.11022004740314, -84.50461868901263], [39.0915399289031, -84.49840061968872], [39.09188255172216, -84.47611915551913], [39.07561606348548, -84.48430978978904], [39.10734359797272, -84.50022588448827], [39.07657178938818, -84.4958142938453], [39.096334374258774, -84.48402903845624], [39.11131544828348, -84.48429376227746], [39.0756841620057, -84.48264122076728], [39.095635195071345, -84.50202321190783], [39.110901050870396, -84.47609044278165], [39.09834153338308, -84.48341629947483], [39.07824506597888, -84.50869903724086], [39.10506190780275, -84.51482634707232], [39.089063135473076, -84.52552485860356], [39.08392392474538, -84.48436771007468], [39.118535916311124, -84.47777476814599], [39.09979710286485, -84.50364232277174], [39.09676562939634, -84.49689013636184], [39.080176179801086, -84.50782117349304], [39.08352908506146, -84.53172110271973], [39.09034687611372, -84.47734164751844], [39.0904559914887, -84.52214524618832], [39.08278172800027, -84.5087788897463], [39.11878281333478, -84.50586448119367], [39.10286471554211, -84.53329074833782], [39.083817525878864, -84.48097157075111], [39.08939727497137, -84.5156324332659], [39.081492833040514, -84.48337778033773], [39.11407311427483, -84.51349204806309], [39.113826295430606, -84.53317041790396], [39.07669602246646, -84.51494487828941], [39.07734542698368, -84.4926138876474], [39.096847095350675, -84.48049831618592], [39.103250691694065, -84.47562874222612], [39.077702444020595, -84.52697935997617], [39.07569510404329, -84.48217322069543], [39.11374337090899, -84.48394133194958], [39.10819898079709, -84.51782933727569], [39.07858320533117, -84.490491447822], [39.07602843483172, -84.52618469820094], [39.08848770662542, -84.48993248186085], [39.08283059991197, -84.5212850142028], [39.089686427869, -84.50101901407673], [39.10500979084845, -84.50785448562384], [39.112002258506706, -84.51608463852628], [39.100007719063704, -84.48473498812554], [39.09471070616344, -84.5255531662309], [39.107671774304414, -84.52145076863995], [39.09512078086967, -84.50452925738577], [39.090391254346954, -84.47758681177426], [39.09239010226813, -84.49541191535158], [39.087997867768934, -84.4942599747586], [39.09946539909734, -84.50104892683524], [39.10564273352521, -84.50850820511175], [39.10977793373342, -84.50936141343847], [39.098826909667, -84.53236635109987], [39.113662357793565, -84.48408538536492], [39.08615673401788, -84.50731511700052], [39.079184783517746, -84.48973378891617], [39.085194544205336, -84.47614040355364], [39.102036565639935, -84.50473430248064], [39.107467012036956, -84.5143007212623], [39.108545757387915, -84.48329845967767], [39.095626591269685, -84.48195482043386], [39.08365398986329, -84.49454947013274], [39.117381379147275, -84.4804500530438], [39.09260212664304, -84.4850616613892], [39.10079781949355, -84.51747975770837], [39.08948306342984, -84.50111657960622], [39.11053366784496, -84.48331086206733], [39.076927086422316, -84.49951755826305], [39.075516039013706, -84.52673683431577], [39.11850247342848, -84.50411564404291], [39.099643011464664, -84.52145269384067], [39.11184643193479, -84.51298622117746], [39.11491172675401, -84.50159822433271], [39.11857619234675, -84.52563975761214], [39.08552553187077, -84.47643184248209], [39.08495430372889, -84.48103238751955], [39.08924512766355, -84.48430753591707], [39.113590976360015, -84.52443395959243], [39.085278702495465, -84.50699202617365], [39.0897274870335, -84.5166162945251], [39.078804844205344, -84.51454740155135], [39.1038004937559, -84.48949320410851], [39.11432063759882, -84.53267344528736], [39.102866280052005, -84.49191396927588], [39.097962038988015, -84.52161992697887], [39.10803281718069, -84.50288964813896], [39.10510993520987, -84.4820094071508], [39.10239889642439, -84.51337763789343], [39.09157686540826, -84.50557659908472], [39.09250361351982, -84.51554631517332], [39.09026665781195, -84.5179809770899], [39.11144081094765, -84.49127143573995], [39.114100834672605, -84.49078988213455], [39.08463814590643, -84.47928323652773], [39.095450274848645, -84.48475849509707], [39.1187667749178, -84.502435619029], [39.087621108888264, -84.53177055493812], [39.10225112143507, -84.53232455917892], [39.114470070619866, -84.48419388884571], [39.08551255647151, -84.49841870923282], [39.08860573867833, -84.5084739868881], [39.11188329019681, -84.51427617343847], [39.108242347070785, -84.5269864176527], [39.107201507117715, -84.52508330308518], [39.112814293341536, -84.49968256946075], [39.10799364618681, -84.48745002400725], [39.103005121825426, -84.48246504877027], [39.10744559426051, -84.4896141947093], [39.076830280794304, -84.51859771221136], [39.10796990952043, -84.49064544100123], [39.116552833780545, -84.49460611797868], [39.08455484557672, -84.47973323899551], [39.11933074161672, -84.49339852539686], [39.11669166256042, -84.50087280739423], [39.09694214356294, -84.51609290643346], [39.0958206878493, -84.53228981280724], [39.1075388607298, -84.49175924021046], [39.08775157816019, -84.50258530443217], [39.10859818309512, -84.48695224478068], [39.08484873678507, -84.50341403356668], [39.103325738924596, -84.51230357353263], [39.09590806957558, -84.48336645750308], [39.081422895524, -84.51522604428168], [39.110055128525154, -84.48430040861112], [39.114924978377545, -84.49828703988167], [39.09887562882783, -84.48971935784363], [39.110715321848375, -84.4964647368867], [39.09521054388179, -84.4873723904051], [39.09291676482172, -84.51772291385359], [39.10553980252471, -84.47843032963225], [39.103025361480135, -84.48917474782135], [39.11164639220069, -84.4880120187169], [39.10232270215938, -84.5200900401438], [39.1132016604002, -84.52782866005494], [39.11267587485692, -84.49894927264539], [39.089349379484176, -84.51101535720001], [39.08080242045433, -84.52400936248725], [39.08918406198274, -84.48479676738945], [39.119507691812714, -84.49984535049093], [39.10152587505083, -84.49784079774498], [39.07811310723799, -84.48950870503292], [39.080164026526454, -84.51290337689362], [39.106461775551814, -84.50299997554423], [39.11519328383958, -84.48462696540012], [39.08262530828505, -84.52776035670232], [39.120338667557526, -84.48061226635427], [39.12015467743696, -84.47906236687021], [39.10095921899405, -84.49933600119265], [39.11523889050182, -84.49170844281998], [39.10742438950482, -84.50271986565548], [39.084337429441476, -84.5070785122887], [39.07992003627407, -84.50584990922812], [39.10619790836765, -84.4919933279212], [39.109448773383875, -84.5077936490609], [39.092983409115064, -84.48136197277354], [39.08929891606366, -84.50130094934015], [39.077355698598815, -84.50597341061015], [39.089129010455345, -84.5095021997445], [39.11993825314757, -84.51917040002692], [39.11899746568644, -84.53047799656933], [39.078553895929055, -84.52446618651248], [39.087910189737386, -84.52561560301541]], "boundary": [[39.12049326340025, 39.12049326340025, 39.07542673659975, 39.07542673659975, 39.12049326340025], [-84.53336416965789, -84.4754878303421, -84.4754878303421, -84.53336416965789, -84.53336416965789]],