{"center_point": [39.09796, -84.504426], "sample_points": [[39.07832399347863, 39.109346870156116, 39.11742860230958, 39.09935940439137, 39.11865828858626, 39.101338228457884, 39.10943506668035, 39.09459500766978, 39.09707766788627, 39.08528305915374, 39.09534670443363, 39.09606911323472, 39.107795664074374, 39.09185074132084, 39.104144007332444, 39.079150486902996, 39.09032337564223, 39.116877117314516, 39.080013135223204, 39.109757032641554, 39.10134462674265, 39.07934711199315, 39.07825966291913, 39.10416031361254, 39.084191223220294, 39.09822673690523, 39.11061763864841, 39.090769150380346, 39.07681238746044, 39.09651024733668, 39.103377962485304, 39.09884028992078, 39.08481534070416, 39.101916593448934, 39.11132917775532, 39.111981251698424, 39.075730861057764, 39.106112831456976, 39.113722360164736, 39.09409980657833, 39.08213386118616, 39.09974970205801, 39.09636278470167, 39.11533215660704, 39.09188026165309, 39.119381265459786, 39.07997893232579, 39.10841815047416, 39.106514264008425, 39.081963110444605, 39.116171348840055, 39.11255239342204, 39.119641587658435, 39.11966274397621, 39.103536673670135, 39.10118414647383, 39.10632538280115, 39.109920630141566, 39.11999159438902, 39.10903582064795, 39.09980479622376, 39.09540826424383, 39.104977278973024, 39.07696300759053, 39.11674183435714, 39.07644727396611, 39.100572671756666, 39.10054162088377, 39.110446938013006, 39.11761562758445, 39.10023556179598, 39.07713311712668, 39.11738183799964, 39.094906968664326, 39.1190373671367, 39.09273730717612, 39.075728012248085, 39.11012269859004, 39.09866320526876, 39.08972677314526, 39.093337555986274, 39.11051811037515, 39.082035928466205, 39.09261183114655, 39.101574185813014, 39.0881589803139, 39.11060150771921, 39.10805001895378, 39.085244389545245, 39.11550643542337, 39.10023472140672, 39.090612990878554, 39.088435743050844, 39.10821689989784, 39.11983179783, 39.09735251541732, 39.091573611029055, 39.10295644026314, 39.096408959319064, 39.10349180267278, 39.09463830847847, 39.095270849279196, 39.084684504544626, 39.103088792891555, 39.09173673613597, 39.0982896735509, 39.085435549125414, 39.102898563654314, 39.07709853777269, 39.098328914141696, 39.1195137849931, 39.088140973874964, 39.0996177735296, 39.11029192498615, 39.113705012813476, 39.0796308446414, 39.09565237569342, 39.102932685081605, 39.08288966683329, 39.08397843400528, 39.103447270920846, 39.07857606639292, 39.10353212176197, 39.09882348263221, 39.09037327400735, 39.08475380149714, 39.07621362256515, 39.07994007646941, 39.08973451716724, 39.077197974584564, 39.1123969223766, 39.08274190471951, 39.08687083276283, 39.09883616357815, 39.08472020507765, 39.115947909373865, 39.08403762885205, 39.09720271639568, 39.0938219300672, 39.116911561646816, 39.082560817334944, 39.08515321541239, 39.100474413886026, 39.10632356019759, 39.087672578443, 39.11690737750953, 39.09088897845945, 39.10782104571292, 39.078738178057634, 39.10704518452048, 39.091183605661925, 39.08024649070198, 39.0889499194368, 39.07935834813918, 39.099730161464706, 39.10099352600597, 39.105080872204184, 39.11277938562997, 39.07741788909776, 39.11805743818147, 39.113927768676504, 39.07544387498772, 39.094838464210326, 39.111661589760544, 39.115583039386124, 39.08647096522319], [-84.50292586773348, -84.53097059608912, -84.52558037045283, -84.51488079076812, -84.49493524861954, -84.48740249835046, -84.51950980932182, -84.51291545416744, -84.53309235599505, -84.50777789547047, -84.52178710922168, -84.51949612230877, -84.52950139910851, -84.52460503068511, -84.47711362699386, -84.51999145866556, -84.48917048094495, -84.49237595968383, -84.51680131799777, -84.47681321699913, -84.49796510401879, -84.49486264937046, -84.50843504447303, -84.51245834757317, -84.52337985358663, -84.47617972860542, -84.492152569269, -84.48388420542648, -84.49173420632104, -84.51806685912825, -84.49048032771573, -84.52118178239733, -84.51229659763811, -84.53061425121355, -84.48961363869489, -84.48282865451108, -84.51405723403441, -84.49244217839792, -84.5218030301616, -84.52544536235312, -84.48373450779765, -84.51266753471884, -84.51579901420455, -84.48732818683811, -84.50639020567476, -84.49118034792606, -84.50594671121344, -84.51587465150419, -84.49878609465843, -84.50000598484678, -84.52128813514668, -84.5285183280136, -84.50516865865542, -84.50373495190934, -84.48357992875657, -84.49107917697506, -84.5158021087155, -84.51548571427816, -84.53184354655602, -84.48870773758016, -84.49567652171116, -84.48503487890027, -84.47570640081584, -84.52652433337838, -84.49342479278035, -84.52928022956348, -84.52555694719086, -84.51248931804558, -84.5202643330976, -84.48033782013214, -84.48550321101231, -84.50297843846079, -84.49248815825031, -84.48263745693474, -84.53001952982395, -84.48656300379702, -84.51809500859343, -84.525021778939, -84.53256411232961, -84.5021971428868, -84.48641094235415, -84.52724585320448, -84.50054493425793, -84.48447292450018, -84.47665238387815, -84.48055029934457, -84.5011337427967, -84.5301726508525, -84.48009564510849, -84.48924898438787, -84.49142850449134, -84.51362671655279, -84.47733011657921, -84.51432747186595, -84.5010213909974, -84.50405204709426, -84.4784886921662, -84.51369209488966, -84.52521105848953, -84.48982990389288, -84.49803843450294, -84.5278976744359, -84.5283257831455, -84.47718395566142, -84.52428740763767, -84.48450929914893, -84.47601147453689, -84.52061484813778, -84.50507135100065, -84.5043891032932, -84.51215602466003, -84.49705110250586, -84.49159028637295, -84.50113921339369, -84.51678140199219, -84.48092210953659, -84.47883125743549, -84.48817889424856, -84.52744365926418, -84.47636519959424, -84.52136464748915, -84.51833156724646, -84.51481179573716, -84.50576535281733, -84.51647883281338, -84.51904270979314, -84.48737593690986, -84.52253327042162, -84.49457664853763, -84.5003971549879, -84.51801351877579, -84.52962896097597, -84.5026225227314, -84.50044824817971, -84.52777709027235, -84.5136338960271, -84.47940740061543, -84.51534805366974, -84.48128620224921, -84.49447384027827, -84.53330126671263, -84.51672542882667, -84.5158947820912, -84.51881202453464, -84.50035073730102, -84.48519774420375, -84.52962663514799, -84.49853185166225, -84.49017149544153, -84.47891613759755, -84.50932875308047, -84.48294748369504, -84.50089179294778, -84.47845503651318, -84.48257255514632, -84.511564285069, -84.50287415903321, -84.51651517452959, -84.50157752813755, -84.50952578094896, -84.51845198710396, -84.52092158645003, -84.49411821397665, -84.52482813454691, -84.52689678163978, -84.49274485280158]], "boundary": [[39.12049326340025, 39.12049326340025, 39.07542673659975, 39.07542673659975, 39.12049326340025], [-84.53336416965789, -84.4754878303421, -84.4754878303421, -84.53336416965789, -84.53336416965789]]}