{
    "boundary": [
        [
            39.12049326340025, 
            39.12049326340025, 
            39.07542673659975, 
            39.07542673659975, 
            39.12049326340025
        ], 
        [
            -84.53336416965789, 
            -84.4754878303421, 
            -84.4754878303421, 
            -84.53336416965789, 
            -84.53336416965789
        ]
    ], 
    "center_point": [
        39.09796, 
        -84.504426
    ], 
    "distances_to_center": [
        926.7233586299745, 
        1592.5174527095128, 
        2273.8137275799672, 
        1660.9269050770783, 
        2707.805104769653, 
        2576.7890150334124, 
        2198.68039474632, 
        2554.9237181110157, 
        913.4295620506875, 
        2300.3020362946377, 
        2265.2733568813464, 
        961.8273362036402, 
        213.22792089456007, 
        620.430653824759, 
        3038.1332040604616, 
        1705.6335874415345, 
        1983.2281912653723, 
        1268.0825761915241, 
        1967.795598287338, 
        1243.885859030779, 
        762.166984232931, 
        1593.5861481384484, 
        2833.4790178475755, 
        2881.7385572511093, 
        1068.9205873661492, 
        1432.827846017857, 
        2301.1859454627775, 
        2074.6967631996067, 
        748.7856823447278, 
        2594.9064637806646, 
        1563.1148876936538, 
        731.8917784098368, 
        1819.9392923846842, 
        2198.4118941294428, 
        1768.4219060056942, 
        2321.671679595321, 
        3040.7093864113626, 
        2466.5480199125427, 
        2309.4820733775077, 
        1955.7451303201153, 
        1570.0479138554438, 
        244.63859437010333, 
        1843.3465346341725, 
        1262.3539880078679, 
        494.9809873149483, 
        1271.2152394979403, 
        1597.8729553190901, 
        2803.390101800595, 
        270.10397629580956, 
        2250.0981500991206, 
        1662.2633850978166, 
        575.8777017575989, 
        1613.7544693549364, 
        2555.9289505278052, 
        737.3510587285027, 
        2237.6859765607996, 
        1350.1592099705122, 
        2292.3691274558964, 
        3009.605102076399, 
        2576.216349695209, 
        1509.7991147087992, 
        1394.3463130942835, 
        1077.0239996147477, 
        1284.4731445660238, 
        2331.0009297050187, 
        2121.0172903874795, 
        2400.8344346404997, 
        1691.1603959125323, 
        2768.8258312888697, 
        1349.485377035267, 
        1378.5054985414795, 
        1240.7505108836394, 
        1709.7773188118495, 
        1711.3132309164896, 
        2193.556397188968, 
        1082.2440212300062, 
        443.67662678610344, 
        1884.4203931698287, 
        2211.9400080307855, 
        2611.5089203913994, 
        2631.3199453289544, 
        1547.6628968898717, 
        2169.2080052461224, 
        1633.2287827841785, 
        1050.464643460985, 
        579.3557227035515, 
        402.1300821597941, 
        2053.565867889472, 
        545.0213124822358, 
        1341.5945681607852, 
        1968.8795025481277, 
        1733.7634798482184, 
        1289.1169600631988, 
        1617.4346458426983, 
        2262.8658372341315, 
        2479.148921700349, 
        1242.8250793197415, 
        1570.361199766389, 
        2440.4592796852453, 
        818.4872095843365, 
        2989.5360016903733, 
        1608.5051583821578, 
        1215.522211785496, 
        1698.165842711929, 
        2244.0709548175996, 
        1063.1939418736647, 
        1493.300411234028, 
        2299.868990555966, 
        2559.834386761118, 
        750.6228065432307, 
        2286.4929004622068, 
        2201.6703190071366, 
        2122.7415111110577, 
        2248.645593940908, 
        2338.9227552751945, 
        1302.0618569603598, 
        1610.828943923553, 
        2616.053564133039, 
        1655.4831536616507, 
        3523.095609736533, 
        2231.770474617884, 
        1550.622926136763, 
        3334.899364184281, 
        1024.3644159304042, 
        1157.0716963036054, 
        2487.0392527451086, 
        1430.5404829721679, 
        2738.029874429318, 
        1824.6222060545663, 
        1990.8591523490716, 
        1434.944564526229, 
        1604.7751274397358, 
        2021.5198509049403, 
        2421.1763399757906, 
        1901.1716512547846, 
        2459.2590597587323, 
        1999.284926709301, 
        3105.894111141892, 
        2647.7611914021863, 
        2115.8662363626763, 
        1242.5379665035543, 
        40.51646784875014, 
        2965.639965882076, 
        3010.8951463322614, 
        891.6467520500114, 
        367.8583496320393, 
        2601.032901194503, 
        2591.0694933786094, 
        2451.9955338962905, 
        2083.0848547900746, 
        1576.7178555818618, 
        1065.9158292459997, 
        2532.910752826245, 
        1362.4409860323653, 
        2096.0176254092175, 
        3258.5305088278583, 
        1362.825340785522, 
        692.910821811932, 
        2739.238589698817, 
        2045.577123156201, 
        2821.144017656467, 
        2092.9728229001817, 
        1194.431927469006, 
        2875.330210922703, 
        2135.9115415777196, 
        1388.2562019668912
    ],