{"center_point": [45.5315651, -122.6668423], "sample_points": [[45.55361549288075, -122.69635579610025], [45.53419353232471, -122.68425823853529], [45.51269800244597, -122.64055077058838], [45.5242624287679, -122.68166949470069], [45.51874404743383, -122.66267514685435], [45.51620963860558, -122.68519888805045], [45.513052944784995, -122.64373994709243], [45.54592030179458, -122.66919481691815], [45.53673002966985, -122.64943595231675], [45.52003545208932, -122.64040507558612], [45.54830602417265, -122.68420288063665], [45.519117428105766, -122.66843306997406], [45.53475027277692, -122.65676395969449], [45.51962380050269, -122.64179138479138], [45.541630133172475, -122.67269504930209], [45.523153374180204, -122.64755803520461], [45.518236215253836, -122.66975404579406], [45.54061316083285, -122.64335445534982], [45.51479865156945, -122.63922408145834], [45.515747631874355, -122.6881661002891], [45.51887037556255, -122.68209060567703], [45.529340919223856, -122.66068196539436], [45.53898705664407, -122.64459150210973], [45.53772268288332, -122.69509432160356], [45.519783145709994, -122.63797164781803], [45.542803681232286, -122.66973260707753], [45.55378864260448, -122.64260972650108], [45.538903735686745, -122.66464968835591], [45.525595223333376, -122.6476885951032], [45.541679588042506, -122.68100596460614], [45.53491456468907, -122.65075181450587], [45.51456250417967, -122.6583370226945], [45.55024699545416, -122.68953615589896], [45.540583251415605, -122.66887007089701], [45.53263421939891, -122.69053811076479], [45.525793588308645, -122.646888891234], [45.53627706027519, -122.67860652826764], [45.531006937508835, -122.67644992237499], [45.55219555357061, -122.69568701117926], [45.51903810126403, -122.6952256109258], [45.51890151003091, -122.67454230761399], [45.51436838107932, -122.68338622273531], [45.5401082677632, -122.65144550612872], [45.544253529944385, -122.66850317405466], [45.528059897442255, -122.65699725355618], [45.524635706222284, -122.64475928367916], [45.535156480780365, -122.65470511322447], [45.527893434073874, -122.63971884559922], [45.54977787321652, -122.65712085601568], [45.517404854162464, -122.6594459805563], [45.534477196516214, -122.6910612232033], [45.52454516061599, -122.67128513866126], [45.52023889530671, -122.63527286864209], [45.5355300129447, -122.65949369075851], [45.547659654476575, -122.67278854114899], [45.537448663181856, -122.65988432983094], [45.5190827537202, -122.66612389208927], [45.52887460648776, -122.66401627753886], [45.52230270105614, -122.6912111557501], [45.51999221121945, -122.66331445317485], [45.517858736700774, -122.65849600165559], [45.54798756887293, -122.68661173911104], [45.53061848904427, -122.64748342075683], [45.51604431715187, -122.67489838390006], [45.55107477299393, -122.68505608450269], [45.522684065134875, -122.6771059295249], [45.52258140338637, -122.63668893346826], [45.53643891858459, -122.68698367223391], [45.55244350415874, -122.68116161754882], [45.51586488124103, -122.63690599540811], [45.548509396003226, -122.66809863072025], [45.51725748789874, -122.67483268513267], [45.53753777804402, -122.69505605739057], [45.52042534966269, -122.68931596435944], [45.536017156239126, -122.64218539606509], [45.52627070568119, -122.67352758169939], [45.51442433793147, -122.65575916121996], [45.53742520060685, -122.67793701570004], [45.5358402447224, -122.67096481896469], [45.540716609429175, -122.63877579784106], [45.52705592428384, -122.69856239168006], [45.54568890120119, -122.69832571578455], [45.5533159750205, -122.6591526543939], [45.524877639577, -122.63594464043557], [45.55313190482082, -122.68049258376426], [45.5326340555342, -122.65772251091731], [45.5319000379509, -122.67506912018476], [45.52565171345326, -122.6765999791386], [45.546692310063776, -122.6404268874569], [45.544767343253426, -122.64031514878369], [45.53374178477299, -122.67657322160883], [45.527246000687434, -122.69105846382145], [45.51704222309359, -122.6608730441858], [45.518155646038345, -122.65577961126377], [45.51402160655976, -122.69326550720598], [45.53514990058573, -122.6693421396832], [45.55259807320163, -122.6964952074261], [45.52131564867752, -122.66759957492094], [45.52514212318956, -122.69183661012816], [45.50917603364081, -122.64751927653066], [45.51678676947628, -122.69603200492992], [45.52214194761894, -122.67532936075881], [45.5504861803915, -122.68958851933075], [45.53922052415432, -122.6891672988079], [45.51040490213906, -122.64192240927625], [45.52224612680158, -122.64383890910047], [45.55282135767154, -122.69640507891391], [45.518436668065924, -122.69021763149941], [45.553665175079395, -122.65336776237886], [45.51365871448007, -122.63763764344503], [45.54313908643207, -122.63639869003015], [45.51227656313735, -122.68511865059776], [45.509675307571996, -122.67572827945543], [45.52937758763557, -122.6469859300471], [45.52302427281348, -122.65843440391895], [45.52225719115069, -122.66416280606686], [45.550678682362125, -122.64219130394477], [45.519953010321395, -122.65764494652579], [45.5250597120377, -122.66653317231143], [45.55247834164672, -122.65582436573617], [45.530283944245, -122.63953648878771], [45.52546807158196, -122.65862305073279], [45.537788238088474, -122.65727016732828], [45.55317568473206, -122.67132071648957], [45.54916727144155, -122.68636794929782], [45.52158199476672, -122.6886552414734], [45.551638334010896, -122.69742767539574], [45.53294951449889, -122.66087206598273], [45.527120314372894, -122.66011835938095], [45.5439837819644, -122.65506368594016], [45.52767985006933, -122.69488804262073], [45.53802389752594, -122.68556209996018], [45.53864586170179, -122.65566286996729], [45.52927046458087, -122.67973282056542], [45.51455105494953, -122.66146696490195], [45.53088140877608, -122.65217175422383], [45.53130092977454, -122.6739179378373], [45.52664658061402, -122.63749019590203], [45.51571293171303, -122.66655801798518], [45.533748871377895, -122.6700903330936], [45.530719672845606, -122.64228871560063], [45.54134059196123, -122.66210248164344], [45.51614063071469, -122.63694468053558], [45.51928979372925, -122.69777885223967], [45.52540934957394, -122.69629448804044], [45.53583972508196, -122.69646134486185], [45.5349106263074, -122.65026072993568], [45.53470146473425, -122.6903383399291], [45.546864727367996, -122.65157571763525], [45.51496094238824, -122.69022850764256], [45.540868390550976, -122.6702407173673], [45.54866945395755, -122.69799518432092], [45.552466239980895, -122.65378941813304], [45.51553172426182, -122.64473506922006], [45.53646254856621, -122.69009579456939], [45.52871664795218, -122.67904365678451], [45.52351916838022, -122.66403996898394], [45.51018966998565, -122.65101726758915], [45.52753320227296, -122.65584042697816], [45.51291587941522, -122.6507325578305], [45.519155138672694, -122.68426144780551], [45.51794270873132, -122.66533469083714], [45.52027728273881, -122.67499454175947], [45.54924740926095, -122.65418510224139], [45.52790702696448, -122.6896654125401], [45.55367385759431, -122.67948532851598]], "boundary": [[45.55409836340025, 45.55409836340025, 45.50903183659975, 45.50903183659975, 45.55409836340025], [-122.69890153263157, -122.63478306736843, -122.63478306736843, -122.69890153263157, -122.69890153263157]],