{"center_point": [36.1194645, -115.1716391], "sample_points": [[36.11912919374811, -115.18771405691189], [36.1263935538548, -115.16250038298314], [36.11508635144986, -115.19682623229882], [36.10349099834259, -115.15399515624709], [36.13526306786968, -115.15266723794336], [36.09784597930582, -115.18082571244805], [36.1094152806573, -115.14684549453153], [36.09938845863184, -115.1927645542227], [36.13813536813563, -115.1964554006005], [36.14096292051174, -115.19253528223928], [36.11134887873547, -115.14574995710339], [36.116438816052806, -115.1626455860001], [36.135343545252844, -115.16888647892661], [36.12023409215899, -115.18992196235139], [36.10971198928166, -115.14804991443137], [36.126262914750235, -115.16608623348387], [36.127906864913356, -115.16709996114042], [36.13698396686753, -115.18524021142267], [36.13000943652182, -115.18490238425152], [36.11521467379233, -115.15907151098054], [36.127133773710504, -115.18583025806308], [36.11400054929758, -115.1642596162811], [36.10328097749202, -115.19264093037535], [36.12661691930899, -115.19818268541394], [36.115806142778716, -115.16284232373155], [36.137506529132196, -115.15347082001901], [36.09862134966896, -115.16414827321582], [36.135631629776675, -115.15185671991786], [36.10299370415181, -115.19148897174993], [36.12717587214142, -115.19109387084195], [36.099563405161724, -115.14456308701251], [36.12573544237465, -115.18045044254039], [36.13546357559343, -115.18502097052544], [36.11167372540539, -115.17828321423842], [36.13746164039637, -115.17160652025947], [36.10010375051304, -115.15577788646229], [36.109575484701146, -115.16060452027979], [36.12968016199477, -115.19664031843422], [36.09818790515471, -115.150400851244], [36.11443449663885, -115.14832139525761], [36.10396096418376, -115.15092990691814], [36.098154804120064, -115.19284905064832], [36.10036579960091, -115.186294475006], [36.12493506369073, -115.16170549089557], [36.12472338145998, -115.15136000029713], [36.10589809003098, -115.1479124452834], [36.10253630864032, -115.15519532432009], [36.13359116028657, -115.17382492131954], [36.11500366675593, -115.15088962418274], [36.12807982293596, -115.16827016897201], [36.10446028849734, -115.19769960792257], [36.12841134460089, -115.19464307705087], [36.12350106519029, -115.17479531368694], [36.11822503179101, -115.17473608323346], [36.1313820429196, -115.18149347201681], [36.09808069107475, -115.16632350894227], [36.13955544312134, -115.18989845729652], [36.139687105908486, -115.1684354604435], [36.09978017281766, -115.14885072763383], [36.120659369239405, -115.17942010201445], [36.1383991828603, -115.16218225415254], [36.09757377495069, -115.17428113277167], [36.10768790114546, -115.14605568295698], [36.11600747095578, -115.19776638551741], [36.10385350632268, -115.19287709679112], [36.11822954140602, -115.18039659729533], [36.1045039713657, -115.18510373136138], [36.09883592250735, -115.16116687296294], [36.1049847737261, -115.19428577911223], [36.10893941372665, -115.14800567521768], [36.127897532308346, -115.17768343142522], [36.12235294915549, -115.18967488857848], [36.13298044480144, -115.14786961506607], [36.13426873164714, -115.18970517543487], [36.12801815350372, -115.16294644611098], [36.09712063327322, -115.19694579491785], [36.119995148227375, -115.15893465147069], [36.11381633055578, -115.17462040190841], [36.1349794128723, -115.15356667946699], [36.11319016044268, -115.19251030461879], [36.10793875273787, -115.16485527512882], [36.13137442695248, -115.19943391827867], [36.13429037476788, -115.1504464429904], [36.14171047921709, -115.1552711387779], [36.10617771392928, -115.19739840614665], [36.11531683830366, -115.16995690496043], [36.1301586539412, -115.19179598757248], [36.113545155739224, -115.15753973288747], [36.098237993569846, -115.16146309319517], [36.11882491819347, -115.17465790622441], [36.11219836254038, -115.18663363286186], [36.13872545014436, -115.19727000933446], [36.14067843661378, -115.17054353222748], [36.137116564561246, -115.18194777582286], [36.10332438785621, -115.19101552221254], [36.129291333532386, -115.18451871328463], [36.13783034701045, -115.18388050980151], [36.10153783594247, -115.18697430042637], [36.10238434903455, -115.15247177002341], [36.11341542060617, -115.15577608270907], [36.12078032912839, -115.19592566799281], [36.12360966035364, -115.15919306785884], [36.12448296023908, -115.1788406438765], [36.10491093762408, -115.17640875291374], [36.13034120996695, -115.1750317096104], [36.10232644069148, -115.16749927208488], [36.10894699788137, -115.16978916500318], [36.117858074888645, -115.16423572056614], [36.123117894587466, -115.18309303754607], [36.11169438879082, -115.15438269706725], [36.14026363936944, -115.19668798341276], [36.110818854931125, -115.19184599448161], [36.14154312356114, -115.15406230793799], [36.12010414891762, -115.17684276006051], [36.124979914890766, -115.18161332427096], [36.141722219430314, -115.16994970284313], [36.107672770556505, -115.19895784309195], [36.14080206109309, -115.14825573908257], [36.10415489440633, -115.1557407800318], [36.1115346068542, -115.16436545293853], [36.1217531559278, -115.16500510809213], [36.1081305923905, -115.18273516573817], [36.121538012901645, -115.15971795442108], [36.14193827123028, -115.14923808650293], [36.100356530182076, -115.18956780913588], [36.13146196181848, -115.18945317339893], [36.11347050943541, -115.17434132791469], [36.11786768830182, -115.1932530984077], [36.13478638247672, -115.19234344012105], [36.10643431401665, -115.17285863204206], [36.127319709759234, -115.15015533031428], [36.11251068897111, -115.15934531196196], [36.11452458933373, -115.19880042112729], [36.129660476213715, -115.16453336477677], [36.12904681789744, -115.15789946599998], [36.14093347099653, -115.1912627732111], [36.123923532986815, -115.17123444017716], [36.141400877707405, -115.17137763474446], [36.13374563435089, -115.14741893343957], [36.105631766248976, -115.17898556066397], [36.103615013502036, -115.15443148055654], [36.13337866926975, -115.15850574262124], [36.12061058916438, -115.17671279028482], [36.126875044195806, -115.17313763727763], [36.10751021413784, -115.16352354105878], [36.11497648796106, -115.14643784197865], [36.102560727434735, -115.14509239294811], [36.13791262319679, -115.1645170257865], [36.12136202409078, -115.15967058034163], [36.11896408971424, -115.1532222406508], [36.13044406653143, -115.16174456630456], [36.1307193105275, -115.1661585521439], [36.134272812541184, -115.18025916548046], [36.12786304484149, -115.1863415679849], [36.13641527495746, -115.17564357647963], [36.138006260329874, -115.19804366248447], [36.138515938772365, -115.1842002801104], [36.139454031635275, -115.18942275557276], [36.10325328979637, -115.15058002654368], [36.099640226728944, -115.17013037341599], [36.11591369035316, -115.17778056756245], [36.111164570091674, -115.19404114193725], [36.14057703809004, -115.15024631404529], [36.139162468835124, -115.19594262804372], [36.106154957616546, -115.15601504054453], [36.127245789854896, -115.18236207973959]], "boundary": [[36.14199776340025, 36.14199776340025, 36.09693123659975, 36.09693123659975, 36.14199776340025], [-115.19944090665645, -115.14383729334354, -115.14383729334354, -115.19944090665645, -115.19944090665645]],