{
    "boundary": [
        [
            36.14199776340025, 
            36.14199776340025, 
            36.09693123659975, 
            36.09693123659975, 
            36.14199776340025
        ], 
        [
            -115.19944090665645, 
            -115.14383729334354, 
            -115.14383729334354, 
            -115.19944090665645, 
            -115.19944090665645
        ]
    ], 
    "center_point": [
        36.1194645, 
        -115.1716391
    ], 
    "distances_to_center": [
        2692.5258546913633, 
        2150.60252578819, 
        2070.4557065922368, 
        1164.054778760284, 
        1740.6060769764536, 
        1960.051666041567, 
        433.33454746632196, 
        777.265288755454, 
        1578.0445135576847, 
        2313.2186729234663, 
        1658.5487885143555, 
        2416.624989841872, 
        1377.4213188373808, 
        2667.083184018475, 
        2355.8158923786687, 
        1444.5116513211728, 
        3513.1856848505413, 
        2226.2861492330626, 
        2287.6649369163574, 
        2427.710452104252, 
        3360.8029029351073, 
        840.0319391398425, 
        1315.143011694384, 
        2991.166575112039, 
        1394.6587663512955, 
        2644.071608439884, 
        2388.476351843192, 
        2803.2418801807994, 
        1240.6638809946842, 
        716.7802959711343, 
        2072.57155370966, 
        2448.1719229922633, 
        1667.7388198031394, 
        2004.156071184266, 
        2484.923551343755, 
        2380.3830058996296, 
        1276.2956550549911, 
        2393.0402311882262, 
        2614.000947046015, 
        593.9550662019593, 
        2881.7213258122883, 
        2105.4170589852615, 
        2635.8692133302834, 
        808.7738946288008, 
        1333.1160780918926, 
        2651.4645600464537, 
        2827.297490321588, 
        1123.8962347764234, 
        2135.903638325602, 
        1754.936965781143, 
        2153.3927194256335, 
        2010.4108781908558, 
        687.6036117797915, 
        1911.00225999112, 
        2294.4144311284886, 
        1994.7394979024134, 
        2541.041959975651, 
        2471.6258542978126, 
        1466.342106780992, 
        1034.95087905842, 
        1637.802820110398, 
        2735.044244120071, 
        2190.6800726783204, 
        436.7480302811303, 
        2826.2660956734085, 
        1154.8192405320467, 
        533.4953215208801, 
        2205.87405973427, 
        1564.3727526300606, 
        2674.2737478862127, 
        3283.911255702706, 
        2399.2139037371253, 
        2174.272317531014, 
        2536.864627300635, 
        1116.5031145108032, 
        1160.5456652269027, 
        2201.0651635684912, 
        2773.3832672396848, 
        1528.4032529743538, 
        2895.558280592648, 
        1999.7883104675127, 
        1947.4571478691078, 
        2227.0326545493167, 
        1105.95312793671, 
        2193.1609902290493, 
        1101.4011408469978, 
        1293.3611951277471, 
        1186.843344894335, 
        2690.0284301100887, 
        203.8695151935036, 
        1785.3324999492097, 
        900.2591436562786, 
        1352.8974243482226, 
        1847.2276673938343, 
        1747.497598994713, 
        1041.984877236925, 
        2644.9538889149208, 
        2865.714349697175, 
        2529.1531369668305, 
        1932.8965973793534, 
        2847.2678784379564, 
        1288.737011286483, 
        2447.761286365637, 
        709.793828136524, 
        930.9325526581267, 
        2034.5577444606056, 
        1918.812205447123, 
        1454.6262362261584, 
        395.1652681073674, 
        2027.4012426367283, 
        2114.033692490807, 
        1856.2356141514254, 
        2455.469600768745, 
        2921.935102847483, 
        3131.343534424465, 
        312.5106295808675, 
        2637.886353976181, 
        2544.1296517919022, 
        3194.748148233362, 
        2106.7853167844264, 
        2113.5081054400157, 
        1398.4493875886303, 
        2791.636213847852, 
        1653.3604020730627, 
        1034.6199388052466, 
        1945.1815346749104, 
        2622.664014131899, 
        1019.218326098672, 
        2788.013806426679, 
        2250.979446823456, 
        1725.4734940494757, 
        1277.0417849260914, 
        2515.1128477525185, 
        1605.4258228270444, 
        2122.420948235407, 
        2465.566415349491, 
        1348.18851425109, 
        2691.6978319365157, 
        1447.1233517990092, 
        3188.830347318127, 
        1870.4640049920422, 
        1223.9118613889102, 
        2346.502806788668, 
        1676.8211883901795, 
        932.8622042453877, 
        2803.4662128603964, 
        1825.4837132358182, 
        2497.381009867352, 
        1036.890983288873, 
        2084.2770039891975, 
        2431.6701554666506, 
        2518.244184410094, 
        2909.5627484046445, 
        1743.7215527398341, 
        2399.6293885037135, 
        665.0579388883483, 
        1368.309424147157, 
        1378.3506348243866, 
        2522.766090915077, 
        2061.5066603920677, 
        1104.4640533030756, 
        2424.684324284804, 
        1014.7201919984836, 
        1665.7547016524961, 
        1569.6088424854174, 
        1935.4555775207316
    ],