{"center_point": [37.8079974, -122.2700635], "sample_points": [[37.80529887597141, 37.80975001291654, 37.80623228887887, 37.78788383586198, 37.8154775119352, 37.79474341873835, 37.797712565054496, 37.79982194267768, 37.79590704893643, 37.813282487003754, 37.80502442079556, 37.82187810968175, 37.82716941716786, 37.81386823898796, 37.79488241828516, 37.796628428437735, 37.815232362599296, 37.79142797404333, 37.79805706207136, 37.79247987848529, 37.81113721992773, 37.79127253030444, 37.78764363221592, 37.787029919815026, 37.79666600730556, 37.823802861211625, 37.82456952199295, 37.80123668926497, 37.79286990491112, 37.79940077867344, 37.79035727764733, 37.79413851922634, 37.80678859705694, 37.81864830358142, 37.82443260468277, 37.81065549379199, 37.82495544073544, 37.82613128178727, 37.81640930824128, 37.7927577437491, 37.787358381154405, 37.81479493875293, 37.816401286595664, 37.826239395727065, 37.82266217981294, 37.80046336113887, 37.81229736543318, 37.79518433447001, 37.79433956265036, 37.79857036073462, 37.786343800570606, 37.82815206471176, 37.81926777797392, 37.78601312967303, 37.791767401343435, 37.79356140936396, 37.82393739698562, 37.80652626412851, 37.79903521765027, 37.808331592423514, 37.79952822675561, 37.82346174145592, 37.81912276359976, 37.82777452498393, 37.82694425394568, 37.79845394100825, 37.79188735660301, 37.8185611770523, 37.83035190170666, 37.80989856081234, 37.82289273069857, 37.82339317016872, 37.81409474628463, 37.79905647252121, 37.802051115688805, 37.797966548434744, 37.797993093793984, 37.8203560880388, 37.79788924438068, 37.81407590279217, 37.805979299469776, 37.8248474505612, 37.797855204197305, 37.81361873971084, 37.79695417027349, 37.8028075532941, 37.81852773802546, 37.7954095004487, 37.82601540474057, 37.80505803953484, 37.81318794998525, 37.813650463591976, 37.820174233265796, 37.800483961430544, 37.82236400261691, 37.78849681644615, 37.803493844896835, 37.79755071191391, 37.789441117863916, 37.79989833347379, 37.80253312243399, 37.8280682740268, 37.817513707540925, 37.80078212192666, 37.82064389710417, 37.82752347968486, 37.793921127809504, 37.79831276729826, 37.789230928014575, 37.788078241245245, 37.79043144740887, 37.787258368868784, 37.824414484020885, 37.82778769476229, 37.80330446932249, 37.82430159816966, 37.78765396900069, 37.82398231274395, 37.799486105896904, 37.795251198115764, 37.811298080309356, 37.82735736885929, 37.8175833045617, 37.81103628953968, 37.79500475574376, 37.82418388486216, 37.81065545882338, 37.80295882082533, 37.83051502069345, 37.792025745348866, 37.78704701216123, 37.79341482789708, 37.825879396546284, 37.82621476411291, 37.79686148779274, 37.8030552075626, 37.80451919205366, 37.790448690952545, 37.80569516581529, 37.821750489630396, 37.800987691746684, 37.8105752392333, 37.827444704034356, 37.802010382163864, 37.82248632346834, 37.79735416826744, 37.79949940974106, 37.8203911298668, 37.828712345459586, 37.81561131720967, 37.82512844784036, 37.81843113965967, 37.829400095928364, 37.817389407724114, 37.79208309329203, 37.8127134989208, 37.81464664755015, 37.82376882734105, 37.80326362247073, 37.82199615222885, 37.8218057797653, 37.820309049871945, 37.8042519710118, 37.82328874666629, 37.814526875427674, 37.79137747436171], [-122.29475503423554, -122.24982970994482, -122.2732179168843, -122.25915153056256, -122.27751313066257, -122.29492686641045, -122.29444834385026, -122.27201785047876, -122.24845271201937, -122.24981580457954, -122.25437387108704, -122.24445416452333, -122.2911902009153, -122.25851527474235, -122.25142145252605, -122.25733140110653, -122.27450764765064, -122.28296393334767, -122.24658364558479, -122.27350683524615, -122.26136495889313, -122.2467213914514, -122.29764052586924, -122.24916692371384, -122.26189054092373, -122.26371161261554, -122.2841262454621, -122.28368598451345, -122.29809486614518, -122.26993811876174, -122.27540566915074, -122.2678618054331, -122.2461175695685, -122.25699021546647, -122.29691657949049, -122.29536938011654, -122.28659916989866, -122.28510975279028, -122.2836306434317, -122.2816385294659, -122.29053129250337, -122.2673318072315, -122.28124789449512, -122.2493208955967, -122.28616009421579, -122.29717338864494, -122.2876457911162, -122.29116611319388, -122.28756114414523, -122.29720158894062, -122.28305400978721, -122.29358337755615, -122.24942223941349, -122.2535198059295, -122.26443067162312, -122.28081865651272, -122.26991782057374, -122.24836057200318, -122.25893403744593, -122.29253624072318, -122.29386756918565, -122.25021301165685, -122.25787865318014, -122.29691252074602, -122.27182257928551, -122.2873916264536, -122.28522723162419, -122.29353849370986, -122.25818040380608, -122.29025747191413, -122.28883883355587, -122.27125742880263, -122.28502194278042, -122.26818910949636, -122.24450143961232, -122.29006974028923, -122.27827561756298, -122.27691133270841, -122.29818353195927, -122.28298932396567, -122.24825293690898, -122.29049030952828, -122.25991704425341, -122.26251924122924, -122.2698514093477, -122.29556179163032, -122.27427183456994, -122.29180125606092, -122.27062998989507, -122.2509766934483, -122.29711213026535, -122.28919137061537, -122.27947991129592, -122.28663924155425, -122.25157579565943, -122.26131949446375, -122.25545584268494, -122.25686961457436, -122.24562654942983, -122.27842568043212, -122.27874754423607, -122.2778691517033, -122.26272153065521, -122.24609807269101, -122.26442949623339, -122.29673299970179, -122.27255059813322, -122.2444218084052, -122.28170500772158, -122.24229860971758, -122.28537090356103, -122.27428172599183, -122.28386594786699, -122.28388867818246, -122.2816803257975, -122.27147681196985, -122.2903166863289, -122.2811804275503, -122.28280720344115, -122.28917519579552, -122.28540625540073, -122.26413355356347, -122.26685004816164, -122.2804569713893, -122.2696451367452, -122.27415659831216, -122.26917982568936, -122.29164502112293, -122.26534229646632, -122.29246539530187, -122.29527939321433, -122.27575689823855, -122.25079013017272, -122.29056660302014, -122.26260058972728, -122.27799455035756, -122.26295645904112, -122.26433369730738, -122.25835950506712, -122.29268040720333, -122.27901963576704, -122.29313531775718, -122.24701540149096, -122.26666401824919, -122.2822752090283, -122.27570786433023, -122.29767402775974, -122.25096690556511, -122.28556960176667, -122.2552246700998, -122.29681865256421, -122.24981533768776, -122.28212916989288, -122.24831090118464, -122.24499354240692, -122.28871784867164, -122.27560423671503, -122.2971857514771, -122.2858749655219, -122.25136085822508, -122.26575609014404, -122.2733769658892, -122.27039958325832, -122.24995092713313, -122.28379167594514, -122.24574938842171]], "boundary": [[37.830530663400246, 37.830530663400246, 37.78546413659975, 37.78546413659975, 37.830530663400246], [-122.29848886470036, -122.24163813529965, -122.24163813529965, -122.29848886470036, -122.29848886470036]]}