{
    "boundary": [
        [
            37.830530663400246, 
            37.830530663400246, 
            37.78546413659975, 
            37.78546413659975, 
            37.830530663400246
        ], 
        [
            -122.29848886470036, 
            -122.24163813529965, 
            -122.24163813529965, 
            -122.29848886470036, 
            -122.29848886470036
        ]
    ], 
    "center_point": [
        37.8079974, 
        -122.2700635
    ], 
    "distances_to_center": [
        375.21343913481536, 
        1251.2344639038681, 
        1050.5958186469638, 
        2574.3090144314892, 
        2163.1631836587867, 
        591.3063012579933, 
        1818.1420510608277, 
        1815.189249085495, 
        1995.454169877966, 
        1870.3503371463719, 
        2213.528288393531, 
        2032.489873044153, 
        2395.5509986995203, 
        2505.7220579427863, 
        1645.340425008298, 
        2683.9206754867887, 
        3000.0104253058125, 
        418.7606739677276, 
        1707.3193477753898, 
        1966.7992787576586, 
        2819.1926200658877, 
        2513.8575937574806, 
        2142.863782218272, 
        2124.940651465283, 
        1200.3461697385765, 
        1555.0590481593415, 
        1611.159298862801, 
        854.0254941161102, 
        1463.8213276426557, 
        2311.0985927552097, 
        2348.702233654265, 
        3133.651126854437, 
        1890.3619974531787, 
        2328.579352599862, 
        1397.1521570602965, 
        1498.2996914387238, 
        2688.9695320793658, 
        983.253787120972, 
        2150.889167528514, 
        1869.492156609806, 
        2312.5858544811845, 
        1754.919333427545, 
        1615.8715309182226, 
        1876.5828550804044, 
        1886.8074690505591, 
        707.2439438783425, 
        1354.7685618224823, 
        2267.5936936238645, 
        2643.483371508083, 
        700.2661842695643, 
        580.9847281677445, 
        894.13701066933, 
        996.4881147403012, 
        2116.0832852781114, 
        3008.8569627401107, 
        1505.5654317032927, 
        1119.934546635077, 
        2292.2153872034687, 
        2250.8275922898188, 
        1163.3486471026192, 
        2134.0782290809866, 
        2283.596314887856, 
        1864.4647854427121, 
        1092.704598852376, 
        1641.9593198577766, 
        1733.4643192058693, 
        402.0937111724248, 
        2491.7425402496137, 
        476.35870593288377, 
        2362.392669857419, 
        2771.5929770713965, 
        2332.471409913354, 
        802.3217318090088, 
        2258.132111643272, 
        2075.794727667331, 
        509.76039059765833, 
        1899.5646548646625, 
        2266.7422150432417, 
        3386.290697156678, 
        1148.0395077311089, 
        2455.5531829062693, 
        2573.2517350294947, 
        327.08895278294, 
        1830.5525318463879, 
        2187.850980302146, 
        2646.402088407039, 
        2207.6208735402297, 
        2814.710646141912, 
        3030.0537924258697, 
        2681.380029281212, 
        1850.950644374429, 
        1505.5018514003416, 
        784.7884075266834, 
        2418.9315747497403, 
        2109.602916319409, 
        1234.0070631590338, 
        2735.3436773404037, 
        2971.7026695721192, 
        1357.7076503960286, 
        2641.801553635188, 
        1636.077003439617, 
        2274.9002982169177, 
        1260.5040471541788, 
        1877.1953958700583, 
        1631.7603201552208, 
        2311.0224798982586, 
        832.4373827382348, 
        1848.5995472636228, 
        1701.66823435522, 
        2670.9623962654764, 
        2902.14606875526, 
        2031.2594527369429, 
        2365.5725060986842, 
        2829.7958803551987, 
        2104.15716920683, 
        1127.4129091078216, 
        855.6070618503687, 
        3030.6868744066587, 
        2026.893773510805, 
        1329.277393055279, 
        1936.380479706842, 
        979.4763764985917, 
        2860.222352510062, 
        1710.9033913953806, 
        1445.4799397193972, 
        1922.2196919453029, 
        2700.457070780126, 
        516.9021316557211, 
        1251.173351168871, 
        1341.4800759263212, 
        2575.6822733191048, 
        1892.5611107155382, 
        1776.2877384636365, 
        2123.6467337718386, 
        2867.78018998216, 
        1651.115639065161, 
        1570.3312889181614, 
        1193.545018763851, 
        1333.0843437081764, 
        2573.986780240783, 
        2656.1755551574515, 
        2537.7265652240785, 
        1589.2380544923626, 
        2049.2624506283555, 
        1825.4479195233741, 
        628.5825544905629, 
        2402.2488129029234, 
        1972.9281597291647, 
        2967.6771418451085, 
        1428.954004436322, 
        422.6639745918282, 
        1898.245613613943, 
        1305.95233925824, 
        1053.598360839171, 
        1597.7479338989376, 
        2495.4928998081336, 
        2264.749500588243, 
        713.0363626491599, 
        1454.5064001410406, 
        1106.0793526079153, 
        2382.1164952297277, 
        2439.0933117589307, 
        1844.6534186440495, 
        2393.2732524109006, 
        2550.7237737988366, 
        2441.3096706388533
    ],