{
    "boundary": [
        [
            40.753000863400246, 
            40.753000863400246, 
            40.70793433659975, 
            40.70793433659975, 
            40.753000863400246
        ], 
        [
            -74.03082579420597, 
            -73.97155320579402, 
            -73.97155320579402, 
            -74.03082579420597, 
            -74.03082579420597
        ]
    ], 
    "center_point": [
        40.7304676, 
        -74.0011895
    ], 
    "distances_to_center": [
        2301.0252259241524, 
        1631.9363361798464, 
        2498.3924234048136, 
        1580.0980808997592, 
        2034.999598455722, 
        2277.5603478728835, 
        1661.8068412288883, 
        2366.232235798293, 
        2384.1129456235235, 
        2312.3970692339685, 
        2348.2949541946073, 
        2537.9980681354696, 
        1642.3380817393224, 
        1639.9942360723715, 
        1703.2413145378493, 
        274.32831214555097, 
        990.637354176619, 
        784.8926370370202, 
        2003.1015347730508, 
        1146.8233552439, 
        1540.3546375143621, 
        1361.8011380014589, 
        2210.552625315984, 
        1232.2384554809225, 
        2236.8735970572634, 
        1838.4052858925793, 
        1410.6554163046612, 
        1162.0503417906198, 
        1495.7657250580792, 
        1390.2827474653877, 
        1521.445623702819, 
        2149.2373238265063, 
        2634.175894493817, 
        1469.6365822718649, 
        736.6603544520931, 
        1876.026791214992, 
        963.3847076874814, 
        2711.957869962457, 
        1608.1322163097714, 
        2270.3263282534203, 
        1793.40713840861, 
        2740.3172841948913, 
        1115.4972788003006, 
        1919.482129701922, 
        1416.0646156540442, 
        2657.9578035656623, 
        1285.8417124474756, 
        2921.76046759332, 
        2579.0996358409066, 
        1176.8152582466064, 
        739.1422389589445, 
        1122.5240279273962, 
        2262.8522669468935, 
        1772.9086849190826, 
        2831.741932777253, 
        1944.1931750623007, 
        2335.9552207243846, 
        2230.883160210173, 
        2445.5903392337473, 
        3068.6975442083926, 
        1734.9245250452968, 
        1496.335471536618, 
        1576.7264769789383, 
        2318.8257253652864, 
        1904.2341085917308, 
        2613.2643994122827, 
        2000.767070720829, 
        3215.3468864564534, 
        2275.57604661228, 
        2142.7772186196316, 
        2718.457913207129, 
        1447.1366733825348, 
        796.2303685008291, 
        1097.7694640681013, 
        2505.460874588988, 
        2850.772497429063, 
        1250.8757805157652, 
        2746.146815951881, 
        2313.492349236004, 
        2406.7247212470174, 
        2789.360502674832, 
        2542.728705779492, 
        2303.130754813942, 
        1768.0051871574276, 
        2413.7741658267005, 
        178.3606679637571, 
        2028.5628801631788, 
        1280.1353528774428, 
        2339.7627851613806, 
        2852.9380386151024, 
        2160.5291551239125, 
        1212.036565935153, 
        1918.7717213389835, 
        2377.4109819694972, 
        2340.9815665049737, 
        2159.6240571838134, 
        315.28589433855893, 
        1424.0328960639224, 
        2397.9546332158748, 
        2744.610237096953, 
        2442.543993431687, 
        2433.0488613607267, 
        1784.5601637992932, 
        666.0841832880449, 
        3157.621195922131, 
        1974.9178671663874, 
        2481.0525882144743, 
        1486.638688370341, 
        2191.119309231268, 
        1068.983361196655, 
        2749.645071630616, 
        1534.2153188427383, 
        1389.673502616052, 
        2427.842196088886, 
        2541.9852851900196, 
        2379.964457078928, 
        1034.4292983782511, 
        2346.2688293831047, 
        1364.6069390334126, 
        2133.7886376405013, 
        341.3593121151373, 
        2521.4599839403145, 
        2235.8061518334407, 
        1827.011092460676, 
        2037.3922109589535, 
        962.2064368572245, 
        1310.3726672121581, 
        796.1861068061332, 
        1851.382329853556, 
        1377.026831692408, 
        2601.751441361608, 
        907.3686515297604, 
        1883.31072016683, 
        1516.4806529142995, 
        786.9776541136785, 
        1323.2990343448766, 
        2275.772280974009, 
        2574.388937319841, 
        486.53495227312436, 
        2730.914768062533, 
        1346.1908976018694, 
        2398.622612197386, 
        1937.9104048263164, 
        3038.9270890869147, 
        2765.0992272230633, 
        2195.6906630360745, 
        2768.3880866250147, 
        1425.785339433046, 
        3278.9703261895875, 
        2128.8798726587215, 
        1197.6760250402872, 
        1707.0903595510754, 
        2549.719046913772, 
        1355.7975347273102, 
        1455.8092422295183, 
        2297.72877423192, 
        2334.765556425355, 
        1380.0855594328661, 
        1394.0984105046314, 
        2413.6925030483435, 
        2813.808691819091, 
        2816.784128587362, 
        1928.0623068401508, 
        1800.8177000846351, 
        2278.4247931359455, 
        1537.5572231693195
    ],