{"center_point": [38.0530644, -84.50911], "sample_points": [[38.059957159001435, -84.52734301144785], [38.05324211845079, -84.53608090167334], [38.040110313682106, -84.4910268017904], [38.041151087597584, -84.48915748897237], [38.05497803520122, -84.5253066632962], [38.034759999183265, -84.48598660412135], [38.060653189453426, -84.5333764490938], [38.04212146456092, -84.4946311825119], [38.0446782318871, -84.49095730900228], [38.03073289776075, -84.48670619254766], [38.07530483794052, -84.48451503721536], [38.04081795701497, -84.4842451974216], [38.05813594799005, -84.48506224880268], [38.071314372912475, -84.48196627108621], [38.033110044377224, -84.49857058453271], [38.06484304434858, -84.4902386118304], [38.031255150019895, -84.5346845203688], [38.06838445082741, -84.49203190505405], [38.045348427384845, -84.51592260671485], [38.07138697151952, -84.48299605327867], [38.038643908227634, -84.50291845097868], [38.059993569400795, -84.51111661663705], [38.04611679013237, -84.50476512446909], [38.06857646370524, -84.51239757691155], [38.06835618693478, -84.52737789216695], [38.03106847961026, -84.52279950128091], [38.06889499656618, -84.50957529435429], [38.05795791435781, -84.49453591717503], [38.0559374791062, -84.48501174364341], [38.04381594925256, -84.52582426334406], [38.05569959525611, -84.51871551706746], [38.07406566717166, -84.53355587241302], [38.04773857907214, -84.52825879016255], [38.05292392435431, -84.49723998416141], [38.05677678256155, -84.51012284510391], [38.061598173670184, -84.5366371530836], [38.0444540386391, -84.49608391012718], [38.07466231143693, -84.50974488105416], [38.057032934118524, -84.51992603117459], [38.04239518638445, -84.52089797464934], [38.042321008996815, -84.51788723483477], [38.056561928126946, -84.50325658138398], [38.05105928248072, -84.50838674076368], [38.047997057518636, -84.50168722375666], [38.066964847250226, -84.51953326861745], [38.075184882137656, -84.50050054413822], [38.06447014680423, -84.52136328204466], [38.058245165281704, -84.53222720267419], [38.0367664594005, -84.50983958868707], [38.032369284510445, -84.48529672695258], [38.05565635412781, -84.51490555816659], [38.03551196773123, -84.49128752760018], [38.045649438283604, -84.49111651132152], [38.03990587980059, -84.53454824428276], [38.074812465124516, -84.49391633079239], [38.0629550930592, -84.50292170226481], [38.05578669896208, -84.50061930756215], [38.037897218499836, -84.50650269973292], [38.0547383220918, -84.51888230942996], [38.03515231104339, -84.48320028564933], [38.068004211578035, -84.49588023589283], [38.05034893025403, -84.51441953091843], [38.04050411645207, -84.4832825404789], [38.05935553317568, -84.51822052896273], [38.07259783554971, -84.52296897062189], [38.04374901949137, -84.49246628374053], [38.05093991488474, -84.51277998176599], [38.03697790286557, -84.51824380150344], [38.031655954475134, -84.49802896546322], [38.03215615214061, -84.52491491112129], [38.06522921344059, -84.52666152095364], [38.06332210916486, -84.52873886016235], [38.04193244329603, -84.4980572153929], [38.049686141779176, -84.5125858413419], [38.05346745454686, -84.5209616097122], [38.06687422873859, -84.52873130715491], [38.0434024752129, -84.53205015592465], [38.0526270644386, -84.52765814511828], [38.06795305083155, -84.51223935724289], [38.05443615863949, -84.48412848430196], [38.039157474933, -84.50684569898877], [38.06760862445011, -84.50889569283369], [38.06989064754496, -84.50615205662399], [38.03237886149853, -84.50558441915526], [38.03885553392358, -84.53756631484028], [38.033967600688264, -84.5375307689437], [38.05176253251508, -84.53349560268032], [38.04548701509555, -84.5157045361162], [38.0491303995213, -84.51095986715798], [38.05208848051068, -84.48953306631944], [38.0445465941946, -84.50669603670943], [38.0348359426169, -84.49242297615382], [38.048266712841375, -84.51396068786914], [38.04644186410424, -84.50584001401612], [38.044609988234384, -84.49395248899575], [38.06157679507093, -84.53335622791002], [38.051877003380014, -84.49727600145735], [38.06532696285468, -84.49673563924463], [38.070635407895686, -84.50166553659516], [38.04565669037424, -84.4922853735944], [38.03387508462531, -84.48465327949131], [38.071168378262755, -84.4893935751841], [38.039994691408275, -84.48201684510133], [38.065063759756114, -84.50563927251676], [38.04866610548217, -84.53519755777438], [38.07408413673766, -84.53170876407997], [38.062081234385055, -84.52371524953782], [38.05238887888081, -84.50992151076004], [38.038116209433994, -84.52147830277676], [38.04702748470232, -84.49850834928687], [38.03991762052548, -84.4947219498891], [38.07488775587262, -84.49656262928949], [38.04531069124498, -84.49495707936259], [38.06177702080924, -84.49592224251228], [38.0349642106965, -84.5103227387155], [38.043560641429586, -84.51256769576692], [38.0477836038239, -84.51264801593037], [38.04092032223152, -84.50282481402627], [38.05190778511316, -84.51334453247267], [38.05138334624782, -84.53431564106174], [38.06918214346055, -84.52660269645709], [38.068842246687645, -84.51983242286406], [38.066021250858284, -84.52029929744444], [38.06076445135156, -84.49921176842922], [38.072439219243094, -84.48293049377855], [38.06300877527466, -84.5196264380808], [38.050252369584584, -84.48979850751093], [38.04671534485093, -84.49422702439264], [38.03792242542525, -84.53260441389719], [38.05692887186265, -84.53030366445147], [38.03596736271764, -84.53503341968562], [38.07130430611248, -84.53465435713065], [38.045879617948486, -84.53095285003052], [38.07304447152027, -84.48569388800556], [38.0393166466295, -84.50299759811757], [38.07010418875283, -84.4888765102582], [38.041662805654994, -84.50494308904476], [38.072215776915286, -84.51419168487658], [38.06442708655433, -84.48217185115602], [38.05437983552926, -84.52513800860986], [38.030806885352845, -84.48790747429736], [38.04577960847367, -84.52675362575063], [38.07075499152356, -84.52066044120922], [38.04476467205428, -84.49122960850083], [38.05064248209481, -84.4975630398909], [38.03687481252786, -84.5288592177028], [38.03447375960774, -84.49266819498362], [38.07319997056663, -84.51100251290556], [38.05753349891771, -84.52066829086787], [38.058349301999804, -84.5270168399852], [38.034293307766276, -84.52545688161915], [38.05597087143558, -84.53416805091692], [38.05490208169595, -84.52517008225169], [38.069565613072456, -84.53532873107801], [38.05413814973952, -84.48879745161807], [38.05052764703692, -84.50109589735807], [38.05232028650775, -84.4872544841892], [38.0752151917094, -84.49314257649286], [38.06971854933278, -84.51187612531466], [38.07449191807044, -84.48160644826613], [38.05683583953358, -84.52363406217485], [38.06035933790095, -84.53722310961587], [38.0409148993674, -84.52860294817229], [38.042847471243505, -84.50515426215415], [38.0532436854687, -84.52112643890531], [38.03302649833091, -84.4935928103562]], "boundary": [[38.075597663400245, 38.075597663400245, 38.03053113659975, 38.03053113659975, 38.075597663400245], [-84.53763027590443, -84.48058972409558, -84.48058972409558, -84.53763027590443, -84.53763027590443]],