{
    "boundary": [
        [
            38.93780466340025, 
            38.93780466340025, 
            38.89273813659975, 
            38.89273813659975, 
            38.93780466340025
        ], 
        [
            -77.04996692967454, 
            -76.99223987032545, 
            -76.99223987032545, 
            -77.04996692967454, 
            -77.04996692967454
        ]
    ], 
    "center_point": [
        38.9152714, 
        -77.0211034
    ], 
    "distances_to_center": [
        1866.0737936439511, 
        1538.9210124399099, 
        2526.3550874085067, 
        2068.6297450261973, 
        789.0807141149401, 
        2598.640151792496, 
        2539.9529074110123, 
        2403.51045798865, 
        1423.6050734086286, 
        2871.1359855831697, 
        3035.8278483071094, 
        2017.1023050555718, 
        1444.1261715418916, 
        3000.116775190855, 
        1416.1859869785983, 
        2309.771731944044, 
        2002.8458073287388, 
        2507.277353448359, 
        2457.0031735323846, 
        687.2987064051207, 
        2033.6069609201513, 
        2061.2371680935094, 
        638.5587140954266, 
        2283.249962200571, 
        2581.8732535213244, 
        2165.580897557741, 
        1596.2668218849785, 
        2375.513331791382, 
        1353.2004442212315, 
        1560.7072786091342, 
        1916.7442023448339, 
        1408.336069652945, 
        1699.847931854354, 
        690.7542021780963, 
        2587.1196986033488, 
        1060.116685350638, 
        1663.295273132143, 
        1855.3040597741356, 
        1445.2067441207266, 
        2107.649369206105, 
        1518.6280571236657, 
        754.4421806973419, 
        2083.729552905002, 
        2562.6260624623183, 
        2357.393219180585, 
        1642.0260603046472, 
        2326.4516510163753, 
        3266.548223428722, 
        2258.7350989039323, 
        2772.3198773181716, 
        2016.2552782949895, 
        2289.702980279788, 
        1896.1150310476924, 
        2585.435763469909, 
        1357.3688431061867, 
        1893.7181953636994, 
        1179.4264712033075, 
        2218.1125566605338, 
        1985.5018044319027, 
        2163.0239560269383, 
        1043.1659242160217, 
        905.6104962255134, 
        2296.2222586043313, 
        2487.085857354465, 
        429.97860533887865, 
        1888.5047110976648, 
        2562.744452974694, 
        1491.672505389587, 
        2115.98153677835, 
        1586.2368399510958, 
        2590.442412683337, 
        2495.3618566192104, 
        2753.683307884988, 
        508.71575394431636, 
        1847.9199069009953, 
        3006.5129191712513, 
        2169.2496048587896, 
        1483.7146017069879, 
        2517.2172249985874, 
        2520.527119520802, 
        1418.0172331601952, 
        1085.4693399981113, 
        2220.4058989557234, 
        1855.1409150667394, 
        2367.833082760702, 
        2626.9834418863024, 
        2768.921726630033, 
        1769.200508731989, 
        2568.024358040624, 
        2577.3852032937275, 
        1949.3068068728194, 
        907.8513076827528, 
        932.9336299437914, 
        1178.0833551906474, 
        1938.4701105477093, 
        3115.0167905451312, 
        756.2233020243444, 
        3299.282366766184, 
        515.0437225338678, 
        2124.0289289028387, 
        2166.7683556762017, 
        1650.709428770135, 
        2155.846323430824, 
        2032.0521518154146, 
        1725.7705945308066, 
        1901.5514618651287, 
        1913.7419357362762, 
        2533.855561122719, 
        2601.2620027194034, 
        1686.134930822792, 
        1637.040762428628, 
        1744.4791380994418, 
        1680.2865870739665, 
        1885.7682004770807, 
        2968.952191112359, 
        1401.1143121746861, 
        948.1237139987339, 
        798.3846426053241, 
        711.5341142552531, 
        2982.5968979006416, 
        569.3231944037329, 
        1337.0807583304359, 
        2962.501548871283, 
        1308.2144538137695, 
        2166.1587914865663, 
        2491.927132918658, 
        2191.3328142167684, 
        688.0588492676724, 
        2028.6298354284784, 
        2519.757124638558, 
        1304.413843486956, 
        1991.6207080428314, 
        2598.424962287969, 
        2303.753309413935, 
        2206.9568578897442, 
        268.40978481533443, 
        2073.3256863993834, 
        2924.1839126160344, 
        1697.9303894273817, 
        3299.7763995501296, 
        2736.4349920316167, 
        2798.01812313173, 
        1939.4101213456345, 
        1566.397508626139, 
        1478.0514167253084, 
        3474.6297315424113, 
        1930.8917870368737, 
        191.42179949851868, 
        2051.052714881457, 
        2140.249529236865, 
        1769.850311788083, 
        2416.7071694468423, 
        2233.7078477487185, 
        1460.980503776779, 
        435.4883047460798, 
        1264.7079272894887, 
        2205.2908377111453, 
        2699.926495764287, 
        2436.327686535611, 
        2093.1056255996086, 
        814.2127769390637, 
        1051.568841320986, 
        2473.6439979514225, 
        2670.8624720413036, 
        2490.6916469431467, 
        2187.5745047912183
    ],