{"center_point": [38.9152714, -77.0211034], "sample_points": [[38.91156834359305, -77.02393003783095], [38.9137419489459, -77.01576861610036], [38.93477334766366, -77.00431213170769], [38.935791237707136, -77.01063394729017], [38.9026357199733, -77.03795688827569], [38.906355040082495, -77.03038365233884], [38.91684446670971, -77.01786709008161], [38.9176152226588, -77.0293602358784], [38.92570589204554, -77.04084452835508], [38.89839741843165, -77.02019188912509], [38.897491284464316, -77.0363630720397], [38.90385115818881, -77.0353372973058], [38.93198067287345, -76.99417539092667], [38.90809570254677, -76.99790274123202], [38.90327757439911, -77.01150842844895], [38.902947553512895, -77.01789516282685], [38.92549300775242, -77.01274762404965], [38.90737794063584, -76.99858827297564], [38.93691273847649, -77.02438122681554], [38.902974167961474, -77.03553457093204], [38.92260024967508, -77.04376521640656], [38.89743223550034, -77.01948202714253], [38.9284881433895, -77.00089312846296], [38.92798712622952, -77.02710796947709], [38.91559074071062, -77.02192551051044], [38.901392415960764, -77.00770120077517], [38.933972676464, -77.02737259730088], [38.92183040312648, -77.0448363418659], [38.898935393217116, -77.01735900284118], [38.902124167782, -77.03803638073126], [38.916013517040184, -77.0363109319243], [38.912537754822104, -77.0308195418203], [38.923093991348615, -77.02567292937294], [38.93704899324951, -77.0236531243091], [38.92478061040342, -76.99382422130988], [38.92195031384378, -77.01312707659687], [38.90609814466142, -77.02097011067114], [38.921461365035256, -77.04254722013786], [38.93640300887623, -77.02211826425972], [38.90725230164651, -77.04231249275901], [38.922477166319176, -77.02587240137217], [38.93299724180838, -76.99517512088826], [38.92063621845891, -77.02774262643791], [38.894760971422386, -76.99730492943719], [38.915604242082594, -77.02303903655468], [38.92354929026099, -77.01050899311895], [38.93347594080166, -77.02029328872274], [38.934999925156525, -76.99619256385506], [38.92576752439163, -77.02414014597878], [38.912176910122554, -76.99998311729289], [38.921474018453864, -77.01477633769532], [38.89682207650918, -77.01457696630368], [38.91115084352513, -77.02811417793949], [38.93133250165203, -77.01551258252375], [38.905747876770235, -77.02656907503521], [38.89563452969959, -77.0110089965322], [38.906512286149116, -77.01202340231404], [38.92343351806901, -77.02481416676702], [38.91639586665314, -77.01123316141148], [38.906851438335416, -77.0068706603973], [38.90041262594931, -77.04905129806701], [38.936804576686825, -77.00557359736659], [38.92009247111896, -77.03339885679713], [38.92084534792, -77.00855087669586], [38.89438880994804, -77.03214102279968], [38.920119610371906, -76.99598302401184], [38.91393593860488, -77.01412154481042], [38.90623703561263, -77.02787073438355], [38.934909505503434, -77.01011677487675], [38.913988551617614, -77.0158773086817], [38.91587656649052, -77.00168790338196], [38.91066232153892, -77.02090551485078], [38.91768635746196, -76.99373535684147], [38.92302277222702, -77.04835038054047], [38.91259578157611, -76.99533450024532], [38.91777341370623, -77.00074256307686], [38.8983029882754, -77.04747262066876], [38.90254521301927, -77.00962234757948], [38.90198970197574, -76.99532984926256], [38.89865814340287, -77.0119300799402], [38.91594524828185, -77.00793873033032], [38.93559625332803, -77.0094742428358], [38.93117762310949, -77.0243908008541], [38.90380833303269, -77.0123280898488], [38.8939598899062, -77.0336753297404], [38.92335632592722, -77.0009420590345], [38.93405155652158, -77.01335801357], [38.923832143912485, -77.00887163520716], [38.90664253080277, -77.01154376818435], [38.91206008549363, -77.00907932984587], [38.89690024532779, -77.01748066786857], [38.9110222064367, -77.03514451235094], [38.92463479045927, -77.00106567389369], [38.935615851006496, -77.02683710284707], [38.90091792057554, -77.03447920368086], [38.93250512272597, -77.04336926797588], [38.932973949791695, -77.0096138675722], [38.929416654596494, -77.04601671331021], [38.923887268360716, -77.02585075718602], [38.893000302111076, -77.02564997622197], [38.932297433488614, -77.03887229660465], [38.90962905491696, -76.99868700740387], [38.91828854291391, -77.01242303664239], [38.92705870273239, -76.99558908211014], [38.91274728691521, -77.0292032837412], [38.89610037138891, -77.04149630997168], [38.91951753802099, -77.01607742714431], [38.913847873171356, -76.9981019962875], [38.89381794941898, -77.03492578899295], [38.898384301730026, -77.00911530082746], [38.89499184551406, -77.01838752945534], [38.936453185222504, -77.03825593562254], [38.900910794462334, -77.0021835833578], [38.93292127970033, -77.01065179216545], [38.93223016153479, -77.00646185382143], [38.893411874587414, -76.99342848652158], [38.90193280456896, -77.03990611167471], [38.914391265561534, -77.04884874559353], [38.904558352102214, -77.01345004685619], [38.90480312374388, -77.04105980084164], [38.908921003315214, -76.9997543384543], [38.905273616921434, -77.0290647451608], [38.93032284125926, -77.0411921720062], [38.91803826110324, -77.00957380888144], [38.909987983357325, -77.00290742085316], [38.913717520217276, -77.02065669873389], [38.90991165703357, -77.03560394533704], [38.89439018278524, -77.00899870310064], [38.898007477633875, -77.04064634034457], [38.90824097237654, -77.01304857071005], [38.89809374960163, -76.9994647990341], [38.90343886214915, -77.0406167183624], [38.899989893170826, -77.01886999519364], [38.92660310284737, -77.02170820107847], [38.89703116155956, -77.03714489093508], [38.91036280344295, -77.02778901612304], [38.89874721349713, -77.02197795907684], [38.89851584112577, -77.03613356564553], [38.91182621104875, -77.01334816859257], [38.9334489588928, -77.01485570392971], [38.90139855676233, -77.01987310061175], [38.92677091650753, -77.04553611048779], [38.914065774789385, -77.01388786914531], [38.89880277289605, -76.99609492159594], [38.91339308018134, -76.99586633707771], [38.91524191660493, -77.01360132632857], [38.91130262606895, -77.00045837911925], [38.93654441247323, -77.00879121240652], [38.896774784447054, -77.03836583406563], [38.91173589529199, -76.99753006871713], [38.92458362059526, -77.00316735868655], [38.894783366312595, -76.99995437587005], [38.92301238088607, -77.04443785776243], [38.895220933008005, -76.99345290832628], [38.932836425695584, -77.02488355547125], [38.93145690474402, -77.02185588541244], [38.922938383257645, -77.01336980909845], [38.913385666715925, -77.00531223778442], [38.89610366318643, -77.03852511301865], [38.93435841018791, -77.03465340851646], [38.89982626596819, -77.0094626884594], [38.90833057569303, -76.99264008279741], [38.910576555865305, -77.0378917546242], [38.93771985611193, -77.01961271455053], [38.931955268066, -76.99985143283565], [38.90714834806515, -77.03613382431594]], "boundary": [[38.93780466340025, 38.93780466340025, 38.89273813659975, 38.89273813659975, 38.93780466340025], [-77.04996692967454, -76.99223987032545, -76.99223987032545, -77.04996692967454, -77.04996692967454]],