{
    "boundary": [
        [
            36.18378136340025, 
            36.18378136340025, 
            36.13871483659975, 
            36.13871483659975, 
            36.18378136340025
        ], 
        [
            -86.80628801711342, 
            -86.7506547828866, 
            -86.7506547828866, 
            -86.80628801711342, 
            -86.80628801711342
        ]
    ], 
    "center_point": [
        36.1612481, 
        -86.7784714
    ], 
    "distances_to_center": [
        1175.750318985358, 
        1626.3102125527535, 
        2332.989362081777, 
        781.4083879249758, 
        1741.6811715535919, 
        1872.2545397983188, 
        2682.705121119935, 
        2268.6019876566425, 
        2262.570208684694, 
        842.0221540194129, 
        2584.2342559163053, 
        2336.0536233136836, 
        2203.070414952277, 
        2296.064997609539, 
        1565.0383815414336, 
        1453.2082221570192, 
        2046.6991411726071, 
        739.1458877645747, 
        1855.1485860142714, 
        2438.300634003944, 
        1860.9904400532298, 
        561.6458486904073, 
        2229.2109400594077, 
        2423.6937435412387, 
        2650.4800645232312, 
        1061.9335955036302, 
        2681.8513581166153, 
        3062.902221706534, 
        2584.470310531935, 
        343.04988896908947, 
        2108.8074214035137, 
        1287.8943010855915, 
        2001.786975885867, 
        1517.8417495865, 
        2918.9423702910763, 
        1657.509419662952, 
        2234.6483918450313, 
        1492.7059593483043, 
        1540.7251215561498, 
        2259.5465202856294, 
        2565.8306682981365, 
        750.779661424344, 
        2228.8044936858414, 
        1960.6739359901085, 
        1779.6128929007564, 
        2420.243079805622, 
        781.5888887381201, 
        2279.164926135976, 
        1992.5836098109926, 
        2105.5697063012244, 
        296.0236995554061, 
        1687.6073196808484, 
        2733.239704725128, 
        2134.389742350984, 
        1586.8160627880054, 
        986.4104336950107, 
        1467.3073456564177, 
        2496.8360653309796, 
        3188.1790385181616, 
        2485.8518207120546, 
        2494.2431380119574, 
        1932.155990265851, 
        1126.8113514642173, 
        2498.143650375945, 
        1471.573583029433, 
        2419.906081969898, 
        1256.5058932813192, 
        868.5557380783591, 
        1998.9765472776855, 
        1661.6182286010214, 
        2273.8061935068768, 
        577.9354267084445, 
        2759.353327552399, 
        1976.0369336939132, 
        1709.0160789950116, 
        2935.2410958722453, 
        1602.1970753581525, 
        2041.2202465888547, 
        2201.062594076931, 
        2156.0781882466563, 
        2451.918976523131, 
        1687.7798866211622, 
        1508.0094004696125, 
        2052.4560471800173, 
        1631.156181576721, 
        2508.842502842504, 
        2277.5265141655614, 
        2234.7928303883878, 
        1493.4667708705097, 
        2064.181238370666, 
        2376.5416509774245, 
        2341.8519678619728, 
        1477.8483514219688, 
        1609.5839576477113, 
        1650.1697164780458, 
        1767.7457053852752, 
        1648.1717524821945, 
        3203.7885038252343, 
        397.3260651686534, 
        1717.0304654801942, 
        2398.4410657987264, 
        1213.251948472428, 
        963.0771654367319, 
        2187.304653670811, 
        1648.754465857278, 
        2652.535500558016, 
        1287.742647201348, 
        2830.6118850732405, 
        2041.7848644907583, 
        1896.2055360668892, 
        2715.6646790256086, 
        1411.36716932596, 
        1055.447790419761, 
        1541.0953512931633, 
        1182.9887297961975, 
        2855.636569969667, 
        696.0124819895018, 
        3328.780827981821, 
        2551.000644367478, 
        2471.6871400704063, 
        688.5496746963325, 
        1321.4409414758516, 
        1790.091073548672, 
        2064.8872440053556, 
        2063.23894216964, 
        2243.6598538007343, 
        2501.1693040663445, 
        2137.9124319243037, 
        2257.2922758232226, 
        1338.4190308907337, 
        2449.18787220468, 
        3253.8072951439035, 
        2254.435491196137, 
        1483.1503515691777, 
        1613.1211046813469, 
        2950.104939882064, 
        907.3583987631295, 
        3308.2085992316524, 
        1530.2250525445163, 
        2230.1252589846094, 
        371.606397489524, 
        1661.608239518882, 
        1989.970402979866, 
        1950.7337350146584, 
        2642.903859591396, 
        841.5545056259732, 
        893.6589308158881, 
        2360.066963859861, 
        1348.309430127188, 
        2276.9181949297977, 
        2647.8855089619524, 
        2152.4976700540947, 
        3192.147167105152, 
        2673.7936833889303, 
        2466.382922893476, 
        1812.0210415406307, 
        1876.928297090117, 
        2368.4054259452037, 
        2275.6634121379047, 
        1190.8749676826287, 
        2525.0589027803912, 
        3119.327480338126, 
        1659.8906299833986, 
        1213.9555759008135, 
        2028.6120758514414, 
        2324.7019331352813
    ],