{"center_point": [36.1612481, -86.7784714], "sample_points": [[36.179650517765076, -86.79864251195107], [36.14978875372191, -86.78237550085753], [36.163962256909315, -86.78380826785703], [36.179418841492904, -86.7638160818507], [36.16988774856208, -86.78821835507678], [36.174244110329525, -86.79275307724423], [36.17592709656476, -86.79796848235287], [36.1653857798856, -86.78962807071109], [36.14908815324779, -86.80481705026756], [36.14381899554051, -86.78581083284325], [36.17446779300475, -86.75726226808072], [36.168801994649506, -86.7991778310915], [36.18148209615598, -86.76076983363939], [36.149341789302966, -86.76942350053625], [36.161857987871464, -86.78534470384689], [36.17024157729835, -86.77807877980818], [36.160042426573284, -86.77243339251842], [36.160924808182756, -86.80577061355314], [36.14837978778856, -86.79949139068802], [36.15475702828285, -86.79003169686362], [36.14381285158091, -86.76517354496421], [36.17126115763967, -86.80376724783387], [36.16145528060463, -86.75175194574528], [36.16525311741343, -86.7927300822565], [36.14666781744182, -86.76641461197941], [36.17537277870919, -86.75246318064521], [36.18159854163875, -86.80495060932012], [36.14673589946406, -86.75703326874132], [36.18155896795236, -86.78472934834872], [36.152866905272624, -86.79244082009245], [36.16361207254003, -86.80408201432803], [36.1737604817179, -86.75086248506044], [36.17802992916708, -86.78984583510172], [36.18181143579284, -86.75508976685295], [36.16573527920847, -86.8025041076461], [36.175889600881035, -86.76086784631791], [36.17114700759999, -86.8004923683394], [36.16390635656222, -86.76714696739629], [36.17594915157792, -86.8062212491447], [36.14163281486129, -86.75373576526218], [36.157942883789154, -86.79814856404165], [36.155607314671606, -86.75886111988403], [36.16590821687424, -86.7647374324729], [36.18338934738376, -86.77561921548728], [36.15019133115857, -86.7733998339037], [36.167284339404375, -86.77287862903843], [36.16430153012673, -86.78567120084664], [36.140640082621466, -86.75218920235372], [36.14978951340705, -86.7902997717747], [36.17786040418761, -86.7754052527414], [36.16244371381089, -86.78128075878227], [36.166928393201474, -86.75366735983674], [36.15465181066217, -86.7966967236872], [36.1649923625749, -86.76863627360308], [36.143567157434724, -86.76688842511075], [36.175843922935094, -86.77842286598462], [36.16793376755825, -86.76011011566459], [36.148116191933966, -86.78957235400824], [36.17527121863266, -86.76611059808417], [36.144845633190776, -86.80003465707054], [36.14595785004061, -86.75187163604033], [36.15805658743793, -86.75881945971254], [36.18127375721799, -86.76345055152392], [36.14182202404367, -86.76340586478953], [36.15593890182895, -86.79230223394185], [36.17972336104758, -86.78092284423595], [36.1450846117748, -86.759313788328], [36.15809388929639, -86.76486332728813], [36.15668520645476, -86.78825522387805], [36.16347862667614, -86.77989538012565], [36.15098710678306, -86.75842591301618], [36.177865899681315, -86.80343910398066], [36.154175746252534, -86.77541495329558], [36.17486011370493, -86.77313365985732], [36.155088306031395, -86.75130380200795], [36.15946620012643, -86.76569397986388], [36.176062236411504, -86.76397297493426], [36.16375813772573, -86.79054599431198], [36.16534296931701, -86.80620628897961], [36.151631969463345, -86.7692244946642], [36.16936249492562, -86.77340170400848], [36.1770456017511, -86.8037289179923], [36.16619903081104, -86.7907638456134], [36.14154112453496, -86.77495426363632], [36.16310625015633, -86.7737485342247], [36.16893238854701, -86.76985811762441], [36.15760699200739, -86.77667227637797], [36.172791701379175, -86.76273011867008], [36.17940922573531, -86.77214451290439], [36.15850435327733, -86.78737564856412], [36.17624356990337, -86.76261675175597], [36.14815015007132, -86.79430291902806], [36.15840304522319, -86.78787293890987], [36.145732268324586, -86.80599480261174], [36.14881125407441, -86.7942062944467], [36.17568041658941, -86.8003885703159], [36.18171985766861, -86.76030927029146], [36.144809519907696, -86.75228526481771], [36.16605867697766, -86.77488392496994], [36.17783506996935, -86.76659088336002], [36.17043378230672, -86.79655540873742], [36.155995932023714, -86.75186228395587], [36.17212190203857, -86.7936488202907], [36.15173110875103, -86.75706916230209], [36.155862511576565, -86.80409936026246], [36.16481141802514, -86.77662835614737], [36.16640981121744, -86.75379246787062], [36.178234245491275, -86.76343921805834], [36.149137597768, -86.7861492840641], [36.17264094255037, -86.78550578279133], [36.161095990681126, -86.75880310238695], [36.154014417680365, -86.77796613128048], [36.16056796713746, -86.80251421286644], [36.182880254887955, -86.7909464166915], [36.14713577705293, -86.77615610717586], [36.16024340053136, -86.75876798147677], [36.172683989014864, -86.77656592746118], [36.15669087500504, -86.8058606384033], [36.16189068684431, -86.79714602622447], [36.15130388413924, -86.7783867354192], [36.142057023572576, -86.79939004355265], [36.154190593385, -86.75260103342217], [36.13987461370058, -86.76774908697868], [36.15570735635625, -86.7515729517282], [36.148376824484444, -86.75978767939525], [36.15802954415041, -86.76458421994712], [36.14229979873488, -86.80376713298405], [36.1442509838044, -86.797385746385], [36.14321578593165, -86.79759782416122], [36.14474883963224, -86.75148258504278], [36.14916460530143, -86.78549721309408], [36.182934408746036, -86.75539011597505], [36.17543724677119, -86.76827039256102], [36.16953314600172, -86.78655279468533], [36.17473747445844, -86.76408436383107], [36.17644107282742, -86.78056472946167], [36.17484147625223, -86.78864511742889], [36.17980366338755, -86.76978773291384], [36.15836527610903, -86.77728590686655], [36.18073505322213, -86.75195363200363], [36.1827506633697, -86.7898474494289], [36.16369436531367, -86.75916854355432], [36.18275469812502, -86.75580670109304], [36.176610703968954, -86.7723585203133], [36.17961634365098, -86.79704207533327], [36.170748015201575, -86.75515240221686], [36.14858284063863, -86.77690025578939], [36.148747880845924, -86.77185877948703], [36.175682220978366, -86.78546100844932], [36.145850063056976, -86.77871261045794], [36.17565595702502, -86.77391679474331], [36.18105293809696, -86.77352957018809], [36.16345511639204, -86.77995586358816], [36.14430357638851, -86.77203918908444], [36.1709502580472, -86.79845852608342], [36.18170293465022, -86.80142878647203], [36.176714993262294, -86.80329654296312], [36.16598120667426, -86.79575988897261], [36.172967831662994, -86.7839710430548], [36.16985280338931, -86.78601764336526], [36.179273061819416, -86.76900109749923], [36.16931341225946, -86.76700457610679], [36.14883914733876, -86.7644443891051], [36.140185514264985, -86.75850582627301], [36.138890360486954, -86.78012264437193], [36.17994329618799, -86.77394598603563]], "boundary": [[36.18378136340025, 36.18378136340025, 36.13871483659975, 36.13871483659975, 36.18378136340025], [-86.80628801711342, -86.7506547828866, -86.7506547828866, -86.80628801711342, -86.80628801711342]],