{"center_point": [36.1612481, -86.7784714], "sample_points": [[36.15204880131718, 36.15582277531588, 36.15582334237518, 36.15751520904346, 36.16008848587314, 36.1505936076329, 36.15131857234515, 36.14247980479783, 36.17734314306508, 36.18087514041254, 36.18142008374334, 36.18248489203788, 36.17111086106313, 36.144035501147435, 36.158859964980145, 36.16830297638408, 36.17444089984808, 36.15409662799992, 36.14857065420954, 36.139096347589096, 36.15458940316686, 36.152926949870995, 36.18004933296961, 36.14232683967001, 36.181147587946114, 36.169461769990356, 36.15639120250786, 36.15457122644378, 36.15704041799537, 36.164348568518335, 36.16163592346611, 36.18183917089013, 36.15451910134524, 36.175058272679344, 36.17889873327714, 36.157983919987075, 36.17765489646886, 36.13923794874329, 36.144652048612365, 36.14820591515707, 36.16413003083766, 36.16101469385087, 36.16684536018128, 36.13954418015358, 36.15248391686219, 36.14517573898549, 36.17484848636521, 36.177023661311445, 36.1409177762407, 36.18369026527328, 36.14397217119898, 36.15116898332388, 36.155107821158836, 36.1417238470177, 36.14236241523827, 36.16955087032764, 36.15441208585645, 36.17005569283713, 36.175961884960195, 36.15326813981983, 36.16666439155729, 36.16703344054424, 36.14422307653622, 36.14467806124085, 36.179951426578036, 36.180000568537956, 36.15261284584895, 36.14982002945917, 36.14816420515533, 36.16243029956759, 36.18019112095242, 36.147490889819856, 36.16824646068172, 36.160705384476294, 36.14599117119436, 36.16338118431896, 36.1536779103242, 36.141716124971026, 36.16796172307854, 36.16610226564461, 36.17663120313824, 36.1835911860997, 36.165397253513085, 36.15866539675847, 36.1813058439977, 36.181882869805044, 36.15532940083951, 36.14630598895493, 36.16974429553508, 36.143215448185536, 36.17665233946938, 36.14044159876888, 36.139734282723936, 36.164875279669026, 36.15543803066233, 36.149146553515166, 36.16557994204731, 36.161976871316085, 36.17138547039693, 36.167729416241656, 36.15012155605022, 36.144851474308545, 36.16898001423055, 36.17717363392551, 36.1676678220816, 36.17835584633572, 36.13917774387215, 36.148371824189105, 36.160154296667486, 36.153030449322934, 36.167273625287095, 36.14899581996393, 36.161527491810986, 36.17499349227736, 36.14472263574524, 36.14828158387354, 36.16760923545511, 36.16453053686242, 36.18181221279753, 36.171788274532574, 36.17989677653199, 36.14385428021662, 36.1788098588062, 36.17552524996473, 36.16878722601069, 36.149804978557434, 36.16542080267337, 36.170685420900625, 36.1502679686457, 36.176857301626704, 36.174074431102355, 36.1753653263044, 36.162413347366794, 36.16308972682823, 36.156991493056154, 36.17141684575996, 36.17340162186537, 36.15606474460267, 36.161088468981156, 36.17735013406022, 36.172951024217866, 36.172567946197745, 36.14918237647748, 36.14527531749584, 36.14998017420482, 36.156030234659944, 36.162887944749514, 36.18339102648973, 36.178335382874295, 36.14519758249571, 36.1508618559368, 36.15235789048977, 36.14723455767675, 36.14092159052468, 36.16293555331612, 36.1399327984431, 36.15725174953989, 36.145319677606686, 36.16376119965202, 36.1672018979876, 36.16991007775184, 36.18095868821722, 36.15475118089739, 36.18275338473439, 36.146408796002135, 36.16574379586945], [-86.79098399506783, -86.75770428155711, -86.7845780215369, -86.78622753523099, -86.79587652049885, -86.77754117782862, -86.78908534917164, -86.76496525780665, -86.75122968708762, -86.80004941328278, -86.75883783846011, -86.77729976354678, -86.77126617724977, -86.75214759285026, -86.79787803469932, -86.76769575704556, -86.75531979440186, -86.75500750143016, -86.78611959111308, -86.78606892859753, -86.77076557346648, -86.79103016097051, -86.76127068769082, -86.78831283150261, -86.75990541580994, -86.79679288793686, -86.79464285135275, -86.76539190129057, -86.77520799171035, -86.77244313743675, -86.80273785777304, -86.75266044451541, -86.79667553033934, -86.77388273464484, -86.75895480754924, -86.76574672911721, -86.7901345401341, -86.76341596793684, -86.80109008203098, -86.75427555766525, -86.8019866870496, -86.76471018476076, -86.79552118153619, -86.80274568987927, -86.77850239006317, -86.79926607649203, -86.76226466020621, -86.80563476695622, -86.77169682920547, -86.80042404918498, -86.76620889437942, -86.76846097014466, -86.80115490482693, -86.79058626788819, -86.7913647998226, -86.7896174649865, -86.77176593723742, -86.78565550758567, -86.77831699986953, -86.79821742898257, -86.76980672421901, -86.78983171143413, -86.77723163354467, -86.80451961837352, -86.75526384365882, -86.76389479311665, -86.78111623045267, -86.79660708184188, -86.78726762739123, -86.77985072452725, -86.78564381344815, -86.8013168961359, -86.7954716675836, -86.8041673703858, -86.78692229184394, -86.77682266435014, -86.79865556093434, -86.78387265408082, -86.76678292925574, -86.77397518565324, -86.76384980650766, -86.78526243274666, -86.79809828211206, -86.77409318219355, -86.76452465566253, -86.77773787621594, -86.76234851602746, -86.77686418698191, -86.79087717883067, -86.77324185016877, -86.79732266818722, -86.79494322740473, -86.78438894351308, -86.78823479295791, -86.76870578240958, -86.8055141461459, -86.76447284791394, -86.762352340742, -86.7817817856534, -86.77058096728813, -86.75433163991552, -86.79106939618192, -86.79617483398447, -86.75333112465793, -86.76958730392094, -86.75918708171892, -86.781806615057, -86.7752015872154, -86.78334433057812, -86.79994602165135, -86.79960618540576, -86.76467666037514, -86.79927787127006, -86.7555494143447, -86.75086722131641, -86.7906761332023, -86.77115297690858, -86.79659622315873, -86.8041652990339, -86.77662138007209, -86.79475646485223, -86.77017870697917, -86.77955550137708, -86.76563958635789, -86.78085188015756, -86.76868748731053, -86.77120904550095, -86.80538145235778, -86.79107812341775, -86.77999997224121, -86.75277631345521, -86.75619780476431, -86.78126643450526, -86.8021038631485, -86.75237991809902, -86.80334793259244, -86.77054610163671, -86.7904259674536, -86.78214234313488, -86.80448839583327, -86.77847938878121, -86.76906913332826, -86.78553305642127, -86.79327926855281, -86.76907761450727, -86.8015088443128, -86.75470226902252, -86.78072564418152, -86.7838234447885, -86.80311747593407, -86.78245448227794, -86.75589053524689, -86.801916227995, -86.76610493522543, -86.7743934691359, -86.78637453507959, -86.80412153613955, -86.78923655516574, -86.7514671603431, -86.77992142969403, -86.77560687695942, -86.80154361149386, -86.77008254384059, -86.79593238799274, -86.77470495152915, -86.77771556082591]], "boundary": [[36.18378136340025, 36.18378136340025, 36.13871483659975, 36.13871483659975, 36.18378136340025], [-86.80628801711342, -86.7506547828866, -86.7506547828866, -86.80628801711342, -86.80628801711342]]}