{"center_point": [40.76144, -73.984513], "sample_points": [[40.77358409583084, 40.74506062145783, 40.760480197416996, 40.74201444306033, 40.762956434126764, 40.75065729350209, 40.75591993019363, 40.754142760750675, 40.75711181433096, 40.752879602438576, 40.76534805423661, 40.77409938119478, 40.78244550480557, 40.7471517028292, 40.75329016548896, 40.774325807186344, 40.74491039277044, 40.768456985475765, 40.76294382633356, 40.74040600675073, 40.758750493765376, 40.74553690637067, 40.76840776401687, 40.782662431383294, 40.76310525239209, 40.75929174425438, 40.755387035151145, 40.73933058816347, 40.76843947513437, 40.77404157426323, 40.76569903678531, 40.77169018734346, 40.74322360749051, 40.78139813404749, 40.741574041340186, 40.763582184963916, 40.742177442865774, 40.739224758971936, 40.77329845782809, 40.783972925801734, 40.74988444368161, 40.740309421079985, 40.75893195333783, 40.76874966491204, 40.765067764833816, 40.760213148220025, 40.76879902487536, 40.77169082373744, 40.77689672701047, 40.773218396560694, 40.763792068665616, 40.754335175738895, 40.74476594151798, 40.75260308460556, 40.76738026804879, 40.74358862977752, 40.75597712392731, 40.768414997254055, 40.77106598220952, 40.77097157596761, 40.781956910361565, 40.78364862717529, 40.77954155682175, 40.781003922636295, 40.74433733400098, 40.759122502369216, 40.767757432594145, 40.76944027237002, 40.76083748720068, 40.76602323195365, 40.76990149704362, 40.7717571353745, 40.779964722607374, 40.741199193100215, 40.76199758906653, 40.75186508793265, 40.746886334154944, 40.77909628752874, 40.77178083622257, 40.74565701120336, 40.78020074977328, 40.75842707070276, 40.74943715802164, 40.77839359927968, 40.77129331964291, 40.77972564481646, 40.75722405183077, 40.73923440778988, 40.742392172150424, 40.76732126779049, 40.757527997493696, 40.75163441237089, 40.75403148870496, 40.75780227145988, 40.78110262066092, 40.74159321317149, 40.768675364050786, 40.77510608477913, 40.78322642573876, 40.755006909932796, 40.77209895908611, 40.78159129401362, 40.74442560185992, 40.76469437647512, 40.75253924355035, 40.74420859868319, 40.757923051845744, 40.7529677631857, 40.75377705924037, 40.76180832048117, 40.748496651101114, 40.76634323564801, 40.76716502424337, 40.75361495047126, 40.783609476362905, 40.751435641092435, 40.75643930414728, 40.747089886244126, 40.74679899079123, 40.743880840468684, 40.775563406978165, 40.74346145141668, 40.77398550449914, 40.78117760205293, 40.77496965221987, 40.77382892597693, 40.74119456508556, 40.76032185495626, 40.75811075353807, 40.756497932596766, 40.76707174995266, 40.77942570301737, 40.764796298328825, 40.74269346525372, 40.77597321659726, 40.773384672846916, 40.77112239476202, 40.75456281062242, 40.76371991172584, 40.76020444149917, 40.77987632991001, 40.778683353408134, 40.77573092490443, 40.765908549273206, 40.77725414583087, 40.7543785779844, 40.75040660359773, 40.74579537787006, 40.7531510789181, 40.76047580415552, 40.769686742610794, 40.763879913067754, 40.74924643877609, 40.78018753655281, 40.745563751294725, 40.775567220171794, 40.7433851944112, 40.78351856019638, 40.77371557640261, 40.74990103245162, 40.77408429797195, 40.74180339982685, 40.75680530490215, 40.750030683156055, 40.76986663701865, 40.76957555296951], [-73.96902982151101, -73.98298103109107, -73.97101325187155, -73.97650607945548, -74.01184854530368, -73.98601738475375, -74.00193229951266, -74.00649086895267, -73.96756572450947, -73.97532027481289, -73.97848610156379, -73.95903365903817, -73.9924204151764, -74.00619703538766, -73.98875030058373, -73.9609251677641, -73.97451950532064, -73.97819078741068, -73.96456049955299, -73.95621768263292, -73.96374828786013, -74.00314784616839, -73.99517843011623, -74.0063446408174, -73.95488731185439, -73.99938829661221, -73.98124625269156, -74.01407302458716, -73.96405841879874, -73.98277949280109, -73.99218564215698, -73.95540763699759, -74.01063658361561, -73.95898596031189, -73.98101657605137, -73.9605264140425, -73.98933918122034, -74.01384991650804, -73.98477127939195, -73.98595019459675, -73.9803010720849, -73.97546272143671, -73.98364941224192, -73.96140887354672, -74.00032218514663, -73.99436294615441, -74.00678615703224, -74.00802782687332, -74.00744916129678, -73.96994635947708, -73.96242811500653, -73.99708281424239, -73.97916046746093, -73.99914318664814, -73.96022151786619, -73.99605049393952, -73.98997922835277, -73.96686060989957, -74.00183034784008, -73.9798353718, -74.01318931605974, -73.99006669620033, -73.95873212862499, -73.99618605843115, -73.982739129401, -74.00485718970646, -74.00659350110764, -73.98225158349216, -74.00495637489762, -73.99832342967818, -73.98784275456751, -73.98218607471466, -74.00638083220927, -73.96696848501078, -73.97728453032241, -73.98056559069943, -73.9887991666413, -73.96566013184318, -73.99910652418487, -74.01311042951808, -73.99441265733748, -73.98218118718415, -73.96069625656673, -73.95919641381516, -73.97064528667755, -73.98583371507549, -73.95718166551663, -73.96691646408449, -73.99006259674624, -74.00738234596946, -73.98519602644484, -74.00861809263574, -73.99998336480931, -74.00012318144313, -73.98743901182632, -73.97658013742698, -73.98271665771517, -74.00909967835197, -73.99561611877526, -73.97219102174009, -73.9879420832397, -74.00193309318018, -73.9762939215484, -73.98213806022397, -73.9913541976305, -74.00151036326889, -74.0097129232455, -73.99391857750346, -73.95600450760546, -73.96908836014188, -74.00573097438152, -73.98855001978531, -73.96734563644509, -74.00111100518461, -74.00656482472854, -73.95525119634047, -73.98021484483439, -73.99271156445826, -73.9934179467433, -73.98743049470836, -73.9760262049443, -73.97466115413154, -73.97987188161062, -73.99649004795157, -73.98594466278423, -73.99269717080193, -74.00024012891322, -73.99332770499684, -73.98092612499113, -73.99766669823889, -73.96619379218394, -74.00915182102835, -74.00028946511708, -74.00816025983146, -73.99934425977376, -73.98401709340123, -73.99280145283814, -73.99761143853087, -74.00840506819856, -73.97498034876583, -73.98893359601894, -73.9605114322002, -73.96141073021003, -73.9613728079202, -73.96244470962877, -73.98871363409148, -73.98390554263621, -74.01182692715531, -73.96901361295974, -73.9555221208399, -73.97317751403389, -74.00177521292147, -73.99540271339703, -73.99167822497665, -73.97632442633784, -73.96209009372757, -74.01063484032224, -73.98456385676263, -73.96822217729321, -73.96281281338523, -74.00701019123281, -73.98128258518214, -73.98579269820958, -74.0093083554867, -73.95884328976175, -73.99406968868993]], "boundary": [[40.78397326340025, 40.78397326340025, 40.73890673659975, 40.73890673659975, 40.78397326340025], [-74.01416309959761, -73.9548629004024, -73.9548629004024, -74.01416309959761, -74.01416309959761]]}