{"center_point": [40.4395932, -79.9893378], "sample_points": [[40.44081700327531, 40.42345311666727, 40.44999236473426, 40.44136548192723, 40.42927008473154, 40.438842097763555, 40.457084069185946, 40.42539423605256, 40.428204023293915, 40.44831263341349, 40.46195392790105, 40.43929009215568, 40.43004636754796, 40.46195846907624, 40.4248775386481, 40.436785171213444, 40.419363591677765, 40.43942516342657, 40.42108693977163, 40.43489799492173, 40.4257496086024, 40.429436263256264, 40.43293430508023, 40.4355446564422, 40.460563615433344, 40.439732281252496, 40.46078105425342, 40.42469185654091, 40.45008409512632, 40.42470041646875, 40.459991564772814, 40.42284851317197, 40.42715971032137, 40.420460759008385, 40.4406748377972, 40.417251613201515, 40.449575618035155, 40.42607055862544, 40.419242944677265, 40.44384288180858, 40.422533842389754, 40.440852542532795, 40.460153393061574, 40.42100696820301, 40.44704645157477, 40.45516301534415, 40.446531260119336, 40.42031773113907, 40.43076894599494, 40.43002992067105, 40.42211742321143, 40.45454464299406, 40.45999451818034, 40.42344777025431, 40.45703663739463, 40.43259022638257, 40.43262921640177, 40.424879456828435, 40.43334802594692, 40.4318739047286, 40.44369350079908, 40.43956059357118, 40.44716679445365, 40.45291858819285, 40.42677943272692, 40.43198124795391, 40.432307656708964, 40.459625442041265, 40.435547767315896, 40.460885739336824, 40.42406679777355, 40.422115181687325, 40.45493978831347, 40.443487628155495, 40.460151462348016, 40.435476445546975, 40.44236533261284, 40.451889014034975, 40.43924485320657, 40.457336829853205, 40.42060561968665, 40.45867383600411, 40.444180061234434, 40.45834407937944, 40.418413659739365, 40.45280201598737, 40.42581002645667, 40.444695043349284, 40.44104312046104, 40.42672910461684, 40.44483606110911, 40.44687779780202, 40.443785363515744, 40.434988485007416, 40.449408753383864, 40.45663479927292, 40.43310249609848, 40.42310517039388, 40.450362945983464, 40.441978389994055, 40.447397320578574, 40.45413524997109, 40.43537839779795, 40.4328137695398, 40.425024924288394, 40.44199917833193, 40.44377601710938, 40.45930162671193, 40.4217046681931, 40.42882107316872, 40.43361579028935, 40.42644576461457, 40.43527846658946, 40.45066905611713, 40.45307414128978, 40.439936773839065, 40.45566761058379, 40.45864336636392, 40.445067025802494, 40.41951058540146, 40.45395928221146, 40.42598882957134, 40.42968755715402, 40.44053589802753, 40.42787074397836, 40.429338607635856, 40.45232961007013, 40.451490815987505, 40.447051940952356, 40.423349702343295, 40.43080042599335, 40.4520351424576, 40.44108330653532, 40.41801585744872, 40.44351822450374, 40.41867473908301, 40.42687971616243, 40.42176962896009, 40.45549739372716, 40.44087288619298, 40.42415697999576, 40.45381683354263, 40.42763163069872, 40.45531046073929, 40.42313623752045, 40.42774638648659, 40.45047623097504, 40.4236193434341, 40.45805899064826, 40.44556031906474, 40.44241909294615, 40.44495688788962, 40.457402659176836, 40.44528678198396, 40.430540751599054, 40.4470675340039, 40.428952747183395, 40.44559679707176, 40.438403999169644, 40.45816793140186, 40.426332428386026, 40.440908608636036, 40.42611818944285, 40.42853132768065, 40.4227225822575, 40.447118693720725], [-79.99588705049267, -80.01790003034455, -79.97730902525824, -79.99063508102435, -79.9608440347524, -79.98398400429156, -79.97587178499104, -79.99453221325653, -79.96280188320232, -79.9990923947053, -79.99484573968131, -80.00934312454511, -79.97337033098151, -79.97861477685444, -80.00039436591554, -79.99406163820967, -79.97171171127341, -80.0004788259712, -79.98808679277619, -80.00014794732694, -80.01231935482969, -79.99444872183906, -80.01109935737503, -79.99617489773631, -79.98005174309074, -79.98981825699005, -80.0106110489367, -80.01083475117267, -79.98070573566355, -80.00851975849508, -79.97200574588456, -79.99083236197491, -80.00433083931998, -79.97192506239121, -79.98088683318153, -80.0120717255382, -79.9971254567651, -79.97928037733335, -79.96707057062858, -79.9801182357444, -79.96807199039557, -80.00809066688264, -79.96522216068148, -80.01099862303299, -80.00687633888322, -79.99877182157623, -79.98426641809098, -79.97015162856539, -80.00057921375159, -79.98156148193831, -79.99115271389641, -80.0078648023728, -79.98881542247302, -79.98864575131132, -79.98303335195914, -80.00339145040344, -79.97544599002062, -79.99027881602197, -79.98778909968811, -79.97702844871974, -79.99017174306859, -79.96347035821745, -79.9905552548729, -80.00441307890151, -79.97424638580921, -80.0144784558171, -79.98329522996885, -79.96284416754078, -79.9759998146473, -80.00353618396598, -80.00457307762547, -79.9646867936641, -79.98465406664809, -80.00946271758743, -79.97111276030023, -79.9866883107871, -79.96628054871918, -79.98702588824501, -79.99725755684761, -79.98848076372771, -79.96335148104446, -79.96840403860631, -80.00791558212488, -79.98771392424997, -79.99386727877764, -79.96561482605354, -80.00013013066435, -80.0037852825087, -80.01443287544514, -80.01778087164276, -79.969578780507, -80.0125860036565, -79.99225428408063, -80.01292096215906, -79.97774872874243, -80.0162319044703, -79.98493911422287, -79.99871081418725, -79.97099400519507, -79.97794264954426, -80.0099729033482, -80.0059105085363, -79.96740036241346, -79.9890723173213, -80.0014327210919, -79.98274058182099, -79.97113251540333, -80.00512544590366, -79.97591483275635, -79.97772710803002, -79.96725180174398, -79.97229290214567, -79.9965859378004, -79.96173133294016, -80.00815435103326, -79.96875868274286, -79.98062411601866, -79.99998151883726, -80.01259504064735, -80.01876084874966, -79.9964104478303, -79.96615620155853, -79.98682000311707, -80.00160404041027, -79.99696740259435, -80.0132150896322, -79.99148008711084, -79.98417071819961, -79.9977759173096, -80.01224194738059, -79.9929783362196, -79.99732159416783, -79.99930408625782, -79.97701810325643, -79.99112665384403, -79.96503095495993, -80.00451921297663, -79.97627798484638, -79.99434732444023, -80.01163400911587, -79.97960179089655, -80.0088998260243, -79.98380080770758, -79.98148276675838, -80.00754007446874, -80.01407475980083, -79.9894930995408, -79.96380368555715, -79.97220323130651, -79.97799078867479, -79.9855898344306, -79.97707812479105, -80.01635093156675, -79.99881313923386, -79.9665140104279, -79.99720982986852, -80.01740116013602, -80.00496504310193, -79.97218040767646, -79.99125616157568, -79.97468653171443, -79.98665920855737, -79.99785180959263, -80.01811315065038, -79.96009603600785, -80.00590649134926]], "boundary": [[40.462126463400246, 40.462126463400246, 40.41705993659975, 40.41705993659975, 40.462126463400246], [-80.01884548618456, -79.95983011381543, -79.95983011381543, -80.01884548618456, -80.01884548618456]]}