{
    "boundary": [
        [
            40.462126463400246, 
            40.462126463400246, 
            40.41705993659975, 
            40.41705993659975, 
            40.462126463400246
        ], 
        [
            -80.01884548618456, 
            -79.95983011381543, 
            -79.95983011381543, 
            -80.01884548618456, 
            -80.01884548618456
        ]
    ], 
    "center_point": [
        40.4395932, 
        -79.9893378
    ], 
    "distances_to_center": [
        2374.0461901066537, 
        2161.266581242454, 
        2633.1466300970355, 
        600.9339617003355, 
        983.4897773366257, 
        2613.053733266565, 
        1466.4054956804614, 
        2558.917072272626, 
        1889.1602597550034, 
        2507.9884170903847, 
        2167.590151662043, 
        315.01218977150506, 
        2871.796175124023, 
        2604.4561050100033, 
        2514.077051303993, 
        2014.3454926418874, 
        2246.662864438396, 
        2751.3194075180586, 
        2692.498870918853, 
        3135.6828614070973, 
        1348.1764052117376, 
        2842.9238999534277, 
        2485.7749618653584, 
        2444.9096994972383, 
        1321.7994922225282, 
        2076.820675856618, 
        2360.102031625229, 
        572.6723159881701, 
        1032.9659359006416, 
        1930.7001106231694, 
        1084.961448622926, 
        610.9486252071193, 
        1986.484737913565, 
        2766.2897471258834, 
        2579.387128217862, 
        3428.306722917124, 
        1345.444105479415, 
        1162.0449455825083, 
        2060.7615627142345, 
        2482.2034722512863, 
        3074.3161776698316, 
        1115.8896321494642, 
        399.1050466892624, 
        2588.0127957638615, 
        1116.3903658238946, 
        1891.2240110621278, 
        2327.7217591955364, 
        148.40000771213946, 
        2772.4082760349525, 
        1879.9267618346337, 
        1921.9566626420062, 
        2742.564940483258, 
        2415.385955049398, 
        2523.699745614716, 
        660.0458763125248, 
        2611.398568313768, 
        2353.6158440393942, 
        2313.186619253769, 
        1129.202042241751, 
        3259.7002544690818, 
        1035.4631944096966, 
        2810.8769916232814, 
        2906.3224180952107, 
        2051.725629798565, 
        1910.1334129078796, 
        943.1385525869484, 
        1553.5431078777767, 
        1908.8027531072678, 
        1743.7411084629584, 
        301.50746367795085, 
        1965.1582016930731, 
        1562.5686356326867, 
        2660.5032047836503, 
        2132.463712820277, 
        1955.851681583175, 
        1295.1463196734414, 
        2448.318928242164, 
        2318.4328059228355, 
        2988.827772592663, 
        1529.6655080742603, 
        794.2288887779463, 
        1757.04499701965, 
        1956.5155670795177, 
        2102.0114004305665, 
        344.81864233447595, 
        614.6184880680473, 
        1681.5597590221969, 
        1644.208445196014, 
        1461.5676350883434, 
        1815.9621742288082, 
        1651.6662143916549, 
        1081.9880242931729, 
        306.6604061808235, 
        1728.8294737683595, 
        1736.4958418557978, 
        1966.888660419545, 
        1257.4853228231843, 
        1308.4606367310487, 
        2486.8848045798627, 
        867.7017982383088, 
        1361.4307372368862, 
        2495.1968200631118, 
        2210.148286064243, 
        883.6366446241874, 
        809.8481486540032, 
        328.5892918388602, 
        983.4278222805285, 
        1369.2377949352835, 
        2788.1517857817257, 
        2900.9751022569844, 
        1313.9241245037551, 
        2940.656656820462, 
        2162.001191913857, 
        1902.0783235212016, 
        2468.330984077807, 
        2469.753696675814, 
        1870.85571017898, 
        1036.169760132776, 
        2408.833488882661, 
        2933.8268537237655, 
        3104.1753959977173, 
        2308.6035963857457, 
        1343.9480876503026, 
        1197.715994085646, 
        2448.8717048603135, 
        2423.1705942068083, 
        670.5440082032652, 
        2343.4743557098986, 
        2792.5342389111806, 
        2853.652249988102, 
        751.6663862907583, 
        2402.6997999895075, 
        1346.0185548322017, 
        2377.974508349814, 
        2556.6725832216257, 
        1749.8493230177426, 
        2171.152190597689, 
        986.4774282632485, 
        1402.5245475870838, 
        1468.0085279818572, 
        2429.210368158558, 
        1016.2547148297638, 
        2254.70861007379, 
        1551.2109526667248, 
        2609.633307035019, 
        3099.2692284547, 
        860.4742111136858, 
        1327.1115066504951, 
        2048.5822694810445, 
        1195.1420436893272, 
        2779.8542492190763, 
        1375.2622066061515, 
        2628.246729609146, 
        2070.4196462396553, 
        884.6708102648078, 
        2492.842034203189, 
        1438.412971239371, 
        2349.420372728276, 
        2679.641719858211, 
        1391.6043324801738, 
        1511.953638883655, 
        923.2796561837124, 
        2064.5390083883144, 
        2741.746762404732, 
        2090.9985125473586, 
        2032.2892163224742
    ],