{"center_point": [33.7589559, -97.1306068], "sample_points": [[33.77685367586446, 33.743551962835014, 33.779953005969105, 33.76943490813104, 33.73741874251519, 33.7468710377447, 33.75129816996006, 33.73648282763236, 33.74192654395284, 33.75362355368432, 33.76359272037018, 33.773592189439995, 33.758927540102476, 33.77110731849291, 33.74905126897536, 33.774634159491974, 33.75891675928762, 33.77179885590163, 33.749369798554696, 33.76926169932707, 33.739623098991714, 33.749161345170734, 33.76849722725672, 33.77205492912891, 33.77578130423578, 33.753190431433886, 33.74621771884868, 33.766819694247985, 33.775288908025686, 33.77351175864211, 33.75653899152977, 33.73829620299284, 33.74367724170874, 33.762837952855165, 33.76113094902057, 33.75479240464634, 33.75271390928623, 33.746590191951455, 33.77248609305557, 33.77651680014233, 33.75765673835304, 33.75405669022345, 33.752245146603, 33.778032710652646, 33.75026512372863, 33.741138127171006, 33.768548627443195, 33.774782254220625, 33.77468185666588, 33.74854775635175, 33.75604409519898, 33.73710351955516, 33.76058412865748, 33.74949867646847, 33.77855235803156, 33.75922881032522, 33.75956005969122, 33.73923134504025, 33.76915892322813, 33.77815776134366, 33.76957468900038, 33.77292111062839, 33.75988446518879, 33.754458544289726, 33.7624008452581, 33.73675705458289, 33.75140607359811, 33.75500771144562, 33.76338144417826, 33.74891506237272, 33.76707859010811, 33.76834777376904, 33.775052690059574, 33.78039366438727, 33.77368427172739, 33.76889561888259, 33.78117809555487, 33.76966349961992, 33.74839496705093, 33.736816232402354, 33.76937906174197, 33.765458301567186, 33.76398670997692, 33.768938793312095, 33.74511852980187, 33.75707333358154, 33.74916190815989, 33.756177171620294, 33.75445848782334, 33.76977693482776, 33.778111954578186, 33.77921551506987, 33.74751671484358, 33.75042308049406, 33.76856675078185, 33.7466785045057, 33.77576220013213, 33.761843257085864, 33.7702155511439, 33.76761864464602, 33.75242468206053, 33.746912635760815, 33.75785543143959, 33.7515310213425, 33.77276068893641, 33.7540300317068, 33.753215699208646, 33.74786727994475, 33.75042858320156, 33.76207513434396, 33.759861126923845, 33.74919316835487, 33.74744859177456, 33.74724278924346, 33.753055691823235, 33.76548392405149, 33.750625793854894, 33.77593118451518, 33.740437859944954, 33.759818287722695, 33.74313361812686, 33.75981121311016, 33.780527114945905, 33.77771539289311, 33.75784439098127, 33.77968992350082, 33.77465929524968, 33.75200423916011, 33.7691490898921, 33.75896109244937, 33.74776513721466, 33.770145330640275, 33.78112265318458, 33.77509195234283, 33.77980560617526, 33.77760192941299, 33.77381870262675, 33.74898872375248, 33.74335516592803, 33.75239137451259, 33.771944612829245, 33.761721833721076, 33.77421099796606, 33.76725600177826, 33.75383945244439, 33.737883951360345, 33.76863026756555, 33.77227789774476, 33.77185202824311, 33.73893112824407, 33.76306024541286, 33.76314426318151, 33.748626074863246, 33.772643582697775, 33.74176988986597, 33.77559310494062, 33.74382406405273, 33.73870987892769, 33.755538631582375, 33.742632654594196, 33.742027296887976, 33.760797574660934, 33.761551656259414, 33.7565193313685, 33.77565957631462, 33.74048471166752], [-97.15193288052095, -97.10414338582758, -97.14173119885177, -97.13752696849541, -97.14354147121807, -97.12497655480696, -97.13131616135523, -97.11074293543608, -97.14965959256048, -97.12970721365508, -97.11505480972048, -97.15355961805258, -97.13083178389259, -97.12285607245411, -97.1496709577847, -97.13322619029283, -97.12016390637315, -97.15465653566507, -97.11574204483532, -97.11866431706595, -97.10839710397319, -97.14237993418563, -97.14509041290637, -97.11407086011931, -97.14777299167491, -97.10700934801608, -97.10895699593166, -97.14498118969225, -97.13328888115925, -97.10831338475242, -97.13364299007716, -97.13036092361709, -97.12029392718148, -97.12747976085966, -97.1218210310477, -97.14053256036912, -97.10558276362802, -97.11993545069659, -97.11824553484492, -97.12632368774122, -97.15657015652428, -97.11030569929001, -97.14715558827187, -97.14054623525891, -97.13273858253646, -97.11562334642471, -97.1301746020871, -97.10608827616542, -97.13895898564738, -97.12543510653113, -97.1328611926096, -97.1434029385518, -97.12953404203245, -97.15037632549905, -97.12262230744362, -97.12253790190368, -97.10988521394353, -97.11690919289939, -97.14176112099915, -97.14699255979171, -97.12986158838588, -97.13309262877976, -97.13144431849872, -97.15420537595068, -97.10957468564693, -97.11201287455668, -97.13462184600577, -97.15539939319143, -97.1467419693483, -97.11309810938202, -97.12584623324106, -97.14710938467283, -97.11884602706733, -97.14692444902067, -97.15315924520482, -97.1309735477791, -97.1464156568878, -97.14819405651606, -97.12861516745868, -97.12452211546889, -97.13835902518043, -97.14933611877214, -97.13913296677183, -97.15082154977318, -97.12407583580712, -97.1532702093098, -97.11400469948192, -97.10468905568015, -97.1205948964417, -97.11183656390831, -97.10895145853765, -97.15571485811233, -97.12821855084866, -97.1434739222833, -97.11940768265269, -97.14034859429744, -97.14711932504946, -97.13740949313865, -97.11450112749253, -97.13176250217697, -97.12203956102641, -97.12627520176335, -97.11090440096814, -97.15355683255706, -97.10496832143735, -97.11152900295319, -97.14565860929218, -97.14244037957836, -97.11988034309634, -97.12614461166282, -97.10771294325478, -97.11897953725963, -97.12238218346415, -97.12384331722791, -97.14678302186866, -97.11989039486929, -97.14379444954001, -97.13817410626298, -97.13625662376569, -97.12771019817492, -97.12802656996791, -97.15185700815611, -97.13186645624536, -97.10533688320362, -97.14980842441011, -97.13381674913975, -97.15385703921041, -97.10942327552087, -97.1106386000098, -97.15435621592572, -97.11082775699747, -97.13497822619676, -97.11098010449038, -97.12941595439358, -97.11076401228755, -97.15320837672947, -97.1480178283007, -97.11303643728125, -97.12051490316384, -97.13922866105513, -97.12334653594863, -97.1321655687641, -97.13575835449522, -97.13531184139893, -97.13234572928646, -97.1195927845275, -97.11137402242488, -97.1087276601734, -97.13645173318653, -97.10637820454734, -97.14899371148697, -97.12824144487044, -97.12016038939537, -97.1336252172633, -97.11709875899864, -97.13452596044645, -97.1199200075929, -97.15281919674715, -97.12840767047598, -97.14324574583226, -97.11267521495003, -97.15496202125476, -97.1521644924308, -97.15725950981188, -97.12418346576318, -97.11910456511141]], "boundary": [[33.781489163400245, 33.781489163400245, 33.73642263659975, 33.73642263659975, 33.781489163400245], [-97.15761964346642, -97.10359395653356, -97.10359395653356, -97.15761964346642, -97.15761964346642]]}