{
    "boundary": [
        [
            33.781489163400245, 
            33.781489163400245, 
            33.73642263659975, 
            33.73642263659975, 
            33.781489163400245
        ], 
        [
            -97.15761964346642, 
            -97.10359395653356, 
            -97.10359395653356, 
            -97.15761964346642, 
            -97.15761964346642
        ]
    ], 
    "center_point": [
        33.7589559, 
        -97.1306068
    ], 
    "distances_to_center": [
        2480.7670519197036, 
        1345.7562924866836, 
        2218.9915095186866, 
        3277.0251108761763, 
        2163.274975793486, 
        1295.675208894576, 
        973.9081810805503, 
        3389.976445949128, 
        1620.4809470970358, 
        1873.0885908844057, 
        202.44291127983473, 
        2862.263157780186, 
        1275.0870939888764, 
        1497.4403980397758, 
        777.0080490161978, 
        2181.3851433802083, 
        2234.0748196127543, 
        2273.189866154387, 
        1517.4422301398097, 
        1510.084194181247, 
        2186.4842682182484, 
        1689.8406073263814, 
        1406.2982121997454, 
        2091.948393479061, 
        1541.539933147412, 
        1808.949740789843, 
        1230.1001109287258, 
        2507.3153664129713, 
        1766.6900462329204, 
        999.4081938318324, 
        1259.6784217708107, 
        1762.7721670349986, 
        2468.4198195817603, 
        2593.996330987644, 
        162.43523324330238, 
        1166.9394428776714, 
        2713.9993231927374, 
        1586.8755671666038, 
        1159.0117627161064, 
        1423.989082657782, 
        1449.494384635458, 
        2525.8445734018565, 
        2016.6524568297075, 
        1284.343709354654, 
        1588.7412924854416, 
        1041.779778555339, 
        1908.448337723823, 
        1787.11307607463, 
        2427.714537389816, 
        2161.7862229030907, 
        3072.6261735966573, 
        1782.8546168078685, 
        778.9008938475247, 
        2022.5915802343568, 
        2127.91070320226, 
        1876.7182772523015, 
        3437.1365546695574, 
        2707.275155889807, 
        3234.520416174879, 
        3067.9944998727665, 
        3061.7798235917, 
        1396.5273350658154, 
        2111.8112168734497, 
        1909.5304948526807, 
        651.8880868795205, 
        2090.8610729489455, 
        1598.92597091016, 
        790.8938638919141, 
        964.3847100573289, 
        1586.1466162856918, 
        1657.3370440865883, 
        1871.5819235953666, 
        2374.2183833901267, 
        2518.1685785529635, 
        1963.8127369111294, 
        1451.8690902262001, 
        765.0658166186186, 
        2052.7384114498814, 
        1716.9389586549657, 
        114.5334321272077, 
        1360.6796133661026, 
        1497.4025369118276, 
        2464.605901460752, 
        2699.3002741434575, 
        1970.234170511165, 
        515.1348076519782, 
        1876.1468343605068, 
        862.4599764162165, 
        2646.414512718733, 
        397.0148913519599, 
        2193.65018643533, 
        2601.978455904175, 
        1666.5295931989776, 
        848.2542274037002, 
        1852.358568985205, 
        2205.2596286692583, 
        2159.0281557775197, 
        2373.110961373087, 
        1213.7743617114636, 
        1968.0260854030398, 
        1903.5894796256339, 
        1879.8358405487904, 
        2211.4591979852976, 
        1263.660023492527, 
        2165.042421343342, 
        1026.5764784724797, 
        2281.3777329630852, 
        1806.0770162083168, 
        2494.50531306445, 
        2217.609401501389, 
        1519.3211589489006, 
        1532.7340619649767, 
        1633.226520418542, 
        1446.5411973381044, 
        2204.4319472936513, 
        852.8208695089106, 
        2385.370016681041, 
        1662.6043118859022, 
        2058.8980807351018, 
        1161.1593820553883, 
        2436.830156461246, 
        2094.0505296848783, 
        2362.3907440309795, 
        2241.34882021651, 
        1501.7738257507133, 
        2078.4207566147907, 
        1887.0630424151204, 
        2112.3465255850233, 
        2472.521107381473, 
        548.3794053471621, 
        2213.142121335499, 
        1827.295466131658, 
        2205.4780020549197, 
        1855.0279243929342, 
        1481.093658466263, 
        1050.7795983822657, 
        1599.9688636695278, 
        1343.177739739593, 
        2621.565209883822, 
        2676.0421115111876, 
        1192.696504589428, 
        1172.1595854823772, 
        2006.3481681487638, 
        953.0607805493361, 
        2499.664723965964, 
        1983.0302554764185, 
        563.1865581190909, 
        2849.502528895545, 
        1911.8306941596848, 
        1536.8837588359186, 
        2450.367204529809, 
        2395.0855393281718, 
        1387.0055746733738, 
        1618.9990922544962, 
        550.2361922081357, 
        2359.4575056941594, 
        2014.3333303505879, 
        1949.7693260331957, 
        2133.6192419712565, 
        2540.9321348383314, 
        935.8436099912032, 
        3099.0460105698603, 
        2435.629409458814, 
        2485.3251126683813, 
        1174.249511299686, 
        2757.572601364902
    ],