{
    "boundary": [
        [
            40.78485066340025, 
            40.78485066340025, 
            40.73978413659975, 
            40.73978413659975, 
            40.78485066340025
        ], 
        [
            -74.01479739099648, 
            -73.95549640900353, 
            -73.95549640900353, 
            -74.01479739099648, 
            -74.01479739099648
        ]
    ], 
    "center_point": [
        40.7623174, 
        -73.9851469
    ], 
    "distances_to_center": [
        1945.4683533668663, 
        2475.782707960542, 
        1768.086345263769, 
        62.99167751000663, 
        681.4283670275179, 
        842.5207773970878, 
        1499.1580603528348, 
        1740.7904300236826, 
        2372.254619750934, 
        2263.673684926115, 
        2792.8066812675415, 
        2023.218281598341, 
        2022.1162874651695, 
        1823.3887607601546, 
        2130.3286436981534, 
        856.1964260105516, 
        2551.8340706026, 
        2144.3060588708518, 
        3094.4991606442645, 
        2891.227654166899, 
        2206.2864576980805, 
        1113.3033510694718, 
        1331.462126808653, 
        2421.6211349626014, 
        1446.6968807569854, 
        2552.0097240660184, 
        1175.0097286275843, 
        2589.3549922842676, 
        880.4233438143406, 
        748.2241612641966, 
        1993.2674586844075, 
        2630.7084237501285, 
        2562.038780000018, 
        3082.0784121562265, 
        3189.7200297307136, 
        2509.852960455081, 
        2306.3787124726764, 
        449.8114306555003, 
        967.591524048106, 
        1722.178060534813, 
        2512.7367089542913, 
        2440.9426730338423, 
        1760.6101048953215, 
        2811.8250144384097, 
        2165.197477716305, 
        1102.6307595338017, 
        473.1310108172717, 
        1820.7198184485148, 
        1553.427050703457, 
        1231.6746963737373, 
        2528.6556162067345, 
        3166.238786462522, 
        984.0165325272989, 
        1953.0593966738056, 
        2780.4115251634803, 
        3134.161526476077, 
        2195.766523490091, 
        1047.3736054749538, 
        1858.5166997734862, 
        2552.5037078604046, 
        1418.2284064658454, 
        1629.2446412941488, 
        2130.653742518291, 
        1249.1872240524922, 
        2862.675537584402, 
        832.3268129883577, 
        2280.6491517932177, 
        2464.514264828145, 
        2288.582770499073, 
        2534.7975530356757, 
        243.11110275842358, 
        2754.3564935333843, 
        1870.9504571681698, 
        2185.654619356476, 
        2391.5062424747402, 
        2046.5620839122457, 
        2313.3442543847505, 
        957.0554068388076, 
        723.9398589666802, 
        2837.9619665849286, 
        2044.9554950567892, 
        727.400971010314, 
        373.29229443452647, 
        2559.5372736789777, 
        2211.9008442802906, 
        2652.4993470474365, 
        1980.5495340664247, 
        1282.158021522856, 
        2111.3002745038652, 
        1127.9634512686468, 
        1332.3022051460462, 
        2667.6150930533368, 
        2131.0918953866562, 
        1797.75396845117, 
        1049.2156659558725, 
        65.31626716161188, 
        2712.6754373725057, 
        2692.2801056084727, 
        1894.2871837972102, 
        1478.609312386519, 
        2004.71772692193, 
        2593.218719453363, 
        2742.181812551264, 
        3132.089056317981, 
        1867.9609772406193, 
        1645.1544805697038, 
        1372.8871269344247, 
        937.8994270949298, 
        1334.8699704828969, 
        771.5663016479452, 
        760.7870439495562, 
        802.8034319747336, 
        532.2544289025511, 
        1180.7817029232547, 
        3133.3266295017875, 
        1565.2269671317147, 
        1752.679556337901, 
        2157.378085051167, 
        1498.18903789142, 
        1493.850567435302, 
        2289.290150613349, 
        1414.8918976530965, 
        2974.9875106795034, 
        1867.7330886116688, 
        1135.6820284323612, 
        2842.9823654915367, 
        2638.2840783282177, 
        908.0979944501366, 
        669.0486341550366, 
        2989.180883620239, 
        1996.9411379464832, 
        2496.218950244729, 
        2141.894277548472, 
        2090.9311190876947, 
        2117.150850886803, 
        2920.365533372021, 
        2001.0311807065254, 
        2210.2438776317563, 
        2129.658710412297, 
        2690.5209394551575, 
        3304.4869094233613, 
        1496.5539343313296, 
        877.2182060534683, 
        2058.737062278867, 
        2539.255014960791, 
        1642.55928787881, 
        1731.9635400917298, 
        1838.4803792927503, 
        1927.0532855007452, 
        2844.13831349416, 
        2494.9304280009246, 
        2702.65710883835, 
        1818.3382717122086, 
        2009.6363309701828, 
        1539.4767243609613, 
        1961.1430246420427, 
        2321.043907746729, 
        2335.524934889206, 
        1538.2824408888112, 
        1015.8318295133715, 
        975.8305212346065, 
        1570.4236433088795, 
        2595.125046247735, 
        2437.856967718294, 
        2140.4999434713245, 
        2395.9214416961718
    ],