{
    "boundary": [
        [
            42.37317826340025, 
            42.37317826340025, 
            42.32811173659975, 
            42.32811173659975, 
            42.37317826340025
        ], 
        [
            -71.09503345571399, 
            -71.03425694428603, 
            -71.03425694428603, 
            -71.09503345571399, 
            -71.09503345571399
        ]
    ], 
    "center_point": [
        42.350645, 
        -71.0646452
    ], 
    "distances_to_center": [
        2596.0528380407354, 
        2777.7966865896133, 
        777.3764421861986, 
        424.5697631387504, 
        2228.742775715244, 
        2158.9067510225627, 
        1549.4868646296661, 
        697.3711597792588, 
        1323.5014837937704, 
        2124.6254903781987, 
        1735.623853421834, 
        2301.890202751826, 
        2421.7995427455908, 
        1010.8870976720561, 
        1229.7625110915471, 
        1503.0302352158574, 
        2110.98882944119, 
        2208.4020239665615, 
        3231.991215750506, 
        3161.9709575044703, 
        1586.7757689156967, 
        2356.240827005735, 
        2952.1505393592543, 
        1016.750245356214, 
        1442.6392856712048, 
        2777.106847658175, 
        2114.8903956487893, 
        2396.0312417293803, 
        1986.759002452113, 
        948.2614723884524, 
        3056.279452631706, 
        1295.9704020143147, 
        489.63659999372777, 
        1028.0245286292995, 
        1220.9560762821634, 
        2411.8208889907087, 
        2102.976773782367, 
        1515.2534999496097, 
        2691.673035520985, 
        2524.325223554446, 
        1052.8772491174293, 
        2251.8521330981553, 
        2132.7452792868853, 
        2418.533920582384, 
        2377.6937448710896, 
        2594.1478087463533, 
        1064.3663242244115, 
        2467.011523966176, 
        1829.3343513571251, 
        2281.685304958824, 
        2277.407581658538, 
        1161.6926223427013, 
        2547.731490159759, 
        1179.2992514281123, 
        549.8803140671939, 
        1967.4189358695276, 
        1691.683831710797, 
        1712.3013258868637, 
        2192.6540610670054, 
        2523.659730213041, 
        1193.1438775115, 
        1520.0021499161485, 
        2005.4725979776272, 
        2370.796924690253, 
        2653.190298885471, 
        2817.0588399906624, 
        3004.0440366821135, 
        824.6653043363547, 
        1720.7311765902357, 
        1838.4448748654213, 
        2369.9460344683, 
        1994.3781072737986, 
        2382.1362585813213, 
        1183.3307792198132, 
        1506.4376008295924, 
        1450.700119275706, 
        2142.27690073669, 
        1213.1930179726944, 
        2998.338092000868, 
        1296.9611017087714, 
        1980.5434738714569, 
        1520.4383977827672, 
        2508.8802277251684, 
        2326.900369632005, 
        3064.6751699941997, 
        2708.1726721585314, 
        1419.2168526821695, 
        1202.940942252136, 
        704.0360602270536, 
        2830.311132772128, 
        916.2843207673636, 
        1159.315393749613, 
        2600.975668452483, 
        1922.2963239032235, 
        1384.4623084844327, 
        1900.549640445439, 
        2700.0390872412772, 
        1390.733893868614, 
        3047.5854839138533, 
        1983.3702140306086, 
        2454.4570123140047, 
        947.3502550374112, 
        1553.8829507472228, 
        1780.114609734173, 
        1394.4152576212043, 
        708.7850762821234, 
        3057.4453406200023, 
        3109.9965660446146, 
        2319.2776027142013, 
        743.4274001425296, 
        2514.0942282154792, 
        2935.32347172883, 
        1893.2847067726018, 
        2328.8560631241075, 
        2876.063091804409, 
        2638.728359582222, 
        1323.9854305541278, 
        2408.4347326421384, 
        2121.133926308874, 
        2614.561291905515, 
        1772.3867253105748, 
        763.8523437728729, 
        2635.933658213163, 
        2161.3292923541308, 
        2450.409315377246, 
        421.9281019271301, 
        1232.0592380326111, 
        1439.1310656240655, 
        2904.724642983629, 
        236.44393533716124, 
        3451.9069849217435, 
        1607.1172979320393, 
        2223.439358995047, 
        2598.796678602046, 
        2628.369896218413, 
        1016.5738752687947, 
        2055.69620747982, 
        1170.2506566842185, 
        2466.3028567161855, 
        1497.6547946573319, 
        2372.5964365913637, 
        2373.8245055175053, 
        2035.3700924715076, 
        929.0655161380013, 
        1544.247896519941, 
        2568.745958377608, 
        1202.8323388537253, 
        2026.17285628197, 
        1923.298658077386, 
        1818.4773039126526, 
        788.6978527454359, 
        779.4196524240368, 
        218.3358126103413, 
        2395.0574984524774, 
        2989.542254375265, 
        1437.0422432419505, 
        2393.903471979588, 
        2199.073128620075, 
        1997.8566959196448, 
        927.8270405195022, 
        1376.4080345631328, 
        901.0658534949902, 
        2478.413968442035, 
        1372.885036463907, 
        1452.5338279315117, 
        3006.3564864241016
    ],