{"center_point": [41.6510854, -83.5366961], "sample_points": [[41.64855218838336, -83.55214202035843], [41.660739306385324, -83.51400538370088], [41.67061270805762, -83.54409077119195], [41.6350591354193, -83.52715585121601], [41.665519586402986, -83.56579071329894], [41.63083393500702, -83.54756354522117], [41.66914010605465, -83.52772892914443], [41.657631262725246, -83.5666301946179], [41.63775254812903, -83.50684132422421], [41.668814071198945, -83.51292179832045], [41.67349188477414, -83.53569190610764], [41.64538414090131, -83.54076137369297], [41.65793503245774, -83.5531271531051], [41.65764509572176, -83.51258371425811], [41.66511359026117, -83.51388915254468], [41.66129454609529, -83.52818288078846], [41.65676803386286, -83.52566997746816], [41.66027369341635, -83.55561012916577], [41.64884224297724, -83.51189353439709], [41.634997848784, -83.53876531280324], [41.63796051522949, -83.51126462702504], [41.673095941623835, -83.55521971625474], [41.65805176842425, -83.51986696258065], [41.636431185452544, -83.52104518959372], [41.66705488677348, -83.50689546018236], [41.6377357826137, -83.5661567011351], [41.670862926431404, -83.54599741322588], [41.67112211905624, -83.55679003275561], [41.632029019530194, -83.52465915236209], [41.65727745766102, -83.53487131292583], [41.670178538870935, -83.53870476161951], [41.661703469866694, -83.55635868521856], [41.65389995417255, -83.52051872378094], [41.65814226790657, -83.51191512094103], [41.64918652932967, -83.53427529837484], [41.63779779962539, -83.53077009193323], [41.65144727209301, -83.54603717412374], [41.65967867438494, -83.51968830112128], [41.629363099886056, -83.54222007371844], [41.664070183467025, -83.561393970926], [41.654583217623795, -83.56587114247503], [41.656403984220425, -83.55239927642614], [41.669686987062065, -83.5541854271377], [41.64197059030626, -83.54351417838971], [41.660410462606535, -83.5209233990448], [41.630225608686175, -83.52147380059752], [41.64259781586505, -83.51302594356237], [41.63821807166821, -83.50795735288891], [41.64933247643282, -83.51774378768413], [41.66108154408719, -83.53036068332167], [41.66979163787755, -83.50792280704994], [41.639027245118925, -83.56443214529895], [41.65056066337115, -83.53896264529617], [41.672603496108735, -83.56668464908161], [41.6731845909424, -83.51148229296228], [41.651963873446164, -83.50952622910486], [41.65779951834851, -83.56364981565635], [41.6518823480171, -83.5163980329966], [41.64452843778485, -83.5106441001009], [41.649347426902985, -83.54030162157721], [41.66100949307045, -83.55769195880734], [41.62906490499649, -83.54904286192146], [41.65860277217439, -83.54811621821655], [41.65684835573052, -83.52809376720376], [41.64353450711045, -83.53663099307842], [41.65876097525194, -83.53426479871766], [41.650101440920785, -83.52669741387874], [41.633449979126354, -83.54086403794746], [41.65842908370649, -83.5096013466686], [41.6361148787359, -83.52579305771066], [41.64349295053631, -83.51570653983525], [41.651632775768974, -83.53045225003876], [41.64451538809318, -83.55909678713068], [41.66564688411722, -83.53834628649525], [41.66332250047529, -83.56600859246247], [41.64473426598446, -83.56189321536526], [41.64854671258875, -83.53974182188642], [41.6700535225858, -83.50911989055781], [41.67345660277759, -83.51721463199306], [41.63652890676657, -83.53483541236227], [41.63430226756031, -83.55248127507944], [41.637158871503885, -83.5478181742427], [41.64521034336874, -83.55769886982598], [41.648699701665606, -83.56042303145631], [41.67280867174519, -83.55952058198642], [41.635351766491766, -83.54105577104754], [41.662924597317705, -83.56053819136527], [41.643601763610434, -83.52867497556474], [41.63433707776395, -83.51351243073032], [41.65334572148749, -83.50982077513781], [41.652047688149565, -83.55454426528308], [41.657689004627485, -83.52299053676451], [41.66173820502156, -83.52575559236331], [41.65149020399313, -83.53506311470238], [41.65005315215891, -83.51409801163304], [41.641064844080695, -83.5510582507769], [41.66246392900846, -83.52399729677337], [41.671749845010204, -83.539394642127], [41.65565803960932, -83.52459631611052], [41.64270867502592, -83.51794846591386], [41.649382339707955, -83.5223955743838], [41.65453764378658, -83.51999283908496], [41.65878965000515, -83.55537503246593], [41.66771095116818, -83.54624072438017], [41.66076023949495, -83.53511977874675], [41.64276194614483, -83.55836637823856], [41.646627774330675, -83.55903564967348], [41.633754671954, -83.52919254812115], [41.630480757832835, -83.51937186477349], [41.65004266309964, -83.55503802147908], [41.660877300300534, -83.55678500734676], [41.63260040644238, -83.53444742479118], [41.67077395830336, -83.55026487536888], [41.65309264254398, -83.51213186203105], [41.66019075362401, -83.54397240556267], [41.66732922680381, -83.54907141682331], [41.63667034841869, -83.54652654318028], [41.66830090074903, -83.51768504877079], [41.65069667289461, -83.55129198092392], [41.63523961260967, -83.54287301939415], [41.641342420697036, -83.5272523827512], [41.6369768130264, -83.55108219981508], [41.6402668234246, -83.51233233617533], [41.629767203379636, -83.55181476136063], [41.62998702713482, -83.55543938914478], [41.646000952357014, -83.53476503243272], [41.65976846898703, -83.53537377537243], [41.662657367280346, -83.51172602392079], [41.655920410839876, -83.56262071664112], [41.64937290154663, -83.53767084395247], [41.64132450476247, -83.52354819218452], [41.655012633849665, -83.5193218952581], [41.635142464381175, -83.56015399403117], [41.65826695956893, -83.55684853376376], [41.67074775941856, -83.55466673572629], [41.64205247504533, -83.50761435017118], [41.65714950646073, -83.51477927616894], [41.62875348910619, -83.55147079721684], [41.65517739773332, -83.51053009538226], [41.64052028044063, -83.5101650014395], [41.65145650063683, -83.51058229084569], [41.635332730382025, -83.52505081342437], [41.63247398865608, -83.51066372825336], [41.64702267215521, -83.54028467146136], [41.66061887842502, -83.54587300888298], [41.63943877904493, -83.55491444875594], [41.659080512266115, -83.55945216827261], [41.657686626335334, -83.5328032471042], [41.63715790224034, -83.52425726688193], [41.6389416702735, -83.53205163235036], [41.662534848322885, -83.52324863868296], [41.65194735096684, -83.51914868705809], [41.64953199776136, -83.52466008801514], [41.67198690236754, -83.55038508542025], [41.67239098762199, -83.55657993665866], [41.64790277252025, -83.55592566560013], [41.65930862238821, -83.5535462944999], [41.65987080004928, -83.51214396481997], [41.66633492643523, -83.52570242657484], [41.64006919815097, -83.54256278458124], [41.644133858380805, -83.54317037424818], [41.63842339748246, -83.54858777365166], [41.64381000931326, -83.52283032164696], [41.63174918129156, -83.53735715633145], [41.643509923188816, -83.51549550258503], [41.66665252403717, -83.52970124924677]], "boundary": [[41.67361866340025, 41.67361866340025, 41.62855213659975, 41.62855213659975, 41.67361866340025], [-83.56675209186692, -83.50664010813308, -83.50664010813308, -83.56675209186692, -83.56675209186692]],