{"center_point": [33.2120209, -87.5744622], "sample_points": [[33.19289358537887, 33.2299536649505, 33.219392542624746, 33.217530312117525, 33.22197933613057, 33.21253366111714, 33.2242583138348, 33.22692573859665, 33.227471357471316, 33.20783115260515, 33.23055534929552, 33.20605428000353, 33.22375209756506, 33.20332967163481, 33.22831403396061, 33.210391044468345, 33.20049272372503, 33.21884282358258, 33.19772425821612, 33.228252684418855, 33.2174332224011, 33.19871635242421, 33.20958484101398, 33.224663466305614, 33.18960111733999, 33.234499905046434, 33.23314506450595, 33.20837879415321, 33.19755620767001, 33.18996353127996, 33.20532082436237, 33.20381336436766, 33.23282584623995, 33.19587783401681, 33.20070894860193, 33.21899868234377, 33.229018177574424, 33.22002105600835, 33.20981206363131, 33.20951207338319, 33.23296992586971, 33.19908509159977, 33.22032703859822, 33.22322814213726, 33.21317388142123, 33.215582035440875, 33.22965415402156, 33.196065079074685, 33.20637145217493, 33.211155334519965, 33.20911675743323, 33.21620309593027, 33.227593167437696, 33.20574231451257, 33.21572123954988, 33.20684718543218, 33.222468483544, 33.19672408242336, 33.194513982016844, 33.234338036864685, 33.19989274272969, 33.20312168666834, 33.22113560890383, 33.19106230768282, 33.20758990733976, 33.22176437211843, 33.19250853166852, 33.208548181818635, 33.19643761393948, 33.21726784019014, 33.19749768846919, 33.2047642876279, 33.21773971462201, 33.20965233580656, 33.22486832168307, 33.19364648242301, 33.234432648160364, 33.190372157329236, 33.20174159660654, 33.19348947970291, 33.20702911126335, 33.216715311752786, 33.194562248566676, 33.2098379082228, 33.22168339420844, 33.22782817577423, 33.22298085909158, 33.23175160014443, 33.218762567230364, 33.223277364147044, 33.22671937381718, 33.20630503574058, 33.19832934262563, 33.1992568309589, 33.19586084618585, 33.21704557397545, 33.22683528977598, 33.19568795946591, 33.203868124486874, 33.19642255790524, 33.221687636143116, 33.19982100490115, 33.22590713017117, 33.20904819234867, 33.229514753822905, 33.22752907818807, 33.192147539222525, 33.225178755512395, 33.219325081475645, 33.21545219144458, 33.20513096039676, 33.233268225387356, 33.22859868425407, 33.212862314697176, 33.22060313854289, 33.228649344257626, 33.19201504947704, 33.232228737110354, 33.196520184569806, 33.19071776901672, 33.217102728520274, 33.217527807765215, 33.21078426573713, 33.21881462613062, 33.22590164566727, 33.21060875596839, 33.20628025722126, 33.197723799965516, 33.22282991540027, 33.192837650405096, 33.22771237445482, 33.212721211839465, 33.195851384309805, 33.21229997476025, 33.21602332783802, 33.205247335635576, 33.20879449054533, 33.21854205985481, 33.23327365339578, 33.19510894044781, 33.230985191894995, 33.22183583023473, 33.2164354939728, 33.230802395188654, 33.199669510912464, 33.21707914809842, 33.22891296503308, 33.212611008361606, 33.20834970580015, 33.208126879820796, 33.20592085711693, 33.19617513880234, 33.197594845403366, 33.225973806996805, 33.233377115667935, 33.22754606312037, 33.22262161539651, 33.205945017430594, 33.195392289203966, 33.21488843453565, 33.19881926948895, 33.20725494577141, 33.21665005351888, 33.2017672364451, 33.2254693566654, 33.21675146484426], [-87.55553273159961, -87.55021901841195, -87.55470524139854, -87.58918910119631, -87.59434042107543, -87.5820504617758, -87.57668057414533, -87.58548110843405, -87.58821159147915, -87.57797192825853, -87.59882254262199, -87.55506383048255, -87.57964287367632, -87.55831527004509, -87.59619425315783, -87.58474795268997, -87.55313569804076, -87.56743811833756, -87.54785889610856, -87.56648310892963, -87.56038112425401, -87.57616820212459, -87.56149913705401, -87.57413814477063, -87.55925397626417, -87.59839206340459, -87.59866148210955, -87.56292988083817, -87.57277134085669, -87.57538872050739, -87.56674132895841, -87.55330134915691, -87.56768063305543, -87.58608226904488, -87.58824290455277, -87.59625393407723, -87.59958298989206, -87.54806039146663, -87.58577372666944, -87.57657838849418, -87.597741031967, -87.56853458285174, -87.59576258790538, -87.54962160992768, -87.56440909224081, -87.60000800642179, -87.58836637711653, -87.55042371271375, -87.59010870101054, -87.58756571514161, -87.555538642792, -87.59421699795972, -87.57798105286284, -87.58221338203136, -87.5633970946845, -87.56187113161607, -87.58896489747562, -87.57468114579282, -87.56793764045143, -87.56814697701667, -87.59481514731931, -87.5604236772256, -87.58425101363694, -87.5661421764769, -87.58080853536357, -87.56902478939985, -87.58304973344384, -87.56858955644847, -87.59176054210086, -87.58965620261498, -87.60021798031114, -87.5512836104801, -87.56139654519832, -87.5603248790257, -87.55845017033968, -87.57526564930254, -87.57467669672621, -87.59436363310213, -87.57403530284442, -87.58019062720568, -87.58641484606112, -87.57311653997434, -87.57958445151745, -87.5760215818776, -87.57369705568767, -87.56443050640925, -87.58156202576154, -87.5938305943364, -87.59903912376743, -87.59190912769596, -87.57385408793809, -87.58263277401689, -87.58253511027438, -87.56437409156614, -87.5717961634518, -87.56858499812, -87.55523566065314, -87.58458941289118, -87.59926239610884, -87.55706124495114, -87.58210660198371, -87.59961707821454, -87.57964907044791, -87.5488627892156, -87.60035299473061, -87.5511442035154, -87.57296439067747, -87.58739224499516, -87.55929189152782, -87.5967589376573, -87.56029587567005, -87.56161350432932, -87.5521867579306, -87.56691147046182, -87.595374327349, -87.55933531321776, -87.5832476653638, -87.5572432685208, -87.55455690721577, -87.55764690405881, -87.55211295992076, -87.57222220431838, -87.56394646804455, -87.58057909513079, -87.59226941999465, -87.59868771539652, -87.57084521615806, -87.59153736165332, -87.57138732773181, -87.56454494021749, -87.56054357185126, -87.57199392777584, -87.58847335785714, -87.55358257056285, -87.58229450903808, -87.58646589827573, -87.56287352793505, -87.58786410813782, -87.56130547785406, -87.56474502983274, -87.56730266965309, -87.54766943881917, -87.5608094265994, -87.55766665543428, -87.59398199007286, -87.59724908636072, -87.5939794225374, -87.57669400873544, -87.55579248353376, -87.58442307991183, -87.59804615400803, -87.55943055067578, -87.58054361459575, -87.58242504281102, -87.59590483992683, -87.55090827272737, -87.59371084183766, -87.55399747662845, -87.57933907912822, -87.55515174354866, -87.59308831890097, -87.55499144171922, -87.60070674210299, -87.56493838149626, -87.55131744118101, -87.57528777133639]], "boundary": [[33.23455416340025, 33.23455416340025, 33.18948763659975, 33.18948763659975, 33.23455416340025], [-87.6013049993965, -87.54761940060348, -87.54761940060348, -87.6013049993965, -87.6013049993965]]}