{"center_point": [33.2120209, -87.5744622], "sample_points": [[33.223340578195554, -87.57071504179596], [33.222455746155156, -87.54980531852341], [33.20879638163454, -87.55104458680499], [33.22396625647811, -87.59219112078047], [33.22768154520714, -87.58838753006772], [33.232306582613866, -87.58113178245814], [33.208591295864615, -87.54900224005301], [33.22736008508424, -87.57113403374424], [33.193143222116454, -87.57773410138957], [33.19011353138938, -87.58500856264618], [33.23283242385159, -87.55835894519511], [33.22025789189811, -87.59484986409447], [33.19012862457171, -87.59212237532249], [33.232023216744274, -87.56402496425108], [33.19246548293199, -87.57951006147405], [33.214407323566405, -87.57878150933324], [33.200773383921344, -87.56865003670742], [33.216323975619076, -87.57613017571583], [33.192540209801564, -87.57530808152455], [33.21461575043315, -87.59216043323138], [33.22867411677098, -87.58181071744477], [33.19249056377908, -87.59403732598741], [33.2118302540268, -87.57895052142197], [33.223897700657126, -87.59486970708784], [33.23208728501745, -87.59158179608454], [33.19864327074427, -87.55072219006357], [33.21861658789271, -87.55444991283754], [33.22016802612925, -87.56668698683306], [33.22563269812326, -87.55417028778783], [33.23229816769877, -87.59581022398451], [33.19547593849942, -87.58787527551969], [33.21769561748973, -87.55065868186549], [33.21511436640764, -87.57569691700175], [33.20898479569302, -87.59166345695473], [33.206621920438636, -87.57233836107692], [33.222126337850064, -87.57762422649866], [33.23135980590007, -87.57677716420456], [33.205475150800716, -87.58956967199893], [33.20150402292135, -87.58249897613943], [33.209734897982315, -87.559162289985], [33.22427275218983, -87.5804817732461], [33.18967371639546, -87.56240011616057], [33.19257210294414, -87.57326298672994], [33.222346644938014, -87.58622809929683], [33.20564740417333, -87.59197509427095], [33.224648358389125, -87.54789036097802], [33.223178994594655, -87.57152420512557], [33.230603379494006, -87.59180646588617], [33.1897154127209, -87.58996077556505], [33.221370184660096, -87.59752872128344], [33.21582453314676, -87.54889504217937], [33.216820414750266, -87.55367443227847], [33.23361706029321, -87.57308037686364], [33.19486387084959, -87.55434087877562], [33.21490042162819, -87.56587874427383], [33.224161454654976, -87.56595559331454], [33.20361204851974, -87.59338716592312], [33.21101195028443, -87.56943392930619], [33.20192174396751, -87.5981715180918], [33.1975224718439, -87.5591155280272], [33.19633784585922, -87.55671745714906], [33.19272102390955, -87.55352367361634], [33.217071626663184, -87.57739652111022], [33.223413372919154, -87.58593108217838], [33.21420526113396, -87.57114377762238], [33.208512522481826, -87.5680961949289], [33.19041145695866, -87.5712202084688], [33.22483942419416, -87.57324546184445], [33.19705136768794, -87.59484923926836], [33.204918554942786, -87.5927360619544], [33.19577965166185, -87.58776109715872], [33.20197572850638, -87.58037879295085], [33.19310796733421, -87.59009063032775], [33.20560374752661, -87.58063186650034], [33.23257924478574, -87.58658045876876], [33.22112660757084, -87.54811804189326], [33.218172212045644, -87.57803259712253], [33.18968563730407, -87.57284978250553], [33.19104497841125, -87.59106347880478], [33.21967152257686, -87.57825440808409], [33.227125309874225, -87.55257904682367], [33.20726190009149, -87.56267789354462], [33.19044197352078, -87.55649183382901], [33.22923563224816, -87.57794124320418], [33.19795797105074, -87.57605463466115], [33.21886588505122, -87.55651678888337], [33.19978270002029, -87.57345071864053], [33.23009073592734, -87.58029552849395], [33.191715007544644, -87.58532094346909], [33.22680087203277, -87.58109000897176], [33.18951212747238, -87.59962549515741], [33.22724115912759, -87.59472767267846], [33.232109009279824, -87.54776612256696], [33.20090216682863, -87.55195648176947], [33.224569916329905, -87.59299781327816], [33.229331533261984, -87.56318771597041], [33.19136727431643, -87.59764353547199], [33.20642369600689, -87.59155384669354], [33.216650903966894, -87.5512451113583], [33.2242992517109, -87.57061571160858], [33.20353337750596, -87.5927194357865], [33.222187356916784, -87.5815096712813], [33.20005968231722, -87.56023329747528], [33.20203755936176, -87.57671779856435], [33.22203332339578, -87.55202963362075], [33.21647792060338, -87.59347228921018], [33.20368282726466, -87.56436367721834], [33.233821391374086, -87.56880893470644], [33.2201841104798, -87.56964208236948], [33.228271487035165, -87.58629484536492], [33.21126401142491, -87.56062202580807], [33.198029766908974, -87.5942742696442], [33.218786459743434, -87.56866725753108], [33.19828422791559, -87.56814181337828], [33.2182445908013, -87.57871104848459], [33.18983232361555, -87.60098822286558], [33.199478743604935, -87.60082735483043], [33.22841212913686, -87.58557213482344], [33.22035731046826, -87.54961762455841], [33.201038578138316, -87.58279361534042], [33.22888169983455, -87.55218376857593], [33.22166219389394, -87.6003018670111], [33.21882503443267, -87.56843028034254], [33.20111980683348, -87.54791207791148], [33.22384590733489, -87.59181217528584], [33.22515441929179, -87.59561151458368], [33.22439054393445, -87.55037147400071], [33.214254064167, -87.55014516068151], [33.20559435973255, -87.55211111747585], [33.22014798799504, -87.58937461790256], [33.229156206663426, -87.5829592637762], [33.22628024491311, -87.56318789758797], [33.20033970944427, -87.55143178939977], [33.22359615017724, -87.56985748968889], [33.223939958373336, -87.56764091965319], [33.21916189643032, -87.57143760540592], [33.228789084171645, -87.56157070258931], [33.19885423607723, -87.5489854224694], [33.224705554016666, -87.59855957734239], [33.19050877590115, -87.55411881620667], [33.223453277285365, -87.59931032387036], [33.233449158574146, -87.59157587141203], [33.231800704543026, -87.58356044934834], [33.21910953445438, -87.55366224473501], [33.19425805861082, -87.56735867118994], [33.19903439018452, -87.58645689032741], [33.197786963984164, -87.55707434745085], [33.212504045653084, -87.5575590324185], [33.22186940715558, -87.56898393902405], [33.227513951451094, -87.56371246534718], [33.19591608053355, -87.59838470351569], [33.22055922419846, -87.56242515835885], [33.232316135858774, -87.57442715659568], [33.19224618950649, -87.55541384210937], [33.20676799903474, -87.58042546804276], [33.21730226713743, -87.55459626156795], [33.19654310599585, -87.55593515294153], [33.21875282850389, -87.57977992563478], [33.19346476838732, -87.56737433675954], [33.20166136844352, -87.55495091601557], [33.2134697014578, -87.55545205249692], [33.20746123186861, -87.5517013986416], [33.19155099756461, -87.59230356704346], [33.20823603836905, -87.59037916652451], [33.204565900776494, -87.5512100354826], [33.231120572634275, -87.56170244521927]], "boundary": [[33.23455416340025, 33.23455416340025, 33.18948763659975, 33.18948763659975, 33.23455416340025], [-87.6013049993965, -87.54761940060348, -87.54761940060348, -87.6013049993965, -87.6013049993965]],