{"center_point": [30.325811, -81.645058], "sample_points": [[30.321805019787874, -81.63013981940911], [30.32110061094988, -81.67033369956685], [30.30951744593301, -81.63966485753124], [30.32127666884444, -81.64025404129147], [30.318995563052155, -81.64684730873114], [30.345150649340034, -81.65298198950285], [30.324407593605017, -81.62556453275334], [30.333935148052692, -81.66796564213992], [30.327950491088394, -81.62468637397538], [30.314124741008577, -81.65949614912859], [30.326239896711982, -81.65915541762378], [30.314530822906807, -81.63977299775598], [30.303932066797643, -81.65854985540736], [30.309373824480108, -81.63809584108492], [30.325838745015627, -81.65836243093717], [30.31809205538015, -81.64005127387034], [30.32558750529989, -81.62833040885037], [30.3198297260712, -81.66635342382467], [30.32547776194949, -81.64038548188513], [30.32761808386241, -81.62868820176942], [30.339026358091132, -81.64358924631661], [30.325317797920196, -81.62232933909176], [30.32613345405522, -81.6576043757101], [30.34657577589514, -81.66910897339628], [30.31585535837038, -81.65417674383805], [30.303893499835162, -81.6426793067293], [30.324372900486697, -81.65438846123905], [30.326924350330806, -81.6441484951071], [30.313745188394485, -81.63072616054389], [30.328815713347815, -81.64073960900662], [30.34484847003148, -81.65786552439229], [30.325083629626757, -81.63320039606239], [30.31183622719318, -81.63931374540299], [30.332271303106502, -81.63432683749768], [30.343027957377103, -81.63558827794425], [30.340009892187847, -81.6424291724403], [30.338117807656385, -81.63336589982866], [30.305478815913972, -81.62702480564421], [30.32308506892308, -81.6243404385494], [30.337588614379, -81.62074746819091], [30.33605840341152, -81.63732100859893], [30.32292668347189, -81.62666654630846], [30.338585373367028, -81.65076574065166], [30.30385645432429, -81.62619814668219], [30.308301718199754, -81.62185647142857], [30.31098497435904, -81.65152437243735], [30.32119303612048, -81.6413354518409], [30.33985140031655, -81.64073572910027], [30.309606338397522, -81.62625581484193], [30.33886910876671, -81.65998242156502], [30.31563930485671, -81.62305323054046], [30.321480369068453, -81.62284060617182], [30.305500309394443, -81.65746957227219], [30.33444471653744, -81.6319473223549], [30.33820135795475, -81.65348193822267], [30.322856717625708, -81.63218045006299], [30.32934163069604, -81.65007304842435], [30.30685413738169, -81.65909750820886], [30.30624378120336, -81.62174561734253], [30.317713935912927, -81.63016620038196], [30.324992562913827, -81.62823768651461], [30.3064860676951, -81.62268362295991], [30.337570705699573, -81.62551418386498], [30.345906891548964, -81.62434269034523], [30.316294479348084, -81.66643764056998], [30.321711529292692, -81.62467758272942], [30.340245745221075, -81.62793648493637], [30.305407964212627, -81.65669530669999], [30.34101021338777, -81.65664784254021], [30.32704955986068, -81.62898605941788], [30.33330037576729, -81.66851890274866], [30.32002873989639, -81.64872833616627], [30.328330195225117, -81.63950628667003], [30.34433003352355, -81.64897235627227], [30.34436471085634, -81.66642654900681], [30.311860832887962, -81.62740257242238], [30.32805153289772, -81.65805087756641], [30.345511743680245, -81.64206046634362], [30.306668318647592, -81.63157703870516], [30.344406178476323, -81.63557999866875], [30.341489452814226, -81.66713283735824], [30.346585254414258, -81.65422507575465], [30.316790382753084, -81.62677324552436], [30.32783458269098, -81.66495054748306], [30.33793850606312, -81.64680159131659], [30.3090705500755, -81.62347313600249], [30.310782157609, -81.62666650974654], [30.335818489799262, -81.66804651237989], [30.345682692728666, -81.660115965067], [30.32618194867369, -81.66777212563463], [30.337158931593887, -81.64993809077639], [30.307762544274826, -81.66478068838657], [30.337883237129322, -81.66230973568058], [30.303470364667696, -81.6440373730848], [30.313379319401058, -81.63751339261222], [30.3290303685137, -81.66012775943682], [30.312049236515353, -81.62350946445892], [30.338476331044117, -81.65059850763987], [30.344806582540766, -81.63671724159703], [30.329811268167635, -81.65921229644404], [30.305991677428, -81.65542046774779], [30.306031068232034, -81.65387572005535], [30.322459247025577, -81.6280809838301], [30.33367383464071, -81.66159901857894], [30.33844661335535, -81.636819197374], [30.343110723861848, -81.63709370231253], [30.30939861287389, -81.62616282203221], [30.338392990113437, -81.66709185578156], [30.317489193539643, -81.64330980369857], [30.305519378794294, -81.67070033722058], [30.340935634571313, -81.64717568385186], [30.311411843026008, -81.65640411861602], [30.32231032834483, -81.62105090370478], [30.34732290496479, -81.66081213575632], [30.323640217612333, -81.66077359016907], [30.327890329459912, -81.66637532783461], [30.336593305441742, -81.63962533506671], [30.315147378501287, -81.65850444917237], [30.333148314452075, -81.63306658140897], [30.332282946966874, -81.63207311931012], [30.335397541541393, -81.62064513458412], [30.317803726411213, -81.64912845955878], [30.315602524941916, -81.66084118290632], [30.331105627541444, -81.6318016782275], [30.317525439938542, -81.64031256138924], [30.30448780564116, -81.65666910353819], [30.3206957520306, -81.64245674147645], [30.30938963362162, -81.6661885292766], [30.316004186216155, -81.64777361096806], [30.338801260901093, -81.66062745214893], [30.31529481721821, -81.6358342746989], [30.318405929099566, -81.6675996848096], [30.315966816784552, -81.64152944024248], [30.307335758503168, -81.62134588840507], [30.33956389417578, -81.62370655841536], [30.307523368338043, -81.64092762926269], [30.338465884274346, -81.66556956410109], [30.3333437042233, -81.64706396571039], [30.33982339461518, -81.6544750278739], [30.331521679926972, -81.66804120607333], [30.348140644958665, -81.630402715064], [30.339962396503207, -81.64043866784213], [30.325210512521696, -81.64709261147459], [30.346359179011223, -81.64228374232655], [30.330886927383393, -81.63942332085307], [30.328483355599577, -81.65658642389775], [30.348296149799424, -81.65704452743994], [30.33714160939759, -81.61975139382947], [30.3223031418588, -81.64893034066716], [30.325869643452233, -81.63964858378122], [30.307010983306117, -81.62957535387191], [30.347822339169397, -81.66319787429573], [30.346657459369517, -81.6698514743609], [30.313993406490315, -81.66126633166247], [30.32928427524389, -81.65884233573122], [30.311123453551637, -81.65753894556181], [30.32360858288744, -81.65020956015532], [30.345436856895905, -81.630647702702], [30.3040095488473, -81.62779600274358], [30.34086252674333, -81.63920440589256], [30.313436155102565, -81.6391669312027], [30.332971556178016, -81.64724058929977], [30.330305635083487, -81.65260747549078], [30.32665899925415, -81.66322409018989], [30.33483766127381, -81.66934526041152], [30.318637959575348, -81.66338108486879]], "boundary": [[30.34834426340025, 30.34834426340025, 30.30327773659975, 30.30327773659975, 30.34834426340025], [-81.67107611895558, -81.61903988104443, -81.61903988104443, -81.67107611895558, -81.67107611895558]],