{
    "boundary": [
        [
            32.53035686340025, 
            32.53035686340025, 
            32.48529033659975, 
            32.48529033659975, 
            32.53035686340025
        ], 
        [
            -93.78010183615947, 
            -93.72684076384054, 
            -93.72684076384054, 
            -93.78010183615947, 
            -93.78010183615947
        ]
    ], 
    "center_point": [
        32.5078236, 
        -93.7534713
    ], 
    "distances_to_center": [
        2515.783180580199, 
        1934.296904823673, 
        638.2574772948973, 
        902.5066147763055, 
        196.63653840872988, 
        2078.1412828440443, 
        2067.870210648395, 
        2525.5809269522024, 
        2906.0565457741573, 
        2034.266055667458, 
        1284.829909828916, 
        2106.847987030268, 
        1604.3949921889246, 
        2773.1171954596534, 
        1500.3975050316176, 
        2721.319484962845, 
        1983.931314757029, 
        2170.5195436669055, 
        1301.9184225831762, 
        820.0184595179556, 
        2228.2853651506994, 
        2039.5677834931853, 
        3026.9949035623417, 
        2019.3970700056605, 
        2468.8740591711226, 
        1850.245601537768, 
        1446.060117929052, 
        1716.341081418466, 
        2631.0042576998835, 
        2557.969763891786, 
        2424.3786108836143, 
        2083.1155294416353, 
        2512.540300987381, 
        2172.880333861741, 
        2781.8192479496465, 
        1896.3552745682905, 
        2243.24716068885, 
        3149.674650049864, 
        3065.7630294110613, 
        1459.1929023971006, 
        2853.3173638237645, 
        2084.2843707326792, 
        613.2444630226885, 
        1861.7093060611508, 
        2302.833071599791, 
        3182.297551692007, 
        642.2589467565599, 
        2842.7774267549803, 
        2981.0458079649325, 
        2605.6800061760728, 
        2344.953220473652, 
        1875.2353852505125, 
        2278.375153332088, 
        1993.7105684490618, 
        2964.161052644275, 
        2563.557456735897, 
        2721.590743955909, 
        867.1453329739442, 
        1603.1518900912413, 
        2500.304898100355, 
        424.52511825082996, 
        2375.6063762898834, 
        2634.3262947901944, 
        2440.163414544127, 
        2504.319060067643, 
        2475.8765420731265, 
        2386.945096679987, 
        1641.0899595924354, 
        1715.183253041628, 
        1318.5559075648398, 
        698.3144038846663, 
        1638.635728941352, 
        1627.996285070075, 
        1987.8950638559359, 
        2507.062082685986, 
        1928.7040299886312, 
        2944.375551473205, 
        2514.4231943557515, 
        3124.241784710459, 
        977.4196289583222, 
        2437.930669461433, 
        1847.9824981754336, 
        2422.2142120019876, 
        740.0565151551241, 
        189.6464993143523, 
        3024.3734337611572, 
        1898.0097490748974, 
        1662.907597042484, 
        1999.20359477077, 
        1205.6915835527375, 
        1525.1738785303494, 
        2235.568382217513, 
        2006.9944763813194, 
        1274.3802505975834, 
        1311.3356869038362, 
        1248.89985337107, 
        2098.8526130058317, 
        2822.5742962253726, 
        3349.0824505711134, 
        1189.8092115890524, 
        1824.5199558234635, 
        2499.7365131795486, 
        1681.3864122736768, 
        1556.930067725605, 
        1947.3893876975867, 
        2321.6977994524477, 
        2279.125571754705, 
        2397.1913221287564, 
        614.3061016310247, 
        2416.1586784660844, 
        2440.6838006615717, 
        2490.9371899708244, 
        2905.9241581536025, 
        1471.8607724884032, 
        2679.484431216935, 
        2268.869133598749, 
        2013.7473315578536, 
        2127.06761349892, 
        2434.5584747095336, 
        3146.941242083635, 
        2323.5824297741538, 
        473.1179825397276, 
        2921.8242581769973, 
        1907.6402355527184, 
        2326.4311664136662, 
        2419.657186727956, 
        1898.0580175431965, 
        2760.8021784656785, 
        2457.6476495829934, 
        556.5977006959988, 
        1377.0990785258014, 
        1813.5675186659068, 
        2207.890021219074, 
        1571.5402807360583, 
        2453.508789097289, 
        3307.4210274252346, 
        511.1390952827517, 
        2112.070802106186, 
        2686.0984072447204, 
        2332.817807652867, 
        2646.0417744295682, 
        2363.0763003127104, 
        1255.3665294133018, 
        3033.2998463530207, 
        3271.4591786758515, 
        2093.737178129897, 
        2808.8952507049203, 
        1780.929135880716, 
        1328.9352800750544, 
        2521.904878225986, 
        1864.3292236331285, 
        2622.361659574913, 
        1838.1655803994613, 
        1213.9438220156437, 
        1213.1226359541315, 
        1015.4683077614964, 
        731.3932902664094, 
        1443.6384910387014, 
        2293.7134053425248, 
        1788.496574824348, 
        1548.247342331218, 
        2497.459859209513, 
        1935.5497138120627, 
        2250.2747640814687, 
        2486.157595842084, 
        957.9243986517885
    ],