{"center_point": [40.3490163, -74.0702242], "sample_points": [[40.35890813356092, 40.356598110876355, 40.337683361538474, 40.336619997398905, 40.34790008618147, 40.334648793376026, 40.363437796408164, 40.35061313393709, 40.358301163699, 40.35495164622629, 40.35567803351664, 40.345299010383094, 40.36330213625083, 40.336711090455005, 40.33066459840504, 40.343942022124146, 40.337671692505104, 40.353133428121694, 40.33674458818727, 40.33084534505416, 40.36724471212821, 40.33470322240068, 40.3603336157313, 40.36654276098651, 40.32873145571617, 40.34575225753323, 40.370761812643366, 40.343935600001814, 40.33555108887695, 40.3440411813446, 40.34599875865088, 40.33062328563103, 40.33637720978749, 40.35880935764343, 40.33968454241514, 40.368320471762196, 40.340386238842925, 40.34423711560466, 40.359962540314804, 40.37063863765544, 40.33518240399647, 40.329461335880296, 40.333417639833016, 40.360211636666754, 40.363008850010914, 40.35402607554446, 40.32821340787607, 40.35660235765418, 40.33939768412514, 40.34710977466981, 40.34123688741405, 40.34970652458549, 40.33821036527739, 40.36931735839158, 40.36347596093718, 40.367956297240326, 40.352811872248495, 40.34449002133469, 40.35357941595861, 40.35231521994686, 40.36469821010611, 40.36634564355747, 40.35495488834098, 40.346053651762546, 40.35056029899461, 40.33164828937293, 40.35435451779659, 40.35292534225767, 40.33622253285221, 40.35579436200164, 40.358227384044085, 40.33922057204182, 40.33091856839032, 40.33228237609749, 40.33576478824416, 40.3670363682375, 40.32984750279149, 40.32919891975436, 40.33278162312469, 40.359273119090005, 40.36384176096338, 40.346504465491364, 40.329886008055674, 40.34411213217695, 40.33562843954302, 40.346657892827274, 40.336674543281674, 40.36084684088392, 40.35825660085295, 40.36620607754432, 40.352470950693395, 40.371406360504615, 40.331166582420884, 40.338370836782104, 40.33656148496357, 40.35865197438479, 40.37048372173706, 40.36509869349553, 40.33855725584158, 40.342164141797966, 40.335161928574685, 40.348487371190075, 40.32860655174064, 40.33022766282439, 40.33518101502693, 40.330840072274896, 40.358260841324324, 40.353430293852924, 40.32756927107417, 40.36070039537232, 40.35597657203122, 40.36899651182322, 40.366058088526806, 40.35287610639309, 40.368226161116446, 40.32770882133729, 40.34772748291083, 40.362720629969694, 40.33955791022933, 40.358994534937544, 40.32791030010568, 40.35041020994265, 40.344129786978556, 40.36883244714688, 40.34525980054917, 40.32786578966736, 40.332630370968324, 40.335410568364324, 40.35156220416826, 40.35035710442282, 40.34748771676193, 40.36250505400149, 40.364985289549786, 40.36909522370593, 40.36341348433126, 40.36138940511443, 40.33429260475987, 40.348590544903224, 40.37144224472159, 40.357065851502995, 40.36937201176577, 40.3574528635884, 40.33779963065093, 40.36214805872749, 40.332829226986334, 40.33990898701978, 40.34488463700125, 40.37148071428215, 40.33428865877126, 40.34911456966548, 40.34572100825879, 40.35284206948016, 40.35489216801317, 40.33496391623515, 40.35141750320419, 40.34620060501749, 40.33797332689935, 40.36301236092256, 40.33033600119356, 40.347179853417394, 40.36492921768306, 40.34828349740375, 40.338190773724335, 40.33796425369274, 40.35107212683952, 40.37084989913067], [-74.04745648246575, -74.04600829070012, -74.07188450370354, -74.04226201104511, -74.07546832838234, -74.06202138107636, -74.04419972055527, -74.08358630966153, -74.06400301799005, -74.09401039366381, -74.09545066791114, -74.08922181964796, -74.046313310709, -74.05544774582802, -74.06168360495731, -74.04655797019286, -74.08533563731453, -74.09426853692077, -74.06334350606642, -74.09853001542396, -74.04768649213713, -74.05628469960608, -74.09934856901434, -74.07334923700084, -74.045543148675, -74.08361480460806, -74.09020410924943, -74.05597128253275, -74.05073444919535, -74.09923852125385, -74.07743834979904, -74.0970392770421, -74.07558661432006, -74.04344205236481, -74.05566075111176, -74.05871349085776, -74.06227807805531, -74.04137733247134, -74.08583501412787, -74.08916242467032, -74.06756392871665, -74.07271540820608, -74.08191569291131, -74.09419295861964, -74.04483346198421, -74.08452643638968, -74.09682055467523, -74.0757501225672, -74.09179403853938, -74.09915519398594, -74.0524571846508, -74.05725926530837, -74.04261395598985, -74.07660076782854, -74.06370051885693, -74.0717835900098, -74.07641457460156, -74.0744780495374, -74.06193255769958, -74.0785705671312, -74.08485371274746, -74.06657810172618, -74.06186763263102, -74.05806962879576, -74.04134830814944, -74.0782839057728, -74.04782269616145, -74.08814210280883, -74.08377525123107, -74.09803749944, -74.09793865127376, -74.09915193922984, -74.05024928048269, -74.05936863991033, -74.07296752638239, -74.0707978055735, -74.07984380844356, -74.04650953314149, -74.05842304759359, -74.07894825925638, -74.04714714631083, -74.05061058098015, -74.05782803495629, -74.05097730651742, -74.07462870252009, -74.0947122025154, -74.08556541787678, -74.04378822570747, -74.06507011401266, -74.04850473809897, -74.05145635661103, -74.09532483261214, -74.06910443105407, -74.07078591967515, -74.09061914863436, -74.09661754602253, -74.0477252736722, -74.09177366204146, -74.05876998954041, -74.09742412020648, -74.07371635044225, -74.08737074720969, -74.08794799259667, -74.04815889681538, -74.07018085123458, -74.05683136488145, -74.05412223847004, -74.06362690283896, -74.07375826729255, -74.08908026744875, -74.05566073810363, -74.09369928887448, -74.06588556333676, -74.05962538458967, -74.09128073182761, -74.06232306627103, -74.07323665151584, -74.09550865397075, -74.09375402115812, -74.06079867718421, -74.05349505765932, -74.09553426087983, -74.06776383726918, -74.05167363617845, -74.06462245214189, -74.09926479130901, -74.07627001202349, -74.04630841356715, -74.04578489002428, -74.04249477408558, -74.04763966589884, -74.04698418432623, -74.0981239757584, -74.0611008876427, -74.07658445581832, -74.0812734230992, -74.0427119452789, -74.06312795209283, -74.06322965025765, -74.09845545257991, -74.06015459080315, -74.0585515228882, -74.05493216431941, -74.05389491779903, -74.09436828599286, -74.08366361926554, -74.09206731232008, -74.05031694479936, -74.06757077009246, -74.08106704654563, -74.06894043936677, -74.09585333808485, -74.07037227218966, -74.08772354797647, -74.08511255954068, -74.04287426227923, -74.04736983010267, -74.05155441485243, -74.0786301197137, -74.08249173714576, -74.09698035345974, -74.09926318069925, -74.04618286522866, -74.07423975865454, -74.06184216704449, -74.09254443518306]], "boundary": [[40.37154956340025, 40.37154956340025, 40.326483036599754, 40.326483036599754, 40.37154956340025], [-74.09969222056823, -74.04075617943177, -74.04075617943177, -74.09969222056823, -74.09969222056823]]}