{
    "boundary": [
        [
            40.37154956340025, 
            40.37154956340025, 
            40.326483036599754, 
            40.326483036599754, 
            40.37154956340025
        ], 
        [
            -74.09969222056823, 
            -74.04075617943177, 
            -74.04075617943177, 
            -74.09969222056823, 
            -74.09969222056823
        ]
    ], 
    "center_point": [
        40.3490163, 
        -74.0702242
    ], 
    "distances_to_center": [
        2453.275008944498, 
        1649.2066724498438, 
        3089.851684205842, 
        1605.412903273363, 
        2018.724136797465, 
        2304.6133920621396, 
        2285.074178410407, 
        2575.0137223865545, 
        2031.818995543665, 
        2170.5672628245875, 
        1850.9744923647365, 
        2645.99805315414, 
        2043.410152474689, 
        1894.8440680009344, 
        1244.00017376453, 
        813.8106984289418, 
        597.4260731578823, 
        1552.351527073418, 
        2048.004762771322, 
        2354.736405148529, 
        1182.2730847905862, 
        1037.078655256265, 
        2411.886992864182, 
        2490.636326231509, 
        2456.73532675993, 
        2703.829032687745, 
        2302.2554157930035, 
        2227.5400068868994, 
        2561.037980626048, 
        2131.433605261028, 
        1864.2539383850606, 
        2220.2478584237865, 
        2295.2267810258154, 
        1184.5758820243382, 
        1579.749112643683, 
        1379.8768904019455, 
        2746.604565893372, 
        2563.046476277629, 
        815.6722144715671, 
        2435.493002441005, 
        2765.6878135792267, 
        2642.6080662908007, 
        2484.047456634676, 
        515.6498340352841, 
        2615.7741506606817, 
        1349.1961888139058, 
        2665.8932331613482, 
        969.475181794997, 
        1586.1192140859182, 
        2400.800069403213, 
        2316.359669816233, 
        1942.4690400799504, 
        1597.9094496831538, 
        2609.3767474677984, 
        1928.737321346965, 
        1664.3929597847246, 
        1835.8021406272046, 
        2436.5674685607873, 
        2200.969949279397, 
        2336.275459753832, 
        830.3344906518363, 
        2764.4966641807387, 
        1787.2712703651655, 
        1887.4316501193032, 
        1443.244305581105, 
        858.052949539029, 
        793.6303338599737, 
        1978.8188330169394, 
        1347.5175458995113, 
        1416.8095850471948, 
        1441.5342445067215, 
        1666.3301719346598, 
        1112.801331860909, 
        1287.3393770773175, 
        1929.088250722621, 
        2133.00873702917, 
        2589.5673096216374, 
        979.5455973540722, 
        2354.828081212546, 
        2339.8195355203998, 
        817.21095159153, 
        2569.967881962371, 
        1838.3503534638471, 
        1991.7616057530502, 
        1999.786138520545, 
        2582.008831961029, 
        2530.7130065763376, 
        1414.5764690084752, 
        923.8934610570371, 
        1675.2099370757735, 
        2582.4078311943917, 
        2388.793637184497, 
        1500.515430036186, 
        2015.098384373512, 
        1590.9249798695348, 
        1998.2833595179436, 
        1597.026271363519, 
        1809.2109268037468, 
        1502.1090138261509, 
        1949.3712719369175, 
        2722.108618248536, 
        735.9088044225991, 
        3029.8174925568255, 
        2347.8195742424527, 
        2020.650343547797, 
        2414.3234705245536, 
        1310.7786697098165, 
        1996.955412404403, 
        385.08800111668114, 
        2459.004092904823, 
        3076.2859959254774, 
        1228.6869565435188, 
        2048.428297091339, 
        986.9497990693999, 
        562.7175021330456, 
        1731.3979723128596, 
        2349.5419953248224, 
        2181.9587710296146, 
        1401.7230456364862, 
        2231.3241682233365, 
        592.6434143568042, 
        1256.4295804037235, 
        2585.246765505296, 
        2295.416655648681, 
        1290.2593225662645, 
        1474.524682681182, 
        1565.8308278697382, 
        2910.598599826519, 
        2500.1851982444814, 
        2231.4247637910985, 
        1220.1188111372546, 
        1240.1500853629618, 
        2147.779271130154, 
        1446.6865676635016, 
        2983.577764117371, 
        2207.564041154732, 
        2506.6105928025027, 
        2112.0884128452353, 
        1415.6724049483153, 
        1025.2740420437324, 
        2598.9456904138233, 
        1353.9794554146213, 
        2203.892069806945, 
        2259.375281900191, 
        1274.0032466775808, 
        1696.1046329783608, 
        416.3719170519241, 
        2739.1280848430983, 
        604.5420122434534, 
        2373.0000043372042, 
        934.3123655511787, 
        2049.4924717901636, 
        2611.9476933839846, 
        874.7060995678964, 
        1552.8012158765875, 
        2044.9894854045833, 
        1937.8742884355229, 
        2219.3330418896276, 
        678.1041176521193, 
        1410.5555119001776, 
        2203.863656976666, 
        1631.4929920990314, 
        543.2482981112685, 
        1644.3633556199334, 
        2970.82536708755, 
        2572.140008821041
    ],