{"center_point": [40.3490163, -74.0702242], "sample_points": [[40.34387908009394, -74.07258739067385], [40.361809641993204, -74.0513796499948], [40.340222750373755, -74.08078424256205], [40.32725154012642, -74.05368138902362], [40.33151605680658, -74.06550063094431], [40.37026772779329, -74.06353868220282], [40.32795309181905, -74.09706058620475], [40.34168173400903, -74.04561956615358], [40.359843892963006, -74.09891138781474], [40.366780966972996, -74.04379443759322], [40.332827341791386, -74.08805494917823], [40.3646437753216, -74.09480946415474], [40.36244125428922, -74.09668350187003], [40.34221273456962, -74.05784136407864], [40.363861919178724, -74.06695638128204], [40.36497670063491, -74.08388027438954], [40.3463988987273, -74.04134039185946], [40.333684642861925, -74.09229335025273], [40.34908599836887, -74.06471239170574], [40.33834676176927, -74.09144556145756], [40.357517234735354, -74.06623821898663], [40.354774506833856, -74.04897028959428], [40.33178049312195, -74.08515072005736], [40.37034015178694, -74.08123501711513], [40.36129358708532, -74.06561388270744], [40.32845792367431, -74.07079141342253], [40.367010162529155, -74.0821924934095], [40.351961939214846, -74.06491082458996], [40.352160571496796, -74.06408908417261], [40.32848393187901, -74.06311512295254], [40.36543446739705, -74.07721037850366], [40.359958217294725, -74.05970496309831], [40.36104282447029, -74.04226929350153], [40.334563022918914, -74.0691578424948], [40.35066359906768, -74.08459958415655], [40.36467933219028, -74.0601689722236], [40.36740350650388, -74.06482462892771], [40.33222141937469, -74.09968322926174], [40.348522427628936, -74.09506029192109], [40.35997155555774, -74.08856920020102], [40.35426882819464, -74.08289417797405], [40.33992384654178, -74.08346030379846], [40.358790686901635, -74.07595450187931], [40.36460183492075, -74.06029284985587], [40.36038420249443, -74.08468690872857], [40.35095945773452, -74.06112992460791], [40.35348448076017, -74.06236858222744], [40.338609487833715, -74.0472711638458], [40.33221380451279, -74.05342741840646], [40.35345692696964, -74.04781574171545], [40.32905672817235, -74.05271510470823], [40.368059063734414, -74.07553886059995], [40.34793472344572, -74.0568496421232], [40.360645919721584, -74.08206495844539], [40.36571577428893, -74.0841351512328], [40.34882249819543, -74.05963078178888], [40.356240405330446, -74.09957260045093], [40.34945385577694, -74.06340614492926], [40.33162642917813, -74.05507369818599], [40.353032831130854, -74.04388309656623], [40.34857906693982, -74.05074769294318], [40.35676348437769, -74.05208864158196], [40.338175847937535, -74.0426963495175], [40.3710189244294, -74.07833613319849], [40.352586107697405, -74.09658813140885], [40.34279270582122, -74.09587480960542], [40.37009930388476, -74.06247734340894], [40.33066938093898, -74.08058613294283], [40.349808707633265, -74.04612965913434], [40.34377286535512, -74.09745014743508], [40.342686905853306, -74.08190368296019], [40.34997862317501, -74.05379152550525], [40.368346308052956, -74.07178489278894], [40.35378966624146, -74.04220819983233], [40.357955593917914, -74.06128130515677], [40.35164251517758, -74.06352167867836], [40.36620480901417, -74.0816231385462], [40.355632639583256, -74.0839368121327], [40.33716246567468, -74.0987719289186], [40.32968829065266, -74.08550241300873], [40.33167170343129, -74.0448880084469], [40.33270992264218, -74.05281364120559], [40.35207166183102, -74.07972529625073], [40.32867537325869, -74.08033192999007], [40.334267510109285, -74.08904605879472], [40.34373027555236, -74.07964526711315], [40.35442005387833, -74.09753959182912], [40.33021288744464, -74.0815559732873], [40.3468167944568, -74.05785912674072], [40.3297608962652, -74.07512269084296], [40.37102195833042, -74.04858622221161], [40.32775059248428, -74.0885438707447], [40.34892395975295, -74.07916485145125], [40.34354516458335, -74.06547317155024], [40.37119514666386, -74.05060359221484], [40.342462512838786, -74.04215798393048], [40.332945944896785, -74.09540302330062], [40.34935801601963, -74.08060031237962], [40.34453581944664, -74.05613330722274], [40.34144188229895, -74.09374525605165], [40.33728253260165, -74.09797788166847], [40.34989128384377, -74.06435115570494], [40.33288346447875, -74.07917578907808], [40.36882299526937, -74.04767971379249], [40.34754962409806, -74.07290963189469], [40.344121242721855, -74.0900457615687], [40.332656949107644, -74.06225779114295], [40.35294368119863, -74.04227963564911], [40.34733984043799, -74.0811949741167], [40.35996732730909, -74.08447921864096], [40.36306462381819, -74.07337762730548], [40.351459793697856, -74.07688638644359], [40.33991447642351, -74.0894409673079], [40.34282732996192, -74.0492508450408], [40.35479592611674, -74.05035464269345], [40.32736211501839, -74.07103162795043], [40.34087383649081, -74.09115974374973], [40.32761729196736, -74.09710479293189], [40.33555188770501, -74.07290226675508], [40.328142565316966, -74.08630823962814], [40.34406338775421, -74.07556162674966], [40.36580644382635, -74.06978172382483], [40.33996222844065, -74.07422896317543], [40.36069777800746, -74.08636383749845], [40.33805247732524, -74.06796435148064], [40.34822011699595, -74.06105718430543], [40.35598209993484, -74.08311212250112], [40.346679937747076, -74.09514012216967], [40.32795207405548, -74.0498928797605], [40.36411669763083, -74.06673066724966], [40.34303664961087, -74.04385536313853], [40.35605982960685, -74.05530860233203], [40.3290416707903, -74.09769363581586], [40.365655750701116, -74.06265403550357], [40.33326868922514, -74.07015443431253], [40.365141449330615, -74.07304896506685], [40.367321398970134, -74.04095990599073], [40.34059960825558, -74.07289767068644], [40.334413617133464, -74.08408514226268], [40.35748322325237, -74.04669077524457], [40.32837382213881, -74.09869845518988], [40.34763390894011, -74.09749973381953], [40.36736195164602, -74.06875243240088], [40.33786765294805, -74.08103350465586], [40.347194544035474, -74.09540954318098], [40.355441817399466, -74.07105491959696], [40.33451211024199, -74.04489444237606], [40.335707381434176, -74.0587230507563], [40.34585455124861, -74.05360618658553], [40.36446828369639, -74.08330085158427], [40.34463762051102, -74.09512946483376], [40.351832830900975, -74.04886852575738], [40.36428790925481, -74.0462251118411], [40.32999147567889, -74.09589680786684], [40.34195779575817, -74.04575620573222], [40.36086483571208, -74.07336957390498], [40.34005105850744, -74.07054358893865], [40.33261979059537, -74.09101174567053], [40.35492332794258, -74.06017318460714], [40.35948087690958, -74.09304276646078], [40.369608261771084, -74.04794475346277], [40.35578160331264, -74.09044554849638], [40.36499529298275, -74.0844309020026], [40.34518952614013, -74.06710482315263], [40.35537649583627, -74.09051251562175], [40.327399522609426, -74.06992781061783]], "boundary": [[40.37154956340025, 40.37154956340025, 40.326483036599754, 40.326483036599754, 40.37154956340025], [-74.09969222056823, -74.04075617943177, -74.04075617943177, -74.09969222056823, -74.09969222056823]],