{
    "boundary": [
        [
            33.46827016340025, 
            33.46827016340025, 
            33.42320363659975, 
            33.42320363659975, 
            33.46827016340025
        ], 
        [
            -112.09811549988736, 
            -112.04428570011264, 
            -112.04428570011264, 
            -112.09811549988736, 
            -112.09811549988736
        ]
    ], 
    "center_point": [
        33.4457369, 
        -112.0712006
    ], 
    "distances_to_center": [
        1674.768479161836, 
        1756.8852856929673, 
        2264.1931574052105, 
        1565.4448809036019, 
        2746.6379696253725, 
        1149.4400846904232, 
        1463.1174799235325, 
        1797.7668457659026, 
        2344.0264292188504, 
        1215.836561403244, 
        2004.873416843044, 
        2051.2577872474494, 
        2268.251658070977, 
        2397.7473747277036, 
        1164.4893426390854, 
        2515.7051652748614, 
        2594.9265064688143, 
        2372.9738733395257, 
        501.60786188323624, 
        3336.9913453117542, 
        1799.736113132032, 
        1619.31760939762, 
        865.7213276754185, 
        722.5017503625245, 
        2363.7697093023544, 
        2324.954188206203, 
        2555.744429831458, 
        2163.3164627021956, 
        2394.898234501405, 
        381.10182781874994, 
        995.9891481539336, 
        3029.849378927545, 
        2379.952814294826, 
        437.30577489255904, 
        2329.1930072994005, 
        1553.8619897514202, 
        1612.9199106604415, 
        1196.6374678166999, 
        704.1682833823245, 
        747.7489266482371, 
        2714.5540739529947, 
        1789.5185749856917, 
        2491.7581169372183, 
        2435.7199779166976, 
        2089.6371941076363, 
        1586.4328322972005, 
        1719.5899628768864, 
        3407.0325436080957, 
        1719.2575102416045, 
        2174.0126023157, 
        941.3873727896923, 
        2675.486022878163, 
        2669.819796401818, 
        2013.2657704177238, 
        2487.1561361981435, 
        530.1436462862706, 
        2710.7347673841437, 
        657.3520708926292, 
        1416.1147834362093, 
        918.3380706099344, 
        1753.1568935774637, 
        1458.1680461400401, 
        2323.492344189814, 
        2660.5749025121513, 
        1123.9751040449466, 
        2293.0398215712307, 
        2326.9004922276436, 
        2330.477470304073, 
        1847.767088982676, 
        2488.014597874443, 
        2785.4172139944953, 
        999.0378555804016, 
        683.0562032577261, 
        2708.7169074049916, 
        2490.4615200637345, 
        2957.976272146419, 
        1503.1288569162348, 
        1628.7754938165497, 
        2541.126669096483, 
        570.3061757668264, 
        671.6125256356738, 
        886.1042588007394, 
        2113.7383824564927, 
        2765.7906934108464, 
        1767.1484048133125, 
        1856.565742861243, 
        1032.6809147215035, 
        2751.056801215615, 
        1898.2613699951958, 
        2558.791129486308, 
        2200.30139661337, 
        576.0527765772556, 
        135.11531887199044, 
        554.4369643236839, 
        2205.805186564079, 
        3005.0221528472043, 
        1343.986475872718, 
        2440.543888129912, 
        2137.55452219962, 
        1034.3987837786658, 
        1010.9259969166524, 
        1832.0720163084138, 
        1773.7974195143959, 
        1289.7803175395175, 
        2983.8623262778915, 
        2122.832529084105, 
        697.9783305527335, 
        1845.0379119470488, 
        563.4519976731432, 
        2107.4148277573277, 
        1294.548058140226, 
        2782.5694001620363, 
        1463.4247955482533, 
        1746.341140634914, 
        2287.3775428013137, 
        1377.4075612954778, 
        2824.9262257431797, 
        3145.688277740697, 
        2183.3779513662653, 
        2683.36065376351, 
        1883.1885316766732, 
        2500.635364978023, 
        2518.9943488890726, 
        1575.4834855201136, 
        1669.2647663756131, 
        2530.003739107494, 
        2290.4851417644704, 
        2362.5080867708443, 
        2045.3453491400157, 
        938.3729332963683, 
        1863.9369599816655, 
        945.1127012839144, 
        1648.3058205556763, 
        754.6157185405499, 
        998.9052771768369, 
        320.2585292463627, 
        2320.2289715893894, 
        2301.972075425627, 
        2296.7833225496934, 
        3037.404516146842, 
        790.4381593678271, 
        1901.8223075714127, 
        2472.848685005935, 
        332.9309307169856, 
        2153.219299635089, 
        1879.4387172514298, 
        2366.174255356868, 
        2374.552515066509, 
        937.1672503681569, 
        1229.469520642687, 
        2566.2144330891033, 
        2238.64749331213, 
        2340.2182812807628, 
        2405.2070906911677, 
        195.11651407266504, 
        2558.3949319116778, 
        2946.917762795356, 
        1098.5473886014283, 
        1721.985917247091, 
        2301.6917112388037, 
        2841.4697672426205, 
        1473.9310710212762, 
        2291.8173701661526, 
        2513.920487362865, 
        1501.5100112759976, 
        1700.5672203451734
    ],