{"center_point": [33.4457369, -112.0712006], "sample_points": [[33.44912071005363, 33.42654433072465, 33.44443330719826, 33.433049443210216, 33.432266821175645, 33.46192168884334, 33.44372097802207, 33.42775194358198, 33.43647764279014, 33.45704563733722, 33.442383917386486, 33.426299143048595, 33.43896835430486, 33.450456303830755, 33.433712193092646, 33.44083080903464, 33.43764359700538, 33.45544413979048, 33.44860616697198, 33.43280300857529, 33.43484986802454, 33.44405035163287, 33.448753300497614, 33.43336501921303, 33.42693502888917, 33.45209152274508, 33.4602883922654, 33.46799254935454, 33.44780573343289, 33.43993754444135, 33.466365262208654, 33.43737213332849, 33.424947269806275, 33.455687950907446, 33.452838823860844, 33.43346491056444, 33.44985258402117, 33.438745194779905, 33.44425999626537, 33.434140666510864, 33.43625928251247, 33.447312593205474, 33.454535612235645, 33.468218595620556, 33.462569952266556, 33.42739163384826, 33.451320947835896, 33.43646981727552, 33.439438459016074, 33.44377743786563, 33.43366490190256, 33.45857410238824, 33.44964268539146, 33.42549206462898, 33.43467048075853, 33.46361549558903, 33.434629125281106, 33.44246735979782, 33.45574459309871, 33.442333648377264, 33.44845628212755, 33.45615527583622, 33.44918557080005, 33.46745849558671, 33.463431308040356, 33.46126137216583, 33.42811316971649, 33.437838726306644, 33.424363955485894, 33.44555902775668, 33.44174071838391, 33.46801636414385, 33.44159510224852, 33.45443918199922, 33.42799452697214, 33.438787822872364, 33.460383978559875, 33.46709318452113, 33.43011114896754, 33.45281995633758, 33.4617966766504, 33.43374982526956, 33.458358189718474, 33.45002588395969, 33.46097115606041, 33.42737753704342, 33.46774530895686, 33.4586930902798, 33.433457560374464, 33.43860772905349, 33.459315535891264, 33.424872104647385, 33.456925333655015, 33.463853253145544, 33.42372678566629, 33.43497759186304, 33.42400864694757, 33.45822420826451, 33.44788267475964, 33.439853184328975, 33.443372050586696, 33.4268322517041, 33.42855672879875, 33.43559086538601, 33.45556456977487, 33.43572659127751, 33.445759597467735, 33.4288811668046, 33.42721767277427, 33.46137184662633, 33.465355275057306, 33.42401144552886, 33.4378970516809, 33.454129661505725, 33.45718818842792, 33.43948341885909, 33.46690130134052, 33.435933814633614, 33.44896813433043, 33.457455675777645, 33.4548133867732, 33.43940077917218, 33.45782116262279, 33.464153904960035, 33.44445782605652, 33.43345815790479, 33.43513870137664, 33.45299035971646, 33.45102216983883, 33.429319734878476, 33.42323167548, 33.42952099517983, 33.439681437410805, 33.46237401927472, 33.45808662749302, 33.4298674331424, 33.43548130881299, 33.439972845027995, 33.43947257669153, 33.45353518470878, 33.45717269370629, 33.43639669072747, 33.4280685108548, 33.45227096638988, 33.453012728072586, 33.446509729492696, 33.4494063100331, 33.44949886534953, 33.46700754745715, 33.46085543077938, 33.442624978709745, 33.45379854914467, 33.455101283079415, 33.458048984889665, 33.43101612481416, 33.434343301745216, 33.443924535724776, 33.437329754022535, 33.435183137995395, 33.44781741062499, 33.44437882070413, 33.443849524035834, 33.450243824301346, 33.43578298755967, 33.457698594463984, 33.446900745959404], [-112.09659659583454, -112.06562507855166, -112.08024777046404, -112.069012997453, -112.04985384979165, -112.04588809991661, -112.08232352253268, -112.0466379590375, -112.0930464150807, -112.06717468329698, -112.05470882814804, -112.07693708089154, -112.08623258617143, -112.0559224047418, -112.08578565048359, -112.06385387564181, -112.04745034247225, -112.05465853599013, -112.05822340636742, -112.07030203357039, -112.05048147481203, -112.04814575567488, -112.09259621692547, -112.07404351991379, -112.05010889616626, -112.06655456634833, -112.07026679778863, -112.08828448519341, -112.04583678652835, -112.0875121867535, -112.06745843099544, -112.07072148278418, -112.07599833041479, -112.07871426272976, -112.06186542211351, -112.09636876781789, -112.0731333051674, -112.06891252405089, -112.08332337149128, -112.07117922920574, -112.05820373841604, -112.08360575768586, -112.0905648616099, -112.06319900853941, -112.06660139437436, -112.07129314308835, -112.09600773757663, -112.07835027646212, -112.09383219603629, -112.06668832384278, -112.05189127133332, -112.08264352606696, -112.09212998060849, -112.06334079215569, -112.06481467710012, -112.05942360394829, -112.07636910383754, -112.08766698352781, -112.08471229641391, -112.0780257385179, -112.0654524729256, -112.09250188764003, -112.0775934380729, -112.08474667916286, -112.07980993870429, -112.09287266176845, -112.05781826731113, -112.05413928667022, -112.07743887128979, -112.07897933820921, -112.09774541508584, -112.0828097616032, -112.09429425766818, -112.07399950372267, -112.07580552587196, -112.06201957331835, -112.05164866065019, -112.08595523840562, -112.05608829187378, -112.05783105559638, -112.07858175936607, -112.05877773792521, -112.08299090559785, -112.09072748704178, -112.05496804508516, -112.0533205022893, -112.0869855217158, -112.06964349924864, -112.0781344365371, -112.0640288707087, -112.08865216269102, -112.09392769949974, -112.08182929916508, -112.06204854906503, -112.08994621065597, -112.05653147705206, -112.0494151457418, -112.04817984385862, -112.06944552498736, -112.04593531756568, -112.0805693479047, -112.07819600316095, -112.07611060300981, -112.05704592318875, -112.05775855171001, -112.05832490053706, -112.04943688583191, -112.06586687285086, -112.06044614808248, -112.0747418824741, -112.09438346756265, -112.06057863391001, -112.0528536316783, -112.05522146158835, -112.07494543692528, -112.06567056156896, -112.09745602799846, -112.05022241851137, -112.07146332358366, -112.06665815825738, -112.07318008448995, -112.07316890952532, -112.07321288482738, -112.04668163987098, -112.05406098411814, -112.05264780787208, -112.0704542681903, -112.06516812061724, -112.06125609706422, -112.08290638835147, -112.0727941263767, -112.06501197787289, -112.07537863495826, -112.0876779283276, -112.09096174363064, -112.08353074369056, -112.07102133441124, -112.06048305352715, -112.08614729584545, -112.05313315233677, -112.04906688752239, -112.05769868424548, -112.05684552594172, -112.04575942631598, -112.08983591024761, -112.06175562726482, -112.08152055230153, -112.07234753804327, -112.0573240157415, -112.0514926791156, -112.08650385972582, -112.08395009160763, -112.04922399370939, -112.08388744188895, -112.06482719561578, -112.06977035727621, -112.04582939940097, -112.0748367466668, -112.07321013759821, -112.07311888893025, -112.07418669354738, -112.0881285985735, -112.08722511341996, -112.05563811992326, -112.07894828627722, -112.06585645299613]], "boundary": [[33.46827016340025, 33.46827016340025, 33.42320363659975, 33.42320363659975, 33.46827016340025], [-112.09811549988736, -112.04428570011264, -112.04428570011264, -112.09811549988736, -112.09811549988736]]}