{"center_point": [40.7580227, -73.986025], "sample_points": [[40.747352042419756, -73.9607810219335], [40.768312276962405, -73.99122465649273], [40.73754350309779, -73.9587770726108], [40.75076580366923, -73.98580554110744], [40.76808502644283, -73.98973597671754], [40.763652108821795, -73.97933073080573], [40.74644330757026, -73.97962303012423], [40.770102200922636, -73.99949911457243], [40.76167692376787, -73.96702142388527], [40.739179354558225, -73.96807471542051], [40.775321912847055, -73.96509402615881], [40.74650396766301, -74.01565346291082], [40.76856575536957, -73.99291251832337], [40.73663338210382, -74.01386601761615], [40.770731945455715, -73.9670332156357], [40.77762868379116, -73.99306012315239], [40.780138829521405, -73.96022444794413], [40.7530060154073, -73.97265921750031], [40.7474108580112, -73.9614907031472], [40.77662938489047, -73.989788338114], [40.74642662150868, -74.01344496240466], [40.75474150997936, -73.99571550086766], [40.77879503249809, -73.98965347883228], [40.74693688695758, -73.96981838798595], [40.75482885367217, -73.95890441550038], [40.77744857264484, -73.99101221622041], [40.770413552812045, -73.97935412441872], [40.7386076378315, -73.96593338888385], [40.76838422984469, -74.01082060509461], [40.75820137802919, -73.97772038442787], [40.75613009469973, -74.01104190428481], [40.738687131919974, -73.97728473566058], [40.762976802321596, -73.96057633832199], [40.74952415798744, -73.97911200364071], [40.751545504504335, -73.98530858890147], [40.77478758625031, -73.96435090038526], [40.75347225362713, -74.00524092929382], [40.77393028419657, -73.95801207396897], [40.77986378606759, -73.99993126581298], [40.74845605332577, -73.99460537011825], [40.75042843812877, -73.97741776321547], [40.757347514174306, -73.9620621988], [40.7634243941559, -74.00611948321642], [40.74586287453745, -73.96926285795433], [40.78027101836996, -73.97679929004904], [40.76490508802781, -73.9705641128103], [40.77215233749461, -74.00061358205588], [40.73786647700777, -73.96536047810221], [40.77215226563865, -74.00950903451643], [40.77792120285513, -73.97654262277914], [40.748477072868276, -74.01122068493106], [40.770225475233374, -74.00114900322366], [40.760549211830494, -74.00858540159845], [40.75155342847524, -73.96883258802836], [40.74048813607813, -73.9738841734728], [40.77593313320628, -74.01147826948889], [40.75970179309181, -73.99898301094794], [40.75852495071946, -73.96712281681752], [40.76595604230644, -73.99892168091483], [40.76878616842031, -74.01561763195492], [40.752067029427714, -73.99101601541163], [40.756360358436254, -73.98032685235513], [40.751356408066805, -73.95726506106848], [40.73908134762326, -73.9828452446506], [40.76772642168463, -73.99566802724037], [40.753872107430254, -73.95796156032665], [40.7386832172521, -73.9734276077646], [40.77561923031864, -73.96584833857527], [40.74512354255841, -74.01372896448828], [40.769867143902715, -73.98719589981754], [40.76017980934273, -74.00039019486088], [40.75923373269998, -74.00807212152188], [40.74507283741103, -73.9649949286468], [40.75117660903587, -74.00303103303455], [40.7400206242715, -73.99245703774044], [40.77720026531535, -73.98658936783104], [40.749424953008784, -73.96082478831114], [40.75577643254183, -73.96749190565731], [40.770525929228405, -73.96522044451648], [40.75995373682718, -74.00235276521624], [40.77732299241899, -74.0042901321799], [40.74628760046221, -73.9651492243689], [40.777428563647014, -73.9917316692088], [40.7418944950476, -73.96180104898721], [40.77993270586875, -74.00576788399802], [40.75650722306605, -73.95890189858224], [40.75033790677148, -73.98457031498567], [40.742334339878326, -73.99640742682139], [40.77121075133595, -74.01209987343186], [40.74524655255875, -73.99856390000393], [40.74208360898276, -74.00601512493391], [40.76746645068472, -73.97547828717643], [40.77486035114093, -74.00212064875305], [40.77563263257407, -73.95877204071205], [40.75874293402292, -73.97797272207707], [40.75768810798575, -73.98979449206632], [40.74983526271388, -74.00259343903681], [40.75919050917678, -74.01552993490019], [40.74923373762219, -74.00746232532514], [40.75082331145743, -74.00380528887096], [40.75800545865479, -73.99207797246673], [40.74265615882093, -74.0064894386718], [40.78017965986187, -73.99034013917596], [40.77801034920764, -73.97170052950467], [40.757884420098875, -73.99513645772522], [40.76223320682963, -73.98680421701341], [40.77046997972591, -73.95974610172215], [40.75426961185878, -74.00931750576329], [40.754042107918366, -73.97447231855776], [40.76942782691827, -73.96140952537439], [40.757376749772035, -74.00295104546278], [40.75359314455288, -73.99964065966525], [40.779740067664555, -74.0076779746716], [40.76577665289108, -73.97504297562953], [40.77712509088958, -73.96473830259366], [40.7743308227074, -73.9821990087043], [40.764439739251856, -73.96566155276622], [40.740376332326726, -73.96363369234147], [40.76375548387032, -74.01240031021617], [40.77338978235617, -74.01271142749317], [40.76631919025423, -73.9737997472513], [40.75069613456958, -73.98209516160072], [40.74789917465824, -73.97608028535603], [40.73881605152366, -73.9578692501684], [40.73814412892342, -73.99574005533185], [40.738678184142216, -73.9882472224748], [40.74346496933769, -73.99880379535308], [40.75111127601538, -73.966780165573], [40.767656365738794, -73.98747939974113], [40.766768529785914, -73.96812174336623], [40.76401109843675, -73.99982743953159], [40.77392806253001, -73.99810377244054], [40.736520801935704, -73.9898090917938], [40.76669331076443, -74.00669626278754], [40.73816617941639, -73.99968964411778], [40.74774907043498, -73.97089238806748], [40.75806560868921, -73.97822483437112], [40.74023043416213, -73.97540495365003], [40.74840549131307, -73.97263380237156], [40.755181445063066, -74.00358701541748], [40.7482312660499, -73.9988730246312], [40.740583240386556, -73.99157423278906], [40.75758682988301, -73.99919866272526], [40.74831707727262, -74.00737904057769], [40.767486227838006, -73.9901852253638], [40.76218382047275, -74.00504956539181], [40.7666557980595, -73.95812539751306], [40.77613611408233, -73.97655007171363], [40.752769731917475, -74.00502004423703], [40.75074591230379, -73.96169559766908], [40.73987420336624, -73.97929359270043], [40.77311783589869, -73.98237103640541], [40.74382064758713, -73.98352057622299], [40.75836642934717, -73.95766015932612], [40.736159596753566, -74.00918495856891], [40.755078471569604, -74.01283275255476], [40.76344720835187, -73.9723549065753], [40.775829774220576, -74.0113191878321], [40.74317494644656, -73.9981340288208], [40.77582581655151, -73.97245915151454], [40.76626945836423, -73.9634835176418], [40.735991841470316, -74.00338790540697], [40.75866701291105, -73.97441916761434], [40.75885133073627, -73.9671465811812], [40.75429133609198, -73.97939377777901], [40.75422822960623, -73.96604962736032]], "boundary": [[40.780555963400246, 40.780555963400246, 40.73548943659975, 40.73548943659975, 40.780555963400246], [-74.01567357534094, -73.95637642465907, -73.95637642465907, -74.01567357534094, -74.01567357534094]],