{"center_point": [40.7580227, -73.986025], "sample_points": [[40.75329816428562, 40.74380141031363, 40.75399047684885, 40.747861136156466, 40.74588347414903, 40.75756438412952, 40.769125335968965, 40.75326938627108, 40.74464796609064, 40.76069546899212, 40.75886958620764, 40.740896730563726, 40.75451076947377, 40.76586738827338, 40.76854521071834, 40.772478405969146, 40.74013462759404, 40.76566991656559, 40.735893360367385, 40.7512761341215, 40.742009563776534, 40.77804909173029, 40.746871597884606, 40.77099138768882, 40.761555012262946, 40.76202752891677, 40.771126113874246, 40.75261093678259, 40.746206537094174, 40.74503190994717, 40.76244448316309, 40.76616392984145, 40.751839332381365, 40.7562955473066, 40.7550098978475, 40.76947238832585, 40.749940062681134, 40.74648392991739, 40.77372985185918, 40.76083480243084, 40.754840934137086, 40.77169000043847, 40.73582254876811, 40.75495145564456, 40.77759552495873, 40.774890810461706, 40.775801439050994, 40.74393993736584, 40.768126061113605, 40.745410165463284, 40.74760949976766, 40.75016972752595, 40.739074498595954, 40.77834430526929, 40.7681543569559, 40.76636446905026, 40.772409648773355, 40.765816388495764, 40.73585433666763, 40.77483181258239, 40.75817448660081, 40.75068191130652, 40.77859005556692, 40.765800210627575, 40.75591281371768, 40.75316552511406, 40.74799545324889, 40.76359909860295, 40.74801508848602, 40.741069580976436, 40.77184992918766, 40.75713153519602, 40.74612561841744, 40.77501694961247, 40.75346984980156, 40.75780588766492, 40.74370024883543, 40.777302707095615, 40.779784144165454, 40.75663583591982, 40.752507770050926, 40.764549410678164, 40.771880496227666, 40.76665843512438, 40.76032791211387, 40.75263414807768, 40.760736993363054, 40.744177261558775, 40.77326891543265, 40.77052418845088, 40.757952581947215, 40.7701104362633, 40.76586248433369, 40.77231531028246, 40.77856401445203, 40.75292655064387, 40.76548584718936, 40.75741020059972, 40.77748360023958, 40.75636391629548, 40.73977783051761, 40.75307635283764, 40.76230395672727, 40.77388996706734, 40.740849905700664, 40.738429211734896, 40.75657643611025, 40.76552074993426, 40.75798453674456, 40.739306902411755, 40.74914505445522, 40.746382547418385, 40.75119497381701, 40.760989039520204, 40.77162525014091, 40.777053266638035, 40.77089966407356, 40.76703630079484, 40.750291510050864, 40.76373612517934, 40.77066469842168, 40.736757374561556, 40.73796065267885, 40.740000515216, 40.7526705696291, 40.754862606847986, 40.753006953024496, 40.76570599057735, 40.772713477111935, 40.73717777388562, 40.73828079901929, 40.740366925049535, 40.7723207049891, 40.77970954324987, 40.75226345947459, 40.763891482979126, 40.76666774961984, 40.77689407865401, 40.73965794116511, 40.73940602452471, 40.766523752531725, 40.772889687629394, 40.73786551894708, 40.743783161785686, 40.73932594712356, 40.77326310484857, 40.75194368543734, 40.77953373000156, 40.75767972373208, 40.76511325801251, 40.77954041398922, 40.74278810820932, 40.74058285765326, 40.7360602379516, 40.763540549895666, 40.743933209561455, 40.74629937335712, 40.764362597753426, 40.74197308087224, 40.75136858013844, 40.77068487890774, 40.75169355525311, 40.75635401482874, 40.755836043568614, 40.744398962499574, 40.78032889964637], [-73.98537511149014, -73.99668698289175, -73.97860986965568, -73.97984804025428, -74.0065353211942, -74.00975644711512, -74.0123879641912, -73.97326231968704, -73.99647932865496, -73.96565175976195, -73.97743909524121, -73.96840696661958, -73.98479669174269, -73.96025803502486, -73.95826863119056, -74.0145610910764, -73.99155846743763, -73.98189435115282, -73.97403755539925, -74.01382830406776, -73.96869824879775, -74.00854698494562, -74.01154087034581, -73.98400396371902, -73.96043797298078, -73.96069826617513, -73.98700775806189, -73.99716119598268, -73.99173617180263, -73.95938933782999, -73.99243803709484, -73.95880039755184, -73.97801290957213, -73.99756127991813, -73.98441935119075, -73.98521863302747, -74.00157229959021, -74.00400066290014, -73.97125238180739, -73.99553242300452, -73.98905103951867, -73.99951688591966, -73.95866036847724, -73.98604559510689, -73.95704602943633, -73.98767819290845, -73.98056186338033, -73.96454940543825, -73.96921843364396, -73.96321394401188, -73.98449224658361, -73.98014103714844, -74.00143658069645, -74.0003225420561, -73.96986910543981, -73.99073022038357, -74.01031881515428, -73.995834119691, -74.00758414576212, -74.0063432529452, -73.9576083883315, -73.98425147054564, -73.99688883576337, -74.01229108263504, -74.00144007945961, -74.00837635447886, -73.99735034993651, -73.99709255954993, -73.99090570029234, -73.98478627172328, -73.98894192220064, -73.98058286734772, -74.00248581776687, -73.98738207495724, -73.95842707245792, -73.99081297872614, -73.96672840019203, -73.95937433945589, -73.97295289752756, -73.98756739478418, -73.99531097905442, -73.98545137668631, -73.96104205947995, -73.98929535887625, -73.99028172503101, -73.96572968009755, -73.9915780187737, -74.00828005610367, -73.9639596703187, -73.98427999848688, -74.00205162512954, -73.97528946355362, -73.96431355679131, -73.9996676318617, -73.99492126910643, -73.96451367342983, -74.00102323217666, -73.97897715781495, -73.99380682215953, -74.00343901049203, -73.96484012068792, -74.0040808335802, -74.00176204745509, -73.98361273609751, -74.00838990594606, -73.99660003751775, -73.97135409195921, -74.01307229670324, -73.98571907129822, -74.01467928321387, -73.9855364128865, -73.98563006825236, -73.98548723339653, -73.95671322884135, -73.96494269530416, -73.96297595431757, -74.00169118239374, -73.96962611591543, -73.9885062090138, -73.99066968617575, -73.98766385719262, -73.97426259480491, -73.97630902394812, -73.97961400429992, -73.96274092704, -73.97383348988521, -74.01521659117138, -73.97577972176006, -73.96839340047931, -73.95679857861772, -73.96193273978088, -73.99477264128652, -73.9879746843786, -73.96981607379017, -74.00161316456013, -73.96369039404208, -73.98580293843759, -74.00250024810488, -73.96264492111814, -74.00293711263738, -73.971866685208, -74.01099371644744, -73.96361173566295, -74.00217292403744, -74.0132728913271, -73.99960609243195, -73.99429775847996, -73.9578209881528, -73.98679424464738, -73.96491324912907, -73.9791979913616, -74.01057251711951, -73.96191862162912, -74.01544859833969, -73.96552335548228, -74.01531630611044, -74.01315367974607, -73.9862568930745, -74.00004264086664, -73.96391646602106, -74.01554366300512, -73.99972555716172, -73.97368886853789, -73.98734998741307, -73.97111978524735, -74.00754678970559]], "boundary": [[40.780555963400246, 40.780555963400246, 40.73548943659975, 40.73548943659975, 40.780555963400246], [-74.01567357534094, -73.95637642465907, -73.95637642465907, -74.01567357534094, -74.01567357534094]]}