{
    "boundary": [
        [
            40.780555963400246, 
            40.780555963400246, 
            40.73548943659975, 
            40.73548943659975, 
            40.780555963400246
        ], 
        [
            -74.01567357534094, 
            -73.95637642465907, 
            -73.95637642465907, 
            -74.01567357534094, 
            -74.01567357534094
        ]
    ], 
    "center_point": [
        40.7580227, 
        -73.986025
    ], 
    "distances_to_center": [
        430.18362342042025, 
        3094.3679349824433, 
        2153.128302093895, 
        631.5984604242641, 
        1493.7935496120983, 
        2538.3056672506877, 
        2405.9624230780564, 
        2270.5702613909334, 
        2350.709839131749, 
        1666.9436629067018, 
        2392.3400119625403, 
        2828.9159023547336, 
        688.6334962823283, 
        129.19255622407613, 
        2563.314946378949, 
        2407.826841236383, 
        1905.0836542174748, 
        2010.7073460179322, 
        1023.7140115207309, 
        3141.570757102132, 
        1677.0605294666884, 
        1094.9601364455775, 
        2194.255465782074, 
        1120.141395830564, 
        1788.0080910092063, 
        1053.7809624408214, 
        2074.0599903767284, 
        2615.5936256502864, 
        2429.3810798882223, 
        882.8072084836434, 
        1330.9616985716416, 
        1863.1981423287991, 
        2685.6323965250413, 
        2134.1594912950163, 
        1533.9507180824662, 
        1883.2659951467756, 
        510.08105482677746, 
        1787.0881871476647, 
        2132.6259079151873, 
        2827.7467129564916, 
        1592.9710948086797, 
        1772.2548028642357, 
        1082.941988212877, 
        1289.9841481402757, 
        2259.048295933823, 
        2485.18845982131, 
        1757.4102720594465, 
        1745.7948478512433, 
        1457.1135826964335, 
        1253.709168084347, 
        540.1461995072291, 
        1710.8611517198672, 
        2465.7214397289235, 
        2301.4864404105297, 
        1245.0870083521397, 
        2351.5206442373265, 
        2032.3467190716608, 
        2080.2092160457405, 
        1168.6222591523735, 
        634.4035338670457, 
        2161.2224160167284, 
        3405.3982894756978, 
        1653.613309464447, 
        1503.7313256382085, 
        1944.4011195091246, 
        947.7416531093024, 
        1645.0487749434994, 
        2520.3939661072354, 
        1233.0248358500219, 
        1921.0583135810937, 
        2594.842551385724, 
        2588.330147383367, 
        2992.970092869211, 
        1401.4117890814969, 
        1066.1341915806665, 
        2046.4444861085708, 
        2610.1049151360016, 
        3322.0087654057857, 
        1256.6915342639165, 
        655.7673333684991, 
        2578.19240201745, 
        2911.0356201551062, 
        1055.9407027929033, 
        2786.0285204562483, 
        2686.8258161541066, 
        3025.0788558032796, 
        447.5762694219431, 
        686.0340384194451, 
        1420.78392919351, 
        2520.343145590649, 
        1973.2220047075414, 
        2015.9063795087513, 
        1193.7215748827514, 
        1046.2036237330783, 
        1859.6411647938692, 
        424.86571430528033, 
        2883.4994663213824, 
        2585.192756079268, 
        2139.2759979457855, 
        2754.612796382826, 
        2089.1417940694505, 
        1328.8659110908952, 
        2672.409964475875, 
        1900.4525837277442, 
        99.21964230428605, 
        2176.065617586328, 
        1466.4592484273608, 
        1310.299425993929, 
        2917.5915673470718, 
        3112.1627063633696, 
        1048.553163608663, 
        1381.366817236084, 
        1364.1352564329582, 
        2654.950853165826, 
        1518.0735845313313, 
        3231.61259742326, 
        2133.831508664448, 
        2021.0812615348348, 
        2363.6143587636802, 
        2014.5490079568704, 
        1852.0833785075126, 
        1510.421363125114, 
        962.269859202404, 
        1762.6318595567768, 
        2514.6342786422706, 
        1760.619758857473, 
        2384.821674008843, 
        819.7312253958374, 
        499.35766040380713, 
        2270.5097513835635, 
        2745.4540524012377, 
        2101.026477057293, 
        2223.6854553382823, 
        1310.9854836169786, 
        1678.0958854784049, 
        1717.9211196890294, 
        2030.1232912853884, 
        2939.013726074468, 
        2443.361303113775, 
        1974.7953922158877, 
        744.3087047800067, 
        1604.2542181971116, 
        2571.4894246929202, 
        1325.7209413011653, 
        1542.938434531798, 
        1904.494767464247, 
        1043.094894268067, 
        1823.8094583394463, 
        2795.6729629256793, 
        2847.777844436126, 
        1328.1221679556286, 
        1998.6833451683337, 
        387.2479960452454, 
        707.5932911660525, 
        987.3599345822495, 
        2186.8629057814405, 
        2293.6885310628672, 
        2521.082444033722, 
        1632.700716587422, 
        1910.425044658751, 
        2422.0577557456627, 
        1851.561727677989, 
        1008.1956465156007, 
        1715.6178148966058, 
        2215.180149325204, 
        1087.5212505350144
    ],