{"center_point": [42.9633809, -85.6722303], "sample_points": [[42.944079916548255, -85.64712199210207], [42.94279576708892, -85.68283194679543], [42.96706079412604, -85.6749260260429], [42.97759080139802, -85.64274030689853], [42.966518058308985, -85.65762945422358], [42.94882356022578, -85.66924640628152], [42.977549020498834, -85.645217243319], [42.98401238656003, -85.68501511748345], [42.9814663524764, -85.70244906410433], [42.95696835843536, -85.64554121725085], [42.95538354917791, -85.65957026132848], [42.96297496861818, -85.67067710148147], [42.9434457960859, -85.65740967705908], [42.9512589761628, -85.6433454558363], [42.98576270318328, -85.68717214920727], [42.97029028929273, -85.64390926391764], [42.974576829193325, -85.67573930205245], [42.9497979846062, -85.65847795184065], [42.9687674686402, -85.64694658198728], [42.95888680185206, -85.65285967117364], [42.983682422607544, -85.6888674984369], [42.98457895856652, -85.68445641426857], [42.977563342156394, -85.6661679231816], [42.944101944760476, -85.67667743947905], [42.952906374215736, -85.69319792631897], [42.970219250857426, -85.64466712894644], [42.95431380883088, -85.65483257302311], [42.96122783248123, -85.65732409478683], [42.9568902043875, -85.65426316358533], [42.956490862923395, -85.66529118332605], [42.970145769309, -85.66775528151632], [42.97815528748348, -85.68109890502973], [42.971860996938915, -85.65141822662538], [42.98427927212475, -85.67331915561158], [42.95095526409815, -85.6636842331346], [42.94823856046856, -85.64762583305404], [42.94862985925836, -85.69438057449227], [42.95938008464859, -85.67177382684386], [42.978331222884584, -85.69116045797267], [42.96215697482674, -85.65555223302069], [42.97409513976284, -85.64573093676141], [42.94413408324198, -85.67721142059442], [42.95386242780168, -85.6764078922799], [42.9710847349825, -85.69914866417179], [42.95487559028002, -85.65627106946681], [42.959534622065355, -85.67826320805699], [42.9546652347827, -85.66509675535275], [42.98354825279658, -85.65138757594768], [42.967722548496326, -85.68157222513665], [42.97597473451671, -85.65458197639785], [42.985708029801955, -85.69925886096831], [42.946922528339286, -85.65418554301972], [42.96063240657758, -85.66764954990141], [42.95189594092431, -85.69385023943232], [42.95622787802754, -85.64350995152819], [42.956075123284016, -85.6779586324023], [42.979673635662614, -85.69572807996468], [42.94666908857416, -85.68428804630733], [42.98027075780997, -85.69153316470037], [42.966311174327, -85.69843510367622], [42.963513774750986, -85.6586911235316], [42.97941880777715, -85.65392401282055], [42.94235256965411, -85.67509052215375], [42.95430709730875, -85.68336057498821], [42.95757210023712, -85.67934371247489], [42.950339008006594, -85.6600805039486], [42.96693827048068, -85.67983280001356], [42.95382554712505, -85.66237373331495], [42.9484254601001, -85.67495548509143], [42.94571695016125, -85.6844363916321], [42.9733883583976, -85.69137303784169], [42.950744993956704, -85.665384925403], [42.95460828190426, -85.65608370838346], [42.95634435336644, -85.68199431907766], [42.949543738469316, -85.6942512466496], [42.948037308886846, -85.65022190950003], [42.95423951934629, -85.67855708108796], [42.98203999945017, -85.70072372436128], [42.94656220242673, -85.68939492838287], [42.970504040852774, -85.68264844859142], [42.985488674740296, -85.69235990627496], [42.97759836671778, -85.69958525247145], [42.979451313054035, -85.64733318510811], [42.9449370681168, -85.66589510746844], [42.95026902587112, -85.65527992614409], [42.979708544221154, -85.64917194898848], [42.96364695024349, -85.68603711239436], [42.954560722230894, -85.64553189755615], [42.969098511525814, -85.65416283524874], [42.976726382404344, -85.66701818275573], [42.981777899033474, -85.68668992408327], [42.97416795888451, -85.66470381335837], [42.94963730659255, -85.68416089574248], [42.947789000442086, -85.66480284104077], [42.949640951981685, -85.67947861082462], [42.981863280593295, -85.64407051682728], [42.97234020057744, -85.67535015493306], [42.98340753206754, -85.66130022284078], [42.983000896450555, -85.67339375389945], [42.96301395498636, -85.69938607875648], [42.967906733778015, -85.6419995273379], [42.96530362134887, -85.67671018137217], [42.950535110577434, -85.67189120032371], [42.97961704738567, -85.64311437290452], [42.96365334215684, -85.69636404942595], [42.94567391535423, -85.69122332184467], [42.955242432904136, -85.68963809510348], [42.95295643848616, -85.67571554608064], [42.9718515046788, -85.6745873218314], [42.97579088984992, -85.702601057967], [42.98498055532192, -85.64358279431717], [42.96481604106117, -85.66024795458391], [42.96352955433081, -85.68275564015934], [42.98331957146188, -85.66623093830178], [42.959153597365734, -85.69572523399953], [42.98125094099106, -85.69586221456629], [42.971547181390825, -85.67537024987959], [42.98173474335577, -85.68063051693318], [42.967116397904924, -85.6895981669658], [42.95995074534187, -85.650843778487], [42.95437934409882, -85.65569513169199], [42.97083442587602, -85.64867670517808], [42.96111617267678, -85.6739975870312], [42.95227536908931, -85.6684568593731], [42.969454494071655, -85.67511673087853], [42.979245798626074, -85.69132280612068], [42.978018402223334, -85.6758342923755], [42.94116177123164, -85.66608282338689], [42.973741210025665, -85.64167277073993], [42.983147271516295, -85.69008081448733], [42.974407997166466, -85.66644443803577], [42.94335560749534, -85.66318621436875], [42.979997372663775, -85.68545367273224], [42.95901684440209, -85.69734743812238], [42.97124290526944, -85.67441502516238], [42.9501252758532, -85.6718616186203], [42.97493963154554, -85.64808573330859], [42.95582084819194, -85.69098044341054], [42.95340465118294, -85.67347625518494], [42.96468810221277, -85.68640955284854], [42.983027278804684, -85.69861915942597], [42.973897790757626, -85.6600921373201], [42.97695336697098, -85.6483195437556], [42.95091428600449, -85.69981248387887], [42.95438804328044, -85.65276763368263], [42.97103969753326, -85.67024301603354], [42.962541895891704, -85.64487360626335], [42.954074927634124, -85.67447814320691], [42.95869331132202, -85.69618863628807], [42.972549702044226, -85.67896559935114], [42.951376538497726, -85.65975823420054], [42.951154476407154, -85.68092870376931], [42.96047761153526, -85.6816121981507], [42.94698283388581, -85.65218915180681], [42.96026487421437, -85.66574893558798], [42.97950090370123, -85.66946412116009], [42.96216236332597, -85.6890468614781], [42.984348764960096, -85.67916595619992], [42.95271187221252, -85.64929721044739], [42.97939381366484, -85.64551913172026], [42.97815768876873, -85.66241559914145], [42.95450132580439, -85.69661159361537], [42.94632625635462, -85.6480410849926], [42.971397732780495, -85.66973330890576], [42.96264646628649, -85.68108799212241], [42.97337934038051, -85.6839287134247]], "boundary": [[42.985914163400246, 42.985914163400246, 42.94084763659975, 42.94084763659975, 42.985914163400246], [-85.70291947280145, -85.64154112719854, -85.64154112719854, -85.70291947280145, -85.70291947280145]],