{"center_point": [38.6556061, -90.2978793], "sample_points": [[38.66509137327048, 38.66638554357532, 38.644869148175225, 38.66406169535477, 38.649239811180195, 38.66897666012016, 38.66766162856258, 38.66757388499357, 38.63618791385146, 38.64095254658732, 38.66764745609627, 38.65057743149295, 38.64852531996822, 38.67541139887869, 38.65583314960545, 38.65655335615811, 38.64504715289007, 38.675684449519075, 38.6510248527334, 38.644606461471675, 38.66708089754669, 38.65947406427888, 38.667408181528685, 38.64238621985542, 38.63716003017385, 38.66694547298566, 38.64460093284527, 38.64253149465683, 38.640547057643055, 38.665427200098065, 38.67005318631908, 38.676253780524256, 38.67809566780453, 38.67515792522219, 38.64995839700473, 38.639626195871564, 38.657951707873586, 38.63463583917779, 38.64850800771426, 38.66589087883912, 38.658885107402504, 38.67235451774007, 38.672012574632845, 38.65589503789272, 38.67419423736882, 38.644095361761956, 38.66602288337896, 38.67301310954237, 38.67176999867181, 38.63789788441949, 38.67613583420835, 38.65039059064423, 38.66223601693494, 38.66955219834676, 38.645105989296034, 38.63468211042942, 38.67493227519804, 38.64821994354625, 38.65151392866397, 38.63674797568186, 38.63938510990569, 38.65275287860365, 38.67340724212331, 38.66049362967572, 38.67406527215646, 38.665187039072755, 38.633597531000994, 38.67008197354193, 38.676340781526456, 38.63323225748565, 38.675174302214295, 38.67057429196243, 38.63768984307676, 38.652747665339604, 38.634662875215696, 38.639041942224026, 38.672053921698925, 38.672978301287046, 38.672350190666805, 38.637046229132636, 38.665302587546975, 38.63495921108858, 38.655385668012684, 38.64483464637676, 38.668998091074194, 38.65667310738102, 38.63452158334035, 38.63337257610762, 38.639005867678485, 38.66962892386479, 38.648569310604714, 38.66209588076733, 38.645173188431485, 38.6686327992623, 38.64590347008277, 38.65339045733314, 38.659495825207784, 38.650414533345746, 38.656184942454104, 38.65673021967547, 38.6378252519042, 38.65434104501983, 38.67292954929902, 38.656410480865645, 38.66950667333635, 38.658620476143305, 38.66300011924431, 38.67370198477597, 38.656368325484195, 38.64286128391251, 38.65933727996617, 38.64926967304072, 38.65572279155086, 38.635476449473195, 38.67366248265637, 38.661638154839665, 38.65167707303592, 38.65540645667739, 38.64899914028027, 38.66837364141373, 38.67558705977097, 38.663991468294945, 38.66638163751447, 38.63732981859583, 38.63636565225266, 38.639474991855735, 38.66307115843233, 38.648530748915476, 38.641791818764894, 38.6393633332103, 38.666366928847495, 38.63505574197006, 38.633713272840986, 38.678042141329286, 38.659697162138855, 38.64371800258225, 38.64670215075232, 38.64070799545213, 38.63813358770256, 38.66570856333651, 38.65606512493981, 38.6439653334533, 38.66889522432616, 38.64842378888641, 38.649954801149974, 38.65955476292255, 38.63527907762917, 38.65390139666492, 38.6561838860506, 38.67236476838602, 38.642282976337626, 38.639199321660016, 38.63553774728738, 38.64196840553498, 38.67051313017064, 38.66092626947915, 38.644830489703175, 38.64311403312732, 38.66952678183587, 38.643846945866535, 38.671398251931464, 38.64012253444453, 38.643154927363796, 38.6401671363981, 38.67472264278921, 38.647345947928144], [-90.2959985132825, -90.2707360727502, -90.3216564130493, -90.28553279548971, -90.31443724642399, -90.2962028502582, -90.28081528487685, -90.27393195022547, -90.29873099106862, -90.30536528836471, -90.2998638351278, -90.2774498709188, -90.2706476002501, -90.31413425830331, -90.31353295791806, -90.30559979623565, -90.30054835081911, -90.27765122011637, -90.2799613493684, -90.30059302803706, -90.30293063944262, -90.2801343064044, -90.32181769807381, -90.30423444216069, -90.2714343749076, -90.28503803813565, -90.2890567813105, -90.2799230790808, -90.30840377761972, -90.28878163248032, -90.29302092611265, -90.27110858932255, -90.2695318813488, -90.28698282116208, -90.31194907254259, -90.32154358071436, -90.28582431148592, -90.30221866458845, -90.2868461735136, -90.29436275570073, -90.32433184426982, -90.30705818872315, -90.27914860832145, -90.2939164899141, -90.27039242834773, -90.30676512103561, -90.30455597231348, -90.3176981279071, -90.27334006278522, -90.27671258257294, -90.30126509923309, -90.31536772053383, -90.304778101761, -90.288888773856, -90.29277614125411, -90.2893906596281, -90.288725126726, -90.3051139162764, -90.3240783868054, -90.3203910754402, -90.3032386209279, -90.29599210379047, -90.31865165300253, -90.27619116469134, -90.31447711629154, -90.3187289441726, -90.30938279857473, -90.32257190233439, -90.3083144762276, -90.28282583349242, -90.29681402037988, -90.31294677721976, -90.27706783917367, -90.31267029500324, -90.28705600310502, -90.27929090703465, -90.28300856004613, -90.27424266237735, -90.28796721982802, -90.3071058749217, -90.28196215449978, -90.31595992980951, -90.31268801548397, -90.30674026908255, -90.30629265278657, -90.30766466796274, -90.32154404269777, -90.27296336096127, -90.28367263511825, -90.32567733962478, -90.28415450370548, -90.31581628310958, -90.31867340766524, -90.30830391914219, -90.32064877111702, -90.29557008295606, -90.32605848596026, -90.27156171056654, -90.30510279017425, -90.30562973098577, -90.3027470402026, -90.31170540870121, -90.2775885112272, -90.31999423744988, -90.31077877928826, -90.31009695285472, -90.29465629187855, -90.32618929994214, -90.30208154741652, -90.29019063516188, -90.27435645953774, -90.28307519099319, -90.28096906673805, -90.26985064013166, -90.28203218292231, -90.28926941491441, -90.32181867336098, -90.32457457030284, -90.32206411630666, -90.32489718363648, -90.30117277165546, -90.27102622695179, -90.32302311047697, -90.2942940681988, -90.30377822722862, -90.30512103487413, -90.32553375118215, -90.30364002590528, -90.28529587199371, -90.29383411058389, -90.32131523125936, -90.28615443569399, -90.30764848422167, -90.28384674062654, -90.32480662849616, -90.31201652130318, -90.30110147315244, -90.30883948402858, -90.30846358465732, -90.32464492809355, -90.31611310728292, -90.29766636380816, -90.30042487820786, -90.30576449622771, -90.29366424788263, -90.28850891676579, -90.27140113907389, -90.29134174972577, -90.2937822306841, -90.28368607772818, -90.28399987675168, -90.2890829625371, -90.28333693531906, -90.31913812636243, -90.2777025174385, -90.27979647853098, -90.29727283463149, -90.27325249431371, -90.29628727411846, -90.31362970942683, -90.31374276475401, -90.31353484246242, -90.30684191142635, -90.2948049206164, -90.31294589992099, -90.3095482284419]], "boundary": [[38.67813936340025, 38.67813936340025, 38.63307283659975, 38.63307283659975, 38.67813936340025], [-90.32663790140329, -90.26912069859672, -90.26912069859672, -90.32663790140329, -90.32663790140329]]}