{
    "boundary": [
        [
            41.15846065268005, 
            41.15846065268005, 
            41.14944734731995, 
            41.14944734731995, 
            41.15846065268005
        ], 
        [
            -81.36255638697517, 
            -81.35062561302483, 
            -81.35062561302483, 
            -81.36255638697517, 
            -81.36255638697517
        ]
    ], 
    "center_point": [
        41.153954, 
        -81.356591
    ], 
    "distances_to_center": [
        376.8760360362656, 
        144.68149143860745, 
        327.11021897254136, 
        141.49034482199667, 
        174.14170981424385, 
        387.1074913581095, 
        130.1489923176238, 
        481.60391677869785, 
        604.9065391085775, 
        396.5357361655307, 
        196.5526481136785, 
        618.8409294122972, 
        144.94457126316917, 
        71.20081099550814, 
        515.2968135016857, 
        507.0748502070659, 
        325.19490874185976, 
        428.51949529339663, 
        610.5305949390965, 
        573.0395935643755, 
        199.2063262448372, 
        484.4634314569631, 
        446.3057006080358, 
        541.9559002015836, 
        497.76323260390467, 
        386.07387509274463, 
        378.1976007867891, 
        258.81636945816814, 
        499.415545578186, 
        484.44676034990994, 
        256.8140827561662, 
        223.7320922210747, 
        435.6756324468787, 
        260.352111879662, 
        524.6325720738757, 
        360.8632893612397, 
        563.5245508004701, 
        556.8764912612418, 
        381.51482823353444, 
        505.89626129225405, 
        296.70653644665975, 
        463.3266215865983, 
        274.4109322260667, 
        432.3674513126172, 
        544.9037847211606, 
        284.10722229864297, 
        367.975792609283, 
        385.0962961688916, 
        470.69811349329296, 
        450.0626603164389
    ], 
    "sample_points": [
        [
            41.15718396210782, 
            -81.35795511465547
        ], 
        [
            41.153080429752734, 
            -81.35531030462155
        ], 
        [
            41.15257857600069, 
            -81.36004464687177
        ], 
        [
            41.155213875067396, 
            -81.35682803380293
        ], 
        [
            41.15369983020873, 
            -81.35864338112188
        ], 
        [
            41.15310821993751, 
            -81.35210591578263
        ], 
        [
            41.15379379120897, 
            -81.35813087582196
        ], 
        [
            41.15717062240443, 
            -81.36044318217974
        ], 
        [
            41.157632214708684, 
            -81.3512676011169
        ], 
        [
            41.15043690136609, 
            -81.35737368173771
        ], 
        [
            41.1556831204988, 
            -81.35707843730856
        ], 
        [
            41.15784293322654, 
            -81.35130340025643
        ], 
        [
            41.155127980370416, 
            -81.35583860554244
        ], 
        [
            41.153679912541094, 
            -81.35735957861728
        ], 
        [
            41.15565750567262, 
            -81.36231489424105
        ], 
        [
            41.14959765356596, 
            -81.35480032374757
        ], 
        [
            41.156016520239696, 
            -81.3593447686088
        ], 
        [
            41.15534791113001, 
            -81.35181921866388
        ], 
        [
            41.15038024098651, 
            -81.3510550562462
        ], 
        [
            41.15831322594083, 
            -81.35294026582119
        ], 
        [
            41.15342556592032, 
            -81.35886446283234
        ], 
        [
            41.14993093196301, 
            -81.35436974452482
        ], 
        [
            41.15622537568802, 
            -81.3521959042267
        ], 
        [
            41.15766080678772, 
            -81.3607940977765
        ], 
        [
            41.15840549252491, 
            -81.35596352445744
        ], 
        [
            41.15615836060355, 
            -81.36015376400256
        ], 
        [
            41.15295746383033, 
            -81.36090994385557
        ], 
        [
            41.15349237465135, 
            -81.3596209035674
        ], 
        [
            41.156424134658295, 
            -81.35160900848177
        ], 
        [
            41.150645584817354, 
            -81.35282627344132
        ], 
        [
            41.15205702731017, 
            -81.35484129323518
        ], 
        [
            41.1521616313619, 
            -81.35537678909051
        ], 
        [
            41.150087026095896, 
            -81.3574290780034
        ], 
        [
            41.155110382757364, 
            -81.35388703804985
        ], 
        [
            41.14980508094932, 
            -81.35957467419506
        ], 
        [
            41.150802431877956, 
            -81.3576195012623
        ], 
        [
            41.15835352194417, 
            -81.35993201295317
        ], 
        [
            41.15645017603442, 
            -81.35082460422952
        ], 
        [
            41.15090946212377, 
            -81.35869209445065
        ], 
        [
            41.15809848192111, 
            -81.35908371714758
        ], 
        [
            41.155709628411586, 
            -81.35392219013504
        ], 
        [
            41.15462185856274, 
            -81.35112851347378
        ], 
        [
            41.15301971043351, 
            -81.35355740210994
        ], 
        [
            41.15145555752419, 
            -81.3526339828133
        ], 
        [
            41.15100059196908, 
            -81.35139756187259
        ], 
        [
            41.15645777976607, 
            -81.35591468289086
        ], 
        [
            41.15102505507646, 
            -81.35454528641095
        ], 
        [
            41.152730740341006, 
            -81.36089410248118
        ], 
        [
            41.15375859864027, 
            -81.36220704990734
        ], 
        [
            41.157687668612986, 
            -81.35451547479114
        ]
    ]
}