{"center_point": [36.1197548984275, -115.17222051111452], "sample_points": [[36.09755402959038, -115.16990500580786], [36.11602127820303, -115.18215381818244], [36.13464855477967, -115.16490951511803], [36.12998641766981, -115.19098561731408], [36.12472057584275, -115.17230723821375], [36.139505947307526, -115.17224275722295], [36.1024133917296, -115.18695418549304], [36.10340065032573, -115.14625847018046], [36.12910143507155, -115.14939667847213], [36.1074636239649, -115.16484100481964], [36.12321261328515, -115.1864033935311], [36.10529465180439, -115.14496301928246], [36.09981437201025, -115.1992370666068], [36.09729000121326, -115.17356910431215], [36.139328140008374, -115.17714229840207], [36.12289989511184, -115.18161513971609], [36.12467496681922, -115.15519380918019], [36.12339132702654, -115.1720339030989], [36.097398607819144, -115.19074172049345], [36.10198597698889, -115.18451772517962], [36.09925957096664, -115.15362740871286], [36.11045398687225, -115.168855417364], [36.10500670435014, -115.18434038625018], [36.103055408957516, -115.1781349532587], [36.110382048470775, -115.18114454361626], [36.111326132332366, -115.15048123945546], [36.134257242053046, -115.16968751279057], [36.12724137081779, -115.15467182369866], [36.11812922606953, -115.16284529554163], [36.12650223740836, -115.1596566967731], [36.11604165515789, -115.16943445232816], [36.10004415191599, -115.15036521566674], [36.12547489391627, -115.18916642935942], [36.11927282126667, -115.1595559409327], [36.10475088921035, -115.19760485906363], [36.11485064827212, -115.15901277543804], [36.107736691178616, -115.18605212281685], [36.10482611688542, -115.15073948222596], [36.14097699665744, -115.1674072408806], [36.09810741573438, -115.17320855354386], [36.1164529363783, -115.15052941449291], [36.131096102474686, -115.19729952239314], [36.09923555328673, -115.18125903737487], [36.13428173847484, -115.17540724063468], [36.11571627959608, -115.17199823437313], [36.115785895967996, -115.18536040867929], [36.13554483515901, -115.16515694122822], [36.12350846252145, -115.19370773584937], [36.12860809075957, -115.16808736982745], [36.131703383552306, -115.15816646286038], [36.126669082925964, -115.17419114585427], [36.12584053096464, -115.15564125010522], [36.11714115206435, -115.17231828709363], [36.124852986875034, -115.15559574781813], [36.10887725772184, -115.1771357593398], [36.140233207165096, -115.16228824549444], [36.100035678001916, -115.16401367802973], [36.10386846497496, -115.18456756152796], [36.12431683177975, -115.18332986257867], [36.13190287323346, -115.1458608924281], [36.100975633698454, -115.16209574756975], [36.11500165411161, -115.1593865329418], [36.11037730788012, -115.18670876461347], [36.119871117380605, -115.1788368975743], [36.10050932211795, -115.18091284244525], [36.123276195008, -115.19103960436877], [36.113521231626834, -115.16351770488734], [36.136362842754686, -115.1525589923271], [36.1089897750104, -115.18389972322582], [36.11265945516253, -115.15807650285805], [36.11771072367097, -115.19908222096096], [36.12313432778851, -115.16504011570437], [36.106991700497204, -115.1822513975291], [36.11102771635469, -115.17456426997708], [36.10920616392809, -115.17702182175331], [36.11333561089891, -115.15738324289795], [36.13875142352649, -115.17918857208416], [36.13056778750511, -115.15347025657414], [36.12229442328622, -115.14974098305989], [36.10450487696888, -115.19139746293683], [36.113526925352026, -115.15433818698432], [36.12407328032206, -115.20001831008413], [36.14184202897004, -115.19947873247567], [36.10949026924611, -115.1810435180586], [36.10132124056574, -115.15136523582883], [36.12083002998472, -115.18019202042443], [36.14184728954071, -115.19589882345392], [36.11604152890413, -115.15217479678181], [36.13025884452824, -115.17917635803843], [36.11288088082352, -115.16945824454862], [36.09907965407176, -115.19739722502092], [36.0979385555165, -115.19976990053661], [36.10004964500279, -115.1604818376677], [36.12343518599335, -115.19552071523289], [36.10828488758921, -115.19786619054548], [36.12599278264641, -115.1920741580651], [36.13443698908665, -115.17063843900875], [36.105178911309984, -115.17663911607394], [36.10168622969339, -115.15122808380957], [36.11784779075347, -115.1777920862534], [36.12795972593936, -115.17084664748049], [36.12464123767006, -115.17724085494861], [36.117876932609136, -115.17513699031859], [36.131489524566746, -115.19947422899791], [36.10715308175473, -115.17675144842534], [36.11187562737793, -115.19340962089942], [36.108940014498195, -115.148614329864], [36.09763752692926, -115.16677753789169], [36.13984096655623, -115.16459697895107], [36.09857230691316, -115.17457290547027], [36.11718169337004, -115.17397302132292], [36.12807896866534, -115.15873258348218], [36.13796726888702, -115.19916767074773], [36.11055235002205, -115.18036694163932], [36.10000182626539, -115.19262901216983], [36.10224490749558, -115.17985888256163], [36.1385120798754, -115.14766434747243], [36.0995800533333, -115.15799560866006], [36.12403324148372, -115.19175074974257], [36.12613389641764, -115.19053798675587], [36.11127280425188, -115.19612144340448], [36.123605721705474, -115.15169214538976], [36.13781534631341, -115.15292201319892], [36.13965368733073, -115.19236144292063], [36.11761512367552, -115.19278400608627], [36.123765558487555, -115.19187371294686], [36.138678070723316, -115.17975279838754], [36.14152758460006, -115.1532262121562], [36.11922941412096, -115.18656988783971], [36.13356706888131, -115.16030391098813], [36.10963163287144, -115.14994545082236], [36.11029754369446, -115.17862548279489], [36.11523114276616, -115.16439951087828], [36.11796011426767, -115.190816715514], [36.09804945194824, -115.19386585686033], [36.1224776386808, -115.150051226998], [36.1195596604625, -115.16211549636476], [36.115025792311386, -115.18784242645188], [36.11095907603974, -115.19974120871086], [36.11222731114552, -115.17650844337089], [36.128326689412866, -115.167248579962], [36.11982978486637, -115.17419054103803], [36.114931505574745, -115.19136010987769], [36.132233866608765, -115.16037407663572], [36.106660568804294, -115.1922095375546], [36.14051209835177, -115.16617657596457], [36.13244129065038, -115.16156630910477], [36.13059000922785, -115.15032425150106], [36.10012852286071, -115.19518684373362], [36.10762920717814, -115.17581832165105], [36.099384147067816, -115.1541737826618], [36.10609039735316, -115.19454477114242], [36.12686037550791, -115.15292050167349], [36.10423555004879, -115.18598650579918], [36.129726895459086, -115.15372789405826], [36.12861627772876, -115.1873142847723], [36.10987452909871, -115.16949494224973], [36.1031141359227, -115.1631150302523], [36.104687898134955, -115.16608045489903], [36.135625192457425, -115.18067172349777], [36.10303425701746, -115.19916379621527], [36.103938948343284, -115.17453455238577], [36.127812707469104, -115.15904354071115], [36.12648062129191, -115.18966088253649], [36.12311396607963, -115.19124043090548], [36.138770381407696, -115.18913722329815]], "boundary": [[36.14228816182775, 36.14228816182775, 36.09722163502725, 36.09722163502725, 36.14228816182775], [-115.20002242059907, -115.14441860162998, -115.14441860162998, -115.20002242059907, -115.20002242059907]],