{
    "boundary": [
        [
            36.14228816182775, 
            36.14228816182775, 
            36.09722163502725, 
            36.09722163502725, 
            36.14228816182775
        ], 
        [
            -115.20002242059907, 
            -115.14441860162998, 
            -115.14441860162998, 
            -115.20002242059907, 
            -115.20002242059907
        ]
    ], 
    "center_point": [
        36.1197548984275, 
        -115.17222051111452
    ], 
    "distances_to_center": [
        1097.812702371484, 
        1864.4422162835583, 
        278.0055385153797, 
        3194.9366287807834, 
        1153.1436478737367, 
        1961.0404004829145, 
        3373.6309881931234, 
        2112.2835133441245, 
        1720.710249713506, 
        1785.9961743364556, 
        1528.450040070015, 
        2592.6637829228807, 
        2279.760459890402, 
        3344.0607004375793, 
        2476.2655117280765, 
        2019.6712498239835, 
        1936.6741729032285, 
        1852.7618002139357, 
        1900.355082245972, 
        1053.737320706212, 
        887.4703540726163, 
        1333.6784338390125, 
        1941.5245138996738, 
        940.8523344426126, 
        2323.7319087723154, 
        2378.8647934615483, 
        2649.3062866659666, 
        1805.2259965204044, 
        1278.7161377296982, 
        879.7431130478678, 
        1700.269730174264, 
        1806.4277272958266, 
        1686.5662287352138, 
        2097.898925997945, 
        2191.406810855838, 
        2523.5922757148514, 
        1782.225642453233, 
        1942.8554296036707, 
        2096.1480851951646, 
        2159.4017951326227, 
        2049.4467031429863, 
        1659.2510944733729, 
        2809.1061064589203, 
        3259.837344090201, 
        2514.3487338275363, 
        2126.722457142758, 
        440.2829779421514, 
        1209.8748899899324, 
        954.8454782715645, 
        2459.976300453258, 
        2796.04138433311, 
        1565.8566404607122, 
        2431.358612412459, 
        2733.34025980262, 
        2957.8328388373343, 
        2364.828717133078, 
        2534.554264616848, 
        1650.857080865755, 
        1715.4793536297086, 
        2415.5321686115776, 
        2186.162510917492, 
        3092.3276611340734, 
        2873.488111626919, 
        382.07237718747797, 
        940.3944340319141, 
        1702.5409470573152, 
        2900.113000788841, 
        2838.1722778281573, 
        1665.5318135607156, 
        1510.5207499362425, 
        1026.006721399757, 
        1880.1368294396302, 
        2543.9400074029522, 
        2630.943892210668, 
        370.7591196764878, 
        1923.549219959399, 
        2401.5245907035383, 
        2186.771541833442, 
        2168.9641759351807, 
        2388.2612357807725, 
        1457.1931404296693, 
        2374.468688402382, 
        874.873173097192, 
        1415.4044931692792, 
        2018.624545716507, 
        1480.9020240802822, 
        1870.5029245729886, 
        2265.7639529831577, 
        2434.8168203722944, 
        1437.897803630501, 
        1533.7769832836163, 
        2206.449968675863, 
        2004.3018381440056, 
        1663.6277629326476, 
        1928.3678332069783, 
        2327.34065620395, 
        564.9765040495084, 
        2375.713125078492, 
        1610.6485565283024, 
        2654.5184824716334, 
        393.84563610796874, 
        2001.4741548804982, 
        1084.7025059261612, 
        1870.0500636634192, 
        1870.1465057559606, 
        1173.8665556625792, 
        1141.7482137302306, 
        746.2283428408189, 
        1492.9532048383853, 
        1520.5794294412487, 
        2883.4428190779463, 
        1871.0034039939505, 
        2207.7757010394075, 
        780.0551820231857, 
        3099.8716243258123, 
        1698.3774698269117, 
        862.1907238498987, 
        1820.2623095995075, 
        2199.797005787749, 
        2168.9646385376886, 
        1913.5971329265744, 
        1865.4809072591822, 
        577.9931443002531, 
        1439.264284627838, 
        1232.3815161724508, 
        1363.3068245936756, 
        2489.397453804239, 
        1897.610714542925, 
        2592.314256478656, 
        1815.6036764126259, 
        1751.8397527682919, 
        1283.0444959378754, 
        2468.4284499893124, 
        2310.8341705645685, 
        1227.6932849447305, 
        576.1846187597981, 
        3037.0503546766176, 
        2871.535689084404, 
        2473.5213548727124, 
        1954.2889962739575, 
        2695.8665386390358, 
        635.7403407695119, 
        2449.675220050165, 
        1961.7346373660462, 
        1898.4621205458352, 
        1665.4327334618808, 
        2636.7939694614097, 
        1245.1443227268528, 
        1105.7516209958549, 
        673.682073455801, 
        2403.955733504727, 
        351.04298115468254, 
        2527.767949082469, 
        3159.1047599380117, 
        1089.6814512303142, 
        635.011166399925, 
        575.0663312406012, 
        1799.077999371291, 
        2027.7019220704226, 
        1296.6604766749483, 
        737.8577930939456, 
        976.2432968981257, 
        2868.2617944848967, 
        2029.8884523275328, 
        2567.894669500649, 
        2591.1425872149
    ],