{"center_point": [39.74866, -105.00771], "sample_points": [[39.729895537453835, 39.73864708743712, 39.7550746565381, 39.74858673976922, 39.7497150318834, 39.76646524573471, 39.73736963080965, 39.75399349442658, 39.74043435760126, 39.743510502297994, 39.730621901789654, 39.74581267356438, 39.75832566852846, 39.751892435764326, 39.74209093457968, 39.72703663322466, 39.729491482717464, 39.75958867230799, 39.74011594676215, 39.7540419542089, 39.764607787614274, 39.75871276769665, 39.761071804882114, 39.76265759780322, 39.74083346438952, 39.764031915568985, 39.733628824935195, 39.754838910415145, 39.732786180695115, 39.73650896988866, 39.73290664428876, 39.768357603039256, 39.732151755486726, 39.73773670595231, 39.73649824335429, 39.74895404767999, 39.75592756120797, 39.73618968536002, 39.72645450669037, 39.757130188988455, 39.73454774259527, 39.76499808502294, 39.74486656794553, 39.735563969877845, 39.733142608262135, 39.73824734357472, 39.762923563036644, 39.75728603490797, 39.74232136073851, 39.75638874651166, 39.732042235777286, 39.76122329850793, 39.73381623412451, 39.7593727284119, 39.759225469253295, 39.7305122971925, 39.74020471180314, 39.75235149563166, 39.747565344841576, 39.76704504959345, 39.77035358647162, 39.753275925709644, 39.74152708646073, 39.74045666777335, 39.762365177936594, 39.74282056522682, 39.73997596923328, 39.75340397772847, 39.7665899780586, 39.75865788968176, 39.728082381468575, 39.76961783998385, 39.7525358770319, 39.730728633735666, 39.754044015248546, 39.74529861098848, 39.73976268493009, 39.7347115321106, 39.769363086042596, 39.72694955700619, 39.740518073880544, 39.75541718280766, 39.74147729474488, 39.76983697361452, 39.77026356658855, 39.72681089882025, 39.73161279075157, 39.74259127530207, 39.77072444219835, 39.73742920222571, 39.77020465067043, 39.72706829614867, 39.738375337664536, 39.75077109101283, 39.770572467289504, 39.762558642894646, 39.75544830455455, 39.76689662644666, 39.73352034491829, 39.74848834752424, 39.73496856377833, 39.76796346840266, 39.76553002060322, 39.744508641932036, 39.75591438003131, 39.76781177506181, 39.72737108876365, 39.75194687039233, 39.767880240796366, 39.75685101581346, 39.72755608877328, 39.74009027403255, 39.75270473019225, 39.741694937964255, 39.7269668284586, 39.743889909493745, 39.73282298768222, 39.75099357350273, 39.74776256507208, 39.745073277976296, 39.76826436841205, 39.75963085188215, 39.758602733911594, 39.760308543659825, 39.757826610283956, 39.76937647290506, 39.74736131820053, 39.74583303632817, 39.74296788999129, 39.73768643776501, 39.73825893994243, 39.734080669876896, 39.74952065121423, 39.74656904432897, 39.74992356810399, 39.76480923830219, 39.751145717242196, 39.76602565613111, 39.76651976213051, 39.755640880045725, 39.75524392414038, 39.73327078106008, 39.75618426593141, 39.73870690919402, 39.765172003247116, 39.76799175743395, 39.76433791537174, 39.739063235449976, 39.76125206012038, 39.72944110786009, 39.76749113712447, 39.745827412499516, 39.75928753624333, 39.7695466741469, 39.74586731010168, 39.73651248855473, 39.755174848782744, 39.73614651924621, 39.767726484489756, 39.73736196871518, 39.739863103627975, 39.75431468458095, 39.733583757996584, 39.730048325542285, 39.760734706032835, 39.74579758765495], [-104.98081517644893, -104.9920851296133, -104.98811762506874, -105.00378563476515, -104.98238644729645, -105.0287595966114, -105.03417085648195, -105.02993938058646, -104.99801856284486, -105.01255092483564, -105.00507172607114, -105.01531460181087, -104.98494144880237, -104.98684703235563, -105.01205767290719, -105.00164773825817, -105.00849270779635, -104.98362685671911, -104.98039615858534, -105.01845911447771, -105.00035396330418, -105.01803184190213, -104.98171531293289, -105.0269201096501, -105.0074379017041, -105.00141155308107, -105.01903550813464, -104.98924861674112, -104.99545687224426, -105.00960319904324, -105.00536082248803, -105.01535644507348, -105.03629255718803, -105.00436826106827, -104.99287540197106, -104.98525502662032, -105.03633866725455, -105.02295223683866, -105.01762619426266, -105.03637769011064, -105.03224757472604, -105.01644627331818, -105.00010636341133, -105.02071878138402, -105.00958563013106, -105.01365479431036, -104.99704214672697, -104.97915236877007, -105.00667749010742, -104.99892558671658, -105.00861641639617, -105.02702221273945, -104.98796283252045, -104.9818436553656, -105.01329836476309, -104.98359436139094, -105.00999716104441, -104.99691046839477, -104.9945901170899, -105.0148747956056, -105.03357936026508, -105.00637817896941, -105.01570550802003, -105.03332905704467, -105.00639844794422, -105.01492057007248, -105.00725949002181, -104.99613637392778, -104.99357504772904, -105.03347189666472, -104.9882259190792, -104.99636620802227, -104.99552923720786, -104.9950213487118, -104.9849230740465, -104.99382312734046, -104.98659671169625, -105.00583296871731, -105.00259053210118, -105.03497850508138, -105.01749976163094, -105.03689111455685, -105.03520384822949, -105.00525890169638, -105.02650259519353, -104.98325392935469, -105.0064552980219, -104.99706516298134, -104.99067245473707, -105.012625911111, -104.99305108507527, -104.98566773134023, -104.99697124865054, -105.01840459652321, -105.03128654382373, -105.02403759920138, -105.00887665337206, -105.035568938163, -105.00788790354703, -104.99281462569861, -105.01781982711103, -105.00036713229758, -105.00177578585226, -104.9908565775475, -104.99427485413085, -104.98159652347002, -104.99119541469989, -104.98783057908179, -104.97946245635754, -105.01157276691588, -105.02171825044736, -104.98428801475211, -104.98878790489115, -105.02533215490153, -104.9809551236757, -105.02857252232856, -105.01442537521872, -104.98627919158206, -105.02992421713193, -105.01362755561745, -105.00140728747101, -105.0048013951505, -104.9855412193763, -104.99606495760752, -105.02358213168375, -105.01304934979727, -104.97998061860453, -104.98633125408114, -105.03601214803919, -105.01289252842078, -105.02356390024049, -104.99689002660733, -105.03565022449662, -105.00133601933693, -105.03281912296241, -105.02851510917424, -105.00175005729002, -104.99079502463582, -104.98962740833876, -105.00042652357602, -105.01443495168324, -104.98052386149637, -105.01154116497405, -104.97933939479584, -104.99242977148242, -105.02525920396563, -105.03062422678124, -105.00579000282288, -105.0344959045179, -104.98862157664048, -105.02114716511058, -105.01375400047968, -105.02252784998728, -105.01742551617878, -105.03391108529793, -104.9891258689337, -105.02025688567245, -104.99347032540732, -105.0126838244847, -104.98927495465593, -104.99080823096958, -104.97879820917154, -104.99623916955599, -105.01328752379551, -105.02897507257886, -104.98174898972786]], "boundary": [[39.77119326340025, 39.77119326340025, 39.72612673659975, 39.72612673659975, 39.77119326340025], [-105.03691961715147, -104.97850038284854, -104.97850038284854, -105.03691961715147, -105.03691961715147]]}