{"center_point": [39.74866, -105.00771], "sample_points": [[39.76330458454442, -105.01761722933388], [39.74691078408194, -104.99887054407107], [39.761193503748885, -104.98991098881415], [39.72921283206511, -105.00870962984605], [39.736760389467044, -105.0023529763038], [39.76687793008232, -104.99675161391711], [39.75327861845279, -105.0186995658356], [39.727882567697485, -105.00355933192307], [39.73007223864848, -105.01602686860016], [39.74720089698673, -105.03605079011507], [39.754885816119895, -105.01395720965377], [39.74076486975537, -105.01423098884513], [39.72977707742587, -104.98564833464684], [39.7584161871677, -105.00573474738464], [39.73756238062603, -104.99623695388806], [39.749919374737615, -105.00264757525218], [39.76617467680622, -104.99788759812907], [39.75338483790912, -105.0364016902252], [39.748685388684656, -105.0012359141126], [39.76234302385195, -105.03600399303951], [39.73654066950768, -105.02032987679851], [39.753034303571305, -105.00896050101666], [39.76549749615733, -105.03505285266519], [39.75844371149323, -105.0159665488495], [39.76910755182986, -105.00760271735334], [39.73119563399486, -104.98827562558738], [39.755551198982985, -104.9981544639191], [39.748085394888555, -105.00444567098296], [39.727207548771844, -105.01445540644899], [39.757289836971886, -105.01202784078248], [39.72944540158676, -105.02029448892581], [39.76424450856794, -105.02112494822691], [39.746940831275225, -104.99645259165116], [39.7597589840298, -105.003693669768], [39.72975887941024, -104.98194896871861], [39.77109335785535, -105.00927301722682], [39.76205094422845, -104.98461803982532], [39.75676460250157, -104.99838518418032], [39.74065787984246, -105.0225737194309], [39.74331421713173, -105.01380216751505], [39.73230108868861, -104.99837494904625], [39.741574853153715, -104.99505061858342], [39.734659875694895, -105.02126330316035], [39.75147349279077, -104.99158117782675], [39.76124506295587, -104.98278248204173], [39.72702835572346, -105.01422300442141], [39.72804722787057, -105.01389368186378], [39.751861317575944, -104.98147587466809], [39.74446147141671, -105.03034989362597], [39.75261264514063, -104.99700905254402], [39.73744466665385, -105.03361972540301], [39.737633835712614, -105.01722253389171], [39.73856654474568, -105.02038942127669], [39.7524795655079, -105.02866046370042], [39.753847886832446, -104.99221855690166], [39.75451469169469, -105.02666231754942], [39.74008523540946, -105.01384373243205], [39.75202723518584, -105.02630106958283], [39.72976638803368, -105.00105489749738], [39.755719865613635, -105.01876211991915], [39.757298284319404, -105.00842361887871], [39.75697728340567, -105.0253733686068], [39.76968688039244, -105.03442517365205], [39.755463455335835, -105.01500667791883], [39.73671389528467, -104.9885325357252], [39.74269769952159, -104.99001318435009], [39.73927033008627, -105.01460325077298], [39.73136855806975, -104.99134204156567], [39.75929053453139, -104.99107179607763], [39.729637018660156, -104.99544691359766], [39.745274050783785, -104.98684834818711], [39.74997610502637, -105.01414198051002], [39.760800602796934, -105.00950224710489], [39.765269340836255, -104.98698190794428], [39.74286829429943, -105.02519889698641], [39.74716309515808, -105.0015379726577], [39.76451809060626, -105.02887528900105], [39.73572091437642, -105.0310756238963], [39.77104962925976, -105.03255970435988], [39.76271290367923, -104.99457719335503], [39.73345648431803, -104.9899331200653], [39.75454368066252, -105.01973264964518], [39.72922103369716, -105.03486606028844], [39.73962804238521, -104.99347184970769], [39.76959290825734, -105.03292106583413], [39.76521496952773, -105.02018406524174], [39.77016806037979, -105.0202597901115], [39.74351235398789, -104.99631412128421], [39.73992272779335, -105.03349409184814], [39.74332160993897, -104.98537541053048], [39.766504763500656, -105.02890046367555], [39.75575771565603, -104.99187801465905], [39.73121174055899, -105.0273359114385], [39.75928078296837, -105.00948215572534], [39.74055001326448, -105.00930332728187], [39.76458668373473, -104.98864263375978], [39.738275934249735, -105.01027933876976], [39.74192690487942, -105.0176135366136], [39.74259240635601, -104.99838469448454], [39.750638323725454, -104.99151073049534], [39.75922306332016, -105.03012054398161], [39.74201024149875, -105.0238970399196], [39.73765599621884, -104.98257333280056], [39.7660647349669, -105.02962128291783], [39.7701637293686, -105.03245075713068], [39.730063740381524, -105.01276052080256], [39.76293466981369, -105.0316241057063], [39.73214268577352, -105.01323485257511], [39.75309140698757, -105.03632789826885], [39.73993599346461, -104.98401719041591], [39.73211834604692, -105.01821780483756], [39.752538491613265, -104.99167945766752], [39.76567419646224, -104.9944393864313], [39.74387285167327, -105.01832077066018], [39.74107695494039, -105.00156904671448], [39.75327784213124, -104.99043819673696], [39.727366930319434, -105.02435624028338], [39.73973028646016, -104.99421954768715], [39.75910442757801, -104.98791075804328], [39.742276886728014, -105.02127353276884], [39.75419230596108, -105.02145266549591], [39.734367873056286, -105.00895680027965], [39.752890300949645, -104.99051484055825], [39.7263067642041, -105.00144613908245], [39.74365632782364, -105.03300390365744], [39.74898340589776, -105.01655095395012], [39.751446187362276, -105.02658054882015], [39.75599437930374, -105.02913964140097], [39.76313132532064, -105.03261921814342], [39.72938064949011, -105.01028368838584], [39.77025086893147, -105.02668480743381], [39.7547380206088, -105.02216380370822], [39.77032472027903, -104.9795843662829], [39.73271003359663, -105.03370009206755], [39.741416535658004, -105.02299726491091], [39.7709895178797, -105.01961148876771], [39.75650582606241, -105.02731129482362], [39.73790748916085, -104.98521415366943], [39.76824136065256, -105.01207768130384], [39.73361366272024, -104.99144445606227], [39.76770912076128, -105.0294143383112], [39.744631983012326, -105.01259986686455], [39.74191558115398, -104.99112276920549], [39.73973864072525, -105.00340456934957], [39.75476889735996, -104.98569731092327], [39.74996079918664, -105.03513738460285], [39.7436830740584, -104.98809976599868], [39.76545731914478, -104.97996690730939], [39.761492728781406, -105.02313965142879], [39.761474910800224, -104.99803165517072], [39.730822599090615, -104.99881522500823], [39.73510023845928, -105.01051308672882], [39.769555266599006, -105.01875720816928], [39.736956261726824, -104.99760648667566], [39.729169469993025, -105.01059388877523], [39.759427329817846, -104.99711713849355], [39.730979644364155, -105.00451255549878], [39.729711186273335, -104.97910657883928], [39.76788680567798, -104.98307519557078], [39.766190633642836, -105.01688943429463], [39.726403966712425, -105.02366542984419], [39.754980473329574, -105.01510379300815], [39.76435755731306, -105.02406609090552], [39.73266160370984, -105.0234607950097], [39.73097046351396, -104.9981325637821], [39.748509816939745, -105.0219904941406]], "boundary": [[39.77119326340025, 39.77119326340025, 39.72612673659975, 39.72612673659975, 39.77119326340025], [-105.03691961715147, -104.97850038284854, -104.97850038284854, -105.03691961715147, -105.03691961715147]],