{
    "boundary": [
        [
            35.83867286340025, 
            35.83867286340025, 
            35.79360633659975, 
            35.79360633659975, 
            35.83867286340025
        ], 
        [
            -78.64808540259673, 
            -78.59269499740326, 
            -78.59269499740326, 
            -78.64808540259673, 
            -78.64808540259673
        ]
    ], 
    "center_point": [
        35.8161396, 
        -78.6203902
    ], 
    "distances_to_center": [
        1713.2442382789627, 
        3020.294487025394, 
        2059.359367538991, 
        2737.253310671337, 
        2469.0112952280306, 
        2131.1213055657468, 
        1621.6040863028913, 
        1319.7289329347673, 
        1044.840447494068, 
        1922.5911139099458, 
        1372.8141573666317, 
        986.6290261746169, 
        2023.8201480381704, 
        2425.711280514492, 
        805.3149815514086, 
        2593.977991619928, 
        2348.5374634974005, 
        2330.728977987241, 
        1817.1054757257068, 
        2203.536192676056, 
        1711.1667675903523, 
        434.6531990883728, 
        1969.0248812212308, 
        766.0007022743414, 
        1910.4127760057308, 
        2091.8402958373567, 
        2237.538836682504, 
        1845.5136332765517, 
        2301.5772951914537, 
        2254.8829165785432, 
        1358.5424097874652, 
        1616.7667004776174, 
        2043.2574703313874, 
        1958.0266469644098, 
        2033.0276778357365, 
        1918.4020901803322, 
        2020.8986686586297, 
        2213.291316887296, 
        504.6690677320422, 
        2182.7686479111553, 
        1921.560555319755, 
        2225.683734029825, 
        1848.203481261142, 
        469.3684321825882, 
        1736.6412950138308, 
        1679.3828160784371, 
        377.68214909583935, 
        1671.4717047608804, 
        3159.710100891495, 
        505.2821935034136, 
        1685.8009514512007, 
        2027.0848651396038, 
        2207.088704292798, 
        1229.8287839367183, 
        1948.7463284296741, 
        1723.5749817638887, 
        1641.5563040142579, 
        1707.3470705805314, 
        913.3119210346943, 
        2475.0375711176735, 
        894.4402086323064, 
        1581.5278994916275, 
        1499.360297778885, 
        709.3022689450731, 
        2686.016081612527, 
        2262.8099308119986, 
        1835.1064990919692, 
        1048.168219928467, 
        2315.3540168801633, 
        2269.655239141067, 
        1313.6170961577811, 
        1436.8680935935529, 
        1722.155111514272, 
        1673.0925227930425, 
        1480.861543387395, 
        2391.4996593762294, 
        2092.2150405942293, 
        1503.846945457091, 
        2810.511582047698, 
        1610.0473021162504, 
        1116.3675777454998, 
        2698.1465262259453, 
        1591.0824566181748, 
        1228.7710590795998, 
        2559.6931023832217, 
        1410.1716163523467, 
        1748.7928167365185, 
        885.6650647430449, 
        1457.7130075785042, 
        2605.4477788159747, 
        1900.1192604675382, 
        2083.7815003166165, 
        795.9709655145798, 
        2771.096117867528, 
        1423.7975194113963, 
        2023.0129004889875, 
        471.7703295395436, 
        2456.432711659654, 
        2247.8412068726857, 
        1915.5935654190498, 
        2082.49207581271, 
        1380.95798417521, 
        2002.4361873635357, 
        1993.9268884799276, 
        865.2055851477, 
        2266.8723151662093, 
        1605.3925260244814, 
        2736.725675483342, 
        2594.0918260012113, 
        577.951021856442, 
        1000.2707078289764, 
        1005.6261090491006, 
        1239.471502215158, 
        2917.4233211132, 
        1261.889080150337, 
        2799.680903659599, 
        1232.1541488253413, 
        3220.859662693596, 
        3243.0568077067783, 
        635.7075517062441, 
        2409.2666165121664, 
        1338.249613908698, 
        1402.3071608670612, 
        461.8828072740173, 
        2058.462519307279, 
        1821.7373652773833, 
        2356.1957128856916, 
        1739.8620707740035, 
        2539.4255959216184, 
        1452.9059722961458, 
        2143.8758052771605, 
        2988.4135636705214, 
        2466.1782751468763, 
        2327.8282554157563, 
        1799.7188089690753, 
        3308.1332998177027, 
        1730.7130864763496, 
        1251.8313772075467, 
        297.2055854619253, 
        2430.590552112552, 
        2103.824832300067, 
        2804.44492897785, 
        1059.7079950101702, 
        3268.1721034466914, 
        2649.10410620811, 
        1284.3899102650814, 
        981.2900947605332, 
        2046.7248464583304, 
        2500.805959468565, 
        1082.9439174188135, 
        1894.8498302380383, 
        606.5772439634086, 
        1828.8233004646218, 
        2714.7463763638884, 
        2642.0785324495964, 
        1952.493426574875, 
        2114.4816546630764, 
        1231.1243150109542, 
        1870.2858677465138, 
        1851.8465948495025, 
        1004.1168646455068, 
        1691.1252802263168, 
        1814.1777301897182, 
        2594.2768771993356, 
        2646.1600624226385, 
        1380.4730663782877
    ],