{"center_point": [35.8161396, -78.6203902], "sample_points": [[35.80983494051876, 35.82888662906924, 35.82895958291195, 35.83235597763584, 35.813003616643634, 35.79795604589334, 35.822140380296545, 35.81960515352287, 35.79415226381326, 35.80400229300492, 35.82207418895137, 35.83159986959182, 35.81832773809247, 35.81824309735065, 35.834833953288914, 35.834576553099566, 35.82816119931083, 35.81381961543983, 35.827030577103805, 35.82137075924716, 35.83042163983702, 35.8224181791807, 35.832358195641326, 35.8241809119533, 35.82500038228038, 35.81575979261876, 35.81702291578437, 35.809181525554614, 35.79733779718111, 35.80432327522392, 35.80041416155951, 35.79682760213198, 35.83360499102056, 35.81168461871019, 35.798465063236854, 35.829510311263775, 35.820788848121396, 35.81483862571778, 35.82091555659797, 35.813921588638905, 35.81233125308478, 35.81836873730851, 35.825339417610834, 35.808456632447246, 35.83130810312019, 35.814904171411804, 35.79551556028146, 35.80175704499409, 35.83072957368834, 35.794725835045064, 35.810821354394555, 35.83072635058499, 35.805773104569205, 35.827472768776005, 35.79840555423591, 35.80305016352796, 35.80111808825622, 35.81899857153187, 35.83238672605319, 35.824644277105946, 35.82048649429421, 35.79735819822706, 35.82850720440227, 35.81485338056665, 35.82609802521871, 35.80159912578882, 35.83828144920329, 35.82464330549003, 35.798728293038835, 35.836892884783644, 35.829850970953444, 35.83742782226436, 35.79743552602812, 35.82699163216347, 35.83643422053224, 35.80673493121626, 35.836661201003295, 35.81060596903358, 35.8186327773449, 35.80170540208333, 35.79982759092103, 35.82577863438936, 35.80639302067453, 35.81654508234798, 35.79539211530703, 35.83554936246327, 35.81735604929727, 35.8021189290968, 35.79725189760041, 35.82846228782243, 35.83250724351551, 35.805646943637576, 35.82615558490271, 35.799883536389224, 35.834600355948204, 35.8208214464911, 35.822434088551105, 35.8102824294532, 35.80524303553669, 35.82427383548476, 35.80148324480762, 35.798339877780016, 35.80701998497304, 35.82379356445467, 35.83639404641107, 35.802355065251014, 35.79366767209952, 35.82845474043473, 35.834351571134256, 35.805652325032995, 35.830656338672156, 35.79617841450918, 35.832991735697576, 35.80430352057378, 35.825882985417266, 35.82656211742219, 35.80267727899087, 35.82833915016491, 35.83343863086862, 35.799066271460404, 35.837749098363, 35.80587829126985, 35.80439017328122, 35.815768541491565, 35.80315672243751, 35.80315151227256, 35.837748873109796, 35.81901109726276, 35.802079207553675, 35.81401109022985, 35.82797648027054, 35.80367660464622, 35.79460670190643, 35.8290484031465, 35.809232111766114, 35.82273726689631, 35.81086132572174, 35.83177511183516, 35.82080950264785, 35.80280831304345, 35.822326653337655, 35.79842718434248, 35.80578291325974, 35.8006502538948, 35.797629066678795, 35.82593198803889, 35.8259185164934, 35.81687550296302, 35.832529689740085, 35.79772111710821, 35.82863201014017, 35.8351030828438, 35.79779038585868, 35.817368059436774, 35.83514368713689, 35.80579427845946, 35.800196227468575, 35.82647956240001, 35.79743462815324, 35.81821245104057, 35.81056860494479, 35.81411378148837, 35.812327167887176, 35.83069748072673, 35.797763250097354, 35.823464755098755], [-78.6443897864263, -78.59687164581116, -78.60055172766823, -78.60844823542259, -78.62668951280179, -78.64704040330042, -78.61354293902687, -78.63296822030792, -78.64342544406655, -78.6030406073664, -78.63332089289854, -78.59693535131592, -78.64035264143789, -78.63247239619182, -78.61336114290599, -78.60605819735163, -78.60429430778352, -78.59470808764546, -78.6303021387714, -78.62550724966256, -78.64564660349478, -78.63224414862759, -78.62590563253605, -78.63830136112469, -78.61742102057353, -78.64257850061722, -78.61141747420227, -78.63955235380506, -78.59298112543199, -78.59881206186031, -78.59867246006596, -78.63073374026997, -78.64456804579166, -78.59899782232645, -78.59330085047984, -78.5972025386523, -78.63363711487771, -78.5966536116835, -78.59688130688819, -78.64414619198577, -78.59821494588464, -78.64435491104182, -78.64010380678043, -78.62237698836229, -78.60313674116983, -78.62462663901654, -78.62392466130598, -78.60292818023001, -78.63412273326642, -78.60474658795366, -78.63239839135856, -78.62218781396618, -78.61690205873033, -78.63187545443478, -78.62183223627976, -78.64670587400875, -78.62698650323317, -78.61248674435161, -78.63284077707335, -78.6110784611198, -78.63489040714161, -78.60961264545486, -78.64672916391766, -78.61965132964724, -78.62634563049144, -78.62830748567612, -78.64694476881223, -78.6018607930711, -78.6045161620522, -78.63875702417991, -78.64229311663306, -78.61524894749941, -78.64416390846155, -78.63961683879366, -78.63857246459811, -78.60754445811425, -78.59281139151315, -78.6193262999416, -78.63724609691847, -78.63156070600566, -78.61145090211319, -78.61512538099478, -78.62233010211668, -78.64239371914636, -78.61960095099413, -78.6079143511272, -78.6320836299602, -78.62938803266464, -78.62567256245516, -78.60149925798872, -78.62223343261108, -78.62617093833498, -78.6262577971883, -78.61181240228392, -78.61642735631474, -78.60248916359112, -78.6026312847918, -78.61892594894378, -78.64134223281425, -78.64266559630383, -78.646232628414, -78.61680431605724, -78.61243133595462, -78.59632551844109, -78.60826717632888, -78.59928974752866, -78.61407773180387, -78.61782373668937, -78.62059059335773, -78.64803728285753, -78.64424534552178, -78.60187314119261, -78.63297540502853, -78.63542896070035, -78.60110877403463, -78.63707333051761, -78.64030683415163, -78.61657276343678, -78.59629340701166, -78.61214229230947, -78.62466743940759, -78.59896558236788, -78.63229184966384, -78.6000265644967, -78.59965639620735, -78.62194046364435, -78.61253076113795, -78.61193747251535, -78.64230522960509, -78.59449559181219, -78.60498038150894, -78.60619969464697, -78.6428693318085, -78.60764554674822, -78.64045987505651, -78.6095760427748, -78.60118432204898, -78.63275730363956, -78.59615813973578, -78.63078152336476, -78.64728376161476, -78.61275622794615, -78.638534925545, -78.62664697977038, -78.62809318167449, -78.61101168603818, -78.64163758632415, -78.6202494600877, -78.61224888052726, -78.63174094787159, -78.59998665137083, -78.6373499341471, -78.64329394520963, -78.60617251422451, -78.59669097426614, -78.59405383527704, -78.61392599936718, -78.6378846698146, -78.63730018680113, -78.6122655201178, -78.60091893836645, -78.61021261755505, -78.6227738183125, -78.61438823312838, -78.60617056669733, -78.6367450786645]], "boundary": [[35.83867286340025, 35.83867286340025, 35.79360633659975, 35.79360633659975, 35.83867286340025], [-78.64808540259673, -78.59269499740326, -78.59269499740326, -78.64808540259673, -78.64808540259673]]}