{"center_point": [35.8161396, -78.6203902], "sample_points": [[35.80395890744273, -78.62229259870894], [35.82583683697744, -78.63083299396543], [35.82043188376665, -78.63071927731336], [35.820890656921776, -78.60164281376767], [35.822124381985134, -78.61135533443738], [35.835440728542174, -78.6316315294923], [35.80797849261848, -78.64733458593727], [35.80915141837593, -78.593008794839], [35.831291052674366, -78.62908971373848], [35.81623496210229, -78.60934753143637], [35.83581339450289, -78.61608651266326], [35.8192898725327, -78.59994449017469], [35.8030628925484, -78.64715773777509], [35.79400222511221, -78.62130760491758], [35.83427463282218, -78.64661564307126], [35.80789555240624, -78.62885449801752], [35.80870579172354, -78.62141968609565], [35.81166183764305, -78.6303019651521], [35.8292458472043, -78.6475348403291], [35.79976173945531, -78.59673709168129], [35.79742500357228, -78.6394383200065], [35.80030923264939, -78.59506514718262], [35.835486725867725, -78.60473610100344], [35.83377588250373, -78.59901803395825], [35.83190796491043, -78.61562048951599], [35.8074200306007, -78.61573261800284], [35.828736440786244, -78.6287623191366], [35.80349465303065, -78.60941852030373], [35.79515642344519, -78.59690920549578], [35.806026796940706, -78.63998640416168], [35.81174575740923, -78.59893891911847], [35.81777847917042, -78.64631303065727], [35.80310335164698, -78.60118949482977], [35.79444607253179, -78.60739045103152], [35.80508977176908, -78.61565099998818], [35.803093427392206, -78.6318838388176], [35.82859778978509, -78.64709400010886], [35.83138124209667, -78.64044940265279], [35.81994074912219, -78.59955687494714], [35.80130903502711, -78.63338525996996], [35.80281863361765, -78.6451146472064], [35.83788525571005, -78.64721043714955], [35.795508507420266, -78.61159770042828], [35.831498649085695, -78.64272397493895], [35.82883579554014, -78.64431093650951], [35.81018190817587, -78.62512152865519], [35.82604497141958, -78.64586713072237], [35.7985561465909, -78.64111758175804], [35.82627380720791, -78.63638368298166], [35.81505789454086, -78.62905370467297], [35.82561994304748, -78.62809411593209], [35.7941049043284, -78.60769934030095], [35.818234510071946, -78.60051462822972], [35.811620766559756, -78.60823305146349], [35.825044960894665, -78.63145093072194], [35.82671811945515, -78.60667287871676], [35.8196873513473, -78.64630319756888], [35.814814984418675, -78.62663829482608], [35.79424118526017, -78.62989283528647], [35.82487555676512, -78.63449726780716], [35.835301431031404, -78.59367941824809], [35.80907542704255, -78.62830413418219], [35.80648491515926, -78.62206452477676], [35.80024871678254, -78.62658930915983], [35.82708176916681, -78.63618297975067], [35.837313948081054, -78.64296384226557], [35.81927404381569, -78.61166770274346], [35.825485198573084, -78.62024782952079], [35.802444409965034, -78.60020323046741], [35.82799547291064, -78.62303452764014], [35.8382723067032, -78.63649896972322], [35.834895603880284, -78.61267363042391], [35.81333594928603, -78.6206214656792], [35.79920792552158, -78.64652088734071], [35.79809743966633, -78.63870403825506], [35.81938792499067, -78.5996629289973], [35.82219984140887, -78.60224537986201], [35.8114735142263, -78.5956624193884], [35.81450127451239, -78.64038934781215], [35.81914542621876, -78.59904556914142], [35.80216445574686, -78.6165027297613], [35.81141316346353, -78.60777038859008], [35.80692475818912, -78.61978214045598], [35.80176131627476, -78.6004406675419], [35.83495911071377, -78.633501167321], [35.81481900855861, -78.61498932389769], [35.83432067775605, -78.62260960618696], [35.81955899843187, -78.63962321832088], [35.82892530720417, -78.62812846816989], [35.825139951165916, -78.5971801891078], [35.828531353807286, -78.6273613162006], [35.794034165435285, -78.59490160315899], [35.82109838227415, -78.64072447945969], [35.82216487169414, -78.62264232845834], [35.82512404345214, -78.59868406756351], [35.83062508746998, -78.63367165500715], [35.80002965408592, -78.61225757828038], [35.8134248643467, -78.62386568127562], [35.813835360554684, -78.62964484987286], [35.80081745921193, -78.61889189368263], [35.810772522738795, -78.59938002442924], [35.815657814078804, -78.62983186113114], [35.81808279669026, -78.60499431600445], [35.821997616777004, -78.62270308042113], [35.830802618833964, -78.64655035550848], [35.79551435486144, -78.6064875460942], [35.79832846887867, -78.6266568479846], [35.81924382716013, -78.63337027599651], [35.82431299061048, -78.61776747521061], [35.8343456926738, -78.62675549323679], [35.79391944126831, -78.64588795556442], [35.82283029345569, -78.64440184689552], [35.82820809738715, -78.63542335500617], [35.79600947907418, -78.61700314827715], [35.83165561224199, -78.60607700375803], [35.80887454699003, -78.61435579160157], [35.79910571955623, -78.61679563952815], [35.83059792860556, -78.64678996875632], [35.797894724957935, -78.5989704429335], [35.79373671940942, -78.62039736366954], [35.81514220787016, -78.64003561123448], [35.836160328456714, -78.61007789555529], [35.802405258768395, -78.63508614360556], [35.82583227252968, -78.59291585963976], [35.81419607662474, -78.61051399906155], [35.821876137957005, -78.61516162476615], [35.824808472710735, -78.6184771799098], [35.824181652217646, -78.5982688031605], [35.80174170608446, -78.60249104027893], [35.81314981621724, -78.64337924464311], [35.81558873443129, -78.5931633585987], [35.796963024206285, -78.60581797578], [35.795497893237034, -78.6457359141359], [35.82548587791437, -78.61905566406716], [35.80989269747723, -78.59376712128595], [35.834311462831344, -78.59282207188073], [35.81909639746486, -78.59410104946532], [35.80435999442341, -78.60162069645011], [35.82623591501753, -78.62485205529482], [35.83410634851379, -78.63314330278878], [35.8079911883611, -78.6058117525645], [35.81570601158292, -78.61532510487051], [35.825822057999396, -78.61188755632858], [35.827210766509744, -78.62153319220303], [35.812088405510146, -78.63322195508023], [35.81682228011787, -78.64569349984869], [35.83387342695098, -78.63215586868027], [35.81694335437718, -78.63866869407246], [35.80641826779218, -78.59485298779333], [35.809014067161726, -78.6278579146005], [35.80671209130514, -78.62588845384893], [35.800892273402965, -78.63755780650281], [35.817752142758955, -78.63612639649983], [35.835470387345126, -78.63963202700712], [35.82020153951407, -78.64126998602305], [35.8254730681174, -78.6429792013376], [35.81913181669122, -78.64663097736644], [35.8064878440014, -78.63525001395674], [35.80566681698011, -78.63852922794693], [35.813561955992355, -78.59319654050879], [35.82301742759462, -78.64570000462398], [35.81810851231073, -78.64055319371926], [35.835667861683596, -78.59990922910238], [35.804080255905035, -78.62916917016355], [35.80738920215234, -78.63914818711926], [35.8289481713237, -78.59611946804678]], "boundary": [[35.83867286340025, 35.83867286340025, 35.79360633659975, 35.79360633659975, 35.83867286340025], [-78.64808540259673, -78.59269499740326, -78.59269499740326, -78.64808540259673, -78.64808540259673]],