{
    "boundary": [
        [
            43.45838926340025, 
            43.45838926340025, 
            43.41332273659975, 
            43.41332273659975, 
            43.45838926340025
        ], 
        [
            -83.96711174367711, 
            -83.9052562563229, 
            -83.9052562563229, 
            -83.96711174367711, 
            -83.96711174367711
        ]
    ], 
    "center_point": [
        43.435856, 
        -83.936184
    ], 
    "distances_to_center": [
        1969.2939398784051, 
        1999.7678562988606, 
        268.53313693407705, 
        1372.2415420689517, 
        1401.1807941553823, 
        2534.9072858996024, 
        2590.4886014628432, 
        2815.367175144549, 
        2687.063613664031, 
        2061.4314096191356, 
        3172.885904590428, 
        617.0369637539342, 
        1272.033309099653, 
        2030.5221621232542, 
        1863.2031245619387, 
        2316.808501693775, 
        2502.672266926785, 
        1426.0705339639458, 
        2909.7385694466143, 
        1064.7439363541978, 
        1135.7008374868306, 
        2047.9269768518411, 
        1102.9523537005698, 
        2535.35714002587, 
        2353.105913798191, 
        1996.6360323426584, 
        2285.6903266978766, 
        795.732758828128, 
        3169.610452272254, 
        1051.554653534282, 
        3107.6425109675592, 
        3155.65436631562, 
        1361.649197241647, 
        575.3757347247076, 
        2433.442814995538, 
        1178.610844597417, 
        2098.6596620863247, 
        2351.0080915605217, 
        1192.153349848886, 
        1041.8523771283744, 
        3451.739612811285, 
        2525.462955007837, 
        2449.079337761323, 
        864.41903757442, 
        1952.8775511137453, 
        2616.540927653284, 
        1677.1802623517135, 
        1583.7079021543273, 
        1012.3835226436191, 
        2476.085774854021, 
        2602.0156330843693, 
        2528.130619236138, 
        3180.460935309773, 
        1461.2954272397021, 
        1522.0914969265668, 
        1779.7896904867835, 
        1573.0247596775223, 
        1692.7002107700591, 
        1962.937917869054, 
        1953.5676077844691, 
        788.4058403885803, 
        1086.4461147304494, 
        3334.913500095993, 
        2090.685919547249, 
        1933.9550097668985, 
        2736.6739294947715, 
        2430.345564375107, 
        1142.7309628242485, 
        1092.8095700305366, 
        1130.6563083902174, 
        1992.6565824723332, 
        3005.1506471646226, 
        2417.2447582461555, 
        2030.9195748125237, 
        2116.5266274044825, 
        1161.7861552306435, 
        2725.89775348161, 
        1791.2278062497758, 
        2029.0850192110663, 
        1248.4421920581772, 
        1502.2785487083518, 
        2511.557035990021, 
        2457.7238533431555, 
        344.47639974223983, 
        2154.7038366883967, 
        2591.8201751082065, 
        2407.8721840903854, 
        1663.2395135346642, 
        998.5473356684679, 
        2163.9001866093436, 
        818.9566379052969, 
        1252.1236837825722, 
        2273.450717032112, 
        1307.5369095195842, 
        3050.56015240543, 
        2345.9936385397687, 
        1718.9754715860674, 
        2874.8219184726254, 
        2388.3759768344585, 
        2506.7358703211025, 
        1928.689979628516, 
        2700.9539474379662, 
        1862.0637253222674, 
        2315.826871530918, 
        1870.2066131063534, 
        2286.3282657606137, 
        1832.195685994684, 
        638.8408866317601, 
        946.0499622760974, 
        2142.492457306499, 
        1594.515874434067, 
        471.3176284853843, 
        2458.5605309282128, 
        2141.2897938217498, 
        2755.5402799054136, 
        2652.5802020543806, 
        3268.361144315593, 
        655.5692029111032, 
        2309.7297102496223, 
        999.3499296787334, 
        921.3992203085604, 
        1591.599597643499, 
        2189.1304279229976, 
        2209.112111152192, 
        2577.6952686856825, 
        2802.236461038609, 
        2372.0895809515746, 
        2324.2432411296113, 
        597.5307937975566, 
        2608.010014194564, 
        1987.022972921837, 
        1191.3518286779552, 
        2851.2440893796597, 
        1105.9294520523272, 
        1194.5166673098647, 
        2515.3513338074276, 
        2901.8198863961625, 
        1555.5557016209177, 
        796.969484838993, 
        2876.7521057230933, 
        3001.5959751725995, 
        2268.872450055004, 
        2839.392945713226, 
        1085.8320297179641, 
        1453.5206581188834, 
        610.8236673252886, 
        71.50801421479979, 
        2920.2095878674227, 
        2195.9966056776643, 
        1512.22757500975, 
        1557.7359680075704, 
        2283.752146212306, 
        1529.2604702899296, 
        1822.3690930121588, 
        1895.2104440723162, 
        2574.9933927620086, 
        2639.5547660020316, 
        2299.0450147482948, 
        1563.9703406572896, 
        2636.0212392511253, 
        1178.16532091837, 
        2074.0560087287936, 
        2513.846246368377, 
        1817.6046763332458, 
        2766.187669324563, 
        2050.835890771004
    ],