{"center_point": [43.435856, -83.936184], "sample_points": [[43.45458649925359, 43.45399720810413, 43.44343423818376, 43.42814407834512, 43.448043603672616, 43.45598813399652, 43.44032295211004, 43.420464463029695, 43.441208993339885, 43.44120090174625, 43.42613984552785, 43.42115635043925, 43.445631743242735, 43.45510846617766, 43.419537837146706, 43.447164510327255, 43.42588087326421, 43.42683694516655, 43.421723434068085, 43.41719431716855, 43.458206100321746, 43.42060775492671, 43.43047200132287, 43.425915190134724, 43.455858492680996, 43.42239881309415, 43.42215711255499, 43.43922722809438, 43.43671206506147, 43.45742940446202, 43.43002549254746, 43.417737931361565, 43.4551479526314, 43.423860770776926, 43.428001896261534, 43.42053512516, 43.45063564556358, 43.45697099309439, 43.440250057284814, 43.44683941730226, 43.45046386956623, 43.45729269936617, 43.41562375760052, 43.41434001191479, 43.45166055506162, 43.43487275221494, 43.4191619342189, 43.41376912634618, 43.455411025958476, 43.4581295459293, 43.413876615896214, 43.45291205730302, 43.44137021729583, 43.447591087667114, 43.44262690607477, 43.423237072832265, 43.440410215959254, 43.44078483695093, 43.43556571653866, 43.43444045778694, 43.44344844004363, 43.43329167539977, 43.44188642302862, 43.43692776570908, 43.41732080130701, 43.4343859453039, 43.41475146796419, 43.435103585814005, 43.41527504492935, 43.42211886010446, 43.43381999415436, 43.45548407180483, 43.44031334432306, 43.45390491115252, 43.43983286537111, 43.458368790513184, 43.4524709298197, 43.43060644241308, 43.43301174439621, 43.417509110356534, 43.449251358485014, 43.4535996157839, 43.43267717840259, 43.44209826099116, 43.429980843725346, 43.42142544636643, 43.441958107595745, 43.43980393511883, 43.440981412703984, 43.42354236184107, 43.42320058787384, 43.44615792676001, 43.44118740579117, 43.419987068909435, 43.41348200673859, 43.41339016466568, 43.43308571926607, 43.45135610453027, 43.421107934158115, 43.41470777867422, 43.444097407905964, 43.44483039993126, 43.425195512457606, 43.41527260513593, 43.43418558289727, 43.430537540832276, 43.423821807745796, 43.457671373148976, 43.44115034517743, 43.438498379509255, 43.440576246197644, 43.4539760713172, 43.45802542600665, 43.42619474429662, 43.43586411646354, 43.44445322961934, 43.42862830747809, 43.43080951329074, 43.45795627317109, 43.43290114567818, 43.420323631921804, 43.426818650918904, 43.413809352119536, 43.43995313134947, 43.43960216005203, 43.42058176659972, 43.42913451815079, 43.444919397393434, 43.44960063078922, 43.42596416859149, 43.419100442782636, 43.45444501511849, 43.44128052407729, 43.420705683024245, 43.435803270297825, 43.43521263044376, 43.43375230181408, 43.450893007921245, 43.42685316021467, 43.44922598685993, 43.441068194272695, 43.42914828893238, 43.43915043241784, 43.43956663054942, 43.41729126624603, 43.44300883129211, 43.421632712222774, 43.42161917932067, 43.414399959064745, 43.41564717291785, 43.44010312681721, 43.44874871576793, 43.41812686788844, 43.45620827886998, 43.41481521452627, 43.445238320395795, 43.446312968886254, 43.43551869094983, 43.43273048075199, 43.444368758384826, 43.4354866858309, 43.444516387522754, 43.44112023746035, 43.43739404032298, 43.42451848504491, 43.44686940914767], [-83.93122271342514, -83.94716551983234, -83.9232814182138, -83.92595437179659, -83.94191003454308, -83.95295666443492, -83.95353599928424, -83.92014230401908, -83.95742197367859, -83.94055644240755, -83.90981439531575, -83.9435921814257, -83.9445921993264, -83.93237455673571, -83.91423831388506, -83.93705589840248, -83.90597655680787, -83.93495092859946, -83.9637416416476, -83.91293924768566, -83.95542160037196, -83.9066192558341, -83.9637881740865, -83.95263749864493, -83.92800652052051, -83.91279474702914, -83.92276393954849, -83.96250155870936, -83.94741239660632, -83.94575424819058, -83.92190590251089, -83.93679370000328, -83.934392334158, -83.94819312079554, -83.96376798631951, -83.92412487462464, -83.93110845384491, -83.95720980811366, -83.94971550967632, -83.96007235390702, -83.9174634538442, -83.92184631949269, -83.93550487773538, -83.95275668496062, -83.91310730794407, -83.9663311385283, -83.95282979506561, -83.92935369845934, -83.93300127422123, -83.93437165061734, -83.92315127072825, -83.93224182865282, -83.94938555790911, -83.96563077550509, -83.92245043454271, -83.92275298184909, -83.96634303383, -83.91677558050594, -83.94073412931638, -83.90807702182153, -83.92377443922449, -83.96195492618692, -83.91868691292126, -83.94374605884462, -83.9447484974744, -83.93949880936354, -83.9497595421618, -83.95703073954243, -83.96314074718536, -83.90699817665518, -83.90694369149381, -83.94674810905833, -83.93129722737018, -83.9152212775883, -83.92827693248344, -83.90978277645621, -83.91153557981397, -83.94743313817965, -83.9665431010063, -83.93187780589912, -83.94619910794826, -83.93571863298588, -83.91529013268784, -83.90935805507702, -83.92779990994025, -83.92174402057032, -83.93441897789566, -83.95929936376942, -83.91244294987798, -83.92653462573648, -83.94312283488037, -83.92059681432919, -83.93326675701609, -83.94059733400631, -83.91825296586855, -83.91336235525694, -83.91684857628168, -83.95880111696665, -83.95300868923621, -83.96475192014327, -83.91395992402394, -83.95028901137054, -83.92855532346854, -83.95939444625778, -83.93522832519926, -83.94437872962789, -83.94048891459417, -83.94844101264216, -83.91260018280967, -83.93155330269812, -83.9432202419312, -83.95005055210311, -83.91646666783862, -83.92602906499197, -83.96075220128498, -83.9646949402782, -83.96481616651825, -83.92818782454006, -83.91890663205528, -83.95860114721897, -83.95114883205262, -83.93102514959767, -83.92111642474774, -83.9152144195222, -83.93970655265089, -83.94073617653993, -83.92731445935537, -83.92675890862168, -83.94127290416849, -83.94894153751022, -83.91038080256585, -83.95244243282175, -83.92522710725835, -83.9364200042735, -83.9322597996419, -83.92776917609073, -83.91276329540264, -83.9378671758439, -83.90533559376019, -83.91096421485115, -83.95799492365937, -83.94241541906003, -83.91193273548242, -83.92436269946838, -83.92019955487588, -83.95689676640497, -83.9500190857172, -83.92506965343193, -83.95676503360114, -83.9492979081952, -83.96616817516818, -83.96260375108685, -83.92135083234943, -83.91112300527928, -83.94624836290444, -83.95781656412647, -83.90954172624105, -83.95129734514992, -83.95156450927014, -83.93400231614316, -83.93008562358486, -83.92304417064159, -83.95769198026537, -83.91814031605557, -83.95802145586258, -83.90981026970027]], "boundary": [[43.45838926340025, 43.45838926340025, 43.41332273659975, 43.41332273659975, 43.45838926340025], [-83.96711174367711, -83.9052562563229, -83.9052562563229, -83.96711174367711, -83.96711174367711]]}