{"center_point": [42.9914771, -83.6529183], "sample_points": [[42.97185969019375, 42.98475696666897, 42.98038365373798, 43.01283688154188, 43.009536864438466, 43.0120305613083, 42.983097162229896, 43.00970790470261, 42.99278573594814, 42.975340694175344, 42.992594558659775, 42.9700584328693, 42.98027056749809, 42.990352475814475, 42.99281205933272, 42.99216867377984, 43.00142065352858, 43.00291339046519, 43.00830490927068, 42.97891569489856, 43.013137507434884, 42.97623242743437, 42.98980331237142, 43.00541610789503, 42.99947245756398, 42.97011470066702, 42.98161431838685, 42.970653929465875, 42.99446838419132, 43.0016715688634, 42.9699476483141, 42.99549385124521, 42.97694206602651, 43.01077081549935, 42.98966811302394, 42.96907421558398, 42.99487715980143, 42.97542092464956, 43.00312677098556, 43.00406267907777, 42.99513139696682, 43.008142338104264, 42.97107816310255, 42.970934604845105, 42.99132992387019, 42.9920470492034, 42.98083175690342, 42.97392082592459, 43.0053530798355, 42.97648833799139, 42.98887082523437, 42.97186172821125, 43.00134755757492, 43.00435377726917, 42.991560989352855, 42.98355163178563, 42.98154134812329, 42.98025727093255, 42.99207840356366, 42.97654345710964, 43.003964084754514, 42.97778610226833, 42.98315311381655, 42.979740185025776, 42.98050867650494, 42.9856216243249, 42.97315337971004, 43.01164561792896, 42.97015231153787, 43.00227951332237, 42.98901491568491, 42.99861498653897, 43.00374495040925, 42.988024055450026, 42.994412169530634, 42.9864542386836, 42.98662162256823, 42.9763390655505, 42.9882893521598, 43.009809603465776, 42.969003262974894, 42.976005139166766, 42.997264080766854, 42.997141856561704, 43.00101543792472, 43.00632329094184, 42.970300649610294, 42.9731401474473, 42.98486835361797, 42.99406162976, 42.97082453583746, 42.98692817310999, 42.98369537884585, 43.00496407240481, 42.978254576400786, 42.97712985747794, 43.0069975195958, 42.99386992835573, 42.97046652557017, 43.003583601275615, 42.999394132659035, 42.99548325941544, 43.00306696411722, 42.998434372047896, 43.00505584094366, 42.97710917208027, 42.9847850368026, 42.978187849099314, 42.973364131969575, 42.98072981603588, 43.00437621782852, 42.98789349365702, 42.99185162015651, 43.00868859179357, 42.99725061588347, 42.99845195971342, 42.9953936931592, 42.984970846557054, 43.00116251297905, 42.98130142602211, 43.01305058698379, 42.974931939633414, 42.99927499943305, 43.00912151214327, 42.98327935815179, 42.97269712270759, 42.97377723000907, 42.98993069341934, 42.977560952672185, 43.01011571407542, 42.990770947625066, 43.01207809122512, 42.99828346088077, 43.01364024994008, 42.98248929166258, 42.986493572916025, 42.99290640323611, 43.00736896312318, 43.00447697167969, 42.97922887159992, 42.987334114564874, 42.9816039491341, 42.97679434016633, 42.97926896312367, 42.993163620785985, 42.98509350303755, 42.975128034980045, 43.007334634879754, 43.01156585673374, 42.98925393027167, 42.99935192924417, 42.98103250353919, 42.98371723849752, 42.98336321162137, 43.00142428630661, 42.982301489500884, 43.000523537195036, 42.985608044615766, 43.007952317144195, 42.96916695800882, 43.006714174329026, 43.00612174616174, 43.01289194396963, 42.991576185163744, 42.97504522061842, 43.00248285604865], [-83.68208234496346, -83.63942442080099, -83.64593562618829, -83.66597235936148, -83.64034047114026, -83.62284464045793, -83.62404005036927, -83.67322567532806, -83.66765246913441, -83.63879176619878, -83.63951324670064, -83.67721833662719, -83.63621256641481, -83.64734118778914, -83.68149835928709, -83.62890580887697, -83.64230111117297, -83.68351557661423, -83.67532746967909, -83.64047965892881, -83.64504352513595, -83.67446354049395, -83.65651290913242, -83.68311640492882, -83.67334398938468, -83.65216710118716, -83.65655107482644, -83.62437107647611, -83.67850170403678, -83.67688113897455, -83.6283839265855, -83.63009963087991, -83.6650874214452, -83.62330724376618, -83.65980281833944, -83.66286754572349, -83.65762491993534, -83.63196312544238, -83.64028641053834, -83.62653814140685, -83.65400023767569, -83.66550443434949, -83.68023016396683, -83.63078046183132, -83.62904999887633, -83.67113835502025, -83.63989732711146, -83.68178386294302, -83.65414366480269, -83.64944743234409, -83.64615049264715, -83.65841072396047, -83.67422575858387, -83.64742788733321, -83.62676968358637, -83.6747242441047, -83.64939674967805, -83.67729253316246, -83.65454300464451, -83.64437923148539, -83.67673381958096, -83.6482821116233, -83.6343392088547, -83.63823619426222, -83.6697155719673, -83.63724905223165, -83.62506237168608, -83.6342253493751, -83.64701934457041, -83.64438658766228, -83.67583754066897, -83.65805715806255, -83.66682230387624, -83.65978574035807, -83.66425390956844, -83.64222982406235, -83.64031645738406, -83.68017507151579, -83.66118871805335, -83.67415331245218, -83.63046034937499, -83.64527178482068, -83.62874608286322, -83.66981271049124, -83.65690983350288, -83.66611131952477, -83.6648918746667, -83.63458166091786, -83.66639445765199, -83.63374616265439, -83.67805493163574, -83.62569324341615, -83.63165544058633, -83.65697865826299, -83.65176345713118, -83.63088322128718, -83.62802523127247, -83.64111500037947, -83.65227238365095, -83.62258737623151, -83.63333597106885, -83.6775809501394, -83.62756485629242, -83.67831856255383, -83.63421983446754, -83.68103980498721, -83.63611997500784, -83.66866196839759, -83.66560467237068, -83.66185992812017, -83.66902184598591, -83.64962188307962, -83.63563364829837, -83.65670735925568, -83.6468478496166, -83.64517772360674, -83.64957091737395, -83.67385215638286, -83.62360588736136, -83.64943709535129, -83.6411547923818, -83.65028248901932, -83.66430266264041, -83.65263714954517, -83.64786029888482, -83.65866595769451, -83.66711585146821, -83.65309276675677, -83.67406099641383, -83.68336836659971, -83.62775135947292, -83.62828197955965, -83.66467482475332, -83.6498920501038, -83.66479717290854, -83.66001172700602, -83.66149012089419, -83.67264380975975, -83.6802281017763, -83.65888582705789, -83.65937267457498, -83.63285992939097, -83.68122205467242, -83.64644475665224, -83.66134951919085, -83.67208581216858, -83.67273655748667, -83.64784439353333, -83.67248740216846, -83.63500639335236, -83.66110284175569, -83.63540680889584, -83.62747897702856, -83.6782505265114, -83.65271388695658, -83.68102325604609, -83.65953243516833, -83.67587126853437, -83.64327947979623, -83.66767523688416, -83.64782341163232, -83.65371362151966, -83.68158431591216, -83.66696650040936, -83.63591435347698, -83.66630564985527]], "boundary": [[43.014010363400246, 43.014010363400246, 42.96894383659975, 42.96894383659975, 43.014010363400246], [-83.68362149842653, -83.62221510157346, -83.62221510157346, -83.68362149842653, -83.68362149842653]]}