{
    "boundary": [
        [
            43.014010363400246, 
            43.014010363400246, 
            42.96894383659975, 
            42.96894383659975, 
            43.014010363400246
        ], 
        [
            -83.68362149842653, 
            -83.62221510157346, 
            -83.62221510157346, 
            -83.68362149842653, 
            -83.68362149842653
        ]
    ], 
    "center_point": [
        42.9914771, 
        -83.6529183
    ], 
    "distances_to_center": [
        2148.2075483558933, 
        2358.372026009106, 
        2910.533321677248, 
        1221.072240572922, 
        1700.202301350418, 
        414.24872214931213, 
        2140.9497623298466, 
        1016.9825506783434, 
        2759.2073251407182, 
        624.6520619745585, 
        805.8991731348359, 
        2736.743817076742, 
        2978.0497741334025, 
        2747.680471323097, 
        2620.4622446710896, 
        3136.1420844381614, 
        2110.3549374928816, 
        1535.5753474023652, 
        2027.6625249663489, 
        2171.2846042518295, 
        838.8094103134297, 
        975.2172497934353, 
        2727.6417721856246, 
        3066.7910007177366, 
        2191.7999917358557, 
        1824.009199050042, 
        2165.613424575667, 
        2851.5143981912843, 
        1517.4669664379333, 
        2048.5534065812612, 
        2603.829671106969, 
        3290.676274191098, 
        2841.1408747983633, 
        1701.5547909431182, 
        1817.6043462102443, 
        2167.029731257144, 
        1187.7960554998674, 
        1213.5889978456887, 
        1667.942886653534, 
        900.000323725579, 
        1300.3752474060254, 
        1891.529772870024, 
        2470.3162950040733, 
        2055.6727118345248, 
        419.14968212562525, 
        1901.3579700456432, 
        751.4069394806951, 
        1437.1602447372914, 
        967.2774666839744, 
        2237.9046570428136, 
        2676.25491564968, 
        2198.935733285396, 
        2144.578288026866, 
        880.2952482269876, 
        1271.5236324668028, 
        2706.737555301747, 
        1779.3342042552085, 
        1566.7900274429917, 
        2349.16947615907, 
        2792.9232821267133, 
        2124.8900719244257, 
        1004.3471627876183, 
        665.9936262714498, 
        2248.5784195181623, 
        1908.830883860644, 
        2485.9662995309945, 
        1712.6998250515278, 
        2391.1858103947047, 
        1981.0768737431492, 
        2004.5258821567177, 
        2209.409114795012, 
        1827.0617880107552, 
        381.17947718756346, 
        2572.0282034524175, 
        1481.525724239484, 
        2161.2014432640294, 
        2220.564274138439, 
        2246.1328828487203, 
        2631.0323449269063, 
        1184.1065353583836, 
        3307.835195302238, 
        642.1456204975905, 
        2738.810610105292, 
        1777.7217611387168, 
        1396.3087409008263, 
        2095.9661551936806, 
        1912.944473558556, 
        2522.559357079167, 
        2794.163538031088, 
        2494.0675814657907, 
        2523.7892946972866, 
        1936.063440964383, 
        2604.35252475786, 
        2376.159855666025, 
        2744.241923914218, 
        2852.5501254098176, 
        2671.1502758716138, 
        3070.772292285939, 
        314.0426950990224, 
        1856.2003610363395, 
        2062.1522822640973, 
        2487.9627292301143, 
        2341.407695962142, 
        1368.7612451415575, 
        2464.549777527915, 
        2367.8319177230032, 
        2255.4443917555354, 
        793.0882252990212, 
        834.3409352682611, 
        3022.274118827213, 
        3046.72260233326, 
        1834.9591833587428, 
        2680.227263275554, 
        2409.8158032742685, 
        2009.2608353060646, 
        2469.522750795743, 
        1998.5729558575551, 
        2114.26761280255, 
        2429.1003376301405, 
        735.0730376962186, 
        2109.439052824635, 
        1699.7021500078274, 
        2053.424836579911, 
        2515.9325646535276, 
        1913.2172265462507, 
        770.7499567645325, 
        1464.0314717349697, 
        1765.7511194383815, 
        1542.043631658901, 
        1935.1682747989896, 
        1279.1492351775262, 
        2898.988099560537, 
        2325.602091781482, 
        2586.7878518772277, 
        2713.7076898537257, 
        1725.7883060638064, 
        1867.9465749309068, 
        3259.559998933031, 
        2016.4486934483218, 
        1243.2695815781394, 
        1828.283341591389, 
        1950.837197148703, 
        3036.217133850806, 
        1518.8311668429942, 
        1579.9533146024733, 
        1581.9416756490546, 
        3410.2451222561167, 
        2288.8768266225647, 
        1141.872889543567, 
        2011.3238763789968, 
        1134.4458189631596, 
        1723.7491431072294, 
        1754.2153084156316, 
        2140.2195336667505, 
        1564.890513199814, 
        1751.5671439595044, 
        2176.8538749733443, 
        2881.3887839225613, 
        1384.6336126655813, 
        2564.8042493754483, 
        1796.6820787929291, 
        1492.808099169133, 
        1976.104790026137, 
        1439.093044908855, 
        1291.6542040303918, 
        1338.258577782601
    ],